ms,epoch,path,bytes
64,1790375190598,HpDrvPre.sys,19128
64,1790375190645,CAPTURED_HpDrvPre.sys,19128
64,1790375190645,HpDrvTestDrv.sys,19128
64,1790375190660,SYS32_Hardware,900
64,1790375190660,SYS32_Hardware.exe,32671232
64,1790375190676,SYS32_Hardware.ini,363
715,1790375191223,HpDrvPre.sys,19128
715,1790375191223,HpDrvTestDrv.sys,19128
715,1790375191223,SYS32_Hardware,900
715,1790375191238,SYS32_Hardware.exe,32671232
715,1790375191238,SYS32_Hardware.ini,363
1230,1790375191739,HpDrvPre.sys,19128
1230,1790375191739,HpDrvTestDrv.sys,19128
1230,1790375191739,SYS32_Hardware,900
1230,1790375191754,SYS32_Hardware.exe,32671232
1230,1790375191770,SYS32_Hardware.ini,363
1761,1790375192270,HpDrvPre.sys,19128
1761,1790375192270,HpDrvTestDrv.sys,19128
1761,1790375192285,SYS32_Hardware,900
1761,1790375192285,SYS32_Hardware.exe,32671232
1761,1790375192285,SYS32_Hardware.ini,363
2292,1790375192801,HpDrvPre.sys,19128
2292,1790375192801,HpDrvTestDrv.sys,19128
2292,1790375192817,SYS32_Hardware,900
2292,1790375192817,SYS32_Hardware.exe,32671232
2292,1790375192817,SYS32_Hardware.ini,363
2839,1790375193348,HpDrvPre.sys,19128
2839,1790375193348,HpDrvTestDrv.sys,19128
2839,1790375193348,SYS32_Hardware,900
2839,1790375193363,SYS32_Hardware.exe,32671232
2839,1790375193363,SYS32_Hardware.ini,363
3371,1790375193879,HpDrvPre.sys,19128
3371,1790375193879,HpDrvTestDrv.sys,19128
3371,1790375193879,SYS32_Hardware,900
3371,1790375193895,SYS32_Hardware.exe,32671232
3371,1790375193895,SYS32_Hardware.ini,363
3886,1790375194395,HpDrvPre.sys,19128
3886,1790375194395,HpDrvTestDrv.sys,19128
3886,1790375194395,SYS32_Hardware,900
3886,1790375194395,SYS32_Hardware.exe,32671232
3886,1790375194410,SYS32_Hardware.ini,363
4402,1790375194910,HpDrvPre.sys,19128
4402,1790375194910,HpDrvTestDrv.sys,19128
4402,1790375194910,SYS32_Hardware,900
4402,1790375194926,SYS32_Hardware.exe,32671232
4402,1790375194926,SYS32_Hardware.ini,363
4933,1790375195442,HpDrvPre.sys,19128
4933,1790375195442,HpDrvTestDrv.sys,19128
4933,1790375195442,SYS32_Hardware,900
4933,1790375195442,SYS32_Hardware.exe,32671232
4933,1790375195457,SYS32_Hardware.ini,363
5449,1790375195957,HpDrvPre.sys,19128
5449,1790375195957,HpDrvTestDrv.sys,19128
5449,1790375195957,SYS32_Hardware,900
5449,1790375195973,SYS32_Hardware.exe,32671232
5449,1790375195989,SYS32_Hardware.ini,363
5980,1790375196489,HpDrvPre.sys,19128
5980,1790375196489,HpDrvTestDrv.sys,19128
5980,1790375196489,SYS32_Hardware,900
5980,1790375196504,SYS32_Hardware.exe,32671232
5980,1790375196504,SYS32_Hardware.ini,363
6511,1790375197020,HpDrvPre.sys,19128
6511,1790375197020,HpDrvTestDrv.sys,19128
6511,1790375197035,SYS32_Hardware,900
6511,1790375197051,SYS32_Hardware.exe,32671232
6511,1790375197051,SYS32_Hardware.ini,363
7059,1790375197567,HpDrvPre.sys,19128
7059,1790375197567,HpDrvTestDrv.sys,19128
7059,1790375197567,SYS32_Hardware,900
7059,1790375197582,SYS32_Hardware.exe,32671232
7059,1790375197582,SYS32_Hardware.ini,363
7605,1790375198114,HpDrvPre.sys,19128
7605,1790375198114,HpDrvTestDrv.sys,19128
7605,1790375198114,SYS32_Hardware,900
7605,1790375198129,SYS32_Hardware.exe,32671232
7605,1790375198129,SYS32_Hardware.ini,363
8121,1790375198629,HpDrvPre.sys,19128
8121,1790375198629,HpDrvTestDrv.sys,19128
8121,1790375198629,SYS32_Hardware,900
8121,1790375198645,SYS32_Hardware.exe,32671232
8121,1790375198645,SYS32_Hardware.ini,363
8652,1790375199160,HpDrvPre.sys,19128
8652,1790375199160,HpDrvTestDrv.sys,19128
8652,1790375199160,SYS32_Hardware,900
8652,1790375199192,SYS32_Hardware.exe,32671232
8652,1790375199192,SYS32_Hardware.ini,363
9230,1790375199739,HpDrvPre.sys,19128
9230,1790375199739,HpDrvTestDrv.sys,19128
9230,1790375199739,SYS32_Hardware,900
9230,1790375199754,SYS32_Hardware.exe,32671232
9230,1790375199754,SYS32_Hardware.ini,363
9761,1790375200270,HpDrvPre.sys,19128
9761,1790375200270,HpDrvTestDrv.sys,19128
9761,1790375200270,SYS32_Hardware,900
9761,1790375200285,SYS32_Hardware.exe,32671232
9761,1790375200285,SYS32_Hardware.ini,363
10293,1790375200801,HpDrvPre.sys,19128
10293,1790375200801,HpDrvTestDrv.sys,19128
10293,1790375200801,SYS32_Hardware,900
10293,1790375200817,SYS32_Hardware.exe,32671232
10293,1790375200817,SYS32_Hardware.ini,363
10824,1790375201332,HpDrvPre.sys,19128
10824,1790375201332,HpDrvTestDrv.sys,19128
10824,1790375201332,SYS32_Hardware,900
10824,1790375201348,SYS32_Hardware.exe,32671232
10824,1790375201348,SYS32_Hardware.ini,363
11339,1790375201848,HpDrvPre.sys,19128
11339,1790375201848,HpDrvTestDrv.sys,19128
11339,1790375201848,SYS32_Hardware,900
11339,1790375201863,SYS32_Hardware.exe,32671232
11339,1790375201863,SYS32_Hardware.ini,363
11855,1790375202364,HpDrvPre.sys,19128
11855,1790375202364,HpDrvTestDrv.sys,19128
11855,1790375202379,SYS32_Hardware,900
11855,1790375202379,SYS32_Hardware.exe,32671232
11855,1790375202379,SYS32_Hardware.ini,363
12401,1790375202910,HpDrvPre.sys,19128
12401,1790375202910,HpDrvTestDrv.sys,19128
12401,1790375202910,SYS32_Hardware,900
12401,1790375202910,SYS32_Hardware.exe,32671232
12401,1790375202926,SYS32_Hardware.ini,363
12933,1790375203442,HpDrvPre.sys,19128
12933,1790375203442,HpDrvTestDrv.sys,19128
12933,1790375203442,SYS32_Hardware,900
12933,1790375203442,SYS32_Hardware.exe,32671232
12933,1790375203457,SYS32_Hardware.ini,363
13464,1790375203973,HpDrvPre.sys,19128
13464,1790375203973,HpDrvTestDrv.sys,19128
13464,1790375203973,SYS32_Hardware,900
13464,1790375203973,SYS32_Hardware.exe,32671232
13464,1790375203988,SYS32_Hardware.ini,363
13980,1790375204488,HpDrvPre.sys,19128
13980,1790375204488,HpDrvTestDrv.sys,19128
13980,1790375204488,SYS32_Hardware,900
13980,1790375204488,SYS32_Hardware.exe,32671232
13980,1790375204504,SYS32_Hardware.ini,363
14511,1790375205020,HpDrvPre.sys,19128
14511,1790375205020,HpDrvTestDrv.sys,19128
14511,1790375205020,SYS32_Hardware,900
14511,1790375205035,SYS32_Hardware.exe,32671232
14511,1790375205035,SYS32_Hardware.ini,363
15042,1790375205551,HpDrvPre.sys,19128
15042,1790375205551,HpDrvTestDrv.sys,19128
15042,1790375205567,SYS32_Hardware,900
15042,1790375205567,SYS32_Hardware.exe,32671232
15042,1790375205567,SYS32_Hardware.ini,363
15574,1790375206082,HpDrvPre.sys,19128
15574,1790375206082,HpDrvTestDrv.sys,19128
15574,1790375206098,SYS32_Hardware,900
15574,1790375206098,SYS32_Hardware.exe,32671232
15574,1790375206098,SYS32_Hardware.ini,363
16105,1790375206614,HpDrvPre.sys,19128
16105,1790375206614,HpDrvTestDrv.sys,19128
16105,1790375206614,SYS32_Hardware,900
16105,1790375206629,SYS32_Hardware.exe,32671232
16105,1790375206629,SYS32_Hardware.ini,363
16637,1790375207145,HpDrvPre.sys,19128
16637,1790375207145,HpDrvTestDrv.sys,19128
16637,1790375207145,SYS32_Hardware,900
16637,1790375207160,SYS32_Hardware.exe,32671232
16637,1790375207160,SYS32_Hardware.ini,363
17167,1790375207676,HpDrvPre.sys,19128
17167,1790375207676,HpDrvTestDrv.sys,19128
17167,1790375207676,SYS32_Hardware,900
17167,1790375207692,SYS32_Hardware.exe,32671232
17167,1790375207692,SYS32_Hardware.ini,363
17700,1790375208207,HpDrvPre.sys,19128
17700,1790375208207,HpDrvTestDrv.sys,19128
17700,1790375208223,SYS32_Hardware,900
17700,1790375208223,SYS32_Hardware.exe,32671232
17700,1790375208223,SYS32_Hardware.ini,363
18230,1790375208738,HpDrvPre.sys,19128
18230,1790375208738,HpDrvTestDrv.sys,19128
18230,1790375208738,SYS32_Hardware,900
18230,1790375208754,SYS32_Hardware.exe,32671232
18230,1790375208754,SYS32_Hardware.ini,363
18808,1790375209317,HpDrvPre.sys,19128
18808,1790375209317,HpDrvTestDrv.sys,19128
18808,1790375209317,HpDrvvn2yKeIfYb41oZ99QK.sys,0
18808,1790375209332,SYS32_Hardware,900
18808,1790375209332,SYS32_Hardware.exe,32671232
18808,1790375209332,SYS32_Hardware.ini,363
19324,1790375209832,HpDrvPre.sys,19128
19324,1790375209832,HpDrvTestDrv.sys,19128
19324,1790375209848,SYS32_Hardware,900
19324,1790375209848,SYS32_Hardware.exe,32671232
19324,1790375209848,SYS32_Hardware.ini,363
19840,1790375210348,HpDrvPre.sys,19128
19840,1790375210348,HpDrvTestDrv.sys,19128
19840,1790375210348,SYS32_Hardware,900
19840,1790375210363,SYS32_Hardware.exe,32671232
19840,1790375210363,SYS32_Hardware.ini,363
20355,1790375210864,HpDrvPre.sys,19128
20355,1790375210864,HpDrvTestDrv.sys,19128
20355,1790375210864,SYS32_Hardware,900
20355,1790375210879,SYS32_Hardware.exe,32671232
20355,1790375210879,SYS32_Hardware.ini,363
20886,1790375211395,HpDrvPre.sys,19128
20886,1790375211395,HpDrvTestDrv.sys,19128
20886,1790375211395,SYS32_Hardware,900
20886,1790375211411,SYS32_Hardware.exe,32671232
20886,1790375211411,SYS32_Hardware.ini,363
21418,1790375211926,HpDrvPre.sys,19128
21418,1790375211926,HpDrvTestDrv.sys,19128
21418,1790375211926,SYS32_Hardware,900
21418,1790375211942,SYS32_Hardware.exe,32671232
21418,1790375211942,SYS32_Hardware.ini,363
21933,1790375212442,HpDrvPre.sys,19128
21933,1790375212442,HpDrvTestDrv.sys,19128
21933,1790375212442,SYS32_Hardware,900
21933,1790375212442,SYS32_Hardware.exe,32671232
21933,1790375212457,SYS32_Hardware.ini,363
22464,1790375212973,HpDrvPre.sys,19128
22464,1790375212973,HpDrvTestDrv.sys,19128
22464,1790375212988,HpDrvZj7mfCfPkxaqOwocjH.sys,0
22464,1790375212988,SYS32_Hardware,900
22464,1790375213004,SYS32_Hardware.exe,32671232
22464,1790375213004,SYS32_Hardware.ini,363
23011,1790375213520,HpDrvPre.sys,19128
23011,1790375213520,HpDrvTestDrv.sys,19128
23011,1790375213520,SYS32_Hardware,900
23011,1790375213520,SYS32_Hardware.exe,32671232
23011,1790375213535,SYS32_Hardware.ini,363
23542,1790375214051,HpDrvPre.sys,19128
23542,1790375214051,HpDrvTestDrv.sys,19128
23542,1790375214067,SYS32_Hardware,900
23542,1790375214067,SYS32_Hardware.exe,32671232
23542,1790375214082,SYS32_Hardware.ini,363
24073,1790375214582,HpDrvPre.sys,19128
24073,1790375214582,HpDrvTestDrv.sys,19128
24073,1790375214582,SYS32_Hardware,900
24073,1790375214582,SYS32_Hardware.exe,32671232
24073,1790375214598,SYS32_Hardware.ini,363
24605,1790375215113,HpDrvPre.sys,19128
24605,1790375215113,HpDrvTestDrv.sys,19128
24605,1790375215113,SYS32_Hardware,900
24605,1790375215129,SYS32_Hardware.exe,32671232
24605,1790375215129,SYS32_Hardware.ini,363
25136,1790375215645,HpDrvPre.sys,19128
25136,1790375215645,HpDrvTestDrv.sys,19128
25136,1790375215645,SYS32_Hardware,900
25136,1790375215660,SYS32_Hardware.exe,32671232
25136,1790375215660,SYS32_Hardware.ini,363
25667,1790375216176,HpDrvPre.sys,19128
25667,1790375216176,HpDrvTestDrv.sys,19128
25667,1790375216176,SYS32_Hardware,900
25667,1790375216176,SYS32_Hardware.exe,32671232
25667,1790375216192,SYS32_Hardware.ini,363
26199,1790375216707,HpDrvPre.sys,19128
26199,1790375216707,HpDrvTestDrv.sys,19128
26199,1790375216707,SYS32_Hardware,900
26199,1790375216723,SYS32_Hardware.exe,32671232
26199,1790375216723,SYS32_Hardware.ini,363
26730,1790375217239,HpDrvPre.sys,19128
26730,1790375217239,HpDrvTestDrv.sys,19128
26730,1790375217239,SYS32_Hardware,900
26730,1790375217254,SYS32_Hardware.exe,32671232
26730,1790375217254,SYS32_Hardware.ini,363
27246,1790375217754,HpDrvPre.sys,19128
27246,1790375217754,HpDrvTestDrv.sys,19128
27246,1790375217754,SYS32_Hardware,900
27246,1790375217770,SYS32_Hardware.exe,32671232
27246,1790375217770,SYS32_Hardware.ini,363
27761,1790375218270,HpDrvPre.sys,19128
27761,1790375218270,HpDrvTestDrv.sys,19128
27761,1790375218270,SYS32_Hardware,900
27761,1790375218285,SYS32_Hardware.exe,32671232
27761,1790375218285,SYS32_Hardware.ini,363
28277,1790375218785,HpDrvPre.sys,19128
28277,1790375218785,HpDrvTestDrv.sys,19128
28277,1790375218785,SYS32_Hardware,900
28277,1790375218801,SYS32_Hardware.exe,32671232
28277,1790375218801,SYS32_Hardware.ini,363
28808,1790375219317,HpDrvPre.sys,19128
28808,1790375219317,HpDrvTestDrv.sys,19128
28808,1790375219317,SYS32_Hardware,900
28808,1790375219332,SYS32_Hardware.exe,32671232
28808,1790375219332,SYS32_Hardware.ini,363
29323,1790375219832,HpDrvPre.sys,19128
29323,1790375219832,HpDrvTestDrv.sys,19128
29323,1790375219832,SYS32_Hardware,900
29323,1790375219848,SYS32_Hardware.exe,32671232
29323,1790375219848,SYS32_Hardware.ini,363
29839,1790375220348,HpDrvPre.sys,19128
29839,1790375220348,HpDrvTestDrv.sys,19128
29839,1790375220348,SYS32_Hardware,900
29839,1790375220364,SYS32_Hardware.exe,32671232
29839,1790375220364,SYS32_Hardware.ini,363
30371,1790375220879,HpDrvPre.sys,19128
30371,1790375220879,HpDrvTestDrv.sys,19128
30371,1790375220879,SYS32_Hardware,900
30371,1790375220895,SYS32_Hardware.exe,32671232
30371,1790375220895,SYS32_Hardware.ini,363
30902,1790375221410,HpDrvPre.sys,19128
30902,1790375221410,HpDrvTestDrv.sys,19128
30902,1790375221410,SYS32_Hardware,900
30902,1790375221426,SYS32_Hardware.exe,32671232
30902,1790375221426,SYS32_Hardware.ini,363
31433,1790375221942,HpDrvPre.sys,19128
31433,1790375221942,HpDrvTestDrv.sys,19128
31433,1790375221942,SYS32_Hardware,900
31433,1790375221942,SYS32_Hardware.exe,32671232
31433,1790375221957,SYS32_Hardware.ini,363
31964,1790375222473,HpDrvPre.sys,19128
31964,1790375222473,HpDrvTestDrv.sys,19128
31964,1790375222473,SYS32_Hardware,900
31964,1790375222489,SYS32_Hardware.exe,32671232
31964,1790375222489,SYS32_Hardware.ini,363
32480,1790375222989,HpDrvPre.sys,19128
32480,1790375222989,HpDrvTestDrv.sys,19128
32480,1790375222989,SYS32_Hardware,900
32480,1790375223004,SYS32_Hardware.exe,32671232
32480,1790375223004,SYS32_Hardware.ini,363
33027,1790375223536,HpDrvPre.sys,19128
33027,1790375223536,HpDrvTestDrv.sys,19128
33027,1790375223536,SYS32_Hardware,900
33027,1790375223551,SYS32_Hardware.exe,32671232
33027,1790375223551,SYS32_Hardware.ini,363
33543,1790375224052,HpDrvPre.sys,19128
33543,1790375224052,HpDrvTestDrv.sys,19128
33543,1790375224052,SYS32_Hardware,900
33543,1790375224067,SYS32_Hardware.exe,32671232
33543,1790375224067,SYS32_Hardware.ini,363
34058,1790375224567,HpDrvPre.sys,19128
34058,1790375224567,HpDrvTestDrv.sys,19128
34058,1790375224567,SYS32_Hardware,900
34058,1790375224583,SYS32_Hardware.exe,32671232
34058,1790375224583,SYS32_Hardware.ini,363
34590,1790375225099,HpDrvPre.sys,19128
34590,1790375225099,HpDrvTestDrv.sys,19128
34590,1790375225099,SYS32_Hardware,900
34590,1790375225114,SYS32_Hardware.exe,32671232
34590,1790375225114,SYS32_Hardware.ini,363
35106,1790375225614,HpDrvPre.sys,19128
35106,1790375225614,HpDrvTestDrv.sys,19128
35106,1790375225614,SYS32_Hardware,900
35106,1790375225630,SYS32_Hardware.exe,32671232
35106,1790375225630,SYS32_Hardware.ini,363
35622,1790375226131,HpDrvPre.sys,19128
35622,1790375226131,HpDrvTestDrv.sys,19128
35622,1790375226131,SYS32_Hardware,900
35622,1790375226146,SYS32_Hardware.exe,32671232
35622,1790375226146,SYS32_Hardware.ini,363
36149,1790375226658,HpDrvPre.sys,19128
36149,1790375226658,HpDrvTestDrv.sys,19128
36149,1790375226658,SYS32_Hardware,900
36149,1790375226673,SYS32_Hardware.exe,32671232
36149,1790375226673,SYS32_Hardware.ini,363
36684,1790375227192,HpDrvPre.sys,19128
36684,1790375227192,HpDrvTestDrv.sys,19128
36684,1790375227192,SYS32_Hardware,900
36684,1790375227208,SYS32_Hardware.exe,32671232
36684,1790375227208,SYS32_Hardware.ini,363
37199,1790375227708,HpDrvPre.sys,19128
37199,1790375227708,HpDrvTestDrv.sys,19128
37199,1790375227708,SYS32_Hardware,900
37199,1790375227708,SYS32_Hardware.exe,32671232
37199,1790375227724,SYS32_Hardware.ini,363
37731,1790375228239,HpDrvPre.sys,19128
37731,1790375228239,HpDrvTestDrv.sys,19128
37731,1790375228239,SYS32_Hardware,900
37731,1790375228255,SYS32_Hardware.exe,32671232
37731,1790375228255,SYS32_Hardware.ini,363
38246,1790375228755,HpDrvPre.sys,19128
38246,1790375228755,HpDrvTestDrv.sys,19128
38246,1790375228755,SYS32_Hardware,900
38246,1790375228771,SYS32_Hardware.exe,32671232
38246,1790375228771,SYS32_Hardware.ini,363
38778,1790375229287,HpDrvPre.sys,19128
38778,1790375229287,HpDrvTestDrv.sys,19128
38778,1790375229287,SYS32_Hardware,900
38778,1790375229287,SYS32_Hardware.exe,32671232
38778,1790375229302,SYS32_Hardware.ini,363
39295,1790375229803,HpDrvPre.sys,19128
39295,1790375229803,HpDrvTestDrv.sys,19128
39295,1790375229820,SYS32_Hardware,900
39295,1790375229820,SYS32_Hardware.exe,32671232
39295,1790375229835,SYS32_Hardware.ini,363
39827,1790375230336,HpDrvPre.sys,19128
39827,1790375230336,HpDrvTestDrv.sys,19128
39827,1790375230336,SYS32_Hardware,900
39827,1790375230351,SYS32_Hardware.exe,32671232
39827,1790375230351,SYS32_Hardware.ini,363
40343,1790375230851,HpDrvPre.sys,19128
40343,1790375230862,HpDrvTestDrv.sys,19128
40343,1790375230862,SYS32_Hardware,900
40343,1790375230878,SYS32_Hardware.exe,32671232
40343,1790375230878,SYS32_Hardware.ini,363
40885,1790375231394,HpDrvPre.sys,19128
40885,1790375231394,HpDrvTestDrv.sys,19128
40885,1790375231394,SYS32_Hardware,900
40885,1790375231409,SYS32_Hardware.exe,32671232
40885,1790375231409,SYS32_Hardware.ini,363
41401,1790375231910,HpDrvPre.sys,19128
41401,1790375231910,HpDrvTestDrv.sys,19128
41401,1790375231910,SYS32_Hardware,900
41401,1790375231925,SYS32_Hardware.exe,32671232
41401,1790375231925,SYS32_Hardware.ini,363
41917,1790375232425,HpDrvPre.sys,19128
41917,1790375232425,HpDrvTestDrv.sys,19128
41917,1790375232425,SYS32_Hardware,900
41917,1790375232441,SYS32_Hardware.exe,32671232
41917,1790375232441,SYS32_Hardware.ini,363
42433,1790375232941,HpDrvPre.sys,19128
42433,1790375232941,HpDrvTestDrv.sys,19128
42433,1790375232941,SYS32_Hardware,900
42433,1790375232957,SYS32_Hardware.exe,32671232
42433,1790375232957,SYS32_Hardware.ini,363
42964,1790375233473,HpDrvPre.sys,19128
42964,1790375233473,HpDrvTestDrv.sys,19128
42964,1790375233473,SYS32_Hardware,900
42964,1790375233488,SYS32_Hardware.exe,32671232
42964,1790375233488,SYS32_Hardware.ini,363
43480,1790375233988,HpDrvPre.sys,19128
43480,1790375233988,HpDrvTestDrv.sys,19128
43480,1790375233988,SYS32_Hardware,900
43480,1790375234004,SYS32_Hardware.exe,32671232
43480,1790375234004,SYS32_Hardware.ini,363
44006,1790375234514,HpDrvPre.sys,19128
44006,1790375234514,HpDrvTestDrv.sys,19128
44006,1790375234514,SYS32_Hardware,900
44006,1790375234529,SYS32_Hardware.exe,32671232
44006,1790375234529,SYS32_Hardware.ini,363
44536,1790375235045,HpDrvPre.sys,19128
44536,1790375235055,HpDrvTestDrv.sys,19128
44536,1790375235055,SYS32_Hardware,900
44536,1790375235055,SYS32_Hardware.exe,32671232
44536,1790375235070,SYS32_Hardware.ini,363
45086,1790375235595,HpDrvPre.sys,19128
45086,1790375235595,HpDrvTestDrv.sys,19128
45086,1790375235595,SYS32_Hardware,900
45086,1790375235595,SYS32_Hardware.exe,32671232
45086,1790375235623,SYS32_Hardware.ini,363
45616,1790375236124,HpDrvPre.sys,19128
45616,1790375236124,HpDrvTestDrv.sys,19128
45616,1790375236124,SYS32_Hardware,900
45616,1790375236140,SYS32_Hardware.exe,32671232
45616,1790375236140,SYS32_Hardware.ini,363
46131,1790375236640,HpDrvPre.sys,19128
46131,1790375236640,HpDrvTestDrv.sys,19128
46131,1790375236640,SYS32_Hardware,900
46131,1790375236640,SYS32_Hardware.exe,32671232
46131,1790375236656,SYS32_Hardware.ini,363
46663,1790375237172,HpDrvPre.sys,19128
46663,1790375237172,HpDrvTestDrv.sys,19128
46663,1790375237172,SYS32_Hardware,900
46663,1790375237187,SYS32_Hardware.exe,32671232
46663,1790375237187,SYS32_Hardware.ini,363
47194,1790375237703,HpDrvPre.sys,19128
47194,1790375237703,HpDrvTestDrv.sys,19128
47194,1790375237703,SYS32_Hardware,900
47194,1790375237719,SYS32_Hardware.exe,32671232
47194,1790375237719,SYS32_Hardware.ini,363
47710,1790375238219,HpDrvPre.sys,19128
47710,1790375238219,HpDrvTestDrv.sys,19128
47710,1790375238219,SYS32_Hardware,900
47710,1790375238234,SYS32_Hardware.exe,32671232
47710,1790375238234,SYS32_Hardware.ini,363
48226,1790375238734,HpDrvPre.sys,19128
48226,1790375238734,HpDrvTestDrv.sys,19128
48226,1790375238734,SYS32_Hardware,900
48226,1790375238750,SYS32_Hardware.exe,32671232
48226,1790375238750,SYS32_Hardware.ini,363
48761,1790375239270,HpDrvPre.sys,19128
48761,1790375239270,HpDrvTestDrv.sys,19128
48761,1790375239270,SYS32_Hardware,900
48761,1790375239285,SYS32_Hardware.exe,32671232
48761,1790375239285,SYS32_Hardware.ini,363
49277,1790375239785,HpDrvPre.sys,19128
49277,1790375239785,HpDrvTestDrv.sys,19128
49277,1790375239785,SYS32_Hardware,900
49277,1790375239801,SYS32_Hardware.exe,32671232
49277,1790375239801,SYS32_Hardware.ini,363
49793,1790375240301,HpDrvPre.sys,19128
49793,1790375240301,HpDrvTestDrv.sys,19128
49793,1790375240301,SYS32_Hardware,900
49793,1790375240317,SYS32_Hardware.exe,32671232
49793,1790375240317,SYS32_Hardware.ini,363
50308,1790375240817,HpDrvPre.sys,19128
50308,1790375240817,HpDrvTestDrv.sys,19128
50308,1790375240817,SYS32_Hardware,900
50308,1790375240833,SYS32_Hardware.exe,32671232
50308,1790375240833,SYS32_Hardware.ini,363
50840,1790375241349,HpDrvPre.sys,19128
50840,1790375241349,HpDrvTestDrv.sys,19128
50840,1790375241349,SYS32_Hardware,900
50840,1790375241364,SYS32_Hardware.exe,32671232
50840,1790375241364,SYS32_Hardware.ini,363
51368,1790375241876,HpDrvPre.sys,19128
51368,1790375241876,HpDrvTestDrv.sys,19128
51368,1790375241876,SYS32_Hardware,900
51368,1790375241892,SYS32_Hardware.exe,32671232
51368,1790375241892,SYS32_Hardware.ini,363
51899,1790375242408,HpDrvPre.sys,19128
51899,1790375242408,HpDrvTestDrv.sys,19128
51899,1790375242408,SYS32_Hardware,900
51899,1790375242423,SYS32_Hardware.exe,32671232
51899,1790375242423,SYS32_Hardware.ini,363
52421,1790375242928,HpDrvPre.sys,19128
52421,1790375242928,HpDrvTestDrv.sys,19128
52421,1790375242928,SYS32_Hardware,900
52421,1790375242944,SYS32_Hardware.exe,32671232
52421,1790375242944,SYS32_Hardware.ini,363
52951,1790375243459,HpDrvPre.sys,19128
52951,1790375243459,HpDrvTestDrv.sys,19128
52951,1790375243466,SYS32_Hardware,900
52951,1790375243466,SYS32_Hardware.exe,32671232
52951,1790375243482,SYS32_Hardware.ini,363
53474,1790375243982,HpDrvPre.sys,19128
53474,1790375243982,HpDrvTestDrv.sys,19128
53474,1790375243982,SYS32_Hardware,900
53474,1790375243998,SYS32_Hardware.exe,32671232
53474,1790375243998,SYS32_Hardware.ini,363
53989,1790375244498,HpDrvPre.sys,19128
53989,1790375244498,HpDrvTestDrv.sys,19128
53989,1790375244513,SYS32_Hardware,900
53989,1790375244513,SYS32_Hardware.exe,32671232
53989,1790375244529,SYS32_Hardware.ini,363
54536,1790375245045,HpDrvPre.sys,19128
54536,1790375245045,HpDrvTestDrv.sys,19128
54536,1790375245045,SYS32_Hardware,900
54536,1790375245061,SYS32_Hardware.exe,32671232
54536,1790375245061,SYS32_Hardware.ini,363
55068,1790375245576,HpDrvPre.sys,19128
55068,1790375245576,HpDrvTestDrv.sys,19128
55068,1790375245576,SYS32_Hardware,900
55068,1790375245592,SYS32_Hardware.exe,32671232
55068,1790375245592,SYS32_Hardware.ini,363
55584,1790375246092,HpDrvPre.sys,19128
55584,1790375246092,HpDrvTestDrv.sys,19128
55584,1790375246092,SYS32_Hardware,900
55584,1790375246108,SYS32_Hardware.exe,32671232
55584,1790375246108,SYS32_Hardware.ini,363
56107,1790375246615,HpDrvPre.sys,19128
56107,1790375246615,HpDrvTestDrv.sys,19128
56107,1790375246615,SYS32_Hardware,900
56107,1790375246631,SYS32_Hardware.exe,32671232
56107,1790375246631,SYS32_Hardware.ini,363
56646,1790375247155,HpDrvPre.sys,19128
56646,1790375247155,HpDrvTestDrv.sys,19128
56646,1790375247155,SYS32_Hardware,900
56646,1790375247170,SYS32_Hardware.exe,32671232
56646,1790375247170,SYS32_Hardware.ini,363
57180,1790375247689,HpDrvPre.sys,19128
57180,1790375247689,HpDrvTestDrv.sys,19128
57180,1790375247689,SYS32_Hardware,900
57180,1790375247704,SYS32_Hardware.exe,32671232
57180,1790375247704,SYS32_Hardware.ini,363
57711,1790375248220,HpDrvPre.sys,19128
57711,1790375248220,HpDrvTestDrv.sys,19128
57711,1790375248220,SYS32_Hardware,900
57711,1790375248235,SYS32_Hardware.exe,32671232
57711,1790375248235,SYS32_Hardware.ini,363
58227,1790375248736,HpDrvPre.sys,19128
58227,1790375248736,HpDrvTestDrv.sys,19128
58227,1790375248736,SYS32_Hardware,900
58227,1790375248736,SYS32_Hardware.exe,32671232
58227,1790375248751,SYS32_Hardware.ini,363
58773,1790375249282,HpDrvPre.sys,19128
58773,1790375249282,HpDrvTestDrv.sys,19128
58773,1790375249282,SYS32_Hardware,900
58773,1790375249298,SYS32_Hardware.exe,32671232
58773,1790375249298,SYS32_Hardware.ini,363
59289,1790375249798,HpDrvPre.sys,19128
59289,1790375249798,HpDrvTestDrv.sys,19128
59289,1790375249798,SYS32_Hardware,900
59289,1790375249814,SYS32_Hardware.exe,32671232
59289,1790375249814,SYS32_Hardware.ini,363
59805,1790375250314,HpDrvPre.sys,19128
59805,1790375250314,HpDrvTestDrv.sys,19128
59805,1790375250314,SYS32_Hardware,900
59805,1790375250330,SYS32_Hardware.exe,32671232
59805,1790375250330,SYS32_Hardware.ini,363
60321,1790375250830,HpDrvPre.sys,19128
60321,1790375250830,HpDrvTestDrv.sys,19128
60321,1790375250830,SYS32_Hardware,900
60321,1790375250845,SYS32_Hardware.exe,32671232
60321,1790375250845,SYS32_Hardware.ini,363
60853,1790375251361,HpDrvPre.sys,19128
60853,1790375251361,HpDrvTestDrv.sys,19128
60853,1790375251361,SYS32_Hardware,900
60853,1790375251377,SYS32_Hardware.exe,32671232
60853,1790375251377,SYS32_Hardware.ini,363
61378,1790375251887,HpDrvPre.sys,19128
61378,1790375251887,HpDrvTestDrv.sys,19128
61378,1790375251887,SYS32_Hardware,900
61378,1790375251902,SYS32_Hardware.exe,32671232
61378,1790375251902,SYS32_Hardware.ini,363
61894,1790375252403,HpDrvPre.sys,19128
61894,1790375252403,HpDrvTestDrv.sys,19128
61894,1790375252403,SYS32_Hardware,900
61894,1790375252418,SYS32_Hardware.exe,32671232
61894,1790375252418,SYS32_Hardware.ini,363
62410,1790375252918,HpDrvPre.sys,19128
62410,1790375252918,HpDrvTestDrv.sys,19128
62410,1790375252918,SYS32_Hardware,900
62410,1790375252934,SYS32_Hardware.exe,32671232
62410,1790375252934,SYS32_Hardware.ini,363
62941,1790375253450,HpDrvPre.sys,19128
62941,1790375253450,HpDrvTestDrv.sys,19128
62941,1790375253450,SYS32_Hardware,900
62941,1790375253465,SYS32_Hardware.exe,32671232
62941,1790375253465,SYS32_Hardware.ini,363
63457,1790375253965,HpDrvPre.sys,19128
63457,1790375253965,HpDrvTestDrv.sys,19128
63457,1790375253965,SYS32_Hardware,900
63457,1790375253981,SYS32_Hardware.exe,32671232
63457,1790375253981,SYS32_Hardware.ini,363
63973,1790375254481,HpDrvPre.sys,19128
63973,1790375254481,HpDrvTestDrv.sys,19128
63973,1790375254481,SYS32_Hardware,900
63973,1790375254497,SYS32_Hardware.exe,32671232
63973,1790375254497,SYS32_Hardware.ini,363
64504,1790375255013,HpDrvPre.sys,19128
64504,1790375255013,HpDrvTestDrv.sys,19128
64504,1790375255013,SYS32_Hardware,900
64504,1790375255028,SYS32_Hardware.exe,32671232
64504,1790375255028,SYS32_Hardware.ini,363
65036,1790375255544,HpDrvPre.sys,19128
65036,1790375255544,HpDrvTestDrv.sys,19128
65036,1790375255544,SYS32_Hardware,900
65036,1790375255560,SYS32_Hardware.exe,32671232
65036,1790375255560,SYS32_Hardware.ini,363
65582,1790375256091,HpDrvPre.sys,19128
65582,1790375256091,HpDrvTestDrv.sys,19128
65582,1790375256091,SYS32_Hardware,900
65582,1790375256107,SYS32_Hardware.exe,32671232
65582,1790375256107,SYS32_Hardware.ini,363
66098,1790375256607,HpDrvPre.sys,19128
66098,1790375256607,HpDrvTestDrv.sys,19128
66098,1790375256607,SYS32_Hardware,900
66098,1790375256622,SYS32_Hardware.exe,32671232
66098,1790375256622,SYS32_Hardware.ini,363
66630,1790375257138,HpDrvPre.sys,19128
66630,1790375257138,HpDrvTestDrv.sys,19128
66630,1790375257138,SYS32_Hardware,900
66630,1790375257154,SYS32_Hardware.exe,32671232
66630,1790375257154,SYS32_Hardware.ini,363
67149,1790375257658,HpDrvPre.sys,19128
67149,1790375257658,HpDrvTestDrv.sys,19128
67149,1790375257658,SYS32_Hardware,900
67149,1790375257673,SYS32_Hardware.exe,32671232
67149,1790375257673,SYS32_Hardware.ini,363
67677,1790375258185,HpDrvPre.sys,19128
67677,1790375258185,HpDrvTestDrv.sys,19128
67677,1790375258185,SYS32_Hardware,900
67677,1790375258201,SYS32_Hardware.exe,32671232
67677,1790375258201,SYS32_Hardware.ini,363
68192,1790375258701,HpDrvPre.sys,19128
68192,1790375258701,HpDrvTestDrv.sys,19128
68192,1790375258701,SYS32_Hardware,900
68192,1790375258717,SYS32_Hardware.exe,32671232
68192,1790375258717,SYS32_Hardware.ini,363
68724,1790375259232,HpDrvPre.sys,19128
68724,1790375259232,HpDrvTestDrv.sys,19128
68724,1790375259232,SYS32_Hardware,900
68724,1790375259248,SYS32_Hardware.exe,32671232
68724,1790375259248,SYS32_Hardware.ini,363
69255,1790375259764,HpDrvPre.sys,19128
69255,1790375259764,HpDrvTestDrv.sys,19128
69255,1790375259764,SYS32_Hardware,900
69255,1790375259779,SYS32_Hardware.exe,32671232
69255,1790375259779,SYS32_Hardware.ini,363
69771,1790375260280,HpDrvPre.sys,19128
69771,1790375260280,HpDrvTestDrv.sys,19128
69771,1790375260280,SYS32_Hardware,900
69771,1790375260295,SYS32_Hardware.exe,32671232
69771,1790375260295,SYS32_Hardware.ini,363
70286,1790375260795,HpDrvPre.sys,19128
70286,1790375260795,HpDrvTestDrv.sys,19128
70286,1790375260795,SYS32_Hardware,900
70286,1790375260811,SYS32_Hardware.exe,32671232
70286,1790375260811,SYS32_Hardware.ini,363
70829,1790375261337,HpDrvPre.sys,19128
70829,1790375261337,HpDrvTestDrv.sys,19128
70829,1790375261337,SYS32_Hardware,900
70829,1790375261353,SYS32_Hardware.exe,32671232
70829,1790375261353,SYS32_Hardware.ini,363
71360,1790375261869,HpDrvPre.sys,19128
71360,1790375261869,HpDrvTestDrv.sys,19128
71360,1790375261869,SYS32_Hardware,900
71360,1790375261884,SYS32_Hardware.exe,32671232
71360,1790375261884,SYS32_Hardware.ini,363
71879,1790375262388,HpDrvPre.sys,19128
71879,1790375262388,HpDrvTestDrv.sys,19128
71879,1790375262403,SYS32_Hardware,900
71879,1790375262403,SYS32_Hardware.exe,32671232
71879,1790375262403,SYS32_Hardware.ini,363
72420,1790375262929,HpDrvPre.sys,19128
72420,1790375262929,HpDrvTestDrv.sys,19128
72420,1790375262929,SYS32_Hardware,900
72420,1790375262945,SYS32_Hardware.exe,32671232
72420,1790375262945,SYS32_Hardware.ini,363
72952,1790375263460,HpDrvPre.sys,19128
72952,1790375263460,HpDrvTestDrv.sys,19128
72952,1790375263460,SYS32_Hardware,900
72952,1790375263476,SYS32_Hardware.exe,32671232
72952,1790375263476,SYS32_Hardware.ini,363
73468,1790375263976,HpDrvPre.sys,19128
73468,1790375263976,HpDrvTestDrv.sys,19128
73468,1790375263976,SYS32_Hardware,900
73468,1790375263992,SYS32_Hardware.exe,32671232
73468,1790375263992,SYS32_Hardware.ini,363
73983,1790375264492,HpDrvPre.sys,19128
73983,1790375264492,HpDrvTestDrv.sys,19128
73983,1790375264492,SYS32_Hardware,900
73983,1790375264492,SYS32_Hardware.exe,32671232
73983,1790375264508,SYS32_Hardware.ini,363
74515,1790375265023,HpDrvPre.sys,19128
74515,1790375265023,HpDrvTestDrv.sys,19128
74515,1790375265023,SYS32_Hardware,900
74515,1790375265039,SYS32_Hardware.exe,32671232
74515,1790375265039,SYS32_Hardware.ini,363
75056,1790375265565,HpDrvPre.sys,19128
75056,1790375265565,HpDrvTestDrv.sys,19128
75056,1790375265565,SYS32_Hardware,900
75056,1790375265580,SYS32_Hardware.exe,32671232
75056,1790375265580,SYS32_Hardware.ini,363
75579,1790375266087,HpDrvPre.sys,19128
75579,1790375266087,HpDrvTestDrv.sys,19128
75579,1790375266087,SYS32_Hardware,900
75579,1790375266103,SYS32_Hardware.exe,32671232
75579,1790375266103,SYS32_Hardware.ini,363
76095,1790375266603,HpDrvPre.sys,19128
76095,1790375266603,HpDrvTestDrv.sys,19128
76095,1790375266603,SYS32_Hardware,900
76095,1790375266619,SYS32_Hardware.exe,32671232
76095,1790375266619,SYS32_Hardware.ini,363
76636,1790375267145,HpDrvPre.sys,19128
76636,1790375267145,HpDrvTestDrv.sys,19128
76636,1790375267145,SYS32_Hardware,900
76636,1790375267160,SYS32_Hardware.exe,32671232
76636,1790375267160,SYS32_Hardware.ini,363
77152,1790375267660,HpDrvPre.sys,19128
77152,1790375267660,HpDrvTestDrv.sys,19128
77152,1790375267660,SYS32_Hardware,900
77152,1790375267676,SYS32_Hardware.exe,32671232
77152,1790375267676,SYS32_Hardware.ini,363
77673,1790375268181,HpDrvPre.sys,19128
77673,1790375268181,HpDrvTestDrv.sys,19128
77673,1790375268181,SYS32_Hardware,900
77673,1790375268197,SYS32_Hardware.exe,32671232
77673,1790375268197,SYS32_Hardware.ini,363
78204,1790375268713,HpDrvPre.sys,19128
78204,1790375268713,HpDrvTestDrv.sys,19128
78204,1790375268713,SYS32_Hardware,900
78204,1790375268728,SYS32_Hardware.exe,32671232
78204,1790375268728,SYS32_Hardware.ini,363
78736,1790375269244,HpDrvPre.sys,19128
78736,1790375269244,HpDrvTestDrv.sys,19128
78736,1790375269244,SYS32_Hardware,900
78736,1790375269260,SYS32_Hardware.exe,32671232
78736,1790375269260,SYS32_Hardware.ini,363
79251,1790375269760,HpDrvPre.sys,19128
79251,1790375269760,HpDrvTestDrv.sys,19128
79251,1790375269760,SYS32_Hardware,900
79251,1790375269776,SYS32_Hardware.exe,32671232
79251,1790375269776,SYS32_Hardware.ini,363
79778,1790375270287,HpDrvPre.sys,19128
79778,1790375270287,HpDrvTestDrv.sys,19128
79778,1790375270287,SYS32_Hardware,900
79778,1790375270302,SYS32_Hardware.exe,32671232
79778,1790375270302,SYS32_Hardware.ini,363
80315,1790375270824,HpDrvPre.sys,19128
80315,1790375270824,HpDrvTestDrv.sys,19128
80315,1790375270824,SYS32_Hardware,900
80315,1790375270839,SYS32_Hardware.exe,32671232
80315,1790375270839,SYS32_Hardware.ini,363
80846,1790375271355,HpDrvPre.sys,19128
80846,1790375271355,HpDrvTestDrv.sys,19128
80846,1790375271355,SYS32_Hardware,900
80846,1790375271371,SYS32_Hardware.exe,32671232
80846,1790375271371,SYS32_Hardware.ini,363
81362,1790375271871,HpDrvPre.sys,19128
81362,1790375271871,HpDrvTestDrv.sys,19128
81362,1790375271871,SYS32_Hardware,900
81362,1790375271886,SYS32_Hardware.exe,32671232
81362,1790375271886,SYS32_Hardware.ini,363
81878,1790375272387,HpDrvPre.sys,19128
81878,1790375272387,HpDrvTestDrv.sys,19128
81878,1790375272387,SYS32_Hardware,900
81878,1790375272402,SYS32_Hardware.exe,32671232
81878,1790375272402,SYS32_Hardware.ini,363
82393,1790375272902,HpDrvPre.sys,19128
82393,1790375272902,HpDrvTestDrv.sys,19128
82393,1790375272902,SYS32_Hardware,900
82393,1790375272918,SYS32_Hardware.exe,32671232
82393,1790375272918,SYS32_Hardware.ini,363
82926,1790375273434,HpDrvPre.sys,19128
82926,1790375273434,HpDrvTestDrv.sys,19128
82926,1790375273434,SYS32_Hardware,900
82926,1790375273450,SYS32_Hardware.exe,32671232
82926,1790375273450,SYS32_Hardware.ini,363
83456,1790375273965,HpDrvPre.sys,19128
83456,1790375273965,HpDrvTestDrv.sys,19128
83456,1790375273965,SYS32_Hardware,900
83456,1790375273981,SYS32_Hardware.exe,32671232
83456,1790375273981,SYS32_Hardware.ini,363
83973,1790375274481,HpDrvPre.sys,19128
83973,1790375274481,HpDrvTestDrv.sys,19128
83973,1790375274481,SYS32_Hardware,900
83973,1790375274497,SYS32_Hardware.exe,32671232
83973,1790375274497,SYS32_Hardware.ini,363
84504,1790375275013,HpDrvPre.sys,19128
84504,1790375275013,HpDrvTestDrv.sys,19128
84504,1790375275013,SYS32_Hardware,900
84504,1790375275028,SYS32_Hardware.exe,32671232
84504,1790375275028,SYS32_Hardware.ini,363
85045,1790375275554,HpDrvPre.sys,19128
85045,1790375275554,HpDrvTestDrv.sys,19128
85045,1790375275554,SYS32_Hardware,900
85045,1790375275570,SYS32_Hardware.exe,32671232
85045,1790375275570,SYS32_Hardware.ini,363
85561,1790375276070,HpDrvPre.sys,19128
85561,1790375276070,HpDrvTestDrv.sys,19128
85561,1790375276070,SYS32_Hardware,900
85561,1790375276086,SYS32_Hardware.exe,32671232
85561,1790375276086,SYS32_Hardware.ini,363
86077,1790375276586,HpDrvPre.sys,19128
86077,1790375276586,HpDrvTestDrv.sys,19128
86077,1790375276586,SYS32_Hardware,900
86077,1790375276601,SYS32_Hardware.exe,32671232
86077,1790375276601,SYS32_Hardware.ini,363
86608,1790375277117,HpDrvPre.sys,19128
86608,1790375277117,HpDrvTestDrv.sys,19128
86608,1790375277117,SYS32_Hardware,900
86608,1790375277133,SYS32_Hardware.exe,32671232
86608,1790375277133,SYS32_Hardware.ini,363
87137,1790375277645,HpDrvPre.sys,19128
87137,1790375277645,HpDrvTestDrv.sys,19128
87137,1790375277645,SYS32_Hardware,900
87137,1790375277661,SYS32_Hardware.exe,32671232
87137,1790375277661,SYS32_Hardware.ini,363
87653,1790375278161,HpDrvPre.sys,19128
87653,1790375278161,HpDrvTestDrv.sys,19128
87653,1790375278161,SYS32_Hardware,900
87653,1790375278177,SYS32_Hardware.exe,32671232
87653,1790375278177,SYS32_Hardware.ini,363
88181,1790375278690,HpDrvPre.sys,19128
88181,1790375278705,HpDrvTestDrv.sys,19128
88181,1790375278705,SYS32_Hardware,900
88181,1790375278705,SYS32_Hardware.exe,32671232
88181,1790375278705,SYS32_Hardware.ini,363
88713,1790375279221,HpDrvPre.sys,19128
88713,1790375279221,HpDrvTestDrv.sys,19128
88713,1790375279221,SYS32_Hardware,900
88713,1790375279237,SYS32_Hardware.exe,32671232
88713,1790375279237,SYS32_Hardware.ini,363
89244,1790375279753,HpDrvPre.sys,19128
89244,1790375279753,HpDrvTestDrv.sys,19128
89244,1790375279753,SYS32_Hardware,900
89244,1790375279768,SYS32_Hardware.exe,32671232
89244,1790375279768,SYS32_Hardware.ini,363
89771,1790375280280,HpDrvPre.sys,19128
89771,1790375280280,HpDrvTestDrv.sys,19128
89771,1790375280280,SYS32_Hardware,900
89771,1790375280296,SYS32_Hardware.exe,32671232
89771,1790375280296,SYS32_Hardware.ini,363
90287,1790375280796,HpDrvPre.sys,19128
90287,1790375280796,HpDrvTestDrv.sys,19128
90287,1790375280796,SYS32_Hardware,900
90287,1790375280812,SYS32_Hardware.exe,32671232
90287,1790375280812,SYS32_Hardware.ini,363
90826,1790375281334,HpDrvPre.sys,19128
90826,1790375281334,HpDrvTestDrv.sys,19128
90826,1790375281334,SYS32_Hardware,900
90826,1790375281350,SYS32_Hardware.exe,32671232
90826,1790375281365,SYS32_Hardware.ini,363
91357,1790375281865,HpDrvPre.sys,19128
91357,1790375281865,HpDrvTestDrv.sys,19128
91357,1790375281865,SYS32_Hardware,900
91357,1790375281881,SYS32_Hardware.exe,32671232
91357,1790375281881,SYS32_Hardware.ini,363
91888,1790375282397,HpDrvPre.sys,19128
91888,1790375282397,HpDrvTestDrv.sys,19128
91888,1790375282397,SYS32_Hardware,900
91888,1790375282413,SYS32_Hardware.exe,32671232
91888,1790375282413,SYS32_Hardware.ini,363
92420,1790375282929,HpDrvPre.sys,19128
92420,1790375282929,HpDrvTestDrv.sys,19128
92420,1790375282929,SYS32_Hardware,900
92420,1790375282944,SYS32_Hardware.exe,32671232
92420,1790375282944,SYS32_Hardware.ini,363
92951,1790375283460,HpDrvPre.sys,19128
92951,1790375283460,HpDrvTestDrv.sys,19128
92951,1790375283460,SYS32_Hardware,900
92951,1790375283476,SYS32_Hardware.exe,32671232
92951,1790375283476,SYS32_Hardware.ini,363
93482,1790375283991,HpDrvPre.sys,19128
93482,1790375283991,HpDrvTestDrv.sys,19128
93482,1790375283991,SYS32_Hardware,900
93482,1790375284007,SYS32_Hardware.exe,32671232
93482,1790375284007,SYS32_Hardware.ini,363
94009,1790375284517,HpDrvPre.sys,19128
94009,1790375284517,HpDrvTestDrv.sys,19128
94009,1790375284517,SYS32_Hardware,900
94009,1790375284533,SYS32_Hardware.exe,32671232
94009,1790375284549,SYS32_Hardware.ini,363
94556,1790375285064,HpDrvPre.sys,19128
94556,1790375285064,HpDrvTestDrv.sys,19128
94556,1790375285064,SYS32_Hardware,900
94556,1790375285080,SYS32_Hardware.exe,32671232
94556,1790375285080,SYS32_Hardware.ini,363
95087,1790375285596,HpDrvPre.sys,19128
95087,1790375285596,HpDrvTestDrv.sys,19128
95087,1790375285596,SYS32_Hardware,900
95087,1790375285611,SYS32_Hardware.exe,32671232
95087,1790375285611,SYS32_Hardware.ini,363
95603,1790375286111,HpDrvPre.sys,19128
95603,1790375286111,HpDrvTestDrv.sys,19128
95603,1790375286111,SYS32_Hardware,900
95603,1790375286127,SYS32_Hardware.exe,32671232
95603,1790375286127,SYS32_Hardware.ini,363
96149,1790375286658,HpDrvPre.sys,19128
96149,1790375286658,HpDrvTestDrv.sys,19128
96149,1790375286673,SYS32_Hardware,900
96149,1790375286673,SYS32_Hardware.exe,32671232
96149,1790375286673,SYS32_Hardware.ini,363
96681,1790375287189,HpDrvPre.sys,19128
96681,1790375287189,HpDrvTestDrv.sys,19128
96681,1790375287189,SYS32_Hardware,900
96681,1790375287205,SYS32_Hardware.exe,32671232
96681,1790375287205,SYS32_Hardware.ini,363
97212,1790375287721,HpDrvPre.sys,19128
97212,1790375287721,HpDrvTestDrv.sys,19128
97212,1790375287721,SYS32_Hardware,900
97212,1790375287736,SYS32_Hardware.exe,32671232
97212,1790375287736,SYS32_Hardware.ini,363
97744,1790375288252,HpDrvPre.sys,19128
97744,1790375288252,HpDrvTestDrv.sys,19128
97744,1790375288268,SYS32_Hardware,900
97744,1790375288268,SYS32_Hardware.exe,32671232
97744,1790375288283,SYS32_Hardware.ini,363
98275,1790375288784,HpDrvPre.sys,19128
98275,1790375288784,HpDrvTestDrv.sys,19128
98275,1790375288784,SYS32_Hardware,900
98275,1790375288799,SYS32_Hardware.exe,32671232
98275,1790375288799,SYS32_Hardware.ini,363
98807,1790375289315,HpDrvPre.sys,19128
98807,1790375289315,HpDrvTestDrv.sys,19128
98807,1790375289315,SYS32_Hardware,900
98807,1790375289331,SYS32_Hardware.exe,32671232
98807,1790375289331,SYS32_Hardware.ini,363
99338,1790375289847,HpDrvPre.sys,19128
99338,1790375289847,HpDrvTestDrv.sys,19128
99338,1790375289847,SYS32_Hardware,900
99338,1790375289862,SYS32_Hardware.exe,32671232
99338,1790375289862,SYS32_Hardware.ini,363
99854,1790375290362,HpDrvPre.sys,19128
99854,1790375290362,HpDrvTestDrv.sys,19128
99854,1790375290362,SYS32_Hardware,900
99854,1790375290378,SYS32_Hardware.exe,32671232
99854,1790375290378,SYS32_Hardware.ini,363
100385,1790375290894,HpDrvPre.sys,19128
100385,1790375290894,HpDrvTestDrv.sys,19128
100385,1790375290894,SYS32_Hardware,900
100385,1790375290909,SYS32_Hardware.exe,32671232
100385,1790375290909,SYS32_Hardware.ini,363
100917,1790375291425,HpDrvPre.sys,19128
100917,1790375291425,HpDrvTestDrv.sys,19128
100917,1790375291425,SYS32_Hardware,900
100917,1790375291441,SYS32_Hardware.exe,32671232
100917,1790375291441,SYS32_Hardware.ini,363
101448,1790375291957,HpDrvPre.sys,19128
101448,1790375291957,HpDrvTestDrv.sys,19128
101448,1790375291957,SYS32_Hardware,900
101448,1790375291972,SYS32_Hardware.exe,32671232
101448,1790375291972,SYS32_Hardware.ini,363
101979,1790375292488,HpDrvPre.sys,19128
101979,1790375292488,HpDrvTestDrv.sys,19128
101979,1790375292488,SYS32_Hardware,900
101979,1790375292504,SYS32_Hardware.exe,32671232
101979,1790375292504,SYS32_Hardware.ini,363
102511,1790375293019,HpDrvPre.sys,19128
102511,1790375293019,HpDrvTestDrv.sys,19128
102511,1790375293019,SYS32_Hardware,900
102511,1790375293035,SYS32_Hardware.exe,32671232
102511,1790375293035,SYS32_Hardware.ini,363
103057,1790375293566,HpDrvPre.sys,19128
103057,1790375293566,HpDrvTestDrv.sys,19128
103057,1790375293566,SYS32_Hardware,900
103057,1790375293581,SYS32_Hardware.exe,32671232
103057,1790375293581,SYS32_Hardware.ini,363
103588,1790375294097,HpDrvPre.sys,19128
103588,1790375294097,HpDrvTestDrv.sys,19128
103588,1790375294097,SYS32_Hardware,900
103588,1790375294113,SYS32_Hardware.exe,32671232
103588,1790375294113,SYS32_Hardware.ini,363
104120,1790375294628,HpDrvPre.sys,19128
104120,1790375294628,HpDrvTestDrv.sys,19128
104120,1790375294628,SYS32_Hardware,900
104120,1790375294644,SYS32_Hardware.exe,32671232
104120,1790375294644,SYS32_Hardware.ini,363
104651,1790375295160,HpDrvPre.sys,19128
104651,1790375295160,HpDrvTestDrv.sys,19128
104651,1790375295160,SYS32_Hardware,900
104651,1790375295175,SYS32_Hardware.exe,32671232
104651,1790375295175,SYS32_Hardware.ini,363
105175,1790375295683,HpDrvPre.sys,19128
105175,1790375295683,HpDrvTestDrv.sys,19128
105175,1790375295683,SYS32_Hardware,900
105175,1790375295699,SYS32_Hardware.exe,32671232
105175,1790375295699,SYS32_Hardware.ini,363
105706,1790375296215,HpDrvPre.sys,19128
105706,1790375296215,HpDrvTestDrv.sys,19128
105706,1790375296230,SYS32_Hardware,900
105706,1790375296230,SYS32_Hardware.exe,32671232
105706,1790375296230,SYS32_Hardware.ini,363
106252,1790375296760,HpDrvPre.sys,19128
106252,1790375296760,HpDrvTestDrv.sys,19128
106252,1790375296760,SYS32_Hardware,900
106252,1790375296776,SYS32_Hardware.exe,32671232
106252,1790375296776,SYS32_Hardware.ini,363
106783,1790375297292,HpDrvPre.sys,19128
106783,1790375297292,HpDrvTestDrv.sys,19128
106783,1790375297292,SYS32_Hardware,900
106783,1790375297307,SYS32_Hardware.exe,32671232
106783,1790375297307,SYS32_Hardware.ini,363
107314,1790375297823,HpDrvPre.sys,19128
107314,1790375297823,HpDrvTestDrv.sys,19128
107314,1790375297839,SYS32_Hardware,900
107314,1790375297839,SYS32_Hardware.exe,32671232
107314,1790375297839,SYS32_Hardware.ini,363
107846,1790375298354,HpDrvPre.sys,19128
107846,1790375298354,HpDrvTestDrv.sys,19128
107846,1790375298354,SYS32_Hardware,900
107846,1790375298370,SYS32_Hardware.exe,32671232
107846,1790375298370,SYS32_Hardware.ini,363
108377,1790375298886,HpDrvPre.sys,19128
108377,1790375298886,HpDrvTestDrv.sys,19128
108377,1790375298886,SYS32_Hardware,900
108377,1790375298902,SYS32_Hardware.exe,32671232
108377,1790375298902,SYS32_Hardware.ini,363
108909,1790375299417,HpDrvPre.sys,19128
108909,1790375299417,HpDrvTestDrv.sys,19128
108909,1790375299417,SYS32_Hardware,900
108909,1790375299433,SYS32_Hardware.exe,32671232
108909,1790375299433,SYS32_Hardware.ini,363
109440,1790375299949,HpDrvPre.sys,19128
109440,1790375299949,HpDrvTestDrv.sys,19128
109440,1790375299964,SYS32_Hardware,900
109440,1790375299964,SYS32_Hardware.exe,32671232
109440,1790375299964,SYS32_Hardware.ini,363
109971,1790375300480,HpDrvPre.sys,19128
109971,1790375300480,HpDrvTestDrv.sys,19128
109971,1790375300480,SYS32_Hardware,900
109971,1790375300496,SYS32_Hardware.exe,32671232
109971,1790375300496,SYS32_Hardware.ini,363
110503,1790375301012,HpDrvPre.sys,19128
110503,1790375301023,HpDrvTestDrv.sys,19128
110503,1790375301023,SYS32_Hardware,900
110503,1790375301038,SYS32_Hardware.exe,32671232
110503,1790375301038,SYS32_Hardware.ini,363
111045,1790375301554,HpDrvPre.sys,19128
111045,1790375301554,HpDrvTestDrv.sys,19128
111045,1790375301554,SYS32_Hardware,900
111045,1790375301570,SYS32_Hardware.exe,32671232
111045,1790375301570,SYS32_Hardware.ini,363
111577,1790375302085,HpDrvPre.sys,19128
111577,1790375302085,HpDrvTestDrv.sys,19128
111577,1790375302085,SYS32_Hardware,900
111577,1790375302101,SYS32_Hardware.exe,32671232
111577,1790375302101,SYS32_Hardware.ini,363
112108,1790375302617,HpDrvPre.sys,19128
112108,1790375302617,HpDrvTestDrv.sys,19128
112108,1790375302617,SYS32_Hardware,900
112108,1790375302632,SYS32_Hardware.exe,32671232
112108,1790375302632,SYS32_Hardware.ini,363
112647,1790375303156,HpDrvPre.sys,19128
112647,1790375303156,HpDrvTestDrv.sys,19128
112647,1790375303156,SYS32_Hardware,900
112647,1790375303172,SYS32_Hardware.exe,32671232
112647,1790375303172,SYS32_Hardware.ini,363
113179,1790375303687,HpDrvPre.sys,19128
113179,1790375303687,HpDrvTestDrv.sys,19128
113179,1790375303687,SYS32_Hardware,900
113179,1790375303703,SYS32_Hardware.exe,32671232
113179,1790375303703,SYS32_Hardware.ini,363
113710,1790375304219,HpDrvPre.sys,19128
113710,1790375304219,HpDrvTestDrv.sys,19128
113710,1790375304219,SYS32_Hardware,900
113710,1790375304234,SYS32_Hardware.exe,32671232
113710,1790375304234,SYS32_Hardware.ini,363
114226,1790375304735,HpDrvPre.sys,19128
114226,1790375304735,HpDrvTestDrv.sys,19128
114226,1790375304735,SYS32_Hardware,900
114226,1790375304750,SYS32_Hardware.exe,32671232
114226,1790375304750,SYS32_Hardware.ini,363
114757,1790375305266,HpDrvPre.sys,19128
114757,1790375305266,HpDrvTestDrv.sys,19128
114757,1790375305266,SYS32_Hardware,900
114757,1790375305282,SYS32_Hardware.exe,32671232
114757,1790375305282,SYS32_Hardware.ini,363
115273,1790375305782,HpDrvPre.sys,19128
115273,1790375305782,HpDrvTestDrv.sys,19128
115273,1790375305782,SYS32_Hardware,900
115273,1790375305797,SYS32_Hardware.exe,32671232
115273,1790375305813,SYS32_Hardware.ini,363
115805,1790375306313,HpDrvPre.sys,19128
115805,1790375306313,HpDrvTestDrv.sys,19128
115805,1790375306313,SYS32_Hardware,900
115805,1790375306329,SYS32_Hardware.exe,32671232
115805,1790375306329,SYS32_Hardware.ini,363
116351,1790375306859,HpDrvPre.sys,19128
116351,1790375306859,HpDrvTestDrv.sys,19128
116351,1790375306859,SYS32_Hardware,900
116351,1790375306875,SYS32_Hardware.exe,32671232
116351,1790375306875,SYS32_Hardware.ini,363
116882,1790375307391,HpDrvPre.sys,19128
116882,1790375307391,HpDrvTestDrv.sys,19128
116882,1790375307391,SYS32_Hardware,900
116882,1790375307406,SYS32_Hardware.exe,32671232
116882,1790375307406,SYS32_Hardware.ini,363
117414,1790375307922,HpDrvPre.sys,19128
117414,1790375307922,HpDrvTestDrv.sys,19128
117414,1790375307922,SYS32_Hardware,900
117414,1790375307938,SYS32_Hardware.exe,32671232
117414,1790375307938,SYS32_Hardware.ini,363
117959,1790375308467,HpDrvPre.sys,19128
117959,1790375308467,HpDrvTestDrv.sys,19128
117959,1790375308484,SYS32_Hardware,900
117959,1790375308497,SYS32_Hardware.exe,32671232
117959,1790375308497,SYS32_Hardware.ini,363
118504,1790375309012,HpDrvPre.sys,19128
118504,1790375309012,HpDrvTestDrv.sys,19128
118504,1790375309028,SYS32_Hardware,900
118504,1790375309028,SYS32_Hardware.exe,32671232
118504,1790375309028,SYS32_Hardware.ini,363
119048,1790375309556,HpDrvPre.sys,19128
119048,1790375309556,HpDrvTestDrv.sys,19128
119048,1790375309572,SYS32_Hardware,900
119048,1790375309572,SYS32_Hardware.exe,32671232
119048,1790375309572,SYS32_Hardware.ini,363
119587,1790375310096,HpDrvPre.sys,19128
119587,1790375310096,HpDrvTestDrv.sys,19128
119587,1790375310096,SYS32_Hardware,900
119587,1790375310111,SYS32_Hardware.exe,32671232
119587,1790375310111,SYS32_Hardware.ini,363
120119,1790375310627,HpDrvPre.sys,19128
120119,1790375310627,HpDrvTestDrv.sys,19128
120119,1790375310627,SYS32_Hardware,900
120119,1790375310643,SYS32_Hardware.exe,32671232
120119,1790375310643,SYS32_Hardware.ini,363
120650,1790375311158,HpDrvPre.sys,19128
120650,1790375311158,HpDrvTestDrv.sys,19128
120650,1790375311158,SYS32_Hardware,900
120650,1790375311174,SYS32_Hardware.exe,32671232
120650,1790375311174,SYS32_Hardware.ini,363
121181,1790375311690,HpDrvPre.sys,19128
121181,1790375311690,HpDrvTestDrv.sys,19128
121181,1790375311690,SYS32_Hardware,900
121181,1790375311705,SYS32_Hardware.exe,32671232
121181,1790375311705,SYS32_Hardware.ini,363
121713,1790375312221,HpDrvPre.sys,19128
121713,1790375312221,HpDrvTestDrv.sys,19128
121713,1790375312237,SYS32_Hardware,900
121713,1790375312237,SYS32_Hardware.exe,32671232
121713,1790375312252,SYS32_Hardware.ini,363
122257,1790375312765,HpDrvPre.sys,19128
122257,1790375312765,HpDrvTestDrv.sys,19128
122257,1790375312765,SYS32_Hardware,900
122257,1790375312781,SYS32_Hardware.exe,32671232
122257,1790375312781,SYS32_Hardware.ini,363
122788,1790375313297,HpDrvPre.sys,19128
122788,1790375313297,HpDrvTestDrv.sys,19128
122788,1790375313297,SYS32_Hardware,900
122788,1790375313312,SYS32_Hardware.exe,32671232
122788,1790375313312,SYS32_Hardware.ini,363
123320,1790375313828,HpDrvPre.sys,19128
123320,1790375313828,HpDrvTestDrv.sys,19128
123320,1790375313828,SYS32_Hardware,900
123320,1790375313844,SYS32_Hardware.exe,32671232
123320,1790375313844,SYS32_Hardware.ini,363
123866,1790375314375,HpDrvPre.sys,19128
123866,1790375314375,HpDrvTestDrv.sys,19128
123866,1790375314375,SYS32_Hardware,900
123866,1790375314391,SYS32_Hardware.exe,32671232
123866,1790375314391,SYS32_Hardware.ini,363
124403,1790375314911,HpDrvPre.sys,19128
124403,1790375314911,HpDrvTestDrv.sys,19128
124403,1790375314927,SYS32_Hardware,900
124403,1790375314927,SYS32_Hardware.exe,32671232
124403,1790375314927,SYS32_Hardware.ini,363
124939,1790375315447,HpDrvPre.sys,19128
124939,1790375315447,HpDrvTestDrv.sys,19128
124939,1790375315447,SYS32_Hardware,900
124939,1790375315462,SYS32_Hardware.exe,32671232
124939,1790375315462,SYS32_Hardware.ini,363
125470,1790375315978,HpDrvPre.sys,19128
125470,1790375315978,HpDrvTestDrv.sys,19128
125470,1790375315978,SYS32_Hardware,900
125470,1790375315994,SYS32_Hardware.exe,32671232
125470,1790375315994,SYS32_Hardware.ini,363
126009,1790375316517,HpDrvPre.sys,19128
126009,1790375316517,HpDrvTestDrv.sys,19128
126009,1790375316533,SYS32_Hardware,900
126009,1790375316533,SYS32_Hardware.exe,32671232
126009,1790375316549,SYS32_Hardware.ini,363
126556,1790375317064,HpDrvPre.sys,19128
126556,1790375317064,HpDrvTestDrv.sys,19128
126556,1790375317064,SYS32_Hardware,900
126556,1790375317080,SYS32_Hardware.exe,32671232
126556,1790375317080,SYS32_Hardware.ini,363
127087,1790375317596,HpDrvPre.sys,19128
127087,1790375317596,HpDrvTestDrv.sys,19128
127087,1790375317596,SYS32_Hardware,900
127087,1790375317611,SYS32_Hardware.exe,32671232
127087,1790375317611,SYS32_Hardware.ini,363
127619,1790375318127,HpDrvPre.sys,19128
127619,1790375318127,HpDrvTestDrv.sys,19128
127619,1790375318127,SYS32_Hardware,900
127619,1790375318143,SYS32_Hardware.exe,32671232
127619,1790375318143,SYS32_Hardware.ini,363
128150,1790375318659,HpDrvPre.sys,19128
128150,1790375318659,HpDrvTestDrv.sys,19128
128150,1790375318659,SYS32_Hardware,900
128150,1790375318674,SYS32_Hardware.exe,32671232
128150,1790375318674,SYS32_Hardware.ini,363
128682,1790375319190,HpDrvPre.sys,19128
128682,1790375319190,HpDrvTestDrv.sys,19128
128682,1790375319190,SYS32_Hardware,900
128682,1790375319206,SYS32_Hardware.exe,32671232
128682,1790375319206,SYS32_Hardware.ini,363
129198,1790375319707,HpDrvPre.sys,19128
129198,1790375319707,HpDrvTestDrv.sys,19128
129198,1790375319707,SYS32_Hardware,900
129198,1790375319722,SYS32_Hardware.exe,32671232
129198,1790375319722,SYS32_Hardware.ini,363
129744,1790375320252,HpDrvPre.sys,19128
129744,1790375320252,HpDrvTestDrv.sys,19128
129744,1790375320267,SYS32_Hardware,900
129744,1790375320267,SYS32_Hardware.exe,32671232
129744,1790375320283,SYS32_Hardware.ini,363
130274,1790375320783,HpDrvPre.sys,19128
130274,1790375320783,HpDrvTestDrv.sys,19128
130274,1790375320783,SYS32_Hardware,900
130274,1790375320799,SYS32_Hardware.exe,32671232
130274,1790375320799,SYS32_Hardware.ini,363
130810,1790375321318,HpDrvPre.sys,19128
130810,1790375321318,HpDrvTestDrv.sys,19128
130810,1790375321318,SYS32_Hardware,900
130810,1790375321334,SYS32_Hardware.exe,32671232
130810,1790375321334,SYS32_Hardware.ini,363
131341,1790375321849,HpDrvPre.sys,19128
131341,1790375321849,HpDrvTestDrv.sys,19128
131341,1790375321849,SYS32_Hardware,900
131341,1790375321865,SYS32_Hardware.exe,32671232
131341,1790375321865,SYS32_Hardware.ini,363
131887,1790375322396,HpDrvPre.sys,19128
131887,1790375322396,HpDrvTestDrv.sys,19128
131887,1790375322396,SYS32_Hardware,900
131887,1790375322412,SYS32_Hardware.exe,32671232
131887,1790375322412,SYS32_Hardware.ini,363
132419,1790375322928,HpDrvPre.sys,19128
132419,1790375322928,HpDrvTestDrv.sys,19128
132419,1790375322928,SYS32_Hardware,900
132419,1790375322943,SYS32_Hardware.exe,32671232
132419,1790375322943,SYS32_Hardware.ini,363
132951,1790375323459,HpDrvPre.sys,19128
132951,1790375323459,HpDrvTestDrv.sys,19128
132951,1790375323459,SYS32_Hardware,900
132951,1790375323475,SYS32_Hardware.exe,32671232
132951,1790375323475,SYS32_Hardware.ini,363
133497,1790375324005,HpDrvPre.sys,19128
133497,1790375324005,HpDrvTestDrv.sys,19128
133497,1790375324021,SYS32_Hardware,900
133497,1790375324021,SYS32_Hardware.exe,32671232
133497,1790375324021,SYS32_Hardware.ini,363
134028,1790375324537,HpDrvPre.sys,19128
134028,1790375324537,HpDrvTestDrv.sys,19128
134028,1790375324552,SYS32_Hardware,900
134028,1790375324552,SYS32_Hardware.exe,32671232
134028,1790375324552,SYS32_Hardware.ini,363
134560,1790375325068,HpDrvPre.sys,19128
134560,1790375325068,HpDrvTestDrv.sys,19128
134560,1790375325068,SYS32_Hardware,900
134560,1790375325084,SYS32_Hardware.exe,32671232
134560,1790375325084,SYS32_Hardware.ini,363
135091,1790375325600,HpDrvPre.sys,19128
135091,1790375325600,HpDrvTestDrv.sys,19128
135091,1790375325600,SYS32_Hardware,900
135091,1790375325615,SYS32_Hardware.exe,32671232
135091,1790375325615,SYS32_Hardware.ini,363
135622,1790375326131,HpDrvPre.sys,19128
135622,1790375326131,HpDrvTestDrv.sys,19128
135622,1790375326147,SYS32_Hardware,900
135622,1790375326147,SYS32_Hardware.exe,32671232
135622,1790375326162,SYS32_Hardware.ini,363
136154,1790375326663,HpDrvPre.sys,19128
136154,1790375326663,HpDrvTestDrv.sys,19128
136154,1790375326663,SYS32_Hardware,900
136154,1790375326678,SYS32_Hardware.exe,32671232
136154,1790375326678,SYS32_Hardware.ini,363
136686,1790375327194,HpDrvPre.sys,19128
136686,1790375327194,HpDrvTestDrv.sys,19128
136686,1790375327194,SYS32_Hardware,900
136686,1790375327210,SYS32_Hardware.exe,32671232
136686,1790375327210,SYS32_Hardware.ini,363
137217,1790375327726,HpDrvPre.sys,19128
137217,1790375327726,HpDrvTestDrv.sys,19128
137217,1790375327726,SYS32_Hardware,900
137217,1790375327741,SYS32_Hardware.exe,32671232
137217,1790375327741,SYS32_Hardware.ini,363
137748,1790375328257,HpDrvPre.sys,19128
137748,1790375328257,HpDrvTestDrv.sys,19128
137748,1790375328257,SYS32_Hardware,900
137748,1790375328273,SYS32_Hardware.exe,32671232
137748,1790375328273,SYS32_Hardware.ini,363
138280,1790375328788,HpDrvPre.sys,19128
138280,1790375328788,HpDrvTestDrv.sys,19128
138280,1790375328788,SYS32_Hardware,900
138280,1790375328804,SYS32_Hardware.exe,32671232
138280,1790375328804,SYS32_Hardware.ini,363
138811,1790375329320,HpDrvPre.sys,19128
138811,1790375329320,HpDrvTestDrv.sys,19128
138811,1790375329320,SYS32_Hardware,900
138811,1790375329336,SYS32_Hardware.exe,32671232
138811,1790375329336,SYS32_Hardware.ini,363
139343,1790375329851,HpDrvPre.sys,19128
139343,1790375329851,HpDrvTestDrv.sys,19128
139343,1790375329851,SYS32_Hardware,900
139343,1790375329867,SYS32_Hardware.exe,32671232
139343,1790375329867,SYS32_Hardware.ini,363
139874,1790375330383,HpDrvPre.sys,19128
139874,1790375330383,HpDrvTestDrv.sys,19128
139874,1790375330383,SYS32_Hardware,900
139874,1790375330398,SYS32_Hardware.exe,32671232
139874,1790375330398,SYS32_Hardware.ini,363
140406,1790375330914,HpDrvPre.sys,19128
140406,1790375330914,HpDrvTestDrv.sys,19128
140406,1790375330930,SYS32_Hardware,900
140406,1790375330930,SYS32_Hardware.exe,32671232
140406,1790375330930,SYS32_Hardware.ini,363
140937,1790375331446,HpDrvPre.sys,19128
140937,1790375331446,HpDrvTestDrv.sys,19128
140937,1790375331446,SYS32_Hardware,900
140937,1790375331461,SYS32_Hardware.exe,32671232
140937,1790375331461,SYS32_Hardware.ini,363
141470,1790375331979,HpDrvPre.sys,19128
141470,1790375331979,HpDrvTestDrv.sys,19128
141470,1790375331979,SYS32_Hardware,900
141470,1790375331994,SYS32_Hardware.exe,32671232
141470,1790375331994,SYS32_Hardware.ini,363
142009,1790375332518,HpDrvPre.sys,19128
142009,1790375332518,HpDrvTestDrv.sys,19128
142009,1790375332518,SYS32_Hardware,900
142009,1790375332534,SYS32_Hardware.exe,32671232
142009,1790375332534,SYS32_Hardware.ini,363
142544,1790375333053,HpDrvPre.sys,19128
142544,1790375333053,HpDrvTestDrv.sys,19128
142544,1790375333053,SYS32_Hardware,900
142544,1790375333083,SYS32_Hardware.exe,32671232
142544,1790375333083,SYS32_Hardware.ini,363
143090,1790375333598,HpDrvPre.sys,19128
143090,1790375333598,HpDrvTestDrv.sys,19128
143090,1790375333598,SYS32_Hardware,900
143090,1790375333614,SYS32_Hardware.exe,32671232
143090,1790375333614,SYS32_Hardware.ini,363
143622,1790375334130,HpDrvPre.sys,19128
143622,1790375334130,HpDrvTestDrv.sys,19128
143622,1790375334130,SYS32_Hardware,900
143622,1790375334146,SYS32_Hardware.exe,32671232
143622,1790375334146,SYS32_Hardware.ini,363
144164,1790375334673,HpDrvPre.sys,19128
144164,1790375334673,HpDrvTestDrv.sys,19128
144164,1790375334673,SYS32_Hardware,900
144164,1790375334689,SYS32_Hardware.exe,32671232
144164,1790375334689,SYS32_Hardware.ini,363
144709,1790375335220,HpDrvPre.sys,19128
144709,1790375335220,HpDrvTestDrv.sys,19128
144709,1790375335220,SYS32_Hardware,900
144709,1790375335236,SYS32_Hardware.exe,32671232
144709,1790375335236,SYS32_Hardware.ini,363
145243,1790375335751,HpDrvPre.sys,19128
145243,1790375335751,HpDrvTestDrv.sys,19128
145243,1790375335751,SYS32_Hardware,900
145243,1790375335767,SYS32_Hardware.exe,32671232
145243,1790375335767,SYS32_Hardware.ini,363
145774,1790375336283,HpDrvPre.sys,19128
145774,1790375336283,HpDrvTestDrv.sys,19128
145774,1790375336298,SYS32_Hardware,900
145774,1790375336298,SYS32_Hardware.exe,32671232
145774,1790375336314,SYS32_Hardware.ini,363
146306,1790375336814,HpDrvPre.sys,19128
146306,1790375336814,HpDrvTestDrv.sys,19128
146306,1790375336830,SYS32_Hardware,900
146306,1790375336830,SYS32_Hardware.exe,32671232
146306,1790375336846,SYS32_Hardware.ini,363
146856,1790375337364,HpDrvPre.sys,19128
146856,1790375337364,HpDrvTestDrv.sys,19128
146856,1790375337364,SYS32_Hardware,900
146856,1790375337380,SYS32_Hardware.exe,32671232
146856,1790375337380,SYS32_Hardware.ini,363
147387,1790375337896,HpDrvPre.sys,19128
147387,1790375337896,HpDrvTestDrv.sys,19128
147387,1790375337911,SYS32_Hardware,900
147387,1790375337911,SYS32_Hardware.exe,32671232
147387,1790375337911,SYS32_Hardware.ini,363
147934,1790375338443,HpDrvPre.sys,19128
147934,1790375338443,HpDrvTestDrv.sys,19128
147934,1790375338443,SYS32_Hardware,900
147934,1790375338458,SYS32_Hardware.exe,32671232
147934,1790375338458,SYS32_Hardware.ini,363
148450,1790375338959,HpDrvPre.sys,19128
148450,1790375338959,HpDrvTestDrv.sys,19128
148450,1790375338975,SYS32_Hardware,900
148450,1790375338975,SYS32_Hardware.exe,32671232
148450,1790375338990,SYS32_Hardware.ini,363
148981,1790375339490,HpDrvPre.sys,19128
148981,1790375339490,HpDrvTestDrv.sys,19128
148981,1790375339490,SYS32_Hardware,900
148981,1790375339506,SYS32_Hardware.exe,32671232
148981,1790375339506,SYS32_Hardware.ini,363
149522,1790375340031,HpDrvPre.sys,19128
149522,1790375340031,HpDrvTestDrv.sys,19128
149522,1790375340031,SYS32_Hardware,900
149522,1790375340047,SYS32_Hardware.exe,32671232
149522,1790375340047,SYS32_Hardware.ini,363
150060,1790375340569,HpDrvPre.sys,19128
150060,1790375340569,HpDrvTestDrv.sys,19128
150060,1790375340569,SYS32_Hardware,900
150060,1790375340584,SYS32_Hardware.exe,32671232
150060,1790375340584,SYS32_Hardware.ini,363
150592,1790375341100,HpDrvPre.sys,19128
150592,1790375341100,HpDrvTestDrv.sys,19128
150592,1790375341118,SYS32_Hardware,900
150592,1790375341133,SYS32_Hardware.exe,32671232
150592,1790375341133,SYS32_Hardware.ini,363
151125,1790375341633,HpDrvPre.sys,19128
151125,1790375341633,HpDrvTestDrv.sys,19128
151125,1790375341649,SYS32_Hardware,900
151125,1790375341649,SYS32_Hardware.exe,32671232
151125,1790375341649,SYS32_Hardware.ini,363
151656,1790375342165,HpDrvPre.sys,19128
151656,1790375342165,HpDrvTestDrv.sys,19128
151656,1790375342165,SYS32_Hardware,900
151656,1790375342181,SYS32_Hardware.exe,32671232
151656,1790375342181,SYS32_Hardware.ini,363
152188,1790375342696,HpDrvPre.sys,19128
152188,1790375342696,HpDrvTestDrv.sys,19128
152188,1790375342712,SYS32_Hardware,900
152188,1790375342712,SYS32_Hardware.exe,32671232
152188,1790375342712,SYS32_Hardware.ini,363
152724,1790375343232,HpDrvPre.sys,19128
152724,1790375343232,HpDrvTestDrv.sys,19128
152724,1790375343232,SYS32_Hardware,900
152724,1790375343248,SYS32_Hardware.exe,32671232
152724,1790375343248,SYS32_Hardware.ini,363
153257,1790375343766,HpDrvPre.sys,19128
153257,1790375343766,HpDrvTestDrv.sys,19128
153257,1790375343766,SYS32_Hardware,900
153257,1790375343782,SYS32_Hardware.exe,32671232
153257,1790375343782,SYS32_Hardware.ini,363
153789,1790375344298,HpDrvPre.sys,19128
153789,1790375344298,HpDrvTestDrv.sys,19128
153789,1790375344298,SYS32_Hardware,900
153789,1790375344313,SYS32_Hardware.exe,32671232
153789,1790375344313,SYS32_Hardware.ini,363
154321,1790375344829,HpDrvPre.sys,19128
154321,1790375344829,HpDrvTestDrv.sys,19128
154321,1790375344829,SYS32_Hardware,900
154321,1790375344845,SYS32_Hardware.exe,32671232
154321,1790375344845,SYS32_Hardware.ini,363
154857,1790375345365,HpDrvPre.sys,19128
154857,1790375345365,HpDrvTestDrv.sys,19128
154857,1790375345365,SYS32_Hardware,900
154857,1790375345381,SYS32_Hardware.exe,32671232
154857,1790375345381,SYS32_Hardware.ini,363
155388,1790375345897,HpDrvPre.sys,19128
155388,1790375345897,HpDrvTestDrv.sys,19128
155388,1790375345897,SYS32_Hardware,900
155388,1790375345912,SYS32_Hardware.exe,32671232
155388,1790375345912,SYS32_Hardware.ini,363
155920,1790375346428,HpDrvPre.sys,19128
155920,1790375346428,HpDrvTestDrv.sys,19128
155920,1790375346444,SYS32_Hardware,900
155920,1790375346444,SYS32_Hardware.exe,32671232
155920,1790375346459,SYS32_Hardware.ini,363
156451,1790375346960,HpDrvPre.sys,19128
156451,1790375346960,HpDrvTestDrv.sys,19128
156451,1790375346960,SYS32_Hardware,900
156451,1790375346975,SYS32_Hardware.exe,32671232
156451,1790375346975,SYS32_Hardware.ini,363
156984,1790375347493,HpDrvPre.sys,19128
156984,1790375347493,HpDrvTestDrv.sys,19128
156984,1790375347493,SYS32_Hardware,900
156984,1790375347508,SYS32_Hardware.exe,32671232
156984,1790375347508,SYS32_Hardware.ini,363
157515,1790375348024,HpDrvPre.sys,19128
157515,1790375348024,HpDrvTestDrv.sys,19128
157515,1790375348024,SYS32_Hardware,900
157515,1790375348040,SYS32_Hardware.exe,32671232
157515,1790375348040,SYS32_Hardware.ini,363
158047,1790375348556,HpDrvPre.sys,19128
158047,1790375348556,HpDrvTestDrv.sys,19128
158047,1790375348556,SYS32_Hardware,900
158047,1790375348572,SYS32_Hardware.exe,32671232
158047,1790375348572,SYS32_Hardware.ini,363
158579,1790375349088,HpDrvPre.sys,19128
158579,1790375349088,HpDrvTestDrv.sys,19128
158579,1790375349088,SYS32_Hardware,900
158579,1790375349103,SYS32_Hardware.exe,32671232
158579,1790375349103,SYS32_Hardware.ini,363
159110,1790375349619,HpDrvPre.sys,19128
159110,1790375349619,HpDrvTestDrv.sys,19128
159110,1790375349619,SYS32_Hardware,900
159110,1790375349635,SYS32_Hardware.exe,32671232
159110,1790375349635,SYS32_Hardware.ini,363
159642,1790375350150,HpDrvPre.sys,19128
159642,1790375350150,HpDrvTestDrv.sys,19128
159642,1790375350150,SYS32_Hardware,900
159642,1790375350166,SYS32_Hardware.exe,32671232
159642,1790375350166,SYS32_Hardware.ini,363
160173,1790375350682,HpDrvPre.sys,19128
160173,1790375350682,HpDrvTestDrv.sys,19128
160173,1790375350682,SYS32_Hardware,900
160173,1790375350698,SYS32_Hardware.exe,32671232
160173,1790375350698,SYS32_Hardware.ini,363
160705,1790375351213,HpDrvPre.sys,19128
160705,1790375351213,HpDrvTestDrv.sys,19128
160705,1790375351213,SYS32_Hardware,900
160705,1790375351229,SYS32_Hardware.exe,32671232
160705,1790375351229,SYS32_Hardware.ini,363
161236,1790375351745,HpDrvPre.sys,19128
161236,1790375351745,HpDrvTestDrv.sys,19128
161236,1790375351745,SYS32_Hardware,900
161236,1790375351761,SYS32_Hardware.exe,32671232
161236,1790375351761,SYS32_Hardware.ini,363
161768,1790375352276,HpDrvPre.sys,19128
161768,1790375352276,HpDrvTestDrv.sys,19128
161768,1790375352276,SYS32_Hardware,900
161768,1790375352292,SYS32_Hardware.exe,32671232
161768,1790375352292,SYS32_Hardware.ini,363
162299,1790375352808,HpDrvPre.sys,19128
162299,1790375352808,HpDrvTestDrv.sys,19128
162299,1790375352808,SYS32_Hardware,900
162299,1790375352823,SYS32_Hardware.exe,32671232
162299,1790375352823,SYS32_Hardware.ini,363
162831,1790375353339,HpDrvPre.sys,19128
162831,1790375353339,HpDrvTestDrv.sys,19128
162831,1790375353339,SYS32_Hardware,900
162831,1790375353355,SYS32_Hardware.exe,32671232
162831,1790375353355,SYS32_Hardware.ini,363
163362,1790375353871,HpDrvPre.sys,19128
163362,1790375353871,HpDrvTestDrv.sys,19128
163362,1790375353871,SYS32_Hardware,900
163362,1790375353886,SYS32_Hardware.exe,32671232
163362,1790375353886,SYS32_Hardware.ini,363
163905,1790375354413,HpDrvPre.sys,19128
163905,1790375354413,HpDrvTestDrv.sys,19128
163905,1790375354413,SYS32_Hardware,900
163905,1790375354429,SYS32_Hardware.exe,32671232
163905,1790375354429,SYS32_Hardware.ini,363
164446,1790375354954,HpDrvPre.sys,19128
164446,1790375354954,HpDrvTestDrv.sys,19128
164446,1790375354954,SYS32_Hardware,900
164446,1790375354970,SYS32_Hardware.exe,32671232
164446,1790375354970,SYS32_Hardware.ini,363
164983,1790375355492,HpDrvPre.sys,19128
164983,1790375355492,HpDrvTestDrv.sys,19128
164983,1790375355492,SYS32_Hardware,900
164983,1790375355507,SYS32_Hardware.exe,32671232
164983,1790375355507,SYS32_Hardware.ini,363
165514,1790375356023,HpDrvPre.sys,19128
165514,1790375356023,HpDrvTestDrv.sys,19128
165514,1790375356039,SYS32_Hardware,900
165514,1790375356039,SYS32_Hardware.exe,32671232
165514,1790375356054,SYS32_Hardware.ini,363
166055,1790375356564,HpDrvPre.sys,19128
166055,1790375356564,HpDrvTestDrv.sys,19128
166055,1790375356564,SYS32_Hardware,900
166055,1790375356579,SYS32_Hardware.exe,32671232
166055,1790375356579,SYS32_Hardware.ini,363
166586,1790375357095,HpDrvPre.sys,19128
166586,1790375357095,HpDrvTestDrv.sys,19128
166586,1790375357095,SYS32_Hardware,900
166586,1790375357111,SYS32_Hardware.exe,32671232
166586,1790375357111,SYS32_Hardware.ini,363
167118,1790375357626,HpDrvPre.sys,19128
167118,1790375357626,HpDrvTestDrv.sys,19128
167118,1790375357626,SYS32_Hardware,900
167118,1790375357642,SYS32_Hardware.exe,32671232
167118,1790375357642,SYS32_Hardware.ini,363
167649,1790375358158,HpDrvPre.sys,19128
167649,1790375358158,HpDrvTestDrv.sys,19128
167649,1790375358158,SYS32_Hardware,900
167649,1790375358173,SYS32_Hardware.exe,32671232
167649,1790375358173,SYS32_Hardware.ini,363
168180,1790375358689,HpDrvPre.sys,19128
168180,1790375358689,HpDrvTestDrv.sys,19128
168180,1790375358689,SYS32_Hardware,900
168180,1790375358705,SYS32_Hardware.exe,32671232
168180,1790375358705,SYS32_Hardware.ini,363
168713,1790375359221,HpDrvPre.sys,19128
168713,1790375359221,HpDrvTestDrv.sys,19128
168713,1790375359221,SYS32_Hardware,900
168713,1790375359236,SYS32_Hardware.exe,32671232
168713,1790375359236,SYS32_Hardware.ini,363
169243,1790375359752,HpDrvPre.sys,19128
169243,1790375359752,HpDrvTestDrv.sys,19128
169243,1790375359752,SYS32_Hardware,900
169243,1790375359768,SYS32_Hardware.exe,32671232
169243,1790375359768,SYS32_Hardware.ini,363
169775,1790375360284,HpDrvPre.sys,19128
169775,1790375360284,HpDrvTestDrv.sys,19128
169775,1790375360284,SYS32_Hardware,900
169775,1790375360299,SYS32_Hardware.exe,32671232
169775,1790375360299,SYS32_Hardware.ini,363
170306,1790375360815,HpDrvPre.sys,19128
170306,1790375360815,HpDrvTestDrv.sys,19128
170306,1790375360815,SYS32_Hardware,900
170306,1790375360831,SYS32_Hardware.exe,32671232
170306,1790375360831,SYS32_Hardware.ini,363
170838,1790375361346,HpDrvPre.sys,19128
170838,1790375361346,HpDrvTestDrv.sys,19128
170838,1790375361346,SYS32_Hardware,900
170838,1790375361362,SYS32_Hardware.exe,32671232
170838,1790375361362,SYS32_Hardware.ini,363
171369,1790375361878,HpDrvPre.sys,19128
171369,1790375361878,HpDrvTestDrv.sys,19128
171369,1790375361893,SYS32_Hardware,900
171369,1790375361893,SYS32_Hardware.exe,32671232
171369,1790375361909,SYS32_Hardware.ini,363
171901,1790375362409,HpDrvPre.sys,19128
171901,1790375362409,HpDrvTestDrv.sys,19128
171901,1790375362409,SYS32_Hardware,900
171901,1790375362425,SYS32_Hardware.exe,32671232
171901,1790375362425,SYS32_Hardware.ini,363
172443,1790375362951,HpDrvPre.sys,19128
172443,1790375362951,HpDrvTestDrv.sys,19128
172443,1790375362951,SYS32_Hardware,900
172443,1790375362967,SYS32_Hardware.exe,32671232
172443,1790375362967,SYS32_Hardware.ini,363
172974,1790375363483,HpDrvPre.sys,19128
172974,1790375363483,HpDrvTestDrv.sys,19128
172974,1790375363498,SYS32_Hardware,900
172974,1790375363498,SYS32_Hardware.exe,32671232
172974,1790375363498,SYS32_Hardware.ini,363
173505,1790375364014,HpDrvPre.sys,19128
173505,1790375364014,HpDrvTestDrv.sys,19128
173505,1790375364014,SYS32_Hardware,900
173505,1790375364030,SYS32_Hardware.exe,32671232
173505,1790375364030,SYS32_Hardware.ini,363
174040,1790375364549,HpDrvPre.sys,19128
174040,1790375364549,HpDrvTestDrv.sys,19128
174040,1790375364549,SYS32_Hardware,900
174040,1790375364564,SYS32_Hardware.exe,32671232
174040,1790375364564,SYS32_Hardware.ini,363
174571,1790375365080,HpDrvPre.sys,19128
174571,1790375365080,HpDrvTestDrv.sys,19128
174571,1790375365080,SYS32_Hardware,900
174571,1790375365096,SYS32_Hardware.exe,32671232
174571,1790375365096,SYS32_Hardware.ini,363
175118,1790375365627,HpDrvPre.sys,19128
175118,1790375365627,HpDrvTestDrv.sys,19128
175118,1790375365627,SYS32_Hardware,900
175118,1790375365643,SYS32_Hardware.exe,32671232
175118,1790375365643,SYS32_Hardware.ini,363
175649,1790375366158,HpDrvPre.sys,19128
175649,1790375366158,HpDrvTestDrv.sys,19128
175649,1790375366158,SYS32_Hardware,900
175649,1790375366174,SYS32_Hardware.exe,32671232
175649,1790375366174,SYS32_Hardware.ini,363
176181,1790375366690,HpDrvPre.sys,19128
176181,1790375366690,HpDrvTestDrv.sys,19128
176181,1790375366690,SYS32_Hardware,900
176181,1790375366705,SYS32_Hardware.exe,32671232
176181,1790375366705,SYS32_Hardware.ini,363
176713,1790375367222,HpDrvPre.sys,19128
176713,1790375367222,HpDrvTestDrv.sys,19128
176713,1790375367222,SYS32_Hardware,900
176713,1790375367237,SYS32_Hardware.exe,32671232
176713,1790375367237,SYS32_Hardware.ini,363
177244,1790375367753,HpDrvPre.sys,19128
177244,1790375367753,HpDrvTestDrv.sys,19128
177244,1790375367753,SYS32_Hardware,900
177244,1790375367769,SYS32_Hardware.exe,32671232
177244,1790375367769,SYS32_Hardware.ini,363
177760,1790375368269,HpDrvPre.sys,19128
177760,1790375368269,HpDrvTestDrv.sys,19128
177760,1790375368285,SYS32_Hardware,900
177760,1790375368285,SYS32_Hardware.exe,32671232
177760,1790375368300,SYS32_Hardware.ini,363
178291,1790375368800,HpDrvPre.sys,19128
178291,1790375368800,HpDrvTestDrv.sys,19128
178291,1790375368800,SYS32_Hardware,900
178291,1790375368816,SYS32_Hardware.exe,32671232
178291,1790375368816,SYS32_Hardware.ini,363
178823,1790375369332,HpDrvPre.sys,19128
178823,1790375369332,HpDrvTestDrv.sys,19128
178823,1790375369332,SYS32_Hardware,900
178823,1790375369348,SYS32_Hardware.exe,32671232
178823,1790375369348,SYS32_Hardware.ini,363
179355,1790375369864,HpDrvPre.sys,19128
179355,1790375369864,HpDrvTestDrv.sys,19128
179355,1790375369864,SYS32_Hardware,900
179355,1790375369879,SYS32_Hardware.exe,32671232
179355,1790375369879,SYS32_Hardware.ini,363
179887,1790375370395,HpDrvPre.sys,19128
179887,1790375370395,HpDrvTestDrv.sys,19128
179887,1790375370395,SYS32_Hardware,900
179887,1790375370411,SYS32_Hardware.exe,32671232
179887,1790375370411,SYS32_Hardware.ini,363
180418,1790375370926,HpDrvPre.sys,19128
180418,1790375370926,HpDrvTestDrv.sys,19128
180418,1790375370926,SYS32_Hardware,900
180418,1790375370942,SYS32_Hardware.exe,32671232
180418,1790375370942,SYS32_Hardware.ini,363
180950,1790375371458,HpDrvPre.sys,19128
180950,1790375371468,HpDrvTestDrv.sys,19128
180950,1790375371468,SYS32_Hardware,900
180950,1790375371484,SYS32_Hardware.exe,32671232
180950,1790375371484,SYS32_Hardware.ini,363
181491,1790375371999,HpDrvPre.sys,19128
181491,1790375371999,HpDrvTestDrv.sys,19128
181491,1790375371999,SYS32_Hardware,900
181491,1790375372015,SYS32_Hardware.exe,32671232
181491,1790375372015,SYS32_Hardware.ini,363
182025,1790375372534,HpDrvPre.sys,19128
182025,1790375372534,HpDrvTestDrv.sys,19128
182025,1790375372534,SYS32_Hardware,900
182025,1790375372549,SYS32_Hardware.exe,32671232
182025,1790375372549,SYS32_Hardware.ini,363
182556,1790375373065,HpDrvPre.sys,19128
182556,1790375373065,HpDrvTestDrv.sys,19128
182556,1790375373065,SYS32_Hardware,900
182556,1790375373081,SYS32_Hardware.exe,32671232
182556,1790375373081,SYS32_Hardware.ini,363
183090,1790375373598,HpDrvPre.sys,19128
183090,1790375373598,HpDrvTestDrv.sys,19128
183090,1790375373598,SYS32_Hardware,900
183090,1790375373614,SYS32_Hardware.exe,32671232
183090,1790375373614,SYS32_Hardware.ini,363
183621,1790375374130,HpDrvPre.sys,19128
183621,1790375374130,HpDrvTestDrv.sys,19128
183621,1790375374130,SYS32_Hardware,900
183621,1790375374146,SYS32_Hardware.exe,32671232
183621,1790375374146,SYS32_Hardware.ini,363
184153,1790375374661,HpDrvPre.sys,19128
184153,1790375374661,HpDrvTestDrv.sys,19128
184153,1790375374677,SYS32_Hardware,900
184153,1790375374677,SYS32_Hardware.exe,32671232
184153,1790375374693,SYS32_Hardware.ini,363
184700,1790375375209,HpDrvPre.sys,19128
184700,1790375375209,HpDrvTestDrv.sys,19128
184700,1790375375209,SYS32_Hardware,900
184700,1790375375225,SYS32_Hardware.exe,32671232
184700,1790375375225,SYS32_Hardware.ini,363
185232,1790375375740,HpDrvPre.sys,19128
185232,1790375375740,HpDrvTestDrv.sys,19128
185232,1790375375740,SYS32_Hardware,900
185232,1790375375756,SYS32_Hardware.exe,32671232
185232,1790375375756,SYS32_Hardware.ini,363
185763,1790375376272,HpDrvPre.sys,19128
185763,1790375376272,HpDrvTestDrv.sys,19128
185763,1790375376272,SYS32_Hardware,900
185763,1790375376287,SYS32_Hardware.exe,32671232
185763,1790375376287,SYS32_Hardware.ini,363
186295,1790375376803,HpDrvPre.sys,19128
186295,1790375376803,HpDrvTestDrv.sys,19128
186295,1790375376819,SYS32_Hardware,900
186295,1790375376819,SYS32_Hardware.exe,32671232
186295,1790375376834,SYS32_Hardware.ini,363
186842,1790375377350,HpDrvPre.sys,19128
186842,1790375377350,HpDrvTestDrv.sys,19128
186842,1790375377350,SYS32_Hardware,900
186842,1790375377366,SYS32_Hardware.exe,32671232
186842,1790375377366,SYS32_Hardware.ini,363
187373,1790375377882,HpDrvPre.sys,19128
187373,1790375377882,HpDrvTestDrv.sys,19128
187373,1790375377882,SYS32_Hardware,900
187373,1790375377897,SYS32_Hardware.exe,32671232
187373,1790375377897,SYS32_Hardware.ini,363
187889,1790375378397,HpDrvPre.sys,19128
187889,1790375378397,HpDrvTestDrv.sys,19128
187889,1790375378397,SYS32_Hardware,900
187889,1790375378413,SYS32_Hardware.exe,32671232
187889,1790375378413,SYS32_Hardware.ini,363
188427,1790375378936,HpDrvPre.sys,19128
188427,1790375378936,HpDrvTestDrv.sys,19128
188427,1790375378936,SYS32_Hardware,900
188427,1790375378951,SYS32_Hardware.exe,32671232
188427,1790375378951,SYS32_Hardware.ini,363
188965,1790375379474,HpDrvPre.sys,19128
188965,1790375379474,HpDrvTestDrv.sys,19128
188965,1790375379474,SYS32_Hardware,900
188965,1790375379489,SYS32_Hardware.exe,32671232
188965,1790375379489,SYS32_Hardware.ini,363
189499,1790375380008,HpDrvPre.sys,19128
189499,1790375380008,HpDrvTestDrv.sys,19128
189499,1790375380008,SYS32_Hardware,900
189499,1790375380024,SYS32_Hardware.exe,32671232
189499,1790375380024,SYS32_Hardware.ini,363
190031,1790375380539,HpDrvPre.sys,19128
190031,1790375380539,HpDrvTestDrv.sys,19128
190031,1790375380555,SYS32_Hardware,900
190031,1790375380555,SYS32_Hardware.exe,32671232
190031,1790375380571,SYS32_Hardware.ini,363
190578,1790375381086,HpDrvPre.sys,19128
190578,1790375381086,HpDrvTestDrv.sys,19128
190578,1790375381086,SYS32_Hardware,900
190578,1790375381102,SYS32_Hardware.exe,32671232
190578,1790375381102,SYS32_Hardware.ini,363
191109,1790375381618,HpDrvPre.sys,19128
191109,1790375381618,HpDrvTestDrv.sys,19128
191109,1790375381618,SYS32_Hardware,900
191109,1790375381634,SYS32_Hardware.exe,32671232
191109,1790375381634,SYS32_Hardware.ini,363
191641,1790375382149,HpDrvPre.sys,19128
191641,1790375382149,HpDrvTestDrv.sys,19128
191641,1790375382149,SYS32_Hardware,900
191641,1790375382165,SYS32_Hardware.exe,32671232
191641,1790375382165,SYS32_Hardware.ini,363
192172,1790375382681,HpDrvPre.sys,19128
192172,1790375382681,HpDrvTestDrv.sys,19128
192172,1790375382696,SYS32_Hardware,900
192172,1790375382696,SYS32_Hardware.exe,32671232
192172,1790375382712,SYS32_Hardware.ini,363
192719,1790375383228,HpDrvPre.sys,19128
192719,1790375383228,HpDrvTestDrv.sys,19128
192719,1790375383228,SYS32_Hardware,900
192719,1790375383243,SYS32_Hardware.exe,32671232
192719,1790375383243,SYS32_Hardware.ini,363
193251,1790375383759,HpDrvPre.sys,19128
193251,1790375383759,HpDrvTestDrv.sys,19128
193251,1790375383759,SYS32_Hardware,900
193251,1790375383775,SYS32_Hardware.exe,32671232
193251,1790375383775,SYS32_Hardware.ini,363
193782,1790375384291,HpDrvPre.sys,19128
193782,1790375384291,HpDrvTestDrv.sys,19128
193782,1790375384306,SYS32_Hardware,900
193782,1790375384306,SYS32_Hardware.exe,32671232
193782,1790375384322,SYS32_Hardware.ini,363
194313,1790375384822,HpDrvPre.sys,19128
194313,1790375384822,HpDrvTestDrv.sys,19128
194313,1790375384822,SYS32_Hardware,900
194313,1790375384838,SYS32_Hardware.exe,32671232
194313,1790375384838,SYS32_Hardware.ini,363
194845,1790375385353,HpDrvPre.sys,19128
194845,1790375385353,HpDrvTestDrv.sys,19128
194845,1790375385353,SYS32_Hardware,900
194845,1790375385369,SYS32_Hardware.exe,32671232
194845,1790375385369,SYS32_Hardware.ini,363
195376,1790375385885,HpDrvPre.sys,19128
195376,1790375385885,HpDrvTestDrv.sys,19128
195376,1790375385901,SYS32_Hardware,900
195376,1790375385901,SYS32_Hardware.exe,32671232
195376,1790375385916,SYS32_Hardware.ini,363
195908,1790375386416,HpDrvPre.sys,19128
195908,1790375386416,HpDrvTestDrv.sys,19128
195908,1790375386432,SYS32_Hardware,900
195908,1790375386432,SYS32_Hardware.exe,32671232
195908,1790375386448,SYS32_Hardware.ini,363
196439,1790375386948,HpDrvPre.sys,19128
196439,1790375386948,HpDrvTestDrv.sys,19128
196439,1790375386948,SYS32_Hardware,900
196439,1790375386964,SYS32_Hardware.exe,32671232
196439,1790375386964,SYS32_Hardware.ini,363
196971,1790375387480,HpDrvPre.sys,19128
196971,1790375387480,HpDrvTestDrv.sys,19128
196971,1790375387480,SYS32_Hardware,900
196971,1790375387495,SYS32_Hardware.exe,32671232
196971,1790375387495,SYS32_Hardware.ini,363
197502,1790375388011,HpDrvPre.sys,19128
197502,1790375388011,HpDrvTestDrv.sys,19128
197502,1790375388011,SYS32_Hardware,900
197502,1790375388027,SYS32_Hardware.exe,32671232
197502,1790375388027,SYS32_Hardware.ini,363
198018,1790375388527,HpDrvPre.sys,19128
198018,1790375388527,HpDrvTestDrv.sys,19128
198018,1790375388527,SYS32_Hardware,900
198018,1790375388543,SYS32_Hardware.exe,32671232
198018,1790375388543,SYS32_Hardware.ini,363
198550,1790375389058,HpDrvPre.sys,19128
198550,1790375389058,HpDrvTestDrv.sys,19128
198550,1790375389058,SYS32_Hardware,900
198550,1790375389074,SYS32_Hardware.exe,32671232
198550,1790375389074,SYS32_Hardware.ini,363
199081,1790375389590,HpDrvPre.sys,19128
199081,1790375389590,HpDrvTestDrv.sys,19128
199081,1790375389590,SYS32_Hardware,900
199081,1790375389605,SYS32_Hardware.exe,32671232
199081,1790375389605,SYS32_Hardware.ini,363
199613,1790375390121,HpDrvPre.sys,19128
199613,1790375390121,HpDrvTestDrv.sys,19128
199613,1790375390121,SYS32_Hardware,900
199613,1790375390137,SYS32_Hardware.exe,32671232
199613,1790375390137,SYS32_Hardware.ini,363
200145,1790375390654,HpDrvPre.sys,19128
200145,1790375390654,HpDrvTestDrv.sys,19128
200145,1790375390654,SYS32_Hardware,900
200145,1790375390669,SYS32_Hardware.exe,32671232
200145,1790375390669,SYS32_Hardware.ini,363
200676,1790375391185,HpDrvPre.sys,19128
200676,1790375391185,HpDrvTestDrv.sys,19128
200676,1790375391185,SYS32_Hardware,900
200676,1790375391201,SYS32_Hardware.exe,32671232
200676,1790375391201,SYS32_Hardware.ini,363
201223,1790375391732,HpDrvPre.sys,19128
201223,1790375391732,HpDrvTestDrv.sys,19128
201223,1790375391747,SYS32_Hardware,900
201223,1790375391747,SYS32_Hardware.exe,32671232
201223,1790375391747,SYS32_Hardware.ini,363
201755,1790375392263,HpDrvPre.sys,19128
201755,1790375392263,HpDrvTestDrv.sys,19128
201755,1790375392263,SYS32_Hardware,900
201755,1790375392279,SYS32_Hardware.exe,32671232
201755,1790375392279,SYS32_Hardware.ini,363
202286,1790375392795,HpDrvPre.sys,19128
202286,1790375392795,HpDrvTestDrv.sys,19128
202286,1790375392795,SYS32_Hardware,900
202286,1790375392810,SYS32_Hardware.exe,32671232
202286,1790375392810,SYS32_Hardware.ini,363
202833,1790375393342,HpDrvPre.sys,19128
202833,1790375393342,HpDrvTestDrv.sys,19128
202833,1790375393342,SYS32_Hardware,900
202833,1790375393357,SYS32_Hardware.exe,32671232
202833,1790375393357,SYS32_Hardware.ini,363
203365,1790375393873,HpDrvPre.sys,19128
203365,1790375393873,HpDrvTestDrv.sys,19128
203365,1790375393873,SYS32_Hardware,900
203365,1790375393889,SYS32_Hardware.exe,32671232
203365,1790375393889,SYS32_Hardware.ini,363
203896,1790375394405,HpDrvPre.sys,19128
203896,1790375394405,HpDrvTestDrv.sys,19128
203896,1790375394405,SYS32_Hardware,900
203896,1790375394420,SYS32_Hardware.exe,32671232
203896,1790375394420,SYS32_Hardware.ini,363
204428,1790375394936,HpDrvPre.sys,19128
204428,1790375394936,HpDrvTestDrv.sys,19128
204428,1790375394936,SYS32_Hardware,900
204428,1790375394952,SYS32_Hardware.exe,32671232
204428,1790375394952,SYS32_Hardware.ini,363
204959,1790375395468,HpDrvPre.sys,19128
204959,1790375395468,HpDrvTestDrv.sys,19128
204959,1790375395483,SYS32_Hardware,900
204959,1790375395483,SYS32_Hardware.exe,32671232
204959,1790375395483,SYS32_Hardware.ini,363
205501,1790375396009,HpDrvPre.sys,19128
205501,1790375396009,HpDrvTestDrv.sys,19128
205501,1790375396009,SYS32_Hardware,900
205501,1790375396025,SYS32_Hardware.exe,32671232
205501,1790375396025,SYS32_Hardware.ini,363
206032,1790375396541,HpDrvPre.sys,19128
206032,1790375396541,HpDrvTestDrv.sys,19128
206032,1790375396556,SYS32_Hardware,900
206032,1790375396556,SYS32_Hardware.exe,32671232
206032,1790375396572,SYS32_Hardware.ini,363
206563,1790375397072,HpDrvPre.sys,19128
206563,1790375397072,HpDrvTestDrv.sys,19128
206563,1790375397072,SYS32_Hardware,900
206563,1790375397088,SYS32_Hardware.exe,32671232
206563,1790375397103,SYS32_Hardware.ini,363
207103,1790375397620,HpDrvPre.sys,19128
207103,1790375397620,HpDrvTestDrv.sys,19128
207103,1790375397620,SYS32_Hardware,900
207103,1790375397636,SYS32_Hardware.exe,32671232
207103,1790375397652,SYS32_Hardware.ini,363
207781,1790375398277,HpDrvPre.sys,19128
207781,1790375398277,HpDrvTestDrv.sys,19128
207781,1790375398308,SYS32_Hardware,900
207781,1790375398324,SYS32_Hardware.exe,32671232
207781,1790375398324,SYS32_Hardware.ini,363
208315,1790375398824,HpDrvPre.sys,19128
208315,1790375398824,HpDrvTestDrv.sys,19128
208315,1790375398824,SYS32_Hardware,900
208315,1790375398839,SYS32_Hardware.exe,32671232
208315,1790375398855,SYS32_Hardware.ini,363
208846,1790375399355,HpDrvPre.sys,19128
208846,1790375399355,HpDrvTestDrv.sys,19128
208846,1790375399355,SYS32_Hardware,900
208846,1790375399370,SYS32_Hardware.exe,32671232
208846,1790375399370,SYS32_Hardware.ini,363
209378,1790375399886,HpDrvPre.sys,19128
209378,1790375399886,HpDrvTestDrv.sys,19128
209378,1790375399886,SYS32_Hardware,900
209378,1790375399902,SYS32_Hardware.exe,32671232
209378,1790375399902,SYS32_Hardware.ini,363
209909,1790375400418,HpDrvPre.sys,19128
209909,1790375400418,HpDrvTestDrv.sys,19128
209909,1790375400433,SYS32_Hardware,900
209909,1790375400433,SYS32_Hardware.exe,32671232
209909,1790375400449,SYS32_Hardware.ini,363
210440,1790375400949,HpDrvPre.sys,19128
210440,1790375400949,HpDrvTestDrv.sys,19128
210440,1790375400965,SYS32_Hardware,900
210440,1790375400965,SYS32_Hardware.exe,32671232
210440,1790375400980,SYS32_Hardware.ini,363
211034,1790375401543,HpDrvPre.sys,19128
211034,1790375401543,HpDrvTestDrv.sys,19128
211034,1790375401543,SYS32_Hardware,900
211034,1790375401558,SYS32_Hardware.exe,32671232
211034,1790375401558,SYS32_Hardware.ini,363
211566,1790375402074,HpDrvPre.sys,19128
211566,1790375402074,HpDrvTestDrv.sys,19128
211566,1790375402074,SYS32_Hardware,900
211566,1790375402090,SYS32_Hardware.exe,32671232
211566,1790375402090,SYS32_Hardware.ini,363
212097,1790375402605,HpDrvPre.sys,19128
212097,1790375402605,HpDrvTestDrv.sys,19128
212097,1790375402605,SYS32_Hardware,900
212097,1790375402621,SYS32_Hardware.exe,32671232
212097,1790375402621,SYS32_Hardware.ini,363
212628,1790375403137,HpDrvPre.sys,19128
212628,1790375403137,HpDrvTestDrv.sys,19128
212628,1790375403137,SYS32_Hardware,900
212628,1790375403153,SYS32_Hardware.exe,32671232
212628,1790375403153,SYS32_Hardware.ini,363
213177,1790375403684,HpDrvPre.sys,19128
213177,1790375403684,HpDrvTestDrv.sys,19128
213177,1790375403700,SYS32_Hardware,900
213177,1790375403700,SYS32_Hardware.exe,32671232
213177,1790375403715,SYS32_Hardware.ini,363
213722,1790375404231,HpDrvPre.sys,19128
213722,1790375404231,HpDrvTestDrv.sys,19128
213722,1790375404231,SYS32_Hardware,900
213722,1790375404246,SYS32_Hardware.exe,32671232
213722,1790375404246,SYS32_Hardware.ini,363
214267,1790375404776,HpDrvPre.sys,19128
214267,1790375404776,HpDrvTestDrv.sys,19128
214267,1790375404791,SYS32_Hardware,900
214267,1790375404791,SYS32_Hardware.exe,32671232
214267,1790375404807,SYS32_Hardware.ini,363
214827,1790375405335,HpDrvPre.sys,19128
214827,1790375405335,HpDrvTestDrv.sys,19128
214827,1790375405335,SYS32_Hardware,900
214827,1790375405351,SYS32_Hardware.exe,32671232
214827,1790375405366,SYS32_Hardware.ini,363
215358,1790375405866,HpDrvPre.sys,19128
215358,1790375405866,HpDrvTestDrv.sys,19128
215358,1790375405866,SYS32_Hardware,900
215358,1790375405882,SYS32_Hardware.exe,32671232
215358,1790375405882,SYS32_Hardware.ini,363
215890,1790375406398,HpDrvPre.sys,19128
215890,1790375406398,HpDrvTestDrv.sys,19128
215890,1790375406398,SYS32_Hardware,900
215890,1790375406413,SYS32_Hardware.exe,32671232
215890,1790375406413,SYS32_Hardware.ini,363
216421,1790375406929,HpDrvPre.sys,19128
216421,1790375406929,HpDrvTestDrv.sys,19128
216421,1790375406929,SYS32_Hardware,900
216421,1790375406945,SYS32_Hardware.exe,32671232
216421,1790375406945,SYS32_Hardware.ini,363
216952,1790375407461,HpDrvPre.sys,19128
216952,1790375407461,HpDrvTestDrv.sys,19128
216952,1790375407461,SYS32_Hardware,900
216952,1790375407476,SYS32_Hardware.exe,32671232
216952,1790375407476,SYS32_Hardware.ini,363
217483,1790375407992,HpDrvPre.sys,19128
217483,1790375407992,HpDrvTestDrv.sys,19128
217483,1790375407992,SYS32_Hardware,900
217483,1790375408007,SYS32_Hardware.exe,32671232
217483,1790375408007,SYS32_Hardware.ini,363
218014,1790375408523,HpDrvPre.sys,19128
218014,1790375408523,HpDrvTestDrv.sys,19128
218014,1790375408523,SYS32_Hardware,900
218014,1790375408539,SYS32_Hardware.exe,32671232
218014,1790375408554,SYS32_Hardware.ini,363
218561,1790375409070,HpDrvPre.sys,19128
218561,1790375409070,HpDrvTestDrv.sys,19128
218561,1790375409070,SYS32_Hardware,900
218561,1790375409086,SYS32_Hardware.exe,32671232
218561,1790375409101,SYS32_Hardware.ini,363
219098,1790375409607,HpDrvPre.sys,19128
219098,1790375409607,HpDrvTestDrv.sys,19128
219098,1790375409623,SYS32_Hardware,900
219098,1790375409623,SYS32_Hardware.exe,32671232
219098,1790375409639,SYS32_Hardware.ini,363
219639,1790375410148,HpDrvPre.sys,19128
219639,1790375410148,HpDrvTestDrv.sys,19128
219639,1790375410148,SYS32_Hardware,900
219639,1790375410164,SYS32_Hardware.exe,32671232
219639,1790375410164,SYS32_Hardware.ini,363
220170,1790375410679,HpDrvPre.sys,19128
220170,1790375410679,HpDrvTestDrv.sys,19128
220170,1790375410679,SYS32_Hardware,900
220170,1790375410695,SYS32_Hardware.exe,32671232
220170,1790375410711,SYS32_Hardware.ini,363
220722,1790375411231,HpDrvPre.sys,19128
220722,1790375411231,HpDrvTestDrv.sys,19128
220722,1790375411231,SYS32_Hardware,900
220722,1790375411247,SYS32_Hardware.exe,32671232
220722,1790375411247,SYS32_Hardware.ini,363
221254,1790375411763,HpDrvPre.sys,19128
221254,1790375411763,HpDrvTestDrv.sys,19128
221254,1790375411763,SYS32_Hardware,900
221254,1790375411778,SYS32_Hardware.exe,32671232
221254,1790375411778,SYS32_Hardware.ini,363
221786,1790375412294,HpDrvPre.sys,19128
221786,1790375412294,HpDrvTestDrv.sys,19128
221786,1790375412310,SYS32_Hardware,900
221786,1790375412310,SYS32_Hardware.exe,32671232
221786,1790375412325,SYS32_Hardware.ini,363
222332,1790375412843,HpDrvPre.sys,19128
222332,1790375412843,HpDrvTestDrv.sys,19128
222332,1790375412843,SYS32_Hardware,900
222332,1790375412859,SYS32_Hardware.exe,32671232
222332,1790375412859,SYS32_Hardware.ini,363
222866,1790375413375,HpDrvPre.sys,19128
222866,1790375413375,HpDrvTestDrv.sys,19128
222866,1790375413375,SYS32_Hardware,900
222866,1790375413390,SYS32_Hardware.exe,32671232
222866,1790375413390,SYS32_Hardware.ini,363
223398,1790375413906,HpDrvPre.sys,19128
223398,1790375413906,HpDrvTestDrv.sys,19128
223398,1790375413906,SYS32_Hardware,900
223398,1790375413922,SYS32_Hardware.exe,32671232
223398,1790375413922,SYS32_Hardware.ini,363
223929,1790375414437,HpDrvPre.sys,19128
223929,1790375414437,HpDrvTestDrv.sys,19128
223929,1790375414437,SYS32_Hardware,900
223929,1790375414453,SYS32_Hardware.exe,32671232
223929,1790375414453,SYS32_Hardware.ini,363
224460,1790375414969,HpDrvPre.sys,19128
224460,1790375414969,HpDrvTestDrv.sys,19128
224460,1790375414984,SYS32_Hardware,900
224460,1790375414984,SYS32_Hardware.exe,32671232
224460,1790375414984,SYS32_Hardware.ini,363
224992,1790375415500,HpDrvPre.sys,19128
224992,1790375415500,HpDrvTestDrv.sys,19128
224992,1790375415500,SYS32_Hardware,900
224992,1790375415516,SYS32_Hardware.exe,32671232
224992,1790375415516,SYS32_Hardware.ini,363
225531,1790375416039,HpDrvPre.sys,19128
225531,1790375416039,HpDrvTestDrv.sys,19128
225531,1790375416039,SYS32_Hardware,900
225531,1790375416055,SYS32_Hardware.exe,32671232
225531,1790375416055,SYS32_Hardware.ini,363
226062,1790375416571,HpDrvPre.sys,19128
226062,1790375416571,HpDrvTestDrv.sys,19128
226062,1790375416586,SYS32_Hardware,900
226062,1790375416586,SYS32_Hardware.exe,32671232
226062,1790375416602,SYS32_Hardware.ini,363
226593,1790375417102,HpDrvPre.sys,19128
226593,1790375417102,HpDrvTestDrv.sys,19128
226593,1790375417102,SYS32_Hardware,900
226593,1790375417118,SYS32_Hardware.exe,32671232
226593,1790375417118,SYS32_Hardware.ini,363
227125,1790375417634,HpDrvPre.sys,19128
227125,1790375417634,HpDrvTestDrv.sys,19128
227125,1790375417634,SYS32_Hardware,900
227125,1790375417650,SYS32_Hardware.exe,32671232
227125,1790375417650,SYS32_Hardware.ini,363
227657,1790375418165,HpDrvPre.sys,19128
227657,1790375418165,HpDrvTestDrv.sys,19128
227657,1790375418165,SYS32_Hardware,900
227657,1790375418181,SYS32_Hardware.exe,32671232
227657,1790375418181,SYS32_Hardware.ini,363
228198,1790375418706,HpDrvPre.sys,19128
228198,1790375418706,HpDrvTestDrv.sys,19128
228198,1790375418722,SYS32_Hardware,900
228198,1790375418722,SYS32_Hardware.exe,32671232
228198,1790375418738,SYS32_Hardware.ini,363
228749,1790375419258,HpDrvPre.sys,19128
228749,1790375419258,HpDrvTestDrv.sys,19128
228749,1790375419258,SYS32_Hardware,900
228749,1790375419274,SYS32_Hardware.exe,32671232
228749,1790375419274,SYS32_Hardware.ini,363
229281,1790375419789,HpDrvPre.sys,19128
229281,1790375419789,HpDrvTestDrv.sys,19128
229281,1790375419789,SYS32_Hardware,900
229281,1790375419805,SYS32_Hardware.exe,32671232
229281,1790375419805,SYS32_Hardware.ini,363
229813,1790375420321,HpDrvPre.sys,19128
229813,1790375420321,HpDrvTestDrv.sys,19128
229813,1790375420321,SYS32_Hardware,900
229813,1790375420337,SYS32_Hardware.exe,32671232
229813,1790375420337,SYS32_Hardware.ini,363
230354,1790375420863,HpDrvPre.sys,19128
230354,1790375420863,HpDrvTestDrv.sys,19128
230354,1790375420863,SYS32_Hardware,900
230354,1790375420879,SYS32_Hardware.exe,32671232
230354,1790375420879,SYS32_Hardware.ini,363
230886,1790375421394,HpDrvPre.sys,19128
230886,1790375421394,HpDrvTestDrv.sys,19128
230886,1790375421394,SYS32_Hardware,900
230886,1790375421410,SYS32_Hardware.exe,32671232
230886,1790375421410,SYS32_Hardware.ini,363
231417,1790375421926,HpDrvPre.sys,19128
231417,1790375421926,HpDrvTestDrv.sys,19128
231417,1790375421926,SYS32_Hardware,900
231417,1790375421941,SYS32_Hardware.exe,32671232
231417,1790375421941,SYS32_Hardware.ini,363
231949,1790375422457,HpDrvPre.sys,19128
231949,1790375422457,HpDrvTestDrv.sys,19128
231949,1790375422473,SYS32_Hardware,900
231949,1790375422473,SYS32_Hardware.exe,32671232
231949,1790375422473,SYS32_Hardware.ini,363
232480,1790375422989,HpDrvPre.sys,19128
232480,1790375422989,HpDrvTestDrv.sys,19128
232480,1790375422989,SYS32_Hardware,900
232480,1790375423004,SYS32_Hardware.exe,32671232
232480,1790375423004,SYS32_Hardware.ini,363
233012,1790375423520,HpDrvPre.sys,19128
233012,1790375423520,HpDrvTestDrv.sys,19128
233012,1790375423520,SYS32_Hardware,900
233012,1790375423536,SYS32_Hardware.exe,32671232
233012,1790375423536,SYS32_Hardware.ini,363
233543,1790375424052,HpDrvPre.sys,19128
233543,1790375424052,HpDrvTestDrv.sys,19128
233543,1790375424052,SYS32_Hardware,900
233543,1790375424067,SYS32_Hardware.exe,32671232
233543,1790375424067,SYS32_Hardware.ini,363
234079,1790375424588,HpDrvPre.sys,19128
234079,1790375424588,HpDrvTestDrv.sys,19128
234079,1790375424588,SYS32_Hardware,900
234079,1790375424603,SYS32_Hardware.exe,32671232
234079,1790375424603,SYS32_Hardware.ini,363
234611,1790375425119,HpDrvPre.sys,19128
234611,1790375425119,HpDrvTestDrv.sys,19128
234611,1790375425135,SYS32_Hardware,900
234611,1790375425135,SYS32_Hardware.exe,32671232
234611,1790375425135,SYS32_Hardware.ini,363
235154,1790375425662,HpDrvPre.sys,19128
235154,1790375425662,HpDrvTestDrv.sys,19128
235154,1790375425662,SYS32_Hardware,900
235154,1790375425678,SYS32_Hardware.exe,32671232
235154,1790375425678,SYS32_Hardware.ini,363
235685,1790375426193,HpDrvPre.sys,19128
235685,1790375426193,HpDrvTestDrv.sys,19128
235685,1790375426209,SYS32_Hardware,900
235685,1790375426209,SYS32_Hardware.exe,32671232
235685,1790375426225,SYS32_Hardware.ini,363
236231,1790375426740,HpDrvPre.sys,19128
236231,1790375426740,HpDrvTestDrv.sys,19128
236231,1790375426740,SYS32_Hardware,900
236231,1790375426756,SYS32_Hardware.exe,32671232
236231,1790375426756,SYS32_Hardware.ini,363
236763,1790375427272,HpDrvPre.sys,19128
236763,1790375427272,HpDrvTestDrv.sys,19128
236763,1790375427272,SYS32_Hardware,900
236763,1790375427287,SYS32_Hardware.exe,32671232
236763,1790375427287,SYS32_Hardware.ini,363
237295,1790375427803,HpDrvPre.sys,19128
237295,1790375427803,HpDrvTestDrv.sys,19128
237295,1790375427803,SYS32_Hardware,900
237295,1790375427819,SYS32_Hardware.exe,32671232
237295,1790375427835,SYS32_Hardware.ini,363
237826,1790375428335,HpDrvPre.sys,19128
237826,1790375428335,HpDrvTestDrv.sys,19128
237826,1790375428335,SYS32_Hardware,900
237826,1790375428350,SYS32_Hardware.exe,32671232
237826,1790375428350,SYS32_Hardware.ini,363
238365,1790375428874,HpDrvPre.sys,19128
238365,1790375428874,HpDrvTestDrv.sys,19128
238365,1790375428874,SYS32_Hardware,900
238365,1790375428889,SYS32_Hardware.exe,32671232
238365,1790375428889,SYS32_Hardware.ini,363
238897,1790375429405,HpDrvPre.sys,19128
238897,1790375429405,HpDrvTestDrv.sys,19128
238897,1790375429405,SYS32_Hardware,900
238897,1790375429421,SYS32_Hardware.exe,32671232
238897,1790375429421,SYS32_Hardware.ini,363
239428,1790375429937,HpDrvPre.sys,19128
239428,1790375429937,HpDrvTestDrv.sys,19128
239428,1790375429952,SYS32_Hardware,900
239428,1790375429952,SYS32_Hardware.exe,32671232
239428,1790375429968,SYS32_Hardware.ini,363
239962,1790375430471,HpDrvPre.sys,19128
239962,1790375430471,HpDrvTestDrv.sys,19128
239962,1790375430471,SYS32_Hardware,900
239962,1790375430487,SYS32_Hardware.exe,32671232
239962,1790375430487,SYS32_Hardware.ini,363
240502,1790375431011,HpDrvPre.sys,19128
240502,1790375431011,HpDrvTestDrv.sys,19128
240502,1790375431011,SYS32_Hardware,900
240502,1790375431026,SYS32_Hardware.exe,32671232
240502,1790375431026,SYS32_Hardware.ini,363
241043,1790375431551,HpDrvPre.sys,19128
241043,1790375431551,HpDrvTestDrv.sys,19128
241043,1790375431551,SYS32_Hardware,900
241043,1790375431567,SYS32_Hardware.exe,32671232
241043,1790375431583,SYS32_Hardware.ini,363
241574,1790375432083,HpDrvPre.sys,19128
241574,1790375432083,HpDrvTestDrv.sys,19128
241574,1790375432083,SYS32_Hardware,900
241574,1790375432098,SYS32_Hardware.exe,32671232
241574,1790375432098,SYS32_Hardware.ini,363
242106,1790375432614,HpDrvPre.sys,19128
242106,1790375432614,HpDrvTestDrv.sys,19128
242106,1790375432614,SYS32_Hardware,900
242106,1790375432630,SYS32_Hardware.exe,32671232
242106,1790375432630,SYS32_Hardware.ini,363
242650,1790375433159,HpDrvPre.sys,19128
242650,1790375433159,HpDrvTestDrv.sys,19128
242650,1790375433159,SYS32_Hardware,900
242650,1790375433175,SYS32_Hardware.exe,32671232
242650,1790375433190,SYS32_Hardware.ini,363
243182,1790375433690,HpDrvPre.sys,19128
243182,1790375433690,HpDrvTestDrv.sys,19128
243182,1790375433706,SYS32_Hardware,900
243182,1790375433706,SYS32_Hardware.exe,32671232
243182,1790375433722,SYS32_Hardware.ini,363
243713,1790375434222,HpDrvPre.sys,19128
243713,1790375434222,HpDrvTestDrv.sys,19128
243713,1790375434222,SYS32_Hardware,900
243713,1790375434237,SYS32_Hardware.exe,32671232
243713,1790375434237,SYS32_Hardware.ini,363
244250,1790375434759,HpDrvPre.sys,19128
244250,1790375434759,HpDrvTestDrv.sys,19128
244250,1790375434759,SYS32_Hardware,900
244250,1790375434774,SYS32_Hardware.exe,32671232
244250,1790375434774,SYS32_Hardware.ini,363
244782,1790375435290,HpDrvPre.sys,19128
244782,1790375435290,HpDrvTestDrv.sys,19128
244782,1790375435290,SYS32_Hardware,900
244782,1790375435306,SYS32_Hardware.exe,32671232
244782,1790375435306,SYS32_Hardware.ini,363
245329,1790375435837,HpDrvPre.sys,19128
245329,1790375435837,HpDrvTestDrv.sys,19128
245329,1790375435837,SYS32_Hardware,900
245329,1790375435853,SYS32_Hardware.exe,32671232
245329,1790375435853,SYS32_Hardware.ini,363
245863,1790375436372,HpDrvPre.sys,19128
245863,1790375436372,HpDrvTestDrv.sys,19128
245863,1790375436372,SYS32_Hardware,900
245863,1790375436387,SYS32_Hardware.exe,32671232
245863,1790375436387,SYS32_Hardware.ini,363
246395,1790375436903,HpDrvPre.sys,19128
246395,1790375436903,HpDrvTestDrv.sys,19128
246395,1790375436903,SYS32_Hardware,900
246395,1790375436919,SYS32_Hardware.exe,32671232
246395,1790375436919,SYS32_Hardware.ini,363
246942,1790375437450,HpDrvPre.sys,19128
246942,1790375437450,HpDrvTestDrv.sys,19128
246942,1790375437466,SYS32_Hardware,900
246942,1790375437466,SYS32_Hardware.exe,32671232
246942,1790375437466,SYS32_Hardware.ini,363
247473,1790375437982,HpDrvPre.sys,19128
247473,1790375437982,HpDrvTestDrv.sys,19128
247473,1790375437982,SYS32_Hardware,900
247473,1790375437998,SYS32_Hardware.exe,32671232
247473,1790375437998,SYS32_Hardware.ini,363
248009,1790375438517,HpDrvPre.sys,19128
248009,1790375438517,HpDrvTestDrv.sys,19128
248009,1790375438517,SYS32_Hardware,900
248009,1790375438533,SYS32_Hardware.exe,32671232
248009,1790375438533,SYS32_Hardware.ini,363
248540,1790375439049,HpDrvPre.sys,19128
248540,1790375439049,HpDrvTestDrv.sys,19128
248540,1790375439049,SYS32_Hardware,900
248540,1790375439064,SYS32_Hardware.exe,32671232
248540,1790375439064,SYS32_Hardware.ini,363
249072,1790375439580,HpDrvPre.sys,19128
249072,1790375439580,HpDrvTestDrv.sys,19128
249072,1790375439580,SYS32_Hardware,900
249072,1790375439596,SYS32_Hardware.exe,32671232
249072,1790375439596,SYS32_Hardware.ini,363
249603,1790375440112,HpDrvPre.sys,19128
249603,1790375440112,HpDrvTestDrv.sys,19128
249603,1790375440112,SYS32_Hardware,900
249603,1790375440127,SYS32_Hardware.exe,32671232
249603,1790375440127,SYS32_Hardware.ini,363
250149,1790375440658,HpDrvPre.sys,19128
250149,1790375440658,HpDrvTestDrv.sys,19128
250149,1790375440673,SYS32_Hardware,900
250149,1790375440673,SYS32_Hardware.exe,32671232
250149,1790375440689,SYS32_Hardware.ini,363
250680,1790375441189,HpDrvPre.sys,19128
250680,1790375441189,HpDrvTestDrv.sys,19128
250680,1790375441189,SYS32_Hardware,900
250680,1790375441204,SYS32_Hardware.exe,32671232
250680,1790375441204,SYS32_Hardware.ini,363
251196,1790375441704,HpDrvPre.sys,19128
251196,1790375441704,HpDrvTestDrv.sys,19128
251196,1790375441704,SYS32_Hardware,900
251196,1790375441720,SYS32_Hardware.exe,32671232
251196,1790375441720,SYS32_Hardware.ini,363
251727,1790375442236,HpDrvPre.sys,19128
251727,1790375442236,HpDrvTestDrv.sys,19128
251727,1790375442236,SYS32_Hardware,900
251727,1790375442251,SYS32_Hardware.exe,32671232
251727,1790375442251,SYS32_Hardware.ini,363
252259,1790375442767,HpDrvPre.sys,19128
252259,1790375442767,HpDrvTestDrv.sys,19128
252259,1790375442783,SYS32_Hardware,900
252259,1790375442783,SYS32_Hardware.exe,32671232
252259,1790375442798,SYS32_Hardware.ini,363
252816,1790375443324,HpDrvPre.sys,19128
252816,1790375443324,HpDrvTestDrv.sys,19128
252816,1790375443324,SYS32_Hardware,900
252816,1790375443340,SYS32_Hardware.exe,32671232
252816,1790375443340,SYS32_Hardware.ini,363
253347,1790375443855,HpDrvPre.sys,19128
253347,1790375443855,HpDrvTestDrv.sys,19128
253347,1790375443871,SYS32_Hardware,900
253347,1790375443871,SYS32_Hardware.exe,32671232
253347,1790375443887,SYS32_Hardware.ini,363
253878,1790375444387,HpDrvPre.sys,19128
253878,1790375444387,HpDrvTestDrv.sys,19128
253878,1790375444387,SYS32_Hardware,900
253878,1790375444402,SYS32_Hardware.exe,32671232
253878,1790375444402,SYS32_Hardware.ini,363
254410,1790375444918,HpDrvPre.sys,19128
254410,1790375444918,HpDrvTestDrv.sys,19128
254410,1790375444918,SYS32_Hardware,900
254410,1790375444934,SYS32_Hardware.exe,32671232
254410,1790375444934,SYS32_Hardware.ini,363
254941,1790375445449,HpDrvPre.sys,19128
254941,1790375445449,HpDrvTestDrv.sys,19128
254941,1790375445449,SYS32_Hardware,900
254941,1790375445465,SYS32_Hardware.exe,32671232
254941,1790375445465,SYS32_Hardware.ini,363
255472,1790375445981,HpDrvPre.sys,19128
255472,1790375445981,HpDrvTestDrv.sys,19128
255472,1790375445981,SYS32_Hardware,900
255472,1790375445997,SYS32_Hardware.exe,32671232
255472,1790375445997,SYS32_Hardware.ini,363
256013,1790375446522,HpDrvPre.sys,19128
256013,1790375446522,HpDrvTestDrv.sys,19128
256013,1790375446522,SYS32_Hardware,900
256013,1790375446538,SYS32_Hardware.exe,32671232
256013,1790375446538,SYS32_Hardware.ini,363
256545,1790375447054,HpDrvPre.sys,19128
256545,1790375447054,HpDrvTestDrv.sys,19128
256545,1790375447054,SYS32_Hardware,900
256545,1790375447069,SYS32_Hardware.exe,32671232
256545,1790375447069,SYS32_Hardware.ini,363
257077,1790375447585,HpDrvPre.sys,19128
257077,1790375447585,HpDrvTestDrv.sys,19128
257077,1790375447585,SYS32_Hardware,900
257077,1790375447601,SYS32_Hardware.exe,32671232
257077,1790375447601,SYS32_Hardware.ini,363
257608,1790375448116,HpDrvPre.sys,19128
257608,1790375448116,HpDrvTestDrv.sys,19128
257608,1790375448116,SYS32_Hardware,900
257608,1790375448132,SYS32_Hardware.exe,32671232
257608,1790375448132,SYS32_Hardware.ini,363
258149,1790375448658,HpDrvPre.sys,19128
258149,1790375448658,HpDrvTestDrv.sys,19128
258149,1790375448673,SYS32_Hardware,900
258149,1790375448673,SYS32_Hardware.exe,32671232
258149,1790375448689,SYS32_Hardware.ini,363
258696,1790375449205,HpDrvPre.sys,19128
258696,1790375449205,HpDrvTestDrv.sys,19128
258696,1790375449205,SYS32_Hardware,900
258696,1790375449221,SYS32_Hardware.exe,32671232
258696,1790375449221,SYS32_Hardware.ini,363
259228,1790375449736,HpDrvPre.sys,19128
259228,1790375449736,HpDrvTestDrv.sys,19128
259228,1790375449752,SYS32_Hardware,900
259228,1790375449752,SYS32_Hardware.exe,32671232
259228,1790375449752,SYS32_Hardware.ini,363
259759,1790375450268,HpDrvPre.sys,19128
259759,1790375450268,HpDrvTestDrv.sys,19128
259759,1790375450268,SYS32_Hardware,900
259759,1790375450283,SYS32_Hardware.exe,32671232
259759,1790375450283,SYS32_Hardware.ini,363
260291,1790375450799,HpDrvPre.sys,19128
260291,1790375450799,HpDrvTestDrv.sys,19128
260291,1790375450799,SYS32_Hardware,900
260291,1790375450815,SYS32_Hardware.exe,32671232
260291,1790375450815,SYS32_Hardware.ini,363
260822,1790375451331,HpDrvPre.sys,19128
260822,1790375451331,HpDrvTestDrv.sys,19128
260822,1790375451331,SYS32_Hardware,900
260822,1790375451346,SYS32_Hardware.exe,32671232
260822,1790375451346,SYS32_Hardware.ini,363
261353,1790375451862,HpDrvPre.sys,19128
261353,1790375451862,HpDrvTestDrv.sys,19128
261353,1790375451862,SYS32_Hardware,900
261353,1790375451877,SYS32_Hardware.exe,32671232
261353,1790375451877,SYS32_Hardware.ini,363
261884,1790375452393,HpDrvPre.sys,19128
261884,1790375452393,HpDrvTestDrv.sys,19128
261884,1790375452393,SYS32_Hardware,900
261884,1790375452424,SYS32_Hardware.exe,32671232
261884,1790375452424,SYS32_Hardware.ini,363
262416,1790375452925,HpDrvPre.sys,19128
262416,1790375452925,HpDrvTestDrv.sys,19128
262416,1790375452925,SYS32_Hardware,900
262416,1790375452940,SYS32_Hardware.exe,32671232
262416,1790375452940,SYS32_Hardware.ini,363
262947,1790375453456,HpDrvPre.sys,19128
262947,1790375453456,HpDrvTestDrv.sys,19128
262947,1790375453456,SYS32_Hardware,900
262947,1790375453472,SYS32_Hardware.exe,32671232
262947,1790375453472,SYS32_Hardware.ini,363
263479,1790375453987,HpDrvPre.sys,19128
263479,1790375453987,HpDrvTestDrv.sys,19128
263479,1790375453987,SYS32_Hardware,900
263479,1790375454003,SYS32_Hardware.exe,32671232
263479,1790375454003,SYS32_Hardware.ini,363
264011,1790375454519,HpDrvPre.sys,19128
264011,1790375454519,HpDrvTestDrv.sys,19128
264011,1790375454535,SYS32_Hardware,900
264011,1790375454535,SYS32_Hardware.exe,32671232
264011,1790375454535,SYS32_Hardware.ini,363
264542,1790375455051,HpDrvPre.sys,19128
264542,1790375455051,HpDrvTestDrv.sys,19128
264542,1790375455051,SYS32_Hardware,900
264542,1790375455066,SYS32_Hardware.exe,32671232
264542,1790375455066,SYS32_Hardware.ini,363
265073,1790375455582,HpDrvPre.sys,19128
265073,1790375455582,HpDrvTestDrv.sys,19128
265073,1790375455582,SYS32_Hardware,900
265073,1790375455598,SYS32_Hardware.exe,32671232
265073,1790375455598,SYS32_Hardware.ini,363
265605,1790375456114,HpDrvPre.sys,19128
265605,1790375456114,HpDrvTestDrv.sys,19128
265605,1790375456114,SYS32_Hardware,900
265605,1790375456129,SYS32_Hardware.exe,32671232
265605,1790375456129,SYS32_Hardware.ini,363
266148,1790375456657,HpDrvPre.sys,19128
266148,1790375456657,HpDrvTestDrv.sys,19128
266148,1790375456657,SYS32_Hardware,900
266148,1790375456673,SYS32_Hardware.exe,32671232
266148,1790375456673,SYS32_Hardware.ini,363
266680,1790375457189,HpDrvPre.sys,19128
266680,1790375457189,HpDrvTestDrv.sys,19128
266680,1790375457189,SYS32_Hardware,900
266680,1790375457205,SYS32_Hardware.exe,32671232
266680,1790375457205,SYS32_Hardware.ini,363
267212,1790375457720,HpDrvPre.sys,19128
267212,1790375457720,HpDrvTestDrv.sys,19128
267212,1790375457720,SYS32_Hardware,900
267212,1790375457736,SYS32_Hardware.exe,32671232
267212,1790375457736,SYS32_Hardware.ini,363
267743,1790375458252,HpDrvPre.sys,19128
267743,1790375458252,HpDrvTestDrv.sys,19128
267743,1790375458267,SYS32_Hardware,900
267743,1790375458267,SYS32_Hardware.exe,32671232
267743,1790375458283,SYS32_Hardware.ini,363
268274,1790375458783,HpDrvPre.sys,19128
268274,1790375458783,HpDrvTestDrv.sys,19128
268274,1790375458783,SYS32_Hardware,900
268274,1790375458799,SYS32_Hardware.exe,32671232
268274,1790375458799,SYS32_Hardware.ini,363
268810,1790375459319,HpDrvPre.sys,19128
268810,1790375459319,HpDrvTestDrv.sys,19128
268810,1790375459319,SYS32_Hardware,900
268810,1790375459335,SYS32_Hardware.exe,32671232
268810,1790375459335,SYS32_Hardware.ini,363
269342,1790375459851,HpDrvPre.sys,19128
269342,1790375459851,HpDrvTestDrv.sys,19128
269342,1790375459851,SYS32_Hardware,900
269342,1790375459866,SYS32_Hardware.exe,32671232
269342,1790375459882,SYS32_Hardware.ini,363
269873,1790375460382,HpDrvPre.sys,19128
269873,1790375460382,HpDrvTestDrv.sys,19128
269873,1790375460382,SYS32_Hardware,900
269873,1790375460398,SYS32_Hardware.exe,32671232
269873,1790375460398,SYS32_Hardware.ini,363
270405,1790375460913,HpDrvPre.sys,19128
270405,1790375460913,HpDrvTestDrv.sys,19128
270405,1790375460929,SYS32_Hardware,900
270405,1790375460929,SYS32_Hardware.exe,32671232
270405,1790375460945,SYS32_Hardware.ini,363
270941,1790375461449,HpDrvPre.sys,19128
270941,1790375461449,HpDrvTestDrv.sys,19128
270941,1790375461449,SYS32_Hardware,900
270941,1790375461465,SYS32_Hardware.exe,32671232
270941,1790375461465,SYS32_Hardware.ini,363
271475,1790375461984,HpDrvPre.sys,19128
271475,1790375461984,HpDrvTestDrv.sys,19128
271475,1790375462004,SYS32_Hardware,900
271475,1790375462020,SYS32_Hardware.exe,32671232
271475,1790375462020,SYS32_Hardware.ini,363
272027,1790375462536,HpDrvPre.sys,19128
272027,1790375462536,HpDrvTestDrv.sys,19128
272027,1790375462536,SYS32_Hardware,900
272027,1790375462552,SYS32_Hardware.exe,32671232
272027,1790375462552,SYS32_Hardware.ini,363
272559,1790375463068,HpDrvPre.sys,19128
272559,1790375463068,HpDrvTestDrv.sys,19128
272559,1790375463068,SYS32_Hardware,900
272559,1790375463083,SYS32_Hardware.exe,32671232
272559,1790375463083,SYS32_Hardware.ini,363
273090,1790375463599,HpDrvPre.sys,19128
273090,1790375463599,HpDrvTestDrv.sys,19128
273090,1790375463599,SYS32_Hardware,900
273090,1790375463614,SYS32_Hardware.exe,32671232
273090,1790375463614,SYS32_Hardware.ini,363
273636,1790375464145,HpDrvPre.sys,19128
273636,1790375464155,HpDrvTestDrv.sys,19128
273636,1790375464155,SYS32_Hardware,900
273636,1790375464171,SYS32_Hardware.exe,32671232
273636,1790375464171,SYS32_Hardware.ini,363
274178,1790375464687,HpDrvPre.sys,19128
274178,1790375464687,HpDrvTestDrv.sys,19128
274178,1790375464687,SYS32_Hardware,900
274178,1790375464702,SYS32_Hardware.exe,32671232
274178,1790375464702,SYS32_Hardware.ini,363
274788,1790375465285,HpDrvPre.sys,19128
274788,1790375465285,HpDrvTestDrv.sys,19128
274788,1790375465567,SYS32_Hardware,900
274788,1790375465582,SYS32_Hardware.exe,32671232
274788,1790375465660,SYS32_Hardware.ini,363
275667,1790375466176,HpDrvPre.sys,19128
275667,1790375466176,HpDrvTestDrv.sys,19128
275667,1790375466192,SYS32_Hardware,900
275667,1790375466192,SYS32_Hardware.exe,32671232
275667,1790375466207,SYS32_Hardware.ini,363
276198,1790375466707,HpDrvPre.sys,19128
276198,1790375466707,HpDrvTestDrv.sys,19128
276198,1790375466707,SYS32_Hardware,900
276198,1790375466723,SYS32_Hardware.exe,32671232
276198,1790375466723,SYS32_Hardware.ini,363
276730,1790375467238,HpDrvPre.sys,19128
276730,1790375467238,HpDrvTestDrv.sys,19128
276730,1790375467238,SYS32_Hardware,900
276730,1790375467254,SYS32_Hardware.exe,32671232
276730,1790375467254,SYS32_Hardware.ini,363
277261,1790375467770,HpDrvPre.sys,19128
277261,1790375467770,HpDrvTestDrv.sys,19128
277261,1790375467770,SYS32_Hardware,900
277261,1790375467785,SYS32_Hardware.exe,32671232
277261,1790375467801,SYS32_Hardware.ini,363
277813,1790375468317,HpDrvPre.sys,19128
277813,1790375468317,HpDrvTestDrv.sys,19128
277813,1790375468332,SYS32_Hardware,900
277813,1790375468332,SYS32_Hardware.exe,32671232
277813,1790375468332,SYS32_Hardware.ini,363
278340,1790375468848,HpDrvPre.sys,19128
278340,1790375468848,HpDrvTestDrv.sys,19128
278340,1790375468848,SYS32_Hardware,900
278340,1790375468864,SYS32_Hardware.exe,32671232
278340,1790375468864,SYS32_Hardware.ini,363
278871,1790375469380,HpDrvPre.sys,19128
278871,1790375469380,HpDrvTestDrv.sys,19128
278871,1790375469380,SYS32_Hardware,900
278871,1790375469395,SYS32_Hardware.exe,32671232
278871,1790375469395,SYS32_Hardware.ini,363
279403,1790375469912,HpDrvPre.sys,19128
279403,1790375469912,HpDrvTestDrv.sys,19128
279403,1790375469927,SYS32_Hardware,900
279403,1790375469927,SYS32_Hardware.exe,32671232
279403,1790375469943,SYS32_Hardware.ini,363
279934,1790375470443,HpDrvPre.sys,19128
279934,1790375470443,HpDrvTestDrv.sys,19128
279934,1790375470443,SYS32_Hardware,900
279934,1790375470459,SYS32_Hardware.exe,32671232
279934,1790375470459,SYS32_Hardware.ini,363
280517,1790375471021,HpDrvPre.sys,19128
280517,1790375471037,HpDrvTestDrv.sys,19128
280517,1790375471052,SYS32_Hardware,900
280517,1790375471068,SYS32_Hardware.exe,32671232
280517,1790375471099,SYS32_Hardware.ini,363
281111,1790375471620,HpDrvPre.sys,19128
281111,1790375471620,HpDrvTestDrv.sys,19128
281111,1790375471620,SYS32_Hardware,900
281111,1790375471636,SYS32_Hardware.exe,32671232
281111,1790375471651,SYS32_Hardware.ini,363
