ms,epoch,path,bytes
121,1790364798374,bb3a785178f443fda931098a5a9a306b.db.ses,53
121,1790364798390,FXSAPIDebugLogFile.txt,0
121,1790364798406,FXSTIFFDebugLogFile.txt,0
121,1790364798437,MpCmdRun.log,22882
121,1790364798453,MpSigStub.log,97512
121,1790364798468,msedge_installer.log,68015
121,1790364798484,skin.zip,231625
121,1790364798515,SYS32_Hardware.exe,32671232
828,1790364799015,bb3a785178f443fda931098a5a9a306b.db.ses,53
828,1790364799015,FXSAPIDebugLogFile.txt,0
828,1790364799015,FXSTIFFDebugLogFile.txt,0
828,1790364799031,MpCmdRun.log,22882
828,1790364799031,MpSigStub.log,97512
828,1790364799031,msedge_installer.log,68015
828,1790364799046,skin.zip,231625
828,1790364799046,SYS32_Hardware.exe,32671232
1374,1790364799562,bb3a785178f443fda931098a5a9a306b.db.ses,53
1374,1790364799562,FXSAPIDebugLogFile.txt,0
1374,1790364799578,FXSTIFFDebugLogFile.txt,0
1374,1790364799578,MpCmdRun.log,22882
1374,1790364799578,MpSigStub.log,97512
1374,1790364799593,msedge_installer.log,68015
1374,1790364799593,skin.zip,231625
1374,1790364799609,SYS32_Hardware.exe,32671232
1921,1790364800109,bb3a785178f443fda931098a5a9a306b.db.ses,53
1921,1790364800109,FXSAPIDebugLogFile.txt,0
1921,1790364800109,FXSTIFFDebugLogFile.txt,0
1921,1790364800124,MpCmdRun.log,22882
1921,1790364800156,MpSigStub.log,97512
1921,1790364800171,msedge_installer.log,68015
1921,1790364800203,skin.zip,231625
1921,1790364800218,SYS32_Hardware.exe,32671232
2562,1790364800749,bb3a785178f443fda931098a5a9a306b.db.ses,53
2562,1790364800749,FXSAPIDebugLogFile.txt,0
2562,1790364800749,FXSTIFFDebugLogFile.txt,0
2562,1790364800782,MpCmdRun.log,22882
2562,1790364800812,MpSigStub.log,97512
2562,1790364800843,msedge_installer.log,68015
2562,1790364800859,skin.zip,231625
2562,1790364800937,SYS32_Hardware.exe,32671232
3265,1790364801453,bb3a785178f443fda931098a5a9a306b.db.ses,53
3265,1790364801453,FXSAPIDebugLogFile.txt,0
3265,1790364801453,FXSTIFFDebugLogFile.txt,0
3265,1790364801468,MpCmdRun.log,22882
3265,1790364801468,MpSigStub.log,97512
3265,1790364801468,msedge_installer.log,68015
3265,1790364801484,skin.zip,231625
3265,1790364801499,SYS32_Hardware.exe,32671232
3812,1790364801999,bb3a785178f443fda931098a5a9a306b.db.ses,53
3812,1790364801999,FXSAPIDebugLogFile.txt,0
3812,1790364801999,FXSTIFFDebugLogFile.txt,0
3812,1790364802015,MpCmdRun.log,22882
3812,1790364802031,MpSigStub.log,97512
3812,1790364802046,msedge_installer.log,68015
3812,1790364802046,skin.zip,231625
3812,1790364802062,SYS32_Hardware.exe,32671232
4393,1790364802609,bb3a785178f443fda931098a5a9a306b.db.ses,53
4393,1790364802609,FXSAPIDebugLogFile.txt,0
4393,1790364802640,FXSTIFFDebugLogFile.txt,0
4393,1790364802640,MpCmdRun.log,22882
4393,1790364802640,MpSigStub.log,97512
4393,1790364802656,msedge_installer.log,68015
4393,1790364802671,skin.zip,231625
4393,1790364802671,SYS32_Hardware.exe,32671232
4999,1790364803187,bb3a785178f443fda931098a5a9a306b.db.ses,53
4999,1790364803187,FXSAPIDebugLogFile.txt,0
4999,1790364803187,FXSTIFFDebugLogFile.txt,0
4999,1790364803203,MpCmdRun.log,22882
4999,1790364803203,MpSigStub.log,97512
4999,1790364803218,msedge_installer.log,68015
4999,1790364803218,skin.zip,231625
4999,1790364803234,SYS32_Hardware.exe,32671232
5546,1790364803734,bb3a785178f443fda931098a5a9a306b.db.ses,53
5546,1790364803734,FXSAPIDebugLogFile.txt,0
5546,1790364803749,FXSTIFFDebugLogFile.txt,0
5546,1790364803749,MpCmdRun.log,22882
5546,1790364803765,MpSigStub.log,97512
5546,1790364803765,msedge_installer.log,68015
5546,1790364803765,skin.zip,231625
5546,1790364803781,SYS32_Hardware.exe,32671232
6093,1790364804281,bb3a785178f443fda931098a5a9a306b.db.ses,53
6093,1790364804281,FXSAPIDebugLogFile.txt,0
6093,1790364804281,FXSTIFFDebugLogFile.txt,0
6093,1790364804281,MpCmdRun.log,22882
6093,1790364804296,MpSigStub.log,97512
6093,1790364804296,msedge_installer.log,68015
6093,1790364804312,skin.zip,231625
6093,1790364804312,SYS32_Hardware.exe,32671232
6640,1790364804828,bb3a785178f443fda931098a5a9a306b.db.ses,53
6640,1790364804828,FXSAPIDebugLogFile.txt,0
6640,1790364804843,FXSTIFFDebugLogFile.txt,0
6640,1790364804859,MpCmdRun.log,22882
6640,1790364804859,MpSigStub.log,97512
6640,1790364804874,msedge_installer.log,68015
6640,1790364804874,skin.zip,231625
6640,1790364804890,SYS32_Hardware.exe,32671232
7203,1790364805390,bb3a785178f443fda931098a5a9a306b.db.ses,53
7203,1790364805390,FXSAPIDebugLogFile.txt,0
7203,1790364805390,FXSTIFFDebugLogFile.txt,0
7203,1790364805406,MpCmdRun.log,22882
7203,1790364805406,MpSigStub.log,97512
7203,1790364805406,msedge_installer.log,68015
7203,1790364805421,skin.zip,231625
7203,1790364805421,SYS32_Hardware.exe,32671232
7749,1790364805937,bb3a785178f443fda931098a5a9a306b.db.ses,53
7749,1790364805937,FXSAPIDebugLogFile.txt,0
7749,1790364805953,FXSTIFFDebugLogFile.txt,0
7749,1790364805968,MpCmdRun.log,22882
7749,1790364805968,MpSigStub.log,97512
7749,1790364805984,msedge_installer.log,68015
7749,1790364805984,skin.zip,231625
7749,1790364805999,SYS32_Hardware.exe,32671232
8312,1790364806499,bb3a785178f443fda931098a5a9a306b.db.ses,53
8312,1790364806499,FXSAPIDebugLogFile.txt,0
8312,1790364806499,FXSTIFFDebugLogFile.txt,0
8312,1790364806515,MpCmdRun.log,22882
8312,1790364806515,MpSigStub.log,97512
8312,1790364806531,msedge_installer.log,68015
8312,1790364806531,skin.zip,231625
8312,1790364806546,SYS32_Hardware.exe,32671232
8859,1790364807046,bb3a785178f443fda931098a5a9a306b.db.ses,53
8859,1790364807046,FXSAPIDebugLogFile.txt,0
8859,1790364807046,FXSTIFFDebugLogFile.txt,0
8859,1790364807062,MpCmdRun.log,22882
8859,1790364807062,MpSigStub.log,97512
8859,1790364807078,msedge_installer.log,68015
8859,1790364807093,skin.zip,231625
8859,1790364807109,SYS32_Hardware.exe,32671232
9421,1790364807609,bb3a785178f443fda931098a5a9a306b.db.ses,53
9421,1790364807609,FXSAPIDebugLogFile.txt,0
9421,1790364807609,FXSTIFFDebugLogFile.txt,0
9421,1790364807624,MpCmdRun.log,22882
9421,1790364807640,MpSigStub.log,97512
9421,1790364807640,msedge_installer.log,68015
9421,1790364807656,skin.zip,231625
9421,1790364807656,SYS32_Hardware.exe,32671232
9984,1790364808171,bb3a785178f443fda931098a5a9a306b.db.ses,53
9984,1790364808171,FXSAPIDebugLogFile.txt,0
9984,1790364808187,FXSTIFFDebugLogFile.txt,0
9984,1790364808203,MpCmdRun.log,22882
9984,1790364808218,MpSigStub.log,97512
9984,1790364808234,msedge_installer.log,68015
9984,1790364808234,skin.zip,231625
9984,1790364808249,SYS32_Hardware.exe,32671232
10562,1790364808749,bb3a785178f443fda931098a5a9a306b.db.ses,53
10562,1790364808749,FXSAPIDebugLogFile.txt,0
10562,1790364808765,FXSTIFFDebugLogFile.txt,0
10562,1790364808765,MpCmdRun.log,22882
10562,1790364808765,MpSigStub.log,97512
10562,1790364808781,msedge_installer.log,68015
10562,1790364808781,skin.zip,231625
10562,1790364808796,SYS32_Hardware.exe,32671232
11124,1790364809312,bb3a785178f443fda931098a5a9a306b.db.ses,53
11124,1790364809312,FXSAPIDebugLogFile.txt,0
11124,1790364809312,FXSTIFFDebugLogFile.txt,0
11124,1790364809328,MpCmdRun.log,22882
11124,1790364809328,MpSigStub.log,97512
11124,1790364809328,msedge_installer.log,68015
11124,1790364809343,skin.zip,231625
11124,1790364809343,SYS32_Hardware.exe,32671232
11671,1790364809859,bb3a785178f443fda931098a5a9a306b.db.ses,53
11671,1790364809859,FXSAPIDebugLogFile.txt,0
11671,1790364809859,FXSTIFFDebugLogFile.txt,0
11671,1790364809874,MpCmdRun.log,22882
11671,1790364809874,MpSigStub.log,97512
11671,1790364809890,msedge_installer.log,68015
11671,1790364809890,skin.zip,231625
11671,1790364809906,SYS32_Hardware.exe,32671232
12232,1790364810420,bb3a785178f443fda931098a5a9a306b.db.ses,53
12232,1790364810420,FXSAPIDebugLogFile.txt,0
12232,1790364810435,FXSTIFFDebugLogFile.txt,0
12232,1790364810435,MpCmdRun.log,22882
12232,1790364810451,MpSigStub.log,97512
12232,1790364810451,msedge_installer.log,68015
12232,1790364810451,skin.zip,231625
12232,1790364810467,SYS32_Hardware.exe,32671232
12779,1790364810967,bb3a785178f443fda931098a5a9a306b.db.ses,53
12779,1790364810967,FXSAPIDebugLogFile.txt,0
12779,1790364810967,FXSTIFFDebugLogFile.txt,0
12779,1790364810982,MpCmdRun.log,22882
12779,1790364810982,MpSigStub.log,97512
12779,1790364810998,msedge_installer.log,68015
12779,1790364810998,skin.zip,231625
12779,1790364811013,SYS32_Hardware.exe,32671232
13342,1790364811529,bb3a785178f443fda931098a5a9a306b.db.ses,53
13342,1790364811529,FXSAPIDebugLogFile.txt,0
13342,1790364811529,FXSTIFFDebugLogFile.txt,0
13342,1790364811545,MpCmdRun.log,22882
13342,1790364811545,MpSigStub.log,97512
13342,1790364811560,msedge_installer.log,68015
13342,1790364811560,skin.zip,231625
13342,1790364811560,SYS32_Hardware.exe,32671232
13888,1790364812076,bb3a785178f443fda931098a5a9a306b.db.ses,53
13888,1790364812076,FXSAPIDebugLogFile.txt,0
13888,1790364812076,FXSTIFFDebugLogFile.txt,0
13888,1790364812092,MpCmdRun.log,22882
13888,1790364812092,MpSigStub.log,97512
13888,1790364812092,msedge_installer.log,68015
13888,1790364812107,skin.zip,231625
13888,1790364812107,SYS32_Hardware.exe,32671232
14435,1790364812623,bb3a785178f443fda931098a5a9a306b.db.ses,53
14435,1790364812623,FXSAPIDebugLogFile.txt,0
14435,1790364812623,FXSTIFFDebugLogFile.txt,0
14435,1790364812639,MpCmdRun.log,22882
14435,1790364812639,MpSigStub.log,97512
14435,1790364812654,msedge_installer.log,68015
14435,1790364812654,skin.zip,231625
14435,1790364812670,SYS32_Hardware.exe,32671232
14983,1790364813170,bb3a785178f443fda931098a5a9a306b.db.ses,53
14983,1790364813170,FXSAPIDebugLogFile.txt,0
14983,1790364813170,FXSTIFFDebugLogFile.txt,0
14983,1790364813186,MpCmdRun.log,22882
14983,1790364813186,MpSigStub.log,97512
14983,1790364813186,msedge_installer.log,68015
14983,1790364813201,skin.zip,231625
14983,1790364813217,SYS32_Hardware.exe,32671232
15529,1790364813717,bb3a785178f443fda931098a5a9a306b.db.ses,53
15529,1790364813717,FXSAPIDebugLogFile.txt,0
15529,1790364813724,FXSTIFFDebugLogFile.txt,0
15529,1790364813739,MpCmdRun.log,22882
15529,1790364813755,MpSigStub.log,97512
15529,1790364813755,msedge_installer.log,68015
15529,1790364813771,skin.zip,231625
15529,1790364813786,SYS32_Hardware.exe,32671232
16114,1790364814302,bb3a785178f443fda931098a5a9a306b.db.ses,53
16114,1790364814302,FXSAPIDebugLogFile.txt,0
16114,1790364814302,FXSTIFFDebugLogFile.txt,0
16114,1790364814317,MpCmdRun.log,22882
16114,1790364814317,MpSigStub.log,97512
16114,1790364814333,msedge_installer.log,68015
16114,1790364814333,skin.zip,231625
16114,1790364814349,SYS32_Hardware.exe,32671232
16661,1790364814849,bb3a785178f443fda931098a5a9a306b.db.ses,53
16661,1790364814849,FXSAPIDebugLogFile.txt,0
16661,1790364814849,FXSTIFFDebugLogFile.txt,0
16661,1790364814865,MpCmdRun.log,22882
16661,1790364814865,MpSigStub.log,97512
16661,1790364814880,msedge_installer.log,68015
16661,1790364814896,skin.zip,231625
16661,1790364814911,SYS32_Hardware.exe,32671232
17232,1790364815420,bb3a785178f443fda931098a5a9a306b.db.ses,53
17232,1790364815420,FXSAPIDebugLogFile.txt,0
17232,1790364815420,FXSTIFFDebugLogFile.txt,0
17232,1790364815435,MpCmdRun.log,22882
17232,1790364815435,MpSigStub.log,97512
17232,1790364815451,msedge_installer.log,68015
17232,1790364815451,skin.zip,231625
17232,1790364815451,SYS32_Hardware.exe,32671232
17779,1790364815967,bb3a785178f443fda931098a5a9a306b.db.ses,53
17779,1790364815967,FXSAPIDebugLogFile.txt,0
17779,1790364815967,FXSTIFFDebugLogFile.txt,0
17779,1790364815967,MpCmdRun.log,22882
17779,1790364815982,MpSigStub.log,97512
17779,1790364815982,msedge_installer.log,68015
17779,1790364815998,skin.zip,231625
17779,1790364815998,SYS32_Hardware.exe,32671232
18330,1790364816517,bb3a785178f443fda931098a5a9a306b.db.ses,53
18330,1790364816517,FXSAPIDebugLogFile.txt,0
18330,1790364816517,FXSTIFFDebugLogFile.txt,0
18330,1790364816533,MpCmdRun.log,22882
18330,1790364816533,MpSigStub.log,97512
18330,1790364816549,msedge_installer.log,68015
18330,1790364816549,skin.zip,231625
18330,1790364816564,SYS32_Hardware.exe,32671232
18877,1790364817064,bb3a785178f443fda931098a5a9a306b.db.ses,53
18877,1790364817064,FXSAPIDebugLogFile.txt,0
18877,1790364817064,FXSTIFFDebugLogFile.txt,0
18877,1790364817080,MpCmdRun.log,22882
18877,1790364817080,MpSigStub.log,97512
18877,1790364817095,msedge_installer.log,68015
18877,1790364817095,skin.zip,231625
18877,1790364817111,SYS32_Hardware.exe,32671232
19424,1790364817611,bb3a785178f443fda931098a5a9a306b.db.ses,53
19424,1790364817611,FXSAPIDebugLogFile.txt,0
19424,1790364817611,FXSTIFFDebugLogFile.txt,0
19424,1790364817627,MpCmdRun.log,22882
19424,1790364817627,MpSigStub.log,97512
19424,1790364817643,msedge_installer.log,68015
19424,1790364817643,skin.zip,231625
19424,1790364817658,SYS32_Hardware.exe,32671232
19971,1790364818169,bb3a785178f443fda931098a5a9a306b.db.ses,53
19971,1790364818169,FXSAPIDebugLogFile.txt,0
19971,1790364818169,FXSTIFFDebugLogFile.txt,0
19971,1790364818169,MpCmdRun.log,22882
19971,1790364818185,MpSigStub.log,97512
19971,1790364818185,msedge_installer.log,68015
19971,1790364818201,skin.zip,231625
19971,1790364818201,SYS32_Hardware.exe,32671232
20529,1790364818716,bb3a785178f443fda931098a5a9a306b.db.ses,53
20529,1790364818716,FXSAPIDebugLogFile.txt,0
20529,1790364818716,FXSTIFFDebugLogFile.txt,0
20529,1790364818732,MpCmdRun.log,22882
20529,1790364818732,MpSigStub.log,97512
20529,1790364818732,msedge_installer.log,68015
20529,1790364818748,skin.zip,231625
20529,1790364818748,SYS32_Hardware.exe,32671232
21076,1790364819263,bb3a785178f443fda931098a5a9a306b.db.ses,53
21076,1790364819263,FXSAPIDebugLogFile.txt,0
21076,1790364819263,FXSTIFFDebugLogFile.txt,0
21076,1790364819263,MpCmdRun.log,22882
21076,1790364819279,MpSigStub.log,97512
21076,1790364819279,msedge_installer.log,68015
21076,1790364819295,skin.zip,231625
21076,1790364819295,SYS32_Hardware.exe,32671232
21623,1790364819810,bb3a785178f443fda931098a5a9a306b.db.ses,53
21623,1790364819810,FXSAPIDebugLogFile.txt,0
21623,1790364819810,FXSTIFFDebugLogFile.txt,0
21623,1790364819826,MpCmdRun.log,22882
21623,1790364819826,MpSigStub.log,97512
21623,1790364819842,msedge_installer.log,68015
21623,1790364819842,skin.zip,231625
21623,1790364819857,SYS32_Hardware.exe,32671232
22184,1790364820372,bb3a785178f443fda931098a5a9a306b.db.ses,53
22184,1790364820372,FXSAPIDebugLogFile.txt,0
22184,1790364820372,FXSTIFFDebugLogFile.txt,0
22184,1790364820372,MpCmdRun.log,22882
22184,1790364820387,MpSigStub.log,97512
22184,1790364820387,msedge_installer.log,68015
22184,1790364820403,skin.zip,231625
22184,1790364820403,SYS32_Hardware.exe,32671232
22732,1790364820920,bb3a785178f443fda931098a5a9a306b.db.ses,53
22732,1790364820920,FXSAPIDebugLogFile.txt,0
22732,1790364820920,FXSTIFFDebugLogFile.txt,0
22732,1790364820936,MpCmdRun.log,22882
22732,1790364820936,MpSigStub.log,97512
22732,1790364820936,msedge_installer.log,68015
22732,1790364820951,skin.zip,231625
22732,1790364820951,SYS32_Hardware.exe,32671232
23279,1790364821467,bb3a785178f443fda931098a5a9a306b.db.ses,53
23279,1790364821467,FXSAPIDebugLogFile.txt,0
23279,1790364821467,FXSTIFFDebugLogFile.txt,0
23279,1790364821482,MpCmdRun.log,22882
23279,1790364821482,MpSigStub.log,97512
23279,1790364821482,msedge_installer.log,68015
23279,1790364821498,skin.zip,231625
23279,1790364821498,SYS32_Hardware.exe,32671232
23826,1790364822014,bb3a785178f443fda931098a5a9a306b.db.ses,53
23826,1790364822014,FXSAPIDebugLogFile.txt,0
23826,1790364822027,FXSTIFFDebugLogFile.txt,0
23826,1790364822027,MpCmdRun.log,22882
23826,1790364822043,MpSigStub.log,97512
23826,1790364822043,msedge_installer.log,68015
23826,1790364822043,skin.zip,231625
23826,1790364822059,SYS32_Hardware.exe,32671232
24371,1790364822559,bb3a785178f443fda931098a5a9a306b.db.ses,53
24371,1790364822559,FXSAPIDebugLogFile.txt,0
24371,1790364822559,FXSTIFFDebugLogFile.txt,0
24371,1790364822574,MpCmdRun.log,22882
24371,1790364822574,MpSigStub.log,97512
24371,1790364822574,msedge_installer.log,68015
24371,1790364822590,skin.zip,231625
24371,1790364822590,SYS32_Hardware.exe,32671232
24918,1790364823106,bb3a785178f443fda931098a5a9a306b.db.ses,53
24918,1790364823106,FXSAPIDebugLogFile.txt,0
24918,1790364823106,FXSTIFFDebugLogFile.txt,0
24918,1790364823121,MpCmdRun.log,22882
24918,1790364823121,MpSigStub.log,97512
24918,1790364823121,msedge_installer.log,68015
24918,1790364823137,skin.zip,231625
24918,1790364823137,SYS32_Hardware.exe,32671232
25470,1790364823657,bb3a785178f443fda931098a5a9a306b.db.ses,53
25470,1790364823657,FXSAPIDebugLogFile.txt,0
25470,1790364823657,FXSTIFFDebugLogFile.txt,0
25470,1790364823673,MpCmdRun.log,22882
25470,1790364823673,MpSigStub.log,97512
25470,1790364823673,msedge_installer.log,68015
25470,1790364823689,skin.zip,231625
25470,1790364823689,SYS32_Hardware.exe,32671232
26017,1790364824204,bb3a785178f443fda931098a5a9a306b.db.ses,53
26017,1790364824204,FXSAPIDebugLogFile.txt,0
26017,1790364824204,FXSTIFFDebugLogFile.txt,0
26017,1790364824215,MpCmdRun.log,22882
26017,1790364824215,MpSigStub.log,97512
26017,1790364824231,msedge_installer.log,68015
26017,1790364824246,skin.zip,231625
26017,1790364824246,SYS32_Hardware.exe,32671232
26559,1790364824747,bb3a785178f443fda931098a5a9a306b.db.ses,53
26559,1790364824747,FXSAPIDebugLogFile.txt,0
26559,1790364824760,FXSTIFFDebugLogFile.txt,0
26559,1790364824760,MpCmdRun.log,22882
26559,1790364824776,MpSigStub.log,97512
26559,1790364824776,msedge_installer.log,68015
26559,1790364824792,skin.zip,231625
26559,1790364824792,SYS32_Hardware.exe,32671232
27104,1790364825292,bb3a785178f443fda931098a5a9a306b.db.ses,53
27104,1790364825292,FXSAPIDebugLogFile.txt,0
27104,1790364825307,FXSTIFFDebugLogFile.txt,0
27104,1790364825307,MpCmdRun.log,22882
27104,1790364825307,MpSigStub.log,97512
27104,1790364825323,msedge_installer.log,68015
27104,1790364825323,skin.zip,231625
27104,1790364825338,SYS32_Hardware.exe,32671232
27667,1790364825854,bb3a785178f443fda931098a5a9a306b.db.ses,53
27667,1790364825854,FXSAPIDebugLogFile.txt,0
27667,1790364825870,FXSTIFFDebugLogFile.txt,0
27667,1790364825886,MpCmdRun.log,22882
27667,1790364825901,MpSigStub.log,97512
27667,1790364825917,msedge_installer.log,68015
27667,1790364825917,skin.zip,231625
27667,1790364825932,SYS32_Hardware.exe,32671232
28261,1790364826448,bb3a785178f443fda931098a5a9a306b.db.ses,53
28261,1790364826448,FXSAPIDebugLogFile.txt,0
28261,1790364826464,FXSTIFFDebugLogFile.txt,0
28261,1790364826480,MpCmdRun.log,22882
28261,1790364826511,MpSigStub.log,97512
28261,1790364826526,msedge_installer.log,68015
28261,1790364826542,skin.zip,231625
28261,1790364826558,SYS32_Hardware.exe,32671232
28886,1790364827073,bb3a785178f443fda931098a5a9a306b.db.ses,53
28886,1790364827073,FXSAPIDebugLogFile.txt,0
28886,1790364827082,FXSTIFFDebugLogFile.txt,0
28886,1790364827098,MpCmdRun.log,22882
28886,1790364827098,MpSigStub.log,97512
28886,1790364827113,msedge_installer.log,68015
28886,1790364827113,skin.zip,231625
28886,1790364827129,SYS32_Hardware.exe,32671232
29441,1790364827629,bb3a785178f443fda931098a5a9a306b.db.ses,53
29441,1790364827629,FXSAPIDebugLogFile.txt,0
29441,1790364827629,FXSTIFFDebugLogFile.txt,0
29441,1790364827629,MpCmdRun.log,22882
29441,1790364827645,MpSigStub.log,97512
29441,1790364827660,msedge_installer.log,68015
29441,1790364827660,skin.zip,231625
29441,1790364827676,SYS32_Hardware.exe,32671232
29988,1790364828176,bb3a785178f443fda931098a5a9a306b.db.ses,53
29988,1790364828176,FXSAPIDebugLogFile.txt,0
29988,1790364828176,FXSTIFFDebugLogFile.txt,0
29988,1790364828176,MpCmdRun.log,22882
29988,1790364828192,MpSigStub.log,97512
29988,1790364828192,msedge_installer.log,68015
29988,1790364828207,skin.zip,231625
29988,1790364828207,SYS32_Hardware.exe,32671232
30520,1790364828707,bb3a785178f443fda931098a5a9a306b.db.ses,53
30520,1790364828707,FXSAPIDebugLogFile.txt,0
30520,1790364828721,FXSTIFFDebugLogFile.txt,0
30520,1790364828721,MpCmdRun.log,22882
30520,1790364828736,MpSigStub.log,97512
30520,1790364828736,msedge_installer.log,68015
30520,1790364828736,skin.zip,231625
30520,1790364828752,SYS32_Hardware.exe,32671232
31065,1790364829252,bb3a785178f443fda931098a5a9a306b.db.ses,53
31065,1790364829252,FXSAPIDebugLogFile.txt,0
31065,1790364829252,FXSTIFFDebugLogFile.txt,0
31065,1790364829252,MpCmdRun.log,22882
31065,1790364829268,MpSigStub.log,97512
31065,1790364829268,msedge_installer.log,68015
31065,1790364829283,skin.zip,231625
31065,1790364829283,SYS32_Hardware.exe,32671232
31612,1790364829799,bb3a785178f443fda931098a5a9a306b.db.ses,53
31612,1790364829799,FXSAPIDebugLogFile.txt,0
31612,1790364829799,FXSTIFFDebugLogFile.txt,0
31612,1790364829799,MpCmdRun.log,22882
31612,1790364829815,MpSigStub.log,97512
31612,1790364829815,msedge_installer.log,68015
31612,1790364829830,skin.zip,231625
31612,1790364829830,SYS32_Hardware.exe,32671232
32159,1790364830346,bb3a785178f443fda931098a5a9a306b.db.ses,53
32159,1790364830346,FXSAPIDebugLogFile.txt,0
32159,1790364830346,FXSTIFFDebugLogFile.txt,0
32159,1790364830362,MpCmdRun.log,22882
32159,1790364830377,MpSigStub.log,97512
32159,1790364830377,msedge_installer.log,68015
32159,1790364830377,skin.zip,231625
32159,1790364830393,SYS32_Hardware.exe,32671232
32716,1790364830904,bb3a785178f443fda931098a5a9a306b.db.ses,53
32716,1790364830904,FXSAPIDebugLogFile.txt,0
32716,1790364830904,FXSTIFFDebugLogFile.txt,0
32716,1790364830904,MpCmdRun.log,22882
32716,1790364830920,MpSigStub.log,97512
32716,1790364830920,msedge_installer.log,68015
32716,1790364830935,skin.zip,231625
32716,1790364830935,SYS32_Hardware.exe,32671232
33248,1790364831435,bb3a785178f443fda931098a5a9a306b.db.ses,53
33248,1790364831435,FXSAPIDebugLogFile.txt,0
33248,1790364831435,FXSTIFFDebugLogFile.txt,0
33248,1790364831435,MpCmdRun.log,22882
33248,1790364831451,MpSigStub.log,97512
33248,1790364831451,msedge_installer.log,68015
33248,1790364831467,skin.zip,231625
33248,1790364831467,SYS32_Hardware.exe,32671232
33779,1790364831967,bb3a785178f443fda931098a5a9a306b.db.ses,53
33779,1790364831967,FXSAPIDebugLogFile.txt,0
33779,1790364831967,FXSTIFFDebugLogFile.txt,0
33779,1790364831967,MpCmdRun.log,22882
33779,1790364831982,MpSigStub.log,97512
33779,1790364831982,msedge_installer.log,68015
33779,1790364831998,skin.zip,231625
33779,1790364831998,SYS32_Hardware.exe,32671232
34310,1790364832498,bb3a785178f443fda931098a5a9a306b.db.ses,53
34310,1790364832498,FXSAPIDebugLogFile.txt,0
34310,1790364832498,FXSTIFFDebugLogFile.txt,0
34310,1790364832498,MpCmdRun.log,22882
34310,1790364832514,MpSigStub.log,97512
34310,1790364832514,msedge_installer.log,68015
34310,1790364832529,skin.zip,231625
34310,1790364832529,SYS32_Hardware.exe,32671232
34842,1790364833030,bb3a785178f443fda931098a5a9a306b.db.ses,53
34842,1790364833030,FXSAPIDebugLogFile.txt,0
34842,1790364833030,FXSTIFFDebugLogFile.txt,0
34842,1790364833030,MpCmdRun.log,22882
34842,1790364833045,MpSigStub.log,97512
34842,1790364833045,msedge_installer.log,68015
34842,1790364833061,skin.zip,231625
34842,1790364833061,SYS32_Hardware.exe,32671232
35373,1790364833561,bb3a785178f443fda931098a5a9a306b.db.ses,53
35373,1790364833561,FXSAPIDebugLogFile.txt,0
35373,1790364833566,FXSTIFFDebugLogFile.txt,0
35373,1790364833566,MpCmdRun.log,22882
35373,1790364833582,MpSigStub.log,97512
35373,1790364833582,msedge_installer.log,68015
35373,1790364833582,skin.zip,231625
35373,1790364833597,SYS32_Hardware.exe,32671232
35910,1790364834097,bb3a785178f443fda931098a5a9a306b.db.ses,53
35910,1790364834107,FXSAPIDebugLogFile.txt,0
35910,1790364834107,FXSTIFFDebugLogFile.txt,0
35910,1790364834123,MpCmdRun.log,22882
35910,1790364834123,MpSigStub.log,97512
35910,1790364834138,msedge_installer.log,68015
35910,1790364834154,skin.zip,231625
35910,1790364834154,SYS32_Hardware.exe,32671232
36482,1790364834670,bb3a785178f443fda931098a5a9a306b.db.ses,53
36482,1790364834670,FXSAPIDebugLogFile.txt,0
36482,1790364834670,FXSTIFFDebugLogFile.txt,0
36482,1790364834670,MpCmdRun.log,22882
36482,1790364834685,MpSigStub.log,97512
36482,1790364834685,msedge_installer.log,68015
36482,1790364834701,skin.zip,231625
36482,1790364834717,SYS32_Hardware.exe,32671232
37029,1790364835217,bb3a785178f443fda931098a5a9a306b.db.ses,53
37029,1790364835217,FXSAPIDebugLogFile.txt,0
37029,1790364835217,FXSTIFFDebugLogFile.txt,0
37029,1790364835217,MpCmdRun.log,22882
37029,1790364835232,MpSigStub.log,97512
37029,1790364835232,msedge_installer.log,68015
37029,1790364835248,skin.zip,231625
37029,1790364835248,SYS32_Hardware.exe,32671232
37560,1790364835748,bb3a785178f443fda931098a5a9a306b.db.ses,53
37560,1790364835748,FXSAPIDebugLogFile.txt,0
37560,1790364835748,FXSTIFFDebugLogFile.txt,0
37560,1790364835748,MpCmdRun.log,22882
37560,1790364835764,MpSigStub.log,97512
37560,1790364835764,msedge_installer.log,68015
37560,1790364835779,skin.zip,231625
37560,1790364835779,SYS32_Hardware.exe,32671232
38092,1790364836280,bb3a785178f443fda931098a5a9a306b.db.ses,53
38092,1790364836280,FXSAPIDebugLogFile.txt,0
38092,1790364836280,FXSTIFFDebugLogFile.txt,0
38092,1790364836295,MpCmdRun.log,22882
38092,1790364836295,MpSigStub.log,97512
38092,1790364836295,msedge_installer.log,68015
38092,1790364836311,skin.zip,231625
38092,1790364836311,SYS32_Hardware.exe,32671232
38639,1790364836827,bb3a785178f443fda931098a5a9a306b.db.ses,53
38639,1790364836827,FXSAPIDebugLogFile.txt,0
38639,1790364836827,FXSTIFFDebugLogFile.txt,0
38639,1790364836842,MpCmdRun.log,22882
38639,1790364836858,MpSigStub.log,97512
38639,1790364836858,msedge_installer.log,68015
38639,1790364836858,skin.zip,231625
38639,1790364836873,SYS32_Hardware.exe,32671232
39187,1790364837375,bb3a785178f443fda931098a5a9a306b.db.ses,53
39187,1790364837375,FXSAPIDebugLogFile.txt,0
39187,1790364837390,FXSTIFFDebugLogFile.txt,0
39187,1790364837390,MpCmdRun.log,22882
39187,1790364837406,MpSigStub.log,97512
39187,1790364837406,msedge_installer.log,68015
39187,1790364837406,skin.zip,231625
39187,1790364837421,SYS32_Hardware.exe,32671232
39748,1790364837935,bb3a785178f443fda931098a5a9a306b.db.ses,53
39748,1790364837935,FXSAPIDebugLogFile.txt,0
39748,1790364837935,FXSTIFFDebugLogFile.txt,0
39748,1790364837935,MpCmdRun.log,22882
39748,1790364837951,MpSigStub.log,97512
39748,1790364837951,msedge_installer.log,68015
39748,1790364837966,skin.zip,231625
39748,1790364837966,SYS32_Hardware.exe,32671232
40279,1790364838467,bb3a785178f443fda931098a5a9a306b.db.ses,53
40279,1790364838467,FXSAPIDebugLogFile.txt,0
40279,1790364838471,FXSTIFFDebugLogFile.txt,0
40279,1790364838471,MpCmdRun.log,22882
40279,1790364838487,MpSigStub.log,97512
40279,1790364838487,msedge_installer.log,68015
40279,1790364838502,skin.zip,231625
40279,1790364838502,SYS32_Hardware.exe,32671232
40831,1790364839018,bb3a785178f443fda931098a5a9a306b.db.ses,53
40831,1790364839018,FXSAPIDebugLogFile.txt,0
40831,1790364839018,FXSTIFFDebugLogFile.txt,0
40831,1790364839034,MpCmdRun.log,22882
40831,1790364839050,MpSigStub.log,97512
40831,1790364839065,msedge_installer.log,68015
40831,1790364839081,skin.zip,231625
40831,1790364839081,SYS32_Hardware.exe,32671232
41409,1790364839596,bb3a785178f443fda931098a5a9a306b.db.ses,53
41409,1790364839596,FXSAPIDebugLogFile.txt,0
41409,1790364839596,FXSTIFFDebugLogFile.txt,0
41409,1790364839596,MpCmdRun.log,22882
41409,1790364839612,MpSigStub.log,97512
41409,1790364839612,msedge_installer.log,68015
41409,1790364839628,skin.zip,231625
41409,1790364839628,SYS32_Hardware.exe,32671232
41940,1790364840128,bb3a785178f443fda931098a5a9a306b.db.ses,53
41940,1790364840128,FXSAPIDebugLogFile.txt,0
41940,1790364840128,FXSTIFFDebugLogFile.txt,0
41940,1790364840128,MpCmdRun.log,22882
41940,1790364840143,MpSigStub.log,97512
41940,1790364840143,msedge_installer.log,68015
41940,1790364840159,skin.zip,231625
41940,1790364840159,SYS32_Hardware.exe,32671232
42471,1790364840659,bb3a785178f443fda931098a5a9a306b.db.ses,53
42471,1790364840659,FXSAPIDebugLogFile.txt,0
42471,1790364840659,FXSTIFFDebugLogFile.txt,0
42471,1790364840675,MpCmdRun.log,22882
42471,1790364840675,MpSigStub.log,97512
42471,1790364840675,msedge_installer.log,68015
42471,1790364840691,skin.zip,231625
42471,1790364840691,SYS32_Hardware.exe,32671232
43003,1790364841191,bb3a785178f443fda931098a5a9a306b.db.ses,53
43003,1790364841191,FXSAPIDebugLogFile.txt,0
43003,1790364841191,FXSTIFFDebugLogFile.txt,0
43003,1790364841191,MpCmdRun.log,22882
43003,1790364841206,MpSigStub.log,97512
43003,1790364841206,msedge_installer.log,68015
43003,1790364841222,skin.zip,231625
43003,1790364841222,SYS32_Hardware.exe,32671232
43534,1790364841722,bb3a785178f443fda931098a5a9a306b.db.ses,53
43534,1790364841722,FXSAPIDebugLogFile.txt,0
43534,1790364841722,FXSTIFFDebugLogFile.txt,0
43534,1790364841722,MpCmdRun.log,22882
43534,1790364841738,MpSigStub.log,97512
43534,1790364841738,msedge_installer.log,68015
43534,1790364841753,skin.zip,231625
43534,1790364841753,SYS32_Hardware.exe,32671232
44093,1790364842280,bb3a785178f443fda931098a5a9a306b.db.ses,53
44093,1790364842280,FXSAPIDebugLogFile.txt,0
44093,1790364842280,FXSTIFFDebugLogFile.txt,0
44093,1790364842296,MpCmdRun.log,22882
44093,1790364842296,MpSigStub.log,97512
44093,1790364842312,msedge_installer.log,68015
44093,1790364842312,skin.zip,231625
44093,1790364842327,SYS32_Hardware.exe,32671232
44640,1790364842827,bb3a785178f443fda931098a5a9a306b.db.ses,53
44640,1790364842837,FXSAPIDebugLogFile.txt,0
44640,1790364842837,FXSTIFFDebugLogFile.txt,0
44640,1790364842837,MpCmdRun.log,22882
44640,1790364842853,MpSigStub.log,97512
44640,1790364842868,msedge_installer.log,68015
44640,1790364842884,skin.zip,231625
44640,1790364842900,SYS32_Hardware.exe,32671232
45217,1790364843404,bb3a785178f443fda931098a5a9a306b.db.ses,53
45217,1790364843404,FXSAPIDebugLogFile.txt,0
45217,1790364843404,FXSTIFFDebugLogFile.txt,0
45217,1790364843420,MpCmdRun.log,22882
45217,1790364843420,MpSigStub.log,97512
45217,1790364843435,msedge_installer.log,68015
45217,1790364843435,skin.zip,231625
45217,1790364843451,SYS32_Hardware.exe,32671232
45763,1790364843962,bb3a785178f443fda931098a5a9a306b.db.ses,53
45763,1790364843962,FXSAPIDebugLogFile.txt,0
45763,1790364843962,FXSTIFFDebugLogFile.txt,0
45763,1790364843962,MpCmdRun.log,22882
45763,1790364843977,MpSigStub.log,97512
45763,1790364843977,msedge_installer.log,68015
45763,1790364843993,skin.zip,231625
45763,1790364843993,SYS32_Hardware.exe,32671232
46306,1790364844493,bb3a785178f443fda931098a5a9a306b.db.ses,53
46306,1790364844493,FXSAPIDebugLogFile.txt,0
46306,1790364844493,FXSTIFFDebugLogFile.txt,0
46306,1790364844509,MpCmdRun.log,22882
46306,1790364844509,MpSigStub.log,97512
46306,1790364844509,msedge_installer.log,68015
46306,1790364844525,skin.zip,231625
46306,1790364844525,SYS32_Hardware.exe,32671232
46852,1790364845040,bb3a785178f443fda931098a5a9a306b.db.ses,53
46852,1790364845040,FXSAPIDebugLogFile.txt,0
46852,1790364845040,FXSTIFFDebugLogFile.txt,0
46852,1790364845040,MpCmdRun.log,22882
46852,1790364845056,MpSigStub.log,97512
46852,1790364845056,msedge_installer.log,68015
46852,1790364845072,skin.zip,231625
46852,1790364845072,SYS32_Hardware.exe,32671232
47384,1790364845572,bb3a785178f443fda931098a5a9a306b.db.ses,53
47384,1790364845572,FXSAPIDebugLogFile.txt,0
47384,1790364845572,FXSTIFFDebugLogFile.txt,0
47384,1790364845572,MpCmdRun.log,22882
47384,1790364845587,MpSigStub.log,97512
47384,1790364845587,msedge_installer.log,68015
47384,1790364845603,skin.zip,231625
47384,1790364845603,SYS32_Hardware.exe,32671232
47915,1790364846103,bb3a785178f443fda931098a5a9a306b.db.ses,53
47915,1790364846103,FXSAPIDebugLogFile.txt,0
47915,1790364846103,FXSTIFFDebugLogFile.txt,0
47915,1790364846103,MpCmdRun.log,22882
47915,1790364846119,MpSigStub.log,97512
47915,1790364846119,msedge_installer.log,68015
47915,1790364846134,skin.zip,231625
47915,1790364846134,SYS32_Hardware.exe,32671232
48447,1790364846634,bb3a785178f443fda931098a5a9a306b.db.ses,53
48447,1790364846634,FXSAPIDebugLogFile.txt,0
48447,1790364846634,FXSTIFFDebugLogFile.txt,0
48447,1790364846634,MpCmdRun.log,22882
48447,1790364846650,MpSigStub.log,97512
48447,1790364846650,msedge_installer.log,68015
48447,1790364846666,skin.zip,231625
48447,1790364846666,SYS32_Hardware.exe,32671232
48978,1790364847166,bb3a785178f443fda931098a5a9a306b.db.ses,53
48978,1790364847181,FXSAPIDebugLogFile.txt,0
48978,1790364847181,FXSTIFFDebugLogFile.txt,0
48978,1790364847181,MpCmdRun.log,22882
48978,1790364847197,MpSigStub.log,97512
48978,1790364847197,msedge_installer.log,68015
48978,1790364847213,skin.zip,231625
48978,1790364847213,SYS32_Hardware.exe,32671232
49541,1790364847728,bb3a785178f443fda931098a5a9a306b.db.ses,53
49541,1790364847728,FXSAPIDebugLogFile.txt,0
49541,1790364847728,FXSTIFFDebugLogFile.txt,0
49541,1790364847728,MpCmdRun.log,22882
49541,1790364847744,MpSigStub.log,97512
49541,1790364847744,msedge_installer.log,68015
49541,1790364847760,skin.zip,231625
49541,1790364847760,SYS32_Hardware.exe,32671232
50072,1790364848260,bb3a785178f443fda931098a5a9a306b.db.ses,53
50072,1790364848260,FXSAPIDebugLogFile.txt,0
50072,1790364848277,FXSTIFFDebugLogFile.txt,0
50072,1790364848277,MpCmdRun.log,22882
50072,1790364848291,MpSigStub.log,97512
50072,1790364848307,msedge_installer.log,68015
50072,1790364848322,skin.zip,231625
50072,1790364848338,SYS32_Hardware.exe,32671232
50650,1790364848838,bb3a785178f443fda931098a5a9a306b.db.ses,53
50650,1790364848838,FXSAPIDebugLogFile.txt,0
50650,1790364848838,FXSTIFFDebugLogFile.txt,0
50650,1790364848838,MpCmdRun.log,22882
50650,1790364848854,MpSigStub.log,97512
50650,1790364848869,msedge_installer.log,68015
50650,1790364848869,skin.zip,231625
50650,1790364848885,SYS32_Hardware.exe,32671232
51197,1790364849385,bb3a785178f443fda931098a5a9a306b.db.ses,53
51197,1790364849385,FXSAPIDebugLogFile.txt,0
51197,1790364849385,FXSTIFFDebugLogFile.txt,0
51197,1790364849385,MpCmdRun.log,22882
51197,1790364849400,MpSigStub.log,97512
51197,1790364849400,msedge_installer.log,68015
51197,1790364849416,skin.zip,231625
51197,1790364849416,SYS32_Hardware.exe,32671232
51748,1790364849935,bb3a785178f443fda931098a5a9a306b.db.ses,53
51748,1790364849935,FXSAPIDebugLogFile.txt,0
51748,1790364849951,FXSTIFFDebugLogFile.txt,0
51748,1790364849951,MpCmdRun.log,22882
51748,1790364849966,MpSigStub.log,97512
51748,1790364849966,msedge_installer.log,68015
51748,1790364849966,skin.zip,231625
51748,1790364849982,SYS32_Hardware.exe,32671232
52294,1790364850482,bb3a785178f443fda931098a5a9a306b.db.ses,53
52294,1790364850482,FXSAPIDebugLogFile.txt,0
52294,1790364850482,FXSTIFFDebugLogFile.txt,0
52294,1790364850482,MpCmdRun.log,22882
52294,1790364850498,MpSigStub.log,97512
52294,1790364850498,msedge_installer.log,68015
52294,1790364850513,skin.zip,231625
52294,1790364850513,SYS32_Hardware.exe,32671232
52826,1790364851013,bb3a785178f443fda931098a5a9a306b.db.ses,53
52826,1790364851013,FXSAPIDebugLogFile.txt,0
52826,1790364851013,FXSTIFFDebugLogFile.txt,0
52826,1790364851029,MpCmdRun.log,22882
52826,1790364851029,MpSigStub.log,97512
52826,1790364851029,msedge_installer.log,68015
52826,1790364851044,skin.zip,231625
52826,1790364851060,SYS32_Hardware.exe,32671232
53372,1790364851560,bb3a785178f443fda931098a5a9a306b.db.ses,53
53372,1790364851560,FXSAPIDebugLogFile.txt,0
53372,1790364851560,FXSTIFFDebugLogFile.txt,0
53372,1790364851576,MpCmdRun.log,22882
53372,1790364851576,MpSigStub.log,97512
53372,1790364851576,msedge_installer.log,68015
53372,1790364851591,skin.zip,231625
53372,1790364851591,SYS32_Hardware.exe,32671232
53919,1790364852107,bb3a785178f443fda931098a5a9a306b.db.ses,53
53919,1790364852107,FXSAPIDebugLogFile.txt,0
53919,1790364852120,FXSTIFFDebugLogFile.txt,0
53919,1790364852120,MpCmdRun.log,22882
53919,1790364852136,MpSigStub.log,97512
53919,1790364852136,msedge_installer.log,68015
53919,1790364852136,skin.zip,231625
53919,1790364852152,SYS32_Hardware.exe,32671232
54470,1790364852658,bb3a785178f443fda931098a5a9a306b.db.ses,53
54470,1790364852658,FXSAPIDebugLogFile.txt,0
54470,1790364852658,FXSTIFFDebugLogFile.txt,0
54470,1790364852658,MpCmdRun.log,22882
54470,1790364852673,MpSigStub.log,97512
54470,1790364852673,msedge_installer.log,68015
54470,1790364852689,skin.zip,231625
54470,1790364852689,SYS32_Hardware.exe,32671232
55017,1790364853205,bb3a785178f443fda931098a5a9a306b.db.ses,53
55017,1790364853205,FXSAPIDebugLogFile.txt,0
55017,1790364853205,FXSTIFFDebugLogFile.txt,0
55017,1790364853205,MpCmdRun.log,22882
55017,1790364853220,MpSigStub.log,97512
55017,1790364853220,msedge_installer.log,68015
55017,1790364853236,skin.zip,231625
55017,1790364853236,SYS32_Hardware.exe,32671232
55564,1790364853752,bb3a785178f443fda931098a5a9a306b.db.ses,53
55564,1790364853752,FXSAPIDebugLogFile.txt,0
55564,1790364853756,FXSTIFFDebugLogFile.txt,0
55564,1790364853764,MpCmdRun.log,22882
55564,1790364853764,MpSigStub.log,97512
55564,1790364853779,msedge_installer.log,68015
55564,1790364853779,skin.zip,231625
55564,1790364853795,SYS32_Hardware.exe,32671232
56108,1790364854295,bb3a785178f443fda931098a5a9a306b.db.ses,53
56108,1790364854295,FXSAPIDebugLogFile.txt,0
56108,1790364854295,FXSTIFFDebugLogFile.txt,0
56108,1790364854311,MpCmdRun.log,22882
56108,1790364854311,MpSigStub.log,97512
56108,1790364854326,msedge_installer.log,68015
56108,1790364854326,skin.zip,231625
56108,1790364854342,SYS32_Hardware.exe,32671232
56655,1790364854842,bb3a785178f443fda931098a5a9a306b.db.ses,53
56655,1790364854842,FXSAPIDebugLogFile.txt,0
56655,1790364854842,FXSTIFFDebugLogFile.txt,0
56655,1790364854858,MpCmdRun.log,22882
56655,1790364854858,MpSigStub.log,97512
56655,1790364854858,msedge_installer.log,68015
56655,1790364854873,skin.zip,231625
56655,1790364854873,SYS32_Hardware.exe,32671232
57186,1790364855373,bb3a785178f443fda931098a5a9a306b.db.ses,53
57186,1790364855373,FXSAPIDebugLogFile.txt,0
57186,1790364855373,FXSTIFFDebugLogFile.txt,0
57186,1790364855373,MpCmdRun.log,22882
57186,1790364855389,MpSigStub.log,97512
57186,1790364855389,msedge_installer.log,68015
57186,1790364855405,skin.zip,231625
57186,1790364855405,SYS32_Hardware.exe,32671232
57747,1790364855935,bb3a785178f443fda931098a5a9a306b.db.ses,53
57747,1790364855935,FXSAPIDebugLogFile.txt,0
57747,1790364855935,FXSTIFFDebugLogFile.txt,0
57747,1790364855951,MpCmdRun.log,22882
57747,1790364855951,MpSigStub.log,97512
57747,1790364855951,msedge_installer.log,68015
57747,1790364855966,skin.zip,231625
57747,1790364855966,SYS32_Hardware.exe,32671232
58279,1790364856467,bb3a785178f443fda931098a5a9a306b.db.ses,53
58279,1790364856467,FXSAPIDebugLogFile.txt,0
58279,1790364856467,FXSTIFFDebugLogFile.txt,0
58279,1790364856482,MpCmdRun.log,22882
58279,1790364856482,MpSigStub.log,97512
58279,1790364856482,msedge_installer.log,68015
58279,1790364856498,skin.zip,231625
58279,1790364856498,SYS32_Hardware.exe,32671232
58810,1790364856998,bb3a785178f443fda931098a5a9a306b.db.ses,53
58810,1790364856998,FXSAPIDebugLogFile.txt,0
58810,1790364856998,FXSTIFFDebugLogFile.txt,0
58810,1790364856998,MpCmdRun.log,22882
58810,1790364857014,MpSigStub.log,97512
58810,1790364857014,msedge_installer.log,68015
58810,1790364857029,skin.zip,231625
58810,1790364857029,SYS32_Hardware.exe,32671232
59352,1790364857540,bb3a785178f443fda931098a5a9a306b.db.ses,53
59352,1790364857540,FXSAPIDebugLogFile.txt,0
59352,1790364857540,FXSTIFFDebugLogFile.txt,0
59352,1790364857540,MpCmdRun.log,22882
59352,1790364857555,MpSigStub.log,97512
59352,1790364857555,msedge_installer.log,68015
59352,1790364857571,skin.zip,231625
59352,1790364857571,SYS32_Hardware.exe,32671232
59883,1790364858071,bb3a785178f443fda931098a5a9a306b.db.ses,53
59883,1790364858071,FXSAPIDebugLogFile.txt,0
59883,1790364858085,FXSTIFFDebugLogFile.txt,0
59883,1790364858085,MpCmdRun.log,22882
59883,1790364858100,MpSigStub.log,97512
59883,1790364858100,msedge_installer.log,68015
59883,1790364858100,skin.zip,231625
59883,1790364858116,SYS32_Hardware.exe,32671232
60428,1790364858616,bb3a785178f443fda931098a5a9a306b.db.ses,53
60428,1790364858616,FXSAPIDebugLogFile.txt,0
60428,1790364858616,FXSTIFFDebugLogFile.txt,0
60428,1790364858632,MpCmdRun.log,22882
60428,1790364858632,MpSigStub.log,97512
60428,1790364858632,msedge_installer.log,68015
60428,1790364858647,skin.zip,231625
60428,1790364858647,SYS32_Hardware.exe,32671232
60975,1790364859163,bb3a785178f443fda931098a5a9a306b.db.ses,53
60975,1790364859163,FXSAPIDebugLogFile.txt,0
60975,1790364859163,FXSTIFFDebugLogFile.txt,0
60975,1790364859179,MpCmdRun.log,22882
60975,1790364859179,MpSigStub.log,97512
60975,1790364859194,msedge_installer.log,68015
60975,1790364859194,skin.zip,231625
60975,1790364859210,SYS32_Hardware.exe,32671232
61522,1790364859710,bb3a785178f443fda931098a5a9a306b.db.ses,53
61522,1790364859710,FXSAPIDebugLogFile.txt,0
61522,1790364859710,FXSTIFFDebugLogFile.txt,0
61522,1790364859710,MpCmdRun.log,22882
61522,1790364859726,MpSigStub.log,97512
61522,1790364859726,msedge_installer.log,68015
61522,1790364859741,skin.zip,231625
61522,1790364859741,SYS32_Hardware.exe,32671232
62071,1790364860259,bb3a785178f443fda931098a5a9a306b.db.ses,53
62071,1790364860259,FXSAPIDebugLogFile.txt,0
62071,1790364860259,FXSTIFFDebugLogFile.txt,0
62071,1790364860259,MpCmdRun.log,22882
62071,1790364860275,MpSigStub.log,97512
62071,1790364860275,msedge_installer.log,68015
62071,1790364860290,skin.zip,231625
62071,1790364860290,SYS32_Hardware.exe,32671232
62603,1790364860791,bb3a785178f443fda931098a5a9a306b.db.ses,53
62603,1790364860791,FXSAPIDebugLogFile.txt,0
62603,1790364860791,FXSTIFFDebugLogFile.txt,0
62603,1790364860791,MpCmdRun.log,22882
62603,1790364860806,MpSigStub.log,97512
62603,1790364860806,msedge_installer.log,68015
62603,1790364860822,skin.zip,231625
62603,1790364860822,SYS32_Hardware.exe,32671232
63134,1790364861322,bb3a785178f443fda931098a5a9a306b.db.ses,53
63134,1790364861332,FXSAPIDebugLogFile.txt,0
63134,1790364861332,FXSTIFFDebugLogFile.txt,0
63134,1790364861332,MpCmdRun.log,22882
63134,1790364861347,MpSigStub.log,97512
63134,1790364861347,msedge_installer.log,68015
63134,1790364861363,skin.zip,231625
63134,1790364861363,SYS32_Hardware.exe,32671232
63675,1790364861863,bb3a785178f443fda931098a5a9a306b.db.ses,53
63675,1790364861863,FXSAPIDebugLogFile.txt,0
63675,1790364861863,FXSTIFFDebugLogFile.txt,0
63675,1790364861863,MpCmdRun.log,22882
63675,1790364861879,MpSigStub.log,97512
63675,1790364861879,msedge_installer.log,68015
63675,1790364861894,skin.zip,231625
63675,1790364861894,SYS32_Hardware.exe,32671232
64232,1790364862420,bb3a785178f443fda931098a5a9a306b.db.ses,53
64232,1790364862420,FXSAPIDebugLogFile.txt,0
64232,1790364862420,FXSTIFFDebugLogFile.txt,0
64232,1790364862435,MpCmdRun.log,22882
64232,1790364862451,MpSigStub.log,97512
64232,1790364862451,msedge_installer.log,68015
64232,1790364862451,skin.zip,231625
64232,1790364862467,SYS32_Hardware.exe,32671232
64779,1790364862967,bb3a785178f443fda931098a5a9a306b.db.ses,53
64779,1790364862967,FXSAPIDebugLogFile.txt,0
64779,1790364862967,FXSTIFFDebugLogFile.txt,0
64779,1790364862967,MpCmdRun.log,22882
64779,1790364862982,MpSigStub.log,97512
64779,1790364862982,msedge_installer.log,68015
64779,1790364862998,skin.zip,231625
64779,1790364862998,SYS32_Hardware.exe,32671232
65310,1790364863498,bb3a785178f443fda931098a5a9a306b.db.ses,53
65310,1790364863498,FXSAPIDebugLogFile.txt,0
65310,1790364863514,FXSTIFFDebugLogFile.txt,0
65310,1790364863514,MpCmdRun.log,22882
65310,1790364863529,MpSigStub.log,97512
65310,1790364863529,msedge_installer.log,68015
65310,1790364863529,skin.zip,231625
65310,1790364863545,SYS32_Hardware.exe,32671232
65873,1790364864061,bb3a785178f443fda931098a5a9a306b.db.ses,53
65873,1790364864061,FXSAPIDebugLogFile.txt,0
65873,1790364864061,FXSTIFFDebugLogFile.txt,0
65873,1790364864061,MpCmdRun.log,22882
65873,1790364864076,MpSigStub.log,97512
65873,1790364864076,msedge_installer.log,68015
65873,1790364864092,skin.zip,231625
65873,1790364864092,SYS32_Hardware.exe,32671232
66404,1790364864592,bb3a785178f443fda931098a5a9a306b.db.ses,53
66404,1790364864592,FXSAPIDebugLogFile.txt,0
66404,1790364864592,FXSTIFFDebugLogFile.txt,0
66404,1790364864592,MpCmdRun.log,22882
66404,1790364864608,MpSigStub.log,97512
66404,1790364864608,msedge_installer.log,68015
66404,1790364864623,skin.zip,231625
66404,1790364864623,SYS32_Hardware.exe,32671232
66936,1790364865123,bb3a785178f443fda931098a5a9a306b.db.ses,53
66936,1790364865123,FXSAPIDebugLogFile.txt,0
66936,1790364865123,FXSTIFFDebugLogFile.txt,0
66936,1790364865139,MpCmdRun.log,22882
66936,1790364865139,MpSigStub.log,97512
66936,1790364865155,msedge_installer.log,68015
66936,1790364865155,skin.zip,231625
66936,1790364865170,SYS32_Hardware.exe,32671232
67496,1790364865683,bb3a785178f443fda931098a5a9a306b.db.ses,53
67496,1790364865683,FXSAPIDebugLogFile.txt,0
67496,1790364865683,FXSTIFFDebugLogFile.txt,0
67496,1790364865699,MpCmdRun.log,22882
67496,1790364865699,MpSigStub.log,97512
67496,1790364865711,msedge_installer.log,68015
67496,1790364865711,skin.zip,231625
67496,1790364865727,SYS32_Hardware.exe,32671232
68039,1790364866227,bb3a785178f443fda931098a5a9a306b.db.ses,53
68039,1790364866227,FXSAPIDebugLogFile.txt,0
68039,1790364866241,FXSTIFFDebugLogFile.txt,0
68039,1790364866241,MpCmdRun.log,22882
68039,1790364866257,MpSigStub.log,97512
68039,1790364866257,msedge_installer.log,68015
68039,1790364866272,skin.zip,231625
68039,1790364866272,SYS32_Hardware.exe,32671232
68608,1790364866795,bb3a785178f443fda931098a5a9a306b.db.ses,53
68608,1790364866795,FXSAPIDebugLogFile.txt,0
68608,1790364866811,FXSTIFFDebugLogFile.txt,0
68608,1790364866811,MpCmdRun.log,22882
68608,1790364866827,MpSigStub.log,97512
68608,1790364866827,msedge_installer.log,68015
68608,1790364866842,skin.zip,231625
68608,1790364866858,SYS32_Hardware.exe,32671232
69184,1790364867372,bb3a785178f443fda931098a5a9a306b.db.ses,53
69184,1790364867372,FXSAPIDebugLogFile.txt,0
69184,1790364867372,FXSTIFFDebugLogFile.txt,0
69184,1790364867372,MpCmdRun.log,22882
69184,1790364867387,MpSigStub.log,97512
69184,1790364867387,msedge_installer.log,68015
69184,1790364867403,skin.zip,231625
69184,1790364867403,SYS32_Hardware.exe,32671232
69732,1790364867920,bb3a785178f443fda931098a5a9a306b.db.ses,53
69732,1790364867920,FXSAPIDebugLogFile.txt,0
69732,1790364867927,FXSTIFFDebugLogFile.txt,0
69732,1790364867942,MpCmdRun.log,22882
69732,1790364867958,MpSigStub.log,97512
69732,1790364867958,msedge_installer.log,68015
69732,1790364867974,skin.zip,231625
69732,1790364867989,SYS32_Hardware.exe,32671232
70302,1790364868489,bb3a785178f443fda931098a5a9a306b.db.ses,53
70302,1790364868489,FXSAPIDebugLogFile.txt,0
70302,1790364868489,FXSTIFFDebugLogFile.txt,0
70302,1790364868489,MpCmdRun.log,22882
70302,1790364868505,MpSigStub.log,97512
70302,1790364868505,msedge_installer.log,68015
70302,1790364868521,skin.zip,231625
70302,1790364868521,SYS32_Hardware.exe,32671232
70862,1790364869050,bb3a785178f443fda931098a5a9a306b.db.ses,53
70862,1790364869050,FXSAPIDebugLogFile.txt,0
70862,1790364869050,FXSTIFFDebugLogFile.txt,0
70862,1790364869050,MpCmdRun.log,22882
70862,1790364869065,MpSigStub.log,97512
70862,1790364869065,msedge_installer.log,68015
70862,1790364869065,skin.zip,231625
70862,1790364869081,SYS32_Hardware.exe,32671232
71394,1790364869581,bb3a785178f443fda931098a5a9a306b.db.ses,53
71394,1790364869581,FXSAPIDebugLogFile.txt,0
71394,1790364869597,FXSTIFFDebugLogFile.txt,0
71394,1790364869597,MpCmdRun.log,22882
71394,1790364869612,MpSigStub.log,97512
71394,1790364869628,msedge_installer.log,68015
71394,1790364869628,skin.zip,231625
71394,1790364869644,SYS32_Hardware.exe,32671232
71972,1790364870159,bb3a785178f443fda931098a5a9a306b.db.ses,53
71972,1790364870159,FXSAPIDebugLogFile.txt,0
71972,1790364870159,FXSTIFFDebugLogFile.txt,0
71972,1790364870159,MpCmdRun.log,22882
71972,1790364870175,MpSigStub.log,97512
71972,1790364870175,msedge_installer.log,68015
71972,1790364870191,skin.zip,231625
71972,1790364870191,SYS32_Hardware.exe,32671232
72503,1790364870691,bb3a785178f443fda931098a5a9a306b.db.ses,53
72503,1790364870691,FXSAPIDebugLogFile.txt,0
72503,1790364870691,FXSTIFFDebugLogFile.txt,0
72503,1790364870706,MpCmdRun.log,22882
72503,1790364870706,MpSigStub.log,97512
72503,1790364870706,msedge_installer.log,68015
72503,1790364870722,skin.zip,231625
72503,1790364870722,SYS32_Hardware.exe,32671232
73050,1790364871238,bb3a785178f443fda931098a5a9a306b.db.ses,53
73050,1790364871248,FXSAPIDebugLogFile.txt,0
73050,1790364871248,FXSTIFFDebugLogFile.txt,0
73050,1790364871263,MpCmdRun.log,22882
73050,1790364871263,MpSigStub.log,97512
73050,1790364871279,msedge_installer.log,68015
73050,1790364871279,skin.zip,231625
73050,1790364871295,SYS32_Hardware.exe,32671232
73607,1790364871795,bb3a785178f443fda931098a5a9a306b.db.ses,53
73607,1790364871795,FXSAPIDebugLogFile.txt,0
73607,1790364871810,FXSTIFFDebugLogFile.txt,0
73607,1790364871810,MpCmdRun.log,22882
73607,1790364871826,MpSigStub.log,97512
73607,1790364871826,msedge_installer.log,68015
73607,1790364871841,skin.zip,231625
73607,1790364871841,SYS32_Hardware.exe,32671232
74184,1790364872372,bb3a785178f443fda931098a5a9a306b.db.ses,53
74184,1790364872372,FXSAPIDebugLogFile.txt,0
74184,1790364872372,FXSTIFFDebugLogFile.txt,0
74184,1790364872387,MpCmdRun.log,22882
74184,1790364872387,MpSigStub.log,97512
74184,1790364872387,msedge_installer.log,68015
74184,1790364872403,skin.zip,231625
74184,1790364872403,SYS32_Hardware.exe,32671232
74732,1790364872920,bb3a785178f443fda931098a5a9a306b.db.ses,53
74732,1790364872920,FXSAPIDebugLogFile.txt,0
74732,1790364872920,FXSTIFFDebugLogFile.txt,0
74732,1790364872935,MpCmdRun.log,22882
74732,1790364872935,MpSigStub.log,97512
74732,1790364872935,msedge_installer.log,68015
74732,1790364872951,skin.zip,231625
74732,1790364872951,SYS32_Hardware.exe,32671232
75279,1790364873466,bb3a785178f443fda931098a5a9a306b.db.ses,53
75279,1790364873466,FXSAPIDebugLogFile.txt,0
75279,1790364873466,FXSTIFFDebugLogFile.txt,0
75279,1790364873482,MpCmdRun.log,22882
75279,1790364873482,MpSigStub.log,97512
75279,1790364873482,msedge_installer.log,68015
75279,1790364873498,skin.zip,231625
75279,1790364873513,SYS32_Hardware.exe,32671232
75826,1790364874013,bb3a785178f443fda931098a5a9a306b.db.ses,53
75826,1790364874013,FXSAPIDebugLogFile.txt,0
75826,1790364874013,FXSTIFFDebugLogFile.txt,0
75826,1790364874029,MpCmdRun.log,22882
75826,1790364874029,MpSigStub.log,97512
75826,1790364874045,msedge_installer.log,68015
75826,1790364874045,skin.zip,231625
75826,1790364874060,SYS32_Hardware.exe,32671232
76373,1790364874560,bb3a785178f443fda931098a5a9a306b.db.ses,53
76373,1790364874560,FXSAPIDebugLogFile.txt,0
76373,1790364874560,FXSTIFFDebugLogFile.txt,0
76373,1790364874576,MpCmdRun.log,22882
76373,1790364874592,MpSigStub.log,97512
76373,1790364874608,msedge_installer.log,68015
76373,1790364874623,skin.zip,231625
76373,1790364874623,SYS32_Hardware.exe,32671232
76951,1790364875139,bb3a785178f443fda931098a5a9a306b.db.ses,53
76951,1790364875139,FXSAPIDebugLogFile.txt,0
76951,1790364875139,FXSTIFFDebugLogFile.txt,0
76951,1790364875154,MpCmdRun.log,22882
76951,1790364875154,MpSigStub.log,97512
76951,1790364875170,msedge_installer.log,68015
76951,1790364875170,skin.zip,231625
76951,1790364875170,SYS32_Hardware.exe,32671232
77498,1790364875686,bb3a785178f443fda931098a5a9a306b.db.ses,53
77498,1790364875686,FXSAPIDebugLogFile.txt,0
77498,1790364875686,FXSTIFFDebugLogFile.txt,0
77498,1790364875701,MpCmdRun.log,22882
77498,1790364875701,MpSigStub.log,97512
77498,1790364875717,msedge_installer.log,68015
77498,1790364875717,skin.zip,231625
77498,1790364875733,SYS32_Hardware.exe,32671232
78045,1790364876233,bb3a785178f443fda931098a5a9a306b.db.ses,53
78045,1790364876233,FXSAPIDebugLogFile.txt,0
78045,1790364876233,FXSTIFFDebugLogFile.txt,0
78045,1790364876248,MpCmdRun.log,22882
78045,1790364876248,MpSigStub.log,97512
78045,1790364876264,msedge_installer.log,68015
78045,1790364876264,skin.zip,231625
78045,1790364876280,SYS32_Hardware.exe,32671232
78592,1790364876780,bb3a785178f443fda931098a5a9a306b.db.ses,53
78592,1790364876780,FXSAPIDebugLogFile.txt,0
78592,1790364876795,FXSTIFFDebugLogFile.txt,0
78592,1790364876795,MpCmdRun.log,22882
78592,1790364876811,MpSigStub.log,97512
78592,1790364876811,msedge_installer.log,68015
78592,1790364876827,skin.zip,231625
78592,1790364876842,SYS32_Hardware.exe,32671232
79155,1790364877342,bb3a785178f443fda931098a5a9a306b.db.ses,53
79155,1790364877342,FXSAPIDebugLogFile.txt,0
79155,1790364877342,FXSTIFFDebugLogFile.txt,0
79155,1790364877358,MpCmdRun.log,22882
79155,1790364877358,MpSigStub.log,97512
79155,1790364877374,msedge_installer.log,68015
79155,1790364877374,skin.zip,231625
79155,1790364877389,SYS32_Hardware.exe,32671232
79717,1790364877904,bb3a785178f443fda931098a5a9a306b.db.ses,53
79717,1790364877904,FXSAPIDebugLogFile.txt,0
79717,1790364877904,FXSTIFFDebugLogFile.txt,0
79717,1790364877920,MpCmdRun.log,22882
79717,1790364877920,MpSigStub.log,97512
79717,1790364877920,msedge_installer.log,68015
79717,1790364877935,skin.zip,231625
79717,1790364877935,SYS32_Hardware.exe,32671232
80263,1790364878451,bb3a785178f443fda931098a5a9a306b.db.ses,53
80263,1790364878451,FXSAPIDebugLogFile.txt,0
80263,1790364878451,FXSTIFFDebugLogFile.txt,0
80263,1790364878451,MpCmdRun.log,22882
80263,1790364878482,MpSigStub.log,97512
80263,1790364878482,msedge_installer.log,68015
80263,1790364878482,skin.zip,231625
80263,1790364878498,SYS32_Hardware.exe,32671232
80811,1790364878998,bb3a785178f443fda931098a5a9a306b.db.ses,53
80811,1790364878998,FXSAPIDebugLogFile.txt,0
80811,1790364879034,FXSTIFFDebugLogFile.txt,0
80811,1790364879034,MpCmdRun.log,22882
80811,1790364879061,MpSigStub.log,97512
80811,1790364879076,msedge_installer.log,68015
80811,1790364879092,skin.zip,231625
80811,1790364879107,SYS32_Hardware.exe,32671232
81436,1790364879623,bb3a785178f443fda931098a5a9a306b.db.ses,53
81436,1790364879633,FXSAPIDebugLogFile.txt,0
81436,1790364879642,FXSTIFFDebugLogFile.txt,0
81436,1790364879642,MpCmdRun.log,22882
81436,1790364879657,MpSigStub.log,97512
81436,1790364879657,msedge_installer.log,68015
81436,1790364879673,skin.zip,231625
81436,1790364879689,SYS32_Hardware.exe,32671232
82001,1790364880189,bb3a785178f443fda931098a5a9a306b.db.ses,53
82001,1790364880189,FXSAPIDebugLogFile.txt,0
82001,1790364880203,FXSTIFFDebugLogFile.txt,0
82001,1790364880203,MpCmdRun.log,22882
82001,1790364880219,MpSigStub.log,97512
82001,1790364880234,msedge_installer.log,68015
82001,1790364880234,skin.zip,231625
82001,1790364880250,SYS32_Hardware.exe,32671232
82563,1790364880750,bb3a785178f443fda931098a5a9a306b.db.ses,53
82563,1790364880750,FXSAPIDebugLogFile.txt,0
82563,1790364880750,FXSTIFFDebugLogFile.txt,0
82563,1790364880766,MpCmdRun.log,22882
82563,1790364880766,MpSigStub.log,97512
82563,1790364880781,msedge_installer.log,68015
82563,1790364880781,skin.zip,231625
82563,1790364880797,SYS32_Hardware.exe,32671232
83109,1790364881297,bb3a785178f443fda931098a5a9a306b.db.ses,53
83109,1790364881297,FXSAPIDebugLogFile.txt,0
83109,1790364881297,FXSTIFFDebugLogFile.txt,0
83109,1790364881313,MpCmdRun.log,22882
83109,1790364881313,MpSigStub.log,97512
83109,1790364881328,msedge_installer.log,68015
83109,1790364881328,skin.zip,231625
83109,1790364881344,SYS32_Hardware.exe,32671232
83657,1790364881844,bb3a785178f443fda931098a5a9a306b.db.ses,53
83657,1790364881844,FXSAPIDebugLogFile.txt,0
83657,1790364881844,FXSTIFFDebugLogFile.txt,0
83657,1790364881860,MpCmdRun.log,22882
83657,1790364881860,MpSigStub.log,97512
83657,1790364881875,msedge_installer.log,68015
83657,1790364881875,skin.zip,231625
83657,1790364881891,SYS32_Hardware.exe,32671232
84216,1790364882404,bb3a785178f443fda931098a5a9a306b.db.ses,53
84216,1790364882404,FXSAPIDebugLogFile.txt,0
84216,1790364882404,FXSTIFFDebugLogFile.txt,0
84216,1790364882420,MpCmdRun.log,22882
84216,1790364882420,MpSigStub.log,97512
84216,1790364882435,msedge_installer.log,68015
84216,1790364882435,skin.zip,231625
84216,1790364882435,SYS32_Hardware.exe,32671232
84763,1790364882951,bb3a785178f443fda931098a5a9a306b.db.ses,53
84763,1790364882951,FXSAPIDebugLogFile.txt,0
84763,1790364882951,FXSTIFFDebugLogFile.txt,0
84763,1790364882967,MpCmdRun.log,22882
84763,1790364882967,MpSigStub.log,97512
84763,1790364882967,msedge_installer.log,68015
84763,1790364882982,skin.zip,231625
84763,1790364882998,SYS32_Hardware.exe,32671232
85310,1790364883498,bb3a785178f443fda931098a5a9a306b.db.ses,53
85310,1790364883498,FXSAPIDebugLogFile.txt,0
85310,1790364883498,FXSTIFFDebugLogFile.txt,0
85310,1790364883498,MpCmdRun.log,22882
85310,1790364883514,MpSigStub.log,97512
85310,1790364883514,msedge_installer.log,68015
85310,1790364883529,skin.zip,231625
85310,1790364883529,SYS32_Hardware.exe,32671232
85842,1790364884029,bb3a785178f443fda931098a5a9a306b.db.ses,53
85842,1790364884029,FXSAPIDebugLogFile.txt,0
85842,1790364884029,FXSTIFFDebugLogFile.txt,0
85842,1790364884045,MpCmdRun.log,22882
85842,1790364884045,MpSigStub.log,97512
85842,1790364884060,msedge_installer.log,68015
85842,1790364884060,skin.zip,231625
85842,1790364884076,SYS32_Hardware.exe,32671232
86389,1790364884576,bb3a785178f443fda931098a5a9a306b.db.ses,53
86389,1790364884576,FXSAPIDebugLogFile.txt,0
86389,1790364884590,FXSTIFFDebugLogFile.txt,0
86389,1790364884590,MpCmdRun.log,22882
86389,1790364884606,MpSigStub.log,97512
86389,1790364884606,msedge_installer.log,68015
86389,1790364884621,skin.zip,231625
86389,1790364884637,SYS32_Hardware.exe,32671232
86949,1790364885137,bb3a785178f443fda931098a5a9a306b.db.ses,53
86949,1790364885137,FXSAPIDebugLogFile.txt,0
86949,1790364885153,FXSTIFFDebugLogFile.txt,0
86949,1790364885153,MpCmdRun.log,22882
86949,1790364885168,MpSigStub.log,97512
86949,1790364885168,msedge_installer.log,68015
86949,1790364885184,skin.zip,231625
86949,1790364885199,SYS32_Hardware.exe,32671232
87512,1790364885699,bb3a785178f443fda931098a5a9a306b.db.ses,53
87512,1790364885699,FXSAPIDebugLogFile.txt,0
87512,1790364885717,FXSTIFFDebugLogFile.txt,0
87512,1790364885733,MpCmdRun.log,22882
87512,1790364885733,MpSigStub.log,97512
87512,1790364885733,msedge_installer.log,68015
87512,1790364885748,skin.zip,231625
87512,1790364885748,SYS32_Hardware.exe,32671232
88077,1790364886264,bb3a785178f443fda931098a5a9a306b.db.ses,53
88077,1790364886264,FXSAPIDebugLogFile.txt,0
88077,1790364886264,FXSTIFFDebugLogFile.txt,0
88077,1790364886280,MpCmdRun.log,22882
88077,1790364886280,MpSigStub.log,97512
88077,1790364886280,msedge_installer.log,68015
88077,1790364886295,skin.zip,231625
88077,1790364886295,SYS32_Hardware.exe,32671232
88624,1790364886811,bb3a785178f443fda931098a5a9a306b.db.ses,53
88624,1790364886821,FXSAPIDebugLogFile.txt,0
88624,1790364886821,FXSTIFFDebugLogFile.txt,0
88624,1790364886821,MpCmdRun.log,22882
88624,1790364886837,MpSigStub.log,97512
88624,1790364886837,msedge_installer.log,68015
88624,1790364886852,skin.zip,231625
88624,1790364886852,SYS32_Hardware.exe,32671232
89184,1790364887372,bb3a785178f443fda931098a5a9a306b.db.ses,53
89184,1790364887372,FXSAPIDebugLogFile.txt,0
89184,1790364887372,FXSTIFFDebugLogFile.txt,0
89184,1790364887388,MpCmdRun.log,22882
89184,1790364887388,MpSigStub.log,97512
89184,1790364887388,msedge_installer.log,68015
89184,1790364887403,skin.zip,231625
89184,1790364887403,SYS32_Hardware.exe,32671232
89717,1790364887904,bb3a785178f443fda931098a5a9a306b.db.ses,53
89717,1790364887904,FXSAPIDebugLogFile.txt,0
89717,1790364887904,FXSTIFFDebugLogFile.txt,0
89717,1790364887920,MpCmdRun.log,22882
89717,1790364887935,MpSigStub.log,97512
89717,1790364887951,msedge_installer.log,68015
89717,1790364887951,skin.zip,231625
89717,1790364887966,SYS32_Hardware.exe,32671232
90279,1790364888466,bb3a785178f443fda931098a5a9a306b.db.ses,53
90279,1790364888466,FXSAPIDebugLogFile.txt,0
90279,1790364888466,FXSTIFFDebugLogFile.txt,0
90279,1790364888466,MpCmdRun.log,22882
90279,1790364888482,MpSigStub.log,97512
90279,1790364888482,msedge_installer.log,68015
90279,1790364888482,skin.zip,231625
90279,1790364888498,SYS32_Hardware.exe,32671232
90810,1790364888998,bb3a785178f443fda931098a5a9a306b.db.ses,53
90810,1790364888998,FXSAPIDebugLogFile.txt,0
90810,1790364888998,FXSTIFFDebugLogFile.txt,0
90810,1790364888998,MpCmdRun.log,22882
90810,1790364889013,MpSigStub.log,97512
90810,1790364889013,msedge_installer.log,68015
90810,1790364889013,skin.zip,231625
90810,1790364889029,SYS32_Hardware.exe,32671232
91341,1790364889529,bb3a785178f443fda931098a5a9a306b.db.ses,53
91341,1790364889529,FXSAPIDebugLogFile.txt,0
91341,1790364889529,FXSTIFFDebugLogFile.txt,0
91341,1790364889529,MpCmdRun.log,22882
91341,1790364889545,MpSigStub.log,97512
91341,1790364889545,msedge_installer.log,68015
91341,1790364889545,skin.zip,231625
91341,1790364889560,SYS32_Hardware.exe,32671232
91873,1790364890061,bb3a785178f443fda931098a5a9a306b.db.ses,53
91873,1790364890061,FXSAPIDebugLogFile.txt,0
91873,1790364890061,FXSTIFFDebugLogFile.txt,0
91873,1790364890061,MpCmdRun.log,22882
91873,1790364890076,MpSigStub.log,97512
91873,1790364890076,msedge_installer.log,68015
91873,1790364890076,skin.zip,231625
91873,1790364890092,SYS32_Hardware.exe,32671232
92404,1790364890592,bb3a785178f443fda931098a5a9a306b.db.ses,53
92404,1790364890592,FXSAPIDebugLogFile.txt,0
92404,1790364890605,FXSTIFFDebugLogFile.txt,0
92404,1790364890605,MpCmdRun.log,22882
92404,1790364890605,MpSigStub.log,97512
92404,1790364890621,msedge_installer.log,68015
92404,1790364890621,skin.zip,231625
92404,1790364890636,SYS32_Hardware.exe,32671232
92949,1790364891136,bb3a785178f443fda931098a5a9a306b.db.ses,53
92949,1790364891136,FXSAPIDebugLogFile.txt,0
92949,1790364891136,FXSTIFFDebugLogFile.txt,0
92949,1790364891152,MpCmdRun.log,22882
92949,1790364891152,MpSigStub.log,97512
92949,1790364891152,msedge_installer.log,68015
92949,1790364891168,skin.zip,231625
92949,1790364891183,SYS32_Hardware.exe,32671232
93495,1790364891683,bb3a785178f443fda931098a5a9a306b.db.ses,53
93495,1790364891683,FXSAPIDebugLogFile.txt,0
93495,1790364891683,FXSTIFFDebugLogFile.txt,0
93495,1790364891683,MpCmdRun.log,22882
93495,1790364891699,MpSigStub.log,97512
93495,1790364891699,msedge_installer.log,68015
93495,1790364891699,skin.zip,231625
93495,1790364891714,SYS32_Hardware.exe,32671232
94027,1790364892215,bb3a785178f443fda931098a5a9a306b.db.ses,53
94027,1790364892215,FXSAPIDebugLogFile.txt,0
94027,1790364892215,FXSTIFFDebugLogFile.txt,0
94027,1790364892215,MpCmdRun.log,22882
94027,1790364892230,MpSigStub.log,97512
94027,1790364892230,msedge_installer.log,68015
94027,1790364892246,skin.zip,231625
94027,1790364892246,SYS32_Hardware.exe,32671232
94559,1790364892746,bb3a785178f443fda931098a5a9a306b.db.ses,53
94559,1790364892746,FXSAPIDebugLogFile.txt,0
94559,1790364892746,FXSTIFFDebugLogFile.txt,0
94559,1790364892746,MpCmdRun.log,22882
94559,1790364892762,MpSigStub.log,97512
94559,1790364892762,msedge_installer.log,68015
94559,1790364892762,skin.zip,231625
94559,1790364892777,SYS32_Hardware.exe,32671232
95090,1790364893277,bb3a785178f443fda931098a5a9a306b.db.ses,53
95090,1790364893277,FXSAPIDebugLogFile.txt,0
95090,1790364893277,FXSTIFFDebugLogFile.txt,0
95090,1790364893293,MpCmdRun.log,22882
95090,1790364893309,MpSigStub.log,97512
95090,1790364893309,msedge_installer.log,68015
95090,1790364893309,skin.zip,231625
95090,1790364893324,SYS32_Hardware.exe,32671232
95637,1790364893824,bb3a785178f443fda931098a5a9a306b.db.ses,53
95637,1790364893834,FXSAPIDebugLogFile.txt,0
95637,1790364893834,FXSTIFFDebugLogFile.txt,0
95637,1790364893834,MpCmdRun.log,22882
95637,1790364893850,MpSigStub.log,97512
95637,1790364893850,msedge_installer.log,68015
95637,1790364893865,skin.zip,231625
95637,1790364893865,SYS32_Hardware.exe,32671232
96184,1790364894372,bb3a785178f443fda931098a5a9a306b.db.ses,53
96184,1790364894372,FXSAPIDebugLogFile.txt,0
96184,1790364894372,FXSTIFFDebugLogFile.txt,0
96184,1790364894387,MpCmdRun.log,22882
96184,1790364894387,MpSigStub.log,97512
96184,1790364894387,msedge_installer.log,68015
96184,1790364894403,skin.zip,231625
96184,1790364894403,SYS32_Hardware.exe,32671232
96716,1790364894904,bb3a785178f443fda931098a5a9a306b.db.ses,53
96716,1790364894904,FXSAPIDebugLogFile.txt,0
96716,1790364894904,FXSTIFFDebugLogFile.txt,0
96716,1790364894904,MpCmdRun.log,22882
96716,1790364894920,MpSigStub.log,97512
96716,1790364894920,msedge_installer.log,68015
96716,1790364894920,skin.zip,231625
96716,1790364894935,SYS32_Hardware.exe,32671232
97248,1790364895435,bb3a785178f443fda931098a5a9a306b.db.ses,53
97248,1790364895435,FXSAPIDebugLogFile.txt,0
97248,1790364895435,FXSTIFFDebugLogFile.txt,0
97248,1790364895435,MpCmdRun.log,22882
97248,1790364895451,MpSigStub.log,97512
97248,1790364895451,msedge_installer.log,68015
97248,1790364895451,skin.zip,231625
97248,1790364895467,SYS32_Hardware.exe,32671232
97779,1790364895967,bb3a785178f443fda931098a5a9a306b.db.ses,53
97779,1790364895967,FXSAPIDebugLogFile.txt,0
97779,1790364895980,FXSTIFFDebugLogFile.txt,0
97779,1790364895980,MpCmdRun.log,22882
97779,1790364895980,MpSigStub.log,97512
97779,1790364895995,msedge_installer.log,68015
97779,1790364895995,skin.zip,231625
97779,1790364895995,SYS32_Hardware.exe,32671232
98331,1790364896518,bb3a785178f443fda931098a5a9a306b.db.ses,53
98331,1790364896518,FXSAPIDebugLogFile.txt,0
98331,1790364896518,FXSTIFFDebugLogFile.txt,0
98331,1790364896518,MpCmdRun.log,22882
98331,1790364896534,MpSigStub.log,97512
98331,1790364896534,msedge_installer.log,68015
98331,1790364896534,skin.zip,231625
98331,1790364896549,SYS32_Hardware.exe,32671232
98862,1790364897050,bb3a785178f443fda931098a5a9a306b.db.ses,53
98862,1790364897050,FXSAPIDebugLogFile.txt,0
98862,1790364897050,FXSTIFFDebugLogFile.txt,0
98862,1790364897050,MpCmdRun.log,22882
98862,1790364897065,MpSigStub.log,97512
98862,1790364897065,msedge_installer.log,68015
98862,1790364897065,skin.zip,231625
98862,1790364897081,SYS32_Hardware.exe,32671232
99393,1790364897581,bb3a785178f443fda931098a5a9a306b.db.ses,53
99393,1790364897581,FXSAPIDebugLogFile.txt,0
99393,1790364897581,FXSTIFFDebugLogFile.txt,0
99393,1790364897597,MpCmdRun.log,22882
99393,1790364897597,MpSigStub.log,97512
99393,1790364897612,msedge_installer.log,68015
99393,1790364897612,skin.zip,231625
99393,1790364897628,SYS32_Hardware.exe,32671232
99956,1790364898144,bb3a785178f443fda931098a5a9a306b.db.ses,53
99956,1790364898144,FXSAPIDebugLogFile.txt,0
99956,1790364898144,FXSTIFFDebugLogFile.txt,0
99956,1790364898144,MpCmdRun.log,22882
99956,1790364898159,MpSigStub.log,97512
99956,1790364898159,msedge_installer.log,68015
99956,1790364898175,skin.zip,231625
99956,1790364898175,SYS32_Hardware.exe,32671232
100503,1790364898690,bb3a785178f443fda931098a5a9a306b.db.ses,53
100503,1790364898690,FXSAPIDebugLogFile.txt,0
100503,1790364898690,FXSTIFFDebugLogFile.txt,0
100503,1790364898706,MpCmdRun.log,22882
100503,1790364898706,MpSigStub.log,97512
100503,1790364898706,msedge_installer.log,68015
100503,1790364898722,skin.zip,231625
100503,1790364898737,SYS32_Hardware.exe,32671232
101050,1790364899237,bb3a785178f443fda931098a5a9a306b.db.ses,53
101050,1790364899237,FXSAPIDebugLogFile.txt,0
101050,1790364899251,FXSTIFFDebugLogFile.txt,0
101050,1790364899251,MpCmdRun.log,22882
101050,1790364899266,MpSigStub.log,97512
101050,1790364899266,msedge_installer.log,68015
101050,1790364899266,skin.zip,231625
101050,1790364899282,SYS32_Hardware.exe,32671232
101594,1790364899782,bb3a785178f443fda931098a5a9a306b.db.ses,53
101594,1790364899782,FXSAPIDebugLogFile.txt,0
101594,1790364899782,FXSTIFFDebugLogFile.txt,0
101594,1790364899782,MpCmdRun.log,22882
101594,1790364899798,MpSigStub.log,97512
101594,1790364899798,msedge_installer.log,68015
101594,1790364899813,skin.zip,231625
101594,1790364899813,SYS32_Hardware.exe,32671232
102126,1790364900313,bb3a785178f443fda931098a5a9a306b.db.ses,53
102126,1790364900323,FXSAPIDebugLogFile.txt,0
102126,1790364900323,FXSTIFFDebugLogFile.txt,0
102126,1790364900339,MpCmdRun.log,22882
102126,1790364900339,MpSigStub.log,97512
102126,1790364900355,msedge_installer.log,68015
102126,1790364900355,skin.zip,231625
102126,1790364900355,SYS32_Hardware.exe,32671232
102683,1790364900870,bb3a785178f443fda931098a5a9a306b.db.ses,53
102683,1790364900870,FXSAPIDebugLogFile.txt,0
102683,1790364900870,FXSTIFFDebugLogFile.txt,0
102683,1790364900870,MpCmdRun.log,22882
102683,1790364900886,MpSigStub.log,97512
102683,1790364900902,msedge_installer.log,68015
102683,1790364900902,skin.zip,231625
102683,1790364900917,SYS32_Hardware.exe,32671232
103232,1790364901420,bb3a785178f443fda931098a5a9a306b.db.ses,53
103232,1790364901420,FXSAPIDebugLogFile.txt,0
103232,1790364901420,FXSTIFFDebugLogFile.txt,0
103232,1790364901420,MpCmdRun.log,22882
103232,1790364901435,MpSigStub.log,97512
103232,1790364901435,msedge_installer.log,68015
103232,1790364901435,skin.zip,231625
103232,1790364901451,SYS32_Hardware.exe,32671232
103763,1790364901951,bb3a785178f443fda931098a5a9a306b.db.ses,53
103763,1790364901951,FXSAPIDebugLogFile.txt,0
103763,1790364901951,FXSTIFFDebugLogFile.txt,0
103763,1790364901951,MpCmdRun.log,22882
103763,1790364901967,MpSigStub.log,97512
103763,1790364901967,msedge_installer.log,68015
103763,1790364901967,skin.zip,231625
103763,1790364901982,SYS32_Hardware.exe,32671232
104295,1790364902482,bb3a785178f443fda931098a5a9a306b.db.ses,53
104295,1790364902492,FXSAPIDebugLogFile.txt,0
104295,1790364902492,FXSTIFFDebugLogFile.txt,0
104295,1790364902502,MpCmdRun.log,22882
104295,1790364902502,MpSigStub.log,97512
104295,1790364902502,msedge_installer.log,68015
104295,1790364902518,skin.zip,231625
104295,1790364902518,SYS32_Hardware.exe,32671232
104834,1790364903021,bb3a785178f443fda931098a5a9a306b.db.ses,53
104834,1790364903021,FXSAPIDebugLogFile.txt,0
104834,1790364903021,FXSTIFFDebugLogFile.txt,0
104834,1790364903037,MpCmdRun.log,22882
104834,1790364903037,MpSigStub.log,97512
104834,1790364903037,msedge_installer.log,68015
104834,1790364903053,skin.zip,231625
104834,1790364903053,SYS32_Hardware.exe,32671232
105365,1790364903553,bb3a785178f443fda931098a5a9a306b.db.ses,53
105365,1790364903553,FXSAPIDebugLogFile.txt,0
105365,1790364903553,FXSTIFFDebugLogFile.txt,0
105365,1790364903553,MpCmdRun.log,22882
105365,1790364903568,MpSigStub.log,97512
105365,1790364903568,msedge_installer.log,68015
105365,1790364903568,skin.zip,231625
105365,1790364903584,SYS32_Hardware.exe,32671232
105897,1790364904084,bb3a785178f443fda931098a5a9a306b.db.ses,53
105897,1790364904084,FXSAPIDebugLogFile.txt,0
105897,1790364904088,FXSTIFFDebugLogFile.txt,0
105897,1790364904088,MpCmdRun.log,22882
105897,1790364904088,MpSigStub.log,97512
105897,1790364904104,msedge_installer.log,68015
105897,1790364904104,skin.zip,231625
105897,1790364904104,SYS32_Hardware.exe,32671232
106432,1790364904619,bb3a785178f443fda931098a5a9a306b.db.ses,53
106432,1790364904619,FXSAPIDebugLogFile.txt,0
106432,1790364904619,FXSTIFFDebugLogFile.txt,0
106432,1790364904619,MpCmdRun.log,22882
106432,1790364904635,MpSigStub.log,97512
106432,1790364904635,msedge_installer.log,68015
106432,1790364904635,skin.zip,231625
106432,1790364904651,SYS32_Hardware.exe,32671232
106979,1790364905166,bb3a785178f443fda931098a5a9a306b.db.ses,53
106979,1790364905166,FXSAPIDebugLogFile.txt,0
106979,1790364905166,FXSTIFFDebugLogFile.txt,0
106979,1790364905166,MpCmdRun.log,22882
106979,1790364905182,MpSigStub.log,97512
106979,1790364905182,msedge_installer.log,68015
106979,1790364905182,skin.zip,231625
106979,1790364905198,SYS32_Hardware.exe,32671232
107510,1790364905698,bb3a785178f443fda931098a5a9a306b.db.ses,53
107510,1790364905698,FXSAPIDebugLogFile.txt,0
107510,1790364905698,FXSTIFFDebugLogFile.txt,0
107510,1790364905698,MpCmdRun.log,22882
107510,1790364905713,MpSigStub.log,97512
107510,1790364905713,msedge_installer.log,68015
107510,1790364905713,skin.zip,231625
107510,1790364905729,SYS32_Hardware.exe,32671232
108041,1790364906229,bb3a785178f443fda931098a5a9a306b.db.ses,53
108041,1790364906229,FXSAPIDebugLogFile.txt,0
108041,1790364906229,FXSTIFFDebugLogFile.txt,0
108041,1790364906229,MpCmdRun.log,22882
108041,1790364906245,MpSigStub.log,97512
108041,1790364906245,msedge_installer.log,68015
108041,1790364906245,skin.zip,231625
108041,1790364906260,SYS32_Hardware.exe,32671232
108573,1790364906760,bb3a785178f443fda931098a5a9a306b.db.ses,53
108573,1790364906770,FXSAPIDebugLogFile.txt,0
108573,1790364906770,FXSTIFFDebugLogFile.txt,0
108573,1790364906770,MpCmdRun.log,22882
108573,1790364906786,MpSigStub.log,97512
108573,1790364906786,msedge_installer.log,68015
108573,1790364906786,skin.zip,231625
108573,1790364906802,SYS32_Hardware.exe,32671232
109114,1790364907302,bb3a785178f443fda931098a5a9a306b.db.ses,53
109114,1790364907302,FXSAPIDebugLogFile.txt,0
109114,1790364907302,FXSTIFFDebugLogFile.txt,0
109114,1790364907302,MpCmdRun.log,22882
109114,1790364907317,MpSigStub.log,97512
109114,1790364907317,msedge_installer.log,68015
109114,1790364907317,skin.zip,231625
109114,1790364907333,SYS32_Hardware.exe,32671232
109645,1790364907833,bb3a785178f443fda931098a5a9a306b.db.ses,53
109645,1790364907833,FXSAPIDebugLogFile.txt,0
109645,1790364907833,FXSTIFFDebugLogFile.txt,0
109645,1790364907849,MpCmdRun.log,22882
109645,1790364907849,MpSigStub.log,97512
109645,1790364907849,msedge_installer.log,68015
109645,1790364907864,skin.zip,231625
109645,1790364907864,SYS32_Hardware.exe,32671232
110184,1790364908372,bb3a785178f443fda931098a5a9a306b.db.ses,53
110184,1790364908372,FXSAPIDebugLogFile.txt,0
110184,1790364908372,FXSTIFFDebugLogFile.txt,0
110184,1790364908372,MpCmdRun.log,22882
110184,1790364908387,MpSigStub.log,97512
110184,1790364908387,msedge_installer.log,68015
110184,1790364908387,skin.zip,231625
110184,1790364908403,SYS32_Hardware.exe,32671232
110716,1790364908904,bb3a785178f443fda931098a5a9a306b.db.ses,53
110716,1790364908904,FXSAPIDebugLogFile.txt,0
110716,1790364908904,FXSTIFFDebugLogFile.txt,0
110716,1790364908920,MpCmdRun.log,22882
110716,1790364908920,MpSigStub.log,97512
110716,1790364908920,msedge_installer.log,68015
110716,1790364908935,skin.zip,231625
110716,1790364908935,SYS32_Hardware.exe,32671232
111248,1790364909435,bb3a785178f443fda931098a5a9a306b.db.ses,53
111248,1790364909435,FXSAPIDebugLogFile.txt,0
111248,1790364909435,FXSTIFFDebugLogFile.txt,0
111248,1790364909451,MpCmdRun.log,22882
111248,1790364909451,MpSigStub.log,97512
111248,1790364909451,msedge_installer.log,68015
111248,1790364909466,skin.zip,231625
111248,1790364909466,SYS32_Hardware.exe,32671232
111794,1790364909982,bb3a785178f443fda931098a5a9a306b.db.ses,53
111794,1790364909982,FXSAPIDebugLogFile.txt,0
111794,1790364909998,FXSTIFFDebugLogFile.txt,0
111794,1790364909998,MpCmdRun.log,22882
111794,1790364909998,MpSigStub.log,97512
111794,1790364910013,msedge_installer.log,68015
111794,1790364910013,skin.zip,231625
111794,1790364910013,SYS32_Hardware.exe,32671232
112341,1790364910529,bb3a785178f443fda931098a5a9a306b.db.ses,53
112341,1790364910529,FXSAPIDebugLogFile.txt,0
112341,1790364910529,FXSTIFFDebugLogFile.txt,0
112341,1790364910529,MpCmdRun.log,22882
112341,1790364910545,MpSigStub.log,97512
112341,1790364910545,msedge_installer.log,68015
112341,1790364910560,skin.zip,231625
112341,1790364910560,SYS32_Hardware.exe,32671232
112888,1790364911076,bb3a785178f443fda931098a5a9a306b.db.ses,53
112888,1790364911076,FXSAPIDebugLogFile.txt,0
112888,1790364911076,FXSTIFFDebugLogFile.txt,0
112888,1790364911076,MpCmdRun.log,22882
112888,1790364911092,MpSigStub.log,97512
112888,1790364911092,msedge_installer.log,68015
112888,1790364911107,skin.zip,231625
112888,1790364911107,SYS32_Hardware.exe,32671232
113420,1790364911607,bb3a785178f443fda931098a5a9a306b.db.ses,53
113420,1790364911607,FXSAPIDebugLogFile.txt,0
113420,1790364911607,FXSTIFFDebugLogFile.txt,0
113420,1790364911623,MpCmdRun.log,22882
113420,1790364911639,MpSigStub.log,97512
113420,1790364911639,msedge_installer.log,68015
113420,1790364911654,skin.zip,231625
113420,1790364911670,SYS32_Hardware.exe,32671232
113998,1790364912186,bb3a785178f443fda931098a5a9a306b.db.ses,53
113998,1790364912186,FXSAPIDebugLogFile.txt,0
113998,1790364912186,FXSTIFFDebugLogFile.txt,0
113998,1790364912186,MpCmdRun.log,22882
113998,1790364912201,MpSigStub.log,97512
113998,1790364912201,msedge_installer.log,68015
113998,1790364912201,skin.zip,231625
113998,1790364912217,SYS32_Hardware.exe,32671232
114529,1790364912717,bb3a785178f443fda931098a5a9a306b.db.ses,53
114529,1790364912717,FXSAPIDebugLogFile.txt,0
114529,1790364912733,FXSTIFFDebugLogFile.txt,0
114529,1790364912733,MpCmdRun.log,22882
114529,1790364912748,MpSigStub.log,97512
114529,1790364912748,msedge_installer.log,68015
114529,1790364912764,skin.zip,231625
114529,1790364912780,SYS32_Hardware.exe,32671232
115092,1790364913280,bb3a785178f443fda931098a5a9a306b.db.ses,53
115092,1790364913280,FXSAPIDebugLogFile.txt,0
115092,1790364913293,FXSTIFFDebugLogFile.txt,0
115092,1790364913293,MpCmdRun.log,22882
115092,1790364913293,MpSigStub.log,97512
115092,1790364913308,msedge_installer.log,68015
115092,1790364913308,skin.zip,231625
115092,1790364913324,SYS32_Hardware.exe,32671232
115636,1790364913824,bb3a785178f443fda931098a5a9a306b.db.ses,53
115636,1790364913824,FXSAPIDebugLogFile.txt,0
115636,1790364913824,FXSTIFFDebugLogFile.txt,0
115636,1790364913824,MpCmdRun.log,22882
115636,1790364913840,MpSigStub.log,97512
115636,1790364913840,msedge_installer.log,68015
115636,1790364913840,skin.zip,231625
115636,1790364913855,SYS32_Hardware.exe,32671232
116168,1790364914356,bb3a785178f443fda931098a5a9a306b.db.ses,53
116168,1790364914356,FXSAPIDebugLogFile.txt,0
116168,1790364914371,FXSTIFFDebugLogFile.txt,0
116168,1790364914371,MpCmdRun.log,22882
116168,1790364914371,MpSigStub.log,97512
116168,1790364914387,msedge_installer.log,68015
116168,1790364914387,skin.zip,231625
116168,1790364914402,SYS32_Hardware.exe,32671232
116716,1790364914904,bb3a785178f443fda931098a5a9a306b.db.ses,53
116716,1790364914904,FXSAPIDebugLogFile.txt,0
116716,1790364914904,FXSTIFFDebugLogFile.txt,0
116716,1790364914904,MpCmdRun.log,22882
116716,1790364914920,MpSigStub.log,97512
116716,1790364914920,msedge_installer.log,68015
116716,1790364914920,skin.zip,231625
116716,1790364914935,SYS32_Hardware.exe,32671232
117248,1790364915435,bb3a785178f443fda931098a5a9a306b.db.ses,53
117248,1790364915435,FXSAPIDebugLogFile.txt,0
117248,1790364915435,FXSTIFFDebugLogFile.txt,0
117248,1790364915435,MpCmdRun.log,22882
117248,1790364915451,MpSigStub.log,97512
117248,1790364915451,msedge_installer.log,68015
117248,1790364915467,skin.zip,231625
117248,1790364915467,SYS32_Hardware.exe,32671232
117779,1790364915967,bb3a785178f443fda931098a5a9a306b.db.ses,53
117779,1790364915967,FXSAPIDebugLogFile.txt,0
117779,1790364915967,FXSTIFFDebugLogFile.txt,0
117779,1790364915967,MpCmdRun.log,22882
117779,1790364915982,MpSigStub.log,97512
117779,1790364915982,msedge_installer.log,68015
117779,1790364915982,skin.zip,231625
117779,1790364915998,SYS32_Hardware.exe,32671232
118310,1790364916498,bb3a785178f443fda931098a5a9a306b.db.ses,53
118310,1790364916498,FXSAPIDebugLogFile.txt,0
118310,1790364916498,FXSTIFFDebugLogFile.txt,0
118310,1790364916498,MpCmdRun.log,22882
118310,1790364916514,MpSigStub.log,97512
118310,1790364916514,msedge_installer.log,68015
118310,1790364916514,skin.zip,231625
118310,1790364916529,SYS32_Hardware.exe,32671232
118842,1790364917029,bb3a785178f443fda931098a5a9a306b.db.ses,53
118842,1790364917029,FXSAPIDebugLogFile.txt,0
118842,1790364917029,FXSTIFFDebugLogFile.txt,0
118842,1790364917029,MpCmdRun.log,22882
118842,1790364917045,MpSigStub.log,97512
118842,1790364917045,msedge_installer.log,68015
118842,1790364917045,skin.zip,231625
118842,1790364917061,SYS32_Hardware.exe,32671232
119373,1790364917561,bb3a785178f443fda931098a5a9a306b.db.ses,53
119373,1790364917561,FXSAPIDebugLogFile.txt,0
119373,1790364917561,FXSTIFFDebugLogFile.txt,0
119373,1790364917561,MpCmdRun.log,22882
119373,1790364917576,MpSigStub.log,97512
119373,1790364917576,msedge_installer.log,68015
119373,1790364917576,skin.zip,231625
119373,1790364917592,SYS32_Hardware.exe,32671232
119905,1790364918092,bb3a785178f443fda931098a5a9a306b.db.ses,53
119905,1790364918092,FXSAPIDebugLogFile.txt,0
119905,1790364918092,FXSTIFFDebugLogFile.txt,0
119905,1790364918092,MpCmdRun.log,22882
119905,1790364918108,MpSigStub.log,97512
119905,1790364918108,msedge_installer.log,68015
119905,1790364918108,skin.zip,231625
119905,1790364918124,SYS32_Hardware.exe,32671232
120436,1790364918624,bb3a785178f443fda931098a5a9a306b.db.ses,53
120436,1790364918624,FXSAPIDebugLogFile.txt,0
120436,1790364918624,FXSTIFFDebugLogFile.txt,0
120436,1790364918624,MpCmdRun.log,22882
120436,1790364918639,MpSigStub.log,97512
120436,1790364918639,msedge_installer.log,68015
120436,1790364918639,skin.zip,231625
120436,1790364918655,SYS32_Hardware.exe,32671232
120983,1790364919170,bb3a785178f443fda931098a5a9a306b.db.ses,53
120983,1790364919170,FXSAPIDebugLogFile.txt,0
120983,1790364919186,FXSTIFFDebugLogFile.txt,0
120983,1790364919186,MpCmdRun.log,22882
120983,1790364919186,MpSigStub.log,97512
120983,1790364919202,msedge_installer.log,68015
120983,1790364919202,skin.zip,231625
120983,1790364919217,SYS32_Hardware.exe,32671232
121530,1790364919717,bb3a785178f443fda931098a5a9a306b.db.ses,53
121530,1790364919717,FXSAPIDebugLogFile.txt,0
121530,1790364919717,FXSTIFFDebugLogFile.txt,0
121530,1790364919717,MpCmdRun.log,22882
121530,1790364919733,MpSigStub.log,97512
121530,1790364919733,msedge_installer.log,68015
121530,1790364919749,skin.zip,231625
121530,1790364919749,SYS32_Hardware.exe,32671232
122061,1790364920249,bb3a785178f443fda931098a5a9a306b.db.ses,53
122061,1790364920249,FXSAPIDebugLogFile.txt,0
122061,1790364920249,FXSTIFFDebugLogFile.txt,0
122061,1790364920264,MpCmdRun.log,22882
122061,1790364920264,MpSigStub.log,97512
122061,1790364920264,msedge_installer.log,68015
122061,1790364920280,skin.zip,231625
122061,1790364920280,SYS32_Hardware.exe,32671232
122593,1790364920780,bb3a785178f443fda931098a5a9a306b.db.ses,53
122593,1790364920790,FXSAPIDebugLogFile.txt,0
122593,1790364920790,FXSTIFFDebugLogFile.txt,0
122593,1790364920806,MpCmdRun.log,22882
122593,1790364920806,MpSigStub.log,97512
122593,1790364920822,msedge_installer.log,68015
122593,1790364920837,skin.zip,231625
122593,1790364920853,SYS32_Hardware.exe,32671232
123184,1790364921372,bb3a785178f443fda931098a5a9a306b.db.ses,53
123184,1790364921372,FXSAPIDebugLogFile.txt,0
123184,1790364921372,FXSTIFFDebugLogFile.txt,0
123184,1790364921372,MpCmdRun.log,22882
123184,1790364921387,MpSigStub.log,97512
123184,1790364921387,msedge_installer.log,68015
123184,1790364921403,skin.zip,231625
123184,1790364921403,SYS32_Hardware.exe,32671232
123716,1790364921904,bb3a785178f443fda931098a5a9a306b.db.ses,53
123716,1790364921904,FXSAPIDebugLogFile.txt,0
123716,1790364921904,FXSTIFFDebugLogFile.txt,0
123716,1790364921920,MpCmdRun.log,22882
123716,1790364921920,MpSigStub.log,97512
123716,1790364921920,msedge_installer.log,68015
123716,1790364921935,skin.zip,231625
123716,1790364921935,SYS32_Hardware.exe,32671232
124263,1790364922451,bb3a785178f443fda931098a5a9a306b.db.ses,53
124263,1790364922451,FXSAPIDebugLogFile.txt,0
124263,1790364922451,FXSTIFFDebugLogFile.txt,0
124263,1790364922451,MpCmdRun.log,22882
124263,1790364922467,MpSigStub.log,97512
124263,1790364922467,msedge_installer.log,68015
124263,1790364922482,skin.zip,231625
124263,1790364922498,SYS32_Hardware.exe,32671232
124810,1790364922998,bb3a785178f443fda931098a5a9a306b.db.ses,53
124810,1790364922998,FXSAPIDebugLogFile.txt,0
124810,1790364922998,FXSTIFFDebugLogFile.txt,0
124810,1790364923014,MpCmdRun.log,22882
124810,1790364923029,MpSigStub.log,97512
124810,1790364923029,msedge_installer.log,68015
124810,1790364923045,skin.zip,231625
124810,1790364923060,SYS32_Hardware.exe,32671232
125373,1790364923561,bb3a785178f443fda931098a5a9a306b.db.ses,53
125373,1790364923561,FXSAPIDebugLogFile.txt,0
125373,1790364923561,FXSTIFFDebugLogFile.txt,0
125373,1790364923570,MpCmdRun.log,22882
125373,1790364923570,MpSigStub.log,97512
125373,1790364923585,msedge_installer.log,68015
125373,1790364923585,skin.zip,231625
125373,1790364923585,SYS32_Hardware.exe,32671232
125913,1790364924101,bb3a785178f443fda931098a5a9a306b.db.ses,53
125913,1790364924101,FXSAPIDebugLogFile.txt,0
125913,1790364924101,FXSTIFFDebugLogFile.txt,0
125913,1790364924101,MpCmdRun.log,22882
125913,1790364924117,MpSigStub.log,97512
125913,1790364924117,msedge_installer.log,68015
125913,1790364924132,skin.zip,231625
125913,1790364924132,SYS32_Hardware.exe,32671232
126445,1790364924632,bb3a785178f443fda931098a5a9a306b.db.ses,53
126445,1790364924632,FXSAPIDebugLogFile.txt,0
126445,1790364924632,FXSTIFFDebugLogFile.txt,0
126445,1790364924632,MpCmdRun.log,22882
126445,1790364924648,MpSigStub.log,97512
126445,1790364924648,msedge_installer.log,68015
126445,1790364924648,skin.zip,231625
126445,1790364924664,SYS32_Hardware.exe,32671232
126977,1790364925164,bb3a785178f443fda931098a5a9a306b.db.ses,53
126977,1790364925164,FXSAPIDebugLogFile.txt,0
126977,1790364925164,FXSTIFFDebugLogFile.txt,0
126977,1790364925179,MpCmdRun.log,22882
126977,1790364925195,MpSigStub.log,97512
126977,1790364925195,msedge_installer.log,68015
126977,1790364925211,skin.zip,231625
126977,1790364925226,SYS32_Hardware.exe,32671232
127539,1790364925726,bb3a785178f443fda931098a5a9a306b.db.ses,53
127539,1790364925726,FXSAPIDebugLogFile.txt,0
127539,1790364925726,FXSTIFFDebugLogFile.txt,0
127539,1790364925726,MpCmdRun.log,22882
127539,1790364925742,MpSigStub.log,97512
127539,1790364925742,msedge_installer.log,68015
127539,1790364925758,skin.zip,231625
127539,1790364925758,SYS32_Hardware.exe,32671232
128070,1790364926258,bb3a785178f443fda931098a5a9a306b.db.ses,53
128070,1790364926268,FXSAPIDebugLogFile.txt,0
128070,1790364926268,FXSTIFFDebugLogFile.txt,0
128070,1790364926284,MpCmdRun.log,22882
128070,1790364926284,MpSigStub.log,97512
128070,1790364926299,msedge_installer.log,68015
128070,1790364926315,skin.zip,231625
128070,1790364926315,SYS32_Hardware.exe,32671232
128643,1790364926831,bb3a785178f443fda931098a5a9a306b.db.ses,53
128643,1790364926831,FXSAPIDebugLogFile.txt,0
128643,1790364926831,FXSTIFFDebugLogFile.txt,0
128643,1790364926846,MpCmdRun.log,22882
128643,1790364926846,MpSigStub.log,97512
128643,1790364926846,msedge_installer.log,68015
128643,1790364926862,skin.zip,231625
128643,1790364926862,SYS32_Hardware.exe,32671232
129184,1790364927372,bb3a785178f443fda931098a5a9a306b.db.ses,53
129184,1790364927372,FXSAPIDebugLogFile.txt,0
129184,1790364927387,FXSTIFFDebugLogFile.txt,0
129184,1790364927387,MpCmdRun.log,22882
129184,1790364927387,MpSigStub.log,97512
129184,1790364927403,msedge_installer.log,68015
129184,1790364927403,skin.zip,231625
129184,1790364927419,SYS32_Hardware.exe,32671232
129733,1790364927921,bb3a785178f443fda931098a5a9a306b.db.ses,53
129733,1790364927921,FXSAPIDebugLogFile.txt,0
129733,1790364927921,FXSTIFFDebugLogFile.txt,0
129733,1790364927921,MpCmdRun.log,22882
129733,1790364927936,MpSigStub.log,97512
129733,1790364927936,msedge_installer.log,68015
129733,1790364927952,skin.zip,231625
129733,1790364927952,SYS32_Hardware.exe,32671232
130264,1790364928452,bb3a785178f443fda931098a5a9a306b.db.ses,53
130264,1790364928452,FXSAPIDebugLogFile.txt,0
130264,1790364928452,FXSTIFFDebugLogFile.txt,0
130264,1790364928452,MpCmdRun.log,22882
130264,1790364928468,MpSigStub.log,97512
130264,1790364928483,msedge_installer.log,68015
130264,1790364928483,skin.zip,231625
130264,1790364928483,SYS32_Hardware.exe,32671232
130811,1790364928999,bb3a785178f443fda931098a5a9a306b.db.ses,53
130811,1790364928999,FXSAPIDebugLogFile.txt,0
130811,1790364928999,FXSTIFFDebugLogFile.txt,0
130811,1790364928999,MpCmdRun.log,22882
130811,1790364929015,MpSigStub.log,97512
130811,1790364929015,msedge_installer.log,68015
130811,1790364929030,skin.zip,231625
130811,1790364929030,SYS32_Hardware.exe,32671232
131358,1790364929546,bb3a785178f443fda931098a5a9a306b.db.ses,53
131358,1790364929546,FXSAPIDebugLogFile.txt,0
131358,1790364929546,FXSTIFFDebugLogFile.txt,0
131358,1790364929546,MpCmdRun.log,22882
131358,1790364929562,MpSigStub.log,97512
131358,1790364929562,msedge_installer.log,68015
131358,1790364929577,skin.zip,231625
131358,1790364929577,SYS32_Hardware.exe,32671232
131890,1790364930077,bb3a785178f443fda931098a5a9a306b.db.ses,53
131890,1790364930077,FXSAPIDebugLogFile.txt,0
131890,1790364930091,FXSTIFFDebugLogFile.txt,0
131890,1790364930091,MpCmdRun.log,22882
131890,1790364930107,MpSigStub.log,97512
131890,1790364930107,msedge_installer.log,68015
131890,1790364930107,skin.zip,231625
131890,1790364930122,SYS32_Hardware.exe,32671232
132435,1790364930622,bb3a785178f443fda931098a5a9a306b.db.ses,53
132435,1790364930622,FXSAPIDebugLogFile.txt,0
132435,1790364930622,FXSTIFFDebugLogFile.txt,0
132435,1790364930622,MpCmdRun.log,22882
132435,1790364930638,MpSigStub.log,97512
132435,1790364930638,msedge_installer.log,68015
132435,1790364930654,skin.zip,231625
132435,1790364930654,SYS32_Hardware.exe,32671232
132966,1790364931154,bb3a785178f443fda931098a5a9a306b.db.ses,53
132966,1790364931154,FXSAPIDebugLogFile.txt,0
132966,1790364931154,FXSTIFFDebugLogFile.txt,0
132966,1790364931154,MpCmdRun.log,22882
132966,1790364931169,MpSigStub.log,97512
132966,1790364931169,msedge_installer.log,68015
132966,1790364931185,skin.zip,231625
132966,1790364931185,SYS32_Hardware.exe,32671232
133497,1790364931685,bb3a785178f443fda931098a5a9a306b.db.ses,53
133497,1790364931685,FXSAPIDebugLogFile.txt,0
133497,1790364931685,FXSTIFFDebugLogFile.txt,0
133497,1790364931685,MpCmdRun.log,22882
133497,1790364931701,MpSigStub.log,97512
133497,1790364931701,msedge_installer.log,68015
133497,1790364931716,skin.zip,231625
133497,1790364931716,SYS32_Hardware.exe,32671232
134029,1790364932216,bb3a785178f443fda931098a5a9a306b.db.ses,53
134029,1790364932216,FXSAPIDebugLogFile.txt,0
134029,1790364932216,FXSTIFFDebugLogFile.txt,0
134029,1790364932216,MpCmdRun.log,22882
134029,1790364932232,MpSigStub.log,97512
134029,1790364932232,msedge_installer.log,68015
134029,1790364932232,skin.zip,231625
134029,1790364932248,SYS32_Hardware.exe,32671232
134560,1790364932748,bb3a785178f443fda931098a5a9a306b.db.ses,53
134560,1790364932748,FXSAPIDebugLogFile.txt,0
134560,1790364932748,FXSTIFFDebugLogFile.txt,0
134560,1790364932748,MpCmdRun.log,22882
134560,1790364932763,MpSigStub.log,97512
134560,1790364932763,msedge_installer.log,68015
134560,1790364932763,skin.zip,231625
134560,1790364932779,SYS32_Hardware.exe,32671232
135092,1790364933279,bb3a785178f443fda931098a5a9a306b.db.ses,53
135092,1790364933289,FXSAPIDebugLogFile.txt,0
135092,1790364933289,FXSTIFFDebugLogFile.txt,0
135092,1790364933305,MpCmdRun.log,22882
135092,1790364933305,MpSigStub.log,97512
135092,1790364933320,msedge_installer.log,68015
135092,1790364933336,skin.zip,231625
135092,1790364933336,SYS32_Hardware.exe,32671232
135670,1790364933858,bb3a785178f443fda931098a5a9a306b.db.ses,53
135670,1790364933858,FXSAPIDebugLogFile.txt,0
135670,1790364933858,FXSTIFFDebugLogFile.txt,0
135670,1790364933874,MpCmdRun.log,22882
135670,1790364933874,MpSigStub.log,97512
135670,1790364933874,msedge_installer.log,68015
135670,1790364933889,skin.zip,231625
135670,1790364933889,SYS32_Hardware.exe,32671232
136216,1790364934404,bb3a785178f443fda931098a5a9a306b.db.ses,53
136216,1790364934404,FXSAPIDebugLogFile.txt,0
136216,1790364934404,FXSTIFFDebugLogFile.txt,0
136216,1790364934404,MpCmdRun.log,22882
136216,1790364934420,MpSigStub.log,97512
136216,1790364934420,msedge_installer.log,68015
136216,1790364934420,skin.zip,231625
136216,1790364934435,SYS32_Hardware.exe,32671232
136748,1790364934935,bb3a785178f443fda931098a5a9a306b.db.ses,53
136748,1790364934935,FXSAPIDebugLogFile.txt,0
136748,1790364934935,FXSTIFFDebugLogFile.txt,0
136748,1790364934951,MpCmdRun.log,22882
136748,1790364934967,MpSigStub.log,97512
136748,1790364934967,msedge_installer.log,68015
136748,1790364934982,skin.zip,231625
136748,1790364934999,SYS32_Hardware.exe,32671232
137311,1790364935499,bb3a785178f443fda931098a5a9a306b.db.ses,53
137311,1790364935499,FXSAPIDebugLogFile.txt,0
137311,1790364935499,FXSTIFFDebugLogFile.txt,0
137311,1790364935514,MpCmdRun.log,22882
137311,1790364935514,MpSigStub.log,97512
137311,1790364935514,msedge_installer.log,68015
137311,1790364935514,skin.zip,231625
137311,1790364935530,SYS32_Hardware.exe,32671232
137842,1790364936030,bb3a785178f443fda931098a5a9a306b.db.ses,53
137842,1790364936040,FXSAPIDebugLogFile.txt,0
137842,1790364936040,FXSTIFFDebugLogFile.txt,0
137842,1790364936040,MpCmdRun.log,22882
137842,1790364936055,MpSigStub.log,97512
137842,1790364936055,msedge_installer.log,68015
137842,1790364936055,skin.zip,231625
137842,1790364936071,SYS32_Hardware.exe,32671232
138383,1790364936571,bb3a785178f443fda931098a5a9a306b.db.ses,53
138383,1790364936571,FXSAPIDebugLogFile.txt,0
138383,1790364936571,FXSTIFFDebugLogFile.txt,0
138383,1790364936571,MpCmdRun.log,22882
138383,1790364936587,MpSigStub.log,97512
138383,1790364936587,msedge_installer.log,68015
138383,1790364936587,skin.zip,231625
138383,1790364936602,SYS32_Hardware.exe,32671232
138915,1790364937103,bb3a785178f443fda931098a5a9a306b.db.ses,53
138915,1790364937103,FXSAPIDebugLogFile.txt,0
138915,1790364937115,FXSTIFFDebugLogFile.txt,0
138915,1790364937115,MpCmdRun.log,22882
138915,1790364937115,MpSigStub.log,97512
138915,1790364937131,msedge_installer.log,68015
138915,1790364937131,skin.zip,231625
138915,1790364937131,SYS32_Hardware.exe,32671232
139470,1790364937658,bb3a785178f443fda931098a5a9a306b.db.ses,53
139470,1790364937658,FXSAPIDebugLogFile.txt,0
139470,1790364937658,FXSTIFFDebugLogFile.txt,0
139470,1790364937658,MpCmdRun.log,22882
139470,1790364937674,MpSigStub.log,97512
139470,1790364937674,msedge_installer.log,68015
139470,1790364937689,skin.zip,231625
139470,1790364937689,SYS32_Hardware.exe,32671232
140006,1790364938194,bb3a785178f443fda931098a5a9a306b.db.ses,53
140006,1790364938194,FXSAPIDebugLogFile.txt,0
140006,1790364938194,FXSTIFFDebugLogFile.txt,0
140006,1790364938194,MpCmdRun.log,22882
140006,1790364938209,MpSigStub.log,97512
140006,1790364938225,msedge_installer.log,68015
140006,1790364938225,skin.zip,231625
140006,1790364938241,SYS32_Hardware.exe,32671232
140553,1790364938741,bb3a785178f443fda931098a5a9a306b.db.ses,53
140553,1790364938741,FXSAPIDebugLogFile.txt,0
140553,1790364938741,FXSTIFFDebugLogFile.txt,0
140553,1790364938741,MpCmdRun.log,22882
140553,1790364938756,MpSigStub.log,97512
140553,1790364938756,msedge_installer.log,68015
140553,1790364938772,skin.zip,231625
140553,1790364938772,SYS32_Hardware.exe,32671232
141100,1790364939288,bb3a785178f443fda931098a5a9a306b.db.ses,53
141100,1790364939288,FXSAPIDebugLogFile.txt,0
141100,1790364939303,FXSTIFFDebugLogFile.txt,0
141100,1790364939319,MpCmdRun.log,22882
141100,1790364939335,MpSigStub.log,97512
141100,1790364939350,msedge_installer.log,68015
141100,1790364939366,skin.zip,231625
141100,1790364939381,SYS32_Hardware.exe,32671232
141717,1790364939904,bb3a785178f443fda931098a5a9a306b.db.ses,53
141717,1790364939904,FXSAPIDebugLogFile.txt,0
141717,1790364939904,FXSTIFFDebugLogFile.txt,0
141717,1790364939920,MpCmdRun.log,22882
141717,1790364939935,MpSigStub.log,97512
141717,1790364939935,msedge_installer.log,68015
141717,1790364939951,skin.zip,231625
141717,1790364939967,SYS32_Hardware.exe,32671232
142294,1790364940482,bb3a785178f443fda931098a5a9a306b.db.ses,53
142294,1790364940482,FXSAPIDebugLogFile.txt,0
142294,1790364940482,FXSTIFFDebugLogFile.txt,0
142294,1790364940482,MpCmdRun.log,22882
142294,1790364940498,MpSigStub.log,97512
142294,1790364940498,msedge_installer.log,68015
142294,1790364940498,skin.zip,231625
142294,1790364940514,SYS32_Hardware.exe,32671232
142826,1790364941014,bb3a785178f443fda931098a5a9a306b.db.ses,53
142826,1790364941014,FXSAPIDebugLogFile.txt,0
142826,1790364941014,FXSTIFFDebugLogFile.txt,0
142826,1790364941029,MpCmdRun.log,22882
142826,1790364941029,MpSigStub.log,97512
142826,1790364941029,msedge_installer.log,68015
142826,1790364941045,skin.zip,231625
142826,1790364941045,SYS32_Hardware.exe,32671232
143357,1790364941545,bb3a785178f443fda931098a5a9a306b.db.ses,53
143357,1790364941545,FXSAPIDebugLogFile.txt,0
143357,1790364941549,FXSTIFFDebugLogFile.txt,0
143357,1790364941565,MpCmdRun.log,22882
143357,1790364941565,MpSigStub.log,97512
143357,1790364941565,msedge_installer.log,68015
143357,1790364941580,skin.zip,231625
143357,1790364941580,SYS32_Hardware.exe,32671232
143908,1790364942096,bb3a785178f443fda931098a5a9a306b.db.ses,53
143908,1790364942096,FXSAPIDebugLogFile.txt,0
143908,1790364942101,FXSTIFFDebugLogFile.txt,0
143908,1790364942101,MpCmdRun.log,22882
143908,1790364942116,MpSigStub.log,97512
143908,1790364942116,msedge_installer.log,68015
143908,1790364942116,skin.zip,231625
143908,1790364942132,SYS32_Hardware.exe,32671232
144446,1790364942632,bb3a785178f443fda931098a5a9a306b.db.ses,53
144446,1790364942632,FXSAPIDebugLogFile.txt,0
144446,1790364942648,FXSTIFFDebugLogFile.txt,0
144446,1790364942648,MpCmdRun.log,22882
144446,1790364942663,MpSigStub.log,97512
144446,1790364942663,msedge_installer.log,68015
144446,1790364942679,skin.zip,231625
144446,1790364942694,SYS32_Hardware.exe,32671232
145007,1790364943195,bb3a785178f443fda931098a5a9a306b.db.ses,53
145007,1790364943195,FXSAPIDebugLogFile.txt,0
145007,1790364943195,FXSTIFFDebugLogFile.txt,0
145007,1790364943210,MpCmdRun.log,22882
145007,1790364943210,MpSigStub.log,97512
145007,1790364943210,msedge_installer.log,68015
145007,1790364943226,skin.zip,231625
145007,1790364943226,SYS32_Hardware.exe,32671232
145554,1790364943741,bb3a785178f443fda931098a5a9a306b.db.ses,53
145554,1790364943741,FXSAPIDebugLogFile.txt,0
145554,1790364943741,FXSTIFFDebugLogFile.txt,0
145554,1790364943757,MpCmdRun.log,22882
145554,1790364943757,MpSigStub.log,97512
145554,1790364943757,msedge_installer.log,68015
145554,1790364943773,skin.zip,231625
145554,1790364943773,SYS32_Hardware.exe,32671232
146101,1790364944288,bb3a785178f443fda931098a5a9a306b.db.ses,53
146101,1790364944288,FXSAPIDebugLogFile.txt,0
146101,1790364944302,FXSTIFFDebugLogFile.txt,0
146101,1790364944302,MpCmdRun.log,22882
146101,1790364944317,MpSigStub.log,97512
146101,1790364944317,msedge_installer.log,68015
146101,1790364944333,skin.zip,231625
146101,1790364944333,SYS32_Hardware.exe,32671232
146661,1790364944849,bb3a785178f443fda931098a5a9a306b.db.ses,53
146661,1790364944849,FXSAPIDebugLogFile.txt,0
146661,1790364944864,FXSTIFFDebugLogFile.txt,0
146661,1790364944864,MpCmdRun.log,22882
146661,1790364944880,MpSigStub.log,97512
146661,1790364944880,msedge_installer.log,68015
146661,1790364944880,skin.zip,231625
146661,1790364944895,SYS32_Hardware.exe,32671232
147216,1790364945403,bb3a785178f443fda931098a5a9a306b.db.ses,53
147216,1790364945403,FXSAPIDebugLogFile.txt,0
147216,1790364945403,FXSTIFFDebugLogFile.txt,0
147216,1790364945403,MpCmdRun.log,22882
147216,1790364945419,MpSigStub.log,97512
147216,1790364945419,msedge_installer.log,68015
147216,1790364945434,skin.zip,231625
147216,1790364945434,SYS32_Hardware.exe,32671232
147748,1790364945947,bb3a785178f443fda931098a5a9a306b.db.ses,53
147748,1790364945947,FXSAPIDebugLogFile.txt,0
147748,1790364945947,FXSTIFFDebugLogFile.txt,0
147748,1790364945962,MpCmdRun.log,22882
147748,1790364945962,MpSigStub.log,97512
147748,1790364945978,msedge_installer.log,68015
147748,1790364945978,skin.zip,231625
147748,1790364945978,SYS32_Hardware.exe,32671232
148306,1790364946494,bb3a785178f443fda931098a5a9a306b.db.ses,53
148306,1790364946494,FXSAPIDebugLogFile.txt,0
148306,1790364946494,FXSTIFFDebugLogFile.txt,0
148306,1790364946509,MpCmdRun.log,22882
148306,1790364946509,MpSigStub.log,97512
148306,1790364946509,msedge_installer.log,68015
148306,1790364946525,skin.zip,231625
148306,1790364946525,SYS32_Hardware.exe,32671232
148853,1790364947040,bb3a785178f443fda931098a5a9a306b.db.ses,53
148853,1790364947040,FXSAPIDebugLogFile.txt,0
148853,1790364947040,FXSTIFFDebugLogFile.txt,0
148853,1790364947056,MpCmdRun.log,22882
148853,1790364947056,MpSigStub.log,97512
148853,1790364947056,msedge_installer.log,68015
148853,1790364947072,skin.zip,231625
148853,1790364947072,SYS32_Hardware.exe,32671232
149385,1790364947572,bb3a785178f443fda931098a5a9a306b.db.ses,53
149385,1790364947572,FXSAPIDebugLogFile.txt,0
149385,1790364947572,FXSTIFFDebugLogFile.txt,0
149385,1790364947588,MpCmdRun.log,22882
149385,1790364947588,MpSigStub.log,97512
149385,1790364947603,msedge_installer.log,68015
149385,1790364947603,skin.zip,231625
149385,1790364947619,SYS32_Hardware.exe,32671232
149960,1790364948147,bb3a785178f443fda931098a5a9a306b.db.ses,53
149960,1790364948147,FXSAPIDebugLogFile.txt,0
149960,1790364948162,FXSTIFFDebugLogFile.txt,0
149960,1790364948178,MpCmdRun.log,22882
149960,1790364948178,MpSigStub.log,97512
149960,1790364948193,msedge_installer.log,68015
149960,1790364948209,skin.zip,231625
149960,1790364948209,SYS32_Hardware.exe,32671232
150537,1790364948725,bb3a785178f443fda931098a5a9a306b.db.ses,53
150537,1790364948725,FXSAPIDebugLogFile.txt,0
150537,1790364948725,FXSTIFFDebugLogFile.txt,0
150537,1790364948740,MpCmdRun.log,22882
150537,1790364948740,MpSigStub.log,97512
150537,1790364948756,msedge_installer.log,68015
150537,1790364948756,skin.zip,231625
150537,1790364948771,SYS32_Hardware.exe,32671232
151099,1790364949287,bb3a785178f443fda931098a5a9a306b.db.ses,53
151099,1790364949287,FXSAPIDebugLogFile.txt,0
151099,1790364949301,FXSTIFFDebugLogFile.txt,0
151099,1790364949317,MpCmdRun.log,22882
151099,1790364949317,MpSigStub.log,97512
151099,1790364949332,msedge_installer.log,68015
151099,1790364949332,skin.zip,231625
151099,1790364949348,SYS32_Hardware.exe,32671232
151661,1790364949848,bb3a785178f443fda931098a5a9a306b.db.ses,53
151661,1790364949848,FXSAPIDebugLogFile.txt,0
151661,1790364949848,FXSTIFFDebugLogFile.txt,0
151661,1790364949864,MpCmdRun.log,22882
151661,1790364949864,MpSigStub.log,97512
151661,1790364949879,msedge_installer.log,68015
151661,1790364949879,skin.zip,231625
151661,1790364949895,SYS32_Hardware.exe,32671232
152217,1790364950404,bb3a785178f443fda931098a5a9a306b.db.ses,53
152217,1790364950404,FXSAPIDebugLogFile.txt,0
152217,1790364950420,FXSTIFFDebugLogFile.txt,0
152217,1790364950420,MpCmdRun.log,22882
152217,1790364950435,MpSigStub.log,97512
152217,1790364950435,msedge_installer.log,68015
152217,1790364950451,skin.zip,231625
152217,1790364950466,SYS32_Hardware.exe,32671232
152795,1790364950982,bb3a785178f443fda931098a5a9a306b.db.ses,53
152795,1790364950982,FXSAPIDebugLogFile.txt,0
152795,1790364950998,FXSTIFFDebugLogFile.txt,0
152795,1790364951029,MpCmdRun.log,22882
152795,1790364951045,MpSigStub.log,97512
152795,1790364951060,msedge_installer.log,68015
152795,1790364951076,skin.zip,231625
152795,1790364951092,SYS32_Hardware.exe,32671232
153407,1790364951595,bb3a785178f443fda931098a5a9a306b.db.ses,53
153407,1790364951595,FXSAPIDebugLogFile.txt,0
153407,1790364951595,FXSTIFFDebugLogFile.txt,0
153407,1790364951610,MpCmdRun.log,22882
153407,1790364951626,MpSigStub.log,97512
153407,1790364951626,msedge_installer.log,68015
153407,1790364951641,skin.zip,231625
153407,1790364951641,SYS32_Hardware.exe,32671232
153970,1790364952157,bb3a785178f443fda931098a5a9a306b.db.ses,53
153970,1790364952157,FXSAPIDebugLogFile.txt,0
153970,1790364952157,FXSTIFFDebugLogFile.txt,0
153970,1790364952173,MpCmdRun.log,22882
153970,1790364952173,MpSigStub.log,97512
153970,1790364952189,msedge_installer.log,68015
153970,1790364952204,skin.zip,231625
153970,1790364952204,SYS32_Hardware.exe,32671232
154545,1790364952733,bb3a785178f443fda931098a5a9a306b.db.ses,53
154545,1790364952733,FXSAPIDebugLogFile.txt,0
154545,1790364952733,FXSTIFFDebugLogFile.txt,0
154545,1790364952749,MpCmdRun.log,22882
154545,1790364952764,MpSigStub.log,97512
154545,1790364952764,msedge_installer.log,68015
154545,1790364952780,skin.zip,231625
154545,1790364952796,SYS32_Hardware.exe,32671232
155108,1790364953296,bb3a785178f443fda931098a5a9a306b.db.ses,53
155108,1790364953296,FXSAPIDebugLogFile.txt,0
155108,1790364953311,FXSTIFFDebugLogFile.txt,0
155108,1790364953311,MpCmdRun.log,22882
155108,1790364953327,MpSigStub.log,97512
155108,1790364953327,msedge_installer.log,68015
155108,1790364953343,skin.zip,231625
155108,1790364953343,SYS32_Hardware.exe,32671232
155672,1790364953858,bb3a785178f443fda931098a5a9a306b.db.ses,53
155672,1790364953858,FXSAPIDebugLogFile.txt,0
155672,1790364953874,FXSTIFFDebugLogFile.txt,0
155672,1790364953890,MpCmdRun.log,22882
155672,1790364953890,MpSigStub.log,97512
155672,1790364953905,msedge_installer.log,68015
155672,1790364953921,skin.zip,231625
155672,1790364953921,SYS32_Hardware.exe,32671232
156249,1790364954437,bb3a785178f443fda931098a5a9a306b.db.ses,53
156249,1790364954437,FXSAPIDebugLogFile.txt,0
156249,1790364954437,FXSTIFFDebugLogFile.txt,0
156249,1790364954452,MpCmdRun.log,22882
156249,1790364954452,MpSigStub.log,97512
156249,1790364954468,msedge_installer.log,68015
156249,1790364954468,skin.zip,231625
156249,1790364954484,SYS32_Hardware.exe,32671232
156812,1790364954999,bb3a785178f443fda931098a5a9a306b.db.ses,53
156812,1790364954999,FXSAPIDebugLogFile.txt,0
156812,1790364955014,FXSTIFFDebugLogFile.txt,0
156812,1790364955014,MpCmdRun.log,22882
156812,1790364955030,MpSigStub.log,97512
156812,1790364955045,msedge_installer.log,68015
156812,1790364955045,skin.zip,231625
156812,1790364955061,SYS32_Hardware.exe,32671232
157373,1790364955561,bb3a785178f443fda931098a5a9a306b.db.ses,53
157373,1790364955561,FXSAPIDebugLogFile.txt,0
157373,1790364955575,FXSTIFFDebugLogFile.txt,0
157373,1790364955575,MpCmdRun.log,22882
157373,1790364955591,MpSigStub.log,97512
157373,1790364955591,msedge_installer.log,68015
157373,1790364955607,skin.zip,231625
157373,1790364955607,SYS32_Hardware.exe,32671232
157934,1790364956122,bb3a785178f443fda931098a5a9a306b.db.ses,53
157934,1790364956122,FXSAPIDebugLogFile.txt,0
157934,1790364956122,FXSTIFFDebugLogFile.txt,0
157934,1790364956138,MpCmdRun.log,22882
157934,1790364956138,MpSigStub.log,97512
157934,1790364956153,msedge_installer.log,68015
157934,1790364956169,skin.zip,231625
157934,1790364956169,SYS32_Hardware.exe,32671232
158511,1790364956699,bb3a785178f443fda931098a5a9a306b.db.ses,53
158511,1790364956699,FXSAPIDebugLogFile.txt,0
158511,1790364956706,FXSTIFFDebugLogFile.txt,0
158511,1790364956706,MpCmdRun.log,22882
158511,1790364956722,MpSigStub.log,97512
158511,1790364956738,msedge_installer.log,68015
158511,1790364956738,skin.zip,231625
158511,1790364956753,SYS32_Hardware.exe,32671232
159081,1790364957269,bb3a785178f443fda931098a5a9a306b.db.ses,53
159081,1790364957269,FXSAPIDebugLogFile.txt,0
159081,1790364957269,FXSTIFFDebugLogFile.txt,0
159081,1790364957284,MpCmdRun.log,22882
159081,1790364957284,MpSigStub.log,97512
159081,1790364957300,msedge_installer.log,68015
159081,1790364957300,skin.zip,231625
159081,1790364957316,SYS32_Hardware.exe,32671232
159645,1790364957832,bb3a785178f443fda931098a5a9a306b.db.ses,53
159645,1790364957832,FXSAPIDebugLogFile.txt,0
159645,1790364957848,FXSTIFFDebugLogFile.txt,0
159645,1790364957864,MpCmdRun.log,22882
159645,1790364957864,MpSigStub.log,97512
159645,1790364957879,msedge_installer.log,68015
159645,1790364957895,skin.zip,231625
159645,1790364957895,SYS32_Hardware.exe,32671232
160232,1790364958420,bb3a785178f443fda931098a5a9a306b.db.ses,53
160232,1790364958420,FXSAPIDebugLogFile.txt,0
160232,1790364958420,FXSTIFFDebugLogFile.txt,0
160232,1790364958435,MpCmdRun.log,22882
160232,1790364958451,MpSigStub.log,97512
160232,1790364958451,msedge_installer.log,68015
160232,1790364958467,skin.zip,231625
160232,1790364958482,SYS32_Hardware.exe,32671232
160795,1790364958982,bb3a785178f443fda931098a5a9a306b.db.ses,53
160795,1790364958982,FXSAPIDebugLogFile.txt,0
160795,1790364958982,FXSTIFFDebugLogFile.txt,0
160795,1790364958998,MpCmdRun.log,22882
160795,1790364958998,MpSigStub.log,97512
160795,1790364959013,msedge_installer.log,68015
160795,1790364959013,skin.zip,231625
160795,1790364959029,SYS32_Hardware.exe,32671232
161357,1790364959545,bb3a785178f443fda931098a5a9a306b.db.ses,53
161357,1790364959545,FXSAPIDebugLogFile.txt,0
161357,1790364959545,FXSTIFFDebugLogFile.txt,0
161357,1790364959560,MpCmdRun.log,22882
161357,1790364959560,MpSigStub.log,97512
161357,1790364959576,msedge_installer.log,68015
161357,1790364959592,skin.zip,231625
161357,1790364959592,SYS32_Hardware.exe,32671232
161920,1790364960107,bb3a785178f443fda931098a5a9a306b.db.ses,53
161920,1790364960107,FXSAPIDebugLogFile.txt,0
161920,1790364960123,FXSTIFFDebugLogFile.txt,0
161920,1790364960123,MpCmdRun.log,22882
161920,1790364960139,MpSigStub.log,97512
161920,1790364960154,msedge_installer.log,68015
161920,1790364960154,skin.zip,231625
161920,1790364960186,SYS32_Hardware.exe,32671232
162498,1790364960686,bb3a785178f443fda931098a5a9a306b.db.ses,53
162498,1790364960686,FXSAPIDebugLogFile.txt,0
162498,1790364960686,FXSTIFFDebugLogFile.txt,0
162498,1790364960701,MpCmdRun.log,22882
162498,1790364960717,MpSigStub.log,97512
162498,1790364960717,msedge_installer.log,68015
162498,1790364960733,skin.zip,231625
162498,1790364960733,SYS32_Hardware.exe,32671232
163061,1790364961248,bb3a785178f443fda931098a5a9a306b.db.ses,53
163061,1790364961248,FXSAPIDebugLogFile.txt,0
163061,1790364961264,FXSTIFFDebugLogFile.txt,0
163061,1790364961264,MpCmdRun.log,22882
163061,1790364961280,MpSigStub.log,97512
163061,1790364961295,msedge_installer.log,68015
163061,1790364961295,skin.zip,231625
163061,1790364961311,SYS32_Hardware.exe,32671232
163623,1790364961811,bb3a785178f443fda931098a5a9a306b.db.ses,53
163623,1790364961821,FXSAPIDebugLogFile.txt,0
163623,1790364961821,FXSTIFFDebugLogFile.txt,0
163623,1790364961836,MpCmdRun.log,22882
163623,1790364961836,MpSigStub.log,97512
163623,1790364961852,msedge_installer.log,68015
163623,1790364961868,skin.zip,231625
163623,1790364961883,SYS32_Hardware.exe,32671232
164196,1790364962383,bb3a785178f443fda931098a5a9a306b.db.ses,53
164196,1790364962383,FXSAPIDebugLogFile.txt,0
164196,1790364962383,FXSTIFFDebugLogFile.txt,0
164196,1790364962399,MpCmdRun.log,22882
164196,1790364962399,MpSigStub.log,97512
164196,1790364962399,msedge_installer.log,68015
164196,1790364962415,skin.zip,231625
164196,1790364962415,SYS32_Hardware.exe,32671232
164753,1790364962941,bb3a785178f443fda931098a5a9a306b.db.ses,53
164753,1790364962941,FXSAPIDebugLogFile.txt,0
164753,1790364962941,FXSTIFFDebugLogFile.txt,0
164753,1790364962956,MpCmdRun.log,22882
164753,1790364962956,MpSigStub.log,97512
164753,1790364962956,msedge_installer.log,68015
164753,1790364962972,skin.zip,231625
164753,1790364962972,SYS32_Hardware.exe,32671232
165300,1790364963487,bb3a785178f443fda931098a5a9a306b.db.ses,53
165300,1790364963487,FXSAPIDebugLogFile.txt,0
165300,1790364963487,FXSTIFFDebugLogFile.txt,0
165300,1790364963487,MpCmdRun.log,22882
165300,1790364963503,MpSigStub.log,97512
165300,1790364963519,msedge_installer.log,68015
165300,1790364963519,skin.zip,231625
165300,1790364963534,SYS32_Hardware.exe,32671232
165847,1790364964034,bb3a785178f443fda931098a5a9a306b.db.ses,53
165847,1790364964034,FXSAPIDebugLogFile.txt,0
165847,1790364964034,FXSTIFFDebugLogFile.txt,0
165847,1790364964050,MpCmdRun.log,22882
165847,1790364964066,MpSigStub.log,97512
165847,1790364964066,msedge_installer.log,68015
165847,1790364964081,skin.zip,231625
165847,1790364964081,SYS32_Hardware.exe,32671232
166420,1790364964608,bb3a785178f443fda931098a5a9a306b.db.ses,53
166420,1790364964608,FXSAPIDebugLogFile.txt,0
166420,1790364964608,FXSTIFFDebugLogFile.txt,0
166420,1790364964623,MpCmdRun.log,22882
166420,1790364964623,MpSigStub.log,97512
166420,1790364964623,msedge_installer.log,68015
166420,1790364964639,skin.zip,231625
166420,1790364964639,SYS32_Hardware.exe,32671232
166967,1790364965154,bb3a785178f443fda931098a5a9a306b.db.ses,53
166967,1790364965154,FXSAPIDebugLogFile.txt,0
166967,1790364965154,FXSTIFFDebugLogFile.txt,0
166967,1790364965170,MpCmdRun.log,22882
166967,1790364965170,MpSigStub.log,97512
166967,1790364965170,msedge_installer.log,68015
166967,1790364965186,skin.zip,231625
166967,1790364965201,SYS32_Hardware.exe,32671232
167514,1790364965701,bb3a785178f443fda931098a5a9a306b.db.ses,53
167514,1790364965701,FXSAPIDebugLogFile.txt,0
167514,1790364965701,FXSTIFFDebugLogFile.txt,0
167514,1790364965701,MpCmdRun.log,22882
167514,1790364965717,MpSigStub.log,97512
167514,1790364965733,msedge_installer.log,68015
167514,1790364965733,skin.zip,231625
167514,1790364965733,SYS32_Hardware.exe,32671232
168063,1790364966248,bb3a785178f443fda931098a5a9a306b.db.ses,53
168063,1790364966264,FXSAPIDebugLogFile.txt,0
168063,1790364966264,FXSTIFFDebugLogFile.txt,0
168063,1790364966264,MpCmdRun.log,22882
168063,1790364966280,MpSigStub.log,97512
168063,1790364966280,msedge_installer.log,68015
168063,1790364966295,skin.zip,231625
168063,1790364966311,SYS32_Hardware.exe,32671232
168623,1790364966811,bb3a785178f443fda931098a5a9a306b.db.ses,53
168623,1790364966811,FXSAPIDebugLogFile.txt,0
168623,1790364966811,FXSTIFFDebugLogFile.txt,0
168623,1790364966827,MpCmdRun.log,22882
168623,1790364966827,MpSigStub.log,97512
168623,1790364966842,msedge_installer.log,68015
168623,1790364966842,skin.zip,231625
168623,1790364966842,SYS32_Hardware.exe,32671232
169184,1790364967372,bb3a785178f443fda931098a5a9a306b.db.ses,53
169184,1790364967372,FXSAPIDebugLogFile.txt,0
169184,1790364967372,FXSTIFFDebugLogFile.txt,0
169184,1790364967387,MpCmdRun.log,22882
169184,1790364967387,MpSigStub.log,97512
169184,1790364967387,msedge_installer.log,68015
169184,1790364967403,skin.zip,231625
169184,1790364967419,SYS32_Hardware.exe,32671232
169748,1790364967935,bb3a785178f443fda931098a5a9a306b.db.ses,53
169748,1790364967935,FXSAPIDebugLogFile.txt,0
169748,1790364967935,FXSTIFFDebugLogFile.txt,0
169748,1790364967951,MpCmdRun.log,22882
169748,1790364967967,MpSigStub.log,97512
169748,1790364967967,msedge_installer.log,68015
169748,1790364967982,skin.zip,231625
169748,1790364967998,SYS32_Hardware.exe,32671232
170310,1790364968498,bb3a785178f443fda931098a5a9a306b.db.ses,53
170310,1790364968498,FXSAPIDebugLogFile.txt,0
170310,1790364968513,FXSTIFFDebugLogFile.txt,0
170310,1790364968513,MpCmdRun.log,22882
170310,1790364968529,MpSigStub.log,97512
170310,1790364968529,msedge_installer.log,68015
170310,1790364968529,skin.zip,231625
170310,1790364968545,SYS32_Hardware.exe,32671232
170857,1790364969045,bb3a785178f443fda931098a5a9a306b.db.ses,53
170857,1790364969045,FXSAPIDebugLogFile.txt,0
170857,1790364969049,FXSTIFFDebugLogFile.txt,0
170857,1790364969049,MpCmdRun.log,22882
170857,1790364969064,MpSigStub.log,97512
170857,1790364969064,msedge_installer.log,68015
170857,1790364969080,skin.zip,231625
170857,1790364969080,SYS32_Hardware.exe,32671232
171420,1790364969608,bb3a785178f443fda931098a5a9a306b.db.ses,53
171420,1790364969608,FXSAPIDebugLogFile.txt,0
171420,1790364969608,FXSTIFFDebugLogFile.txt,0
171420,1790364969608,MpCmdRun.log,22882
171420,1790364969623,MpSigStub.log,97512
171420,1790364969623,msedge_installer.log,68015
171420,1790364969639,skin.zip,231625
171420,1790364969655,SYS32_Hardware.exe,32671232
171968,1790364970155,bb3a785178f443fda931098a5a9a306b.db.ses,53
171968,1790364970155,FXSAPIDebugLogFile.txt,0
171968,1790364970173,FXSTIFFDebugLogFile.txt,0
171968,1790364970173,MpCmdRun.log,22882
171968,1790364970188,MpSigStub.log,97512
171968,1790364970188,msedge_installer.log,68015
171968,1790364970204,skin.zip,231625
171968,1790364970220,SYS32_Hardware.exe,32671232
172532,1790364970720,bb3a785178f443fda931098a5a9a306b.db.ses,53
172532,1790364970720,FXSAPIDebugLogFile.txt,0
172532,1790364970720,FXSTIFFDebugLogFile.txt,0
172532,1790364970735,MpCmdRun.log,22882
172532,1790364970735,MpSigStub.log,97512
172532,1790364970735,msedge_installer.log,68015
172532,1790364970751,skin.zip,231625
172532,1790364970767,SYS32_Hardware.exe,32671232
173079,1790364971267,bb3a785178f443fda931098a5a9a306b.db.ses,53
173079,1790364971267,FXSAPIDebugLogFile.txt,0
173079,1790364971267,FXSTIFFDebugLogFile.txt,0
173079,1790364971267,MpCmdRun.log,22882
173079,1790364971282,MpSigStub.log,97512
173079,1790364971282,msedge_installer.log,68015
173079,1790364971298,skin.zip,231625
173079,1790364971298,SYS32_Hardware.exe,32671232
173626,1790364971814,bb3a785178f443fda931098a5a9a306b.db.ses,53
173626,1790364971814,FXSAPIDebugLogFile.txt,0
173626,1790364971814,FXSTIFFDebugLogFile.txt,0
173626,1790364971829,MpCmdRun.log,22882
173626,1790364971829,MpSigStub.log,97512
173626,1790364971845,msedge_installer.log,68015
173626,1790364971845,skin.zip,231625
173626,1790364971860,SYS32_Hardware.exe,32671232
174184,1790364972372,bb3a785178f443fda931098a5a9a306b.db.ses,53
174184,1790364972372,FXSAPIDebugLogFile.txt,0
174184,1790364972372,FXSTIFFDebugLogFile.txt,0
174184,1790364972387,MpCmdRun.log,22882
174184,1790364972387,MpSigStub.log,97512
174184,1790364972403,msedge_installer.log,68015
174184,1790364972403,skin.zip,231625
174184,1790364972403,SYS32_Hardware.exe,32671232
174732,1790364972920,bb3a785178f443fda931098a5a9a306b.db.ses,53
174732,1790364972920,FXSAPIDebugLogFile.txt,0
174732,1790364972920,FXSTIFFDebugLogFile.txt,0
174732,1790364972935,MpCmdRun.log,22882
174732,1790364972935,MpSigStub.log,97512
174732,1790364972935,msedge_installer.log,68015
174732,1790364972951,skin.zip,231625
174732,1790364972951,SYS32_Hardware.exe,32671232
175294,1790364973482,bb3a785178f443fda931098a5a9a306b.db.ses,53
175294,1790364973482,FXSAPIDebugLogFile.txt,0
175294,1790364973482,FXSTIFFDebugLogFile.txt,0
175294,1790364973498,MpCmdRun.log,22882
175294,1790364973498,MpSigStub.log,97512
175294,1790364973498,msedge_installer.log,68015
175294,1790364973513,skin.zip,231625
175294,1790364973513,SYS32_Hardware.exe,32671232
175841,1790364974029,bb3a785178f443fda931098a5a9a306b.db.ses,53
175841,1790364974029,FXSAPIDebugLogFile.txt,0
175841,1790364974029,FXSTIFFDebugLogFile.txt,0
175841,1790364974029,MpCmdRun.log,22882
175841,1790364974045,MpSigStub.log,97512
175841,1790364974045,msedge_installer.log,68015
175841,1790364974060,skin.zip,231625
175841,1790364974060,SYS32_Hardware.exe,32671232
176374,1790364974561,bb3a785178f443fda931098a5a9a306b.db.ses,53
176374,1790364974561,FXSAPIDebugLogFile.txt,0
176374,1790364974566,FXSTIFFDebugLogFile.txt,0
176374,1790364974566,MpCmdRun.log,22882
176374,1790364974582,MpSigStub.log,97512
176374,1790364974582,msedge_installer.log,68015
176374,1790364974597,skin.zip,231625
176374,1790364974597,SYS32_Hardware.exe,32671232
176926,1790364975113,bb3a785178f443fda931098a5a9a306b.db.ses,53
176926,1790364975113,FXSAPIDebugLogFile.txt,0
176926,1790364975113,FXSTIFFDebugLogFile.txt,0
176926,1790364975134,MpCmdRun.log,22882
176926,1790364975134,MpSigStub.log,97512
176926,1790364975149,msedge_installer.log,68015
176926,1790364975149,skin.zip,231625
176926,1790364975165,SYS32_Hardware.exe,32671232
177477,1790364975665,bb3a785178f443fda931098a5a9a306b.db.ses,53
177477,1790364975665,FXSAPIDebugLogFile.txt,0
177477,1790364975665,FXSTIFFDebugLogFile.txt,0
177477,1790364975681,MpCmdRun.log,22882
177477,1790364975681,MpSigStub.log,97512
177477,1790364975681,msedge_installer.log,68015
177477,1790364975696,skin.zip,231625
177477,1790364975712,SYS32_Hardware.exe,32671232
178024,1790364976212,bb3a785178f443fda931098a5a9a306b.db.ses,53
178024,1790364976212,FXSAPIDebugLogFile.txt,0
178024,1790364976212,FXSTIFFDebugLogFile.txt,0
178024,1790364976228,MpCmdRun.log,22882
178024,1790364976228,MpSigStub.log,97512
178024,1790364976228,msedge_installer.log,68015
178024,1790364976259,skin.zip,231625
178024,1790364976259,SYS32_Hardware.exe,32671232
178587,1790364976775,bb3a785178f443fda931098a5a9a306b.db.ses,53
178587,1790364976775,FXSAPIDebugLogFile.txt,0
178587,1790364976775,FXSTIFFDebugLogFile.txt,0
178587,1790364976790,MpCmdRun.log,22882
178587,1790364976790,MpSigStub.log,97512
178587,1790364976790,msedge_installer.log,68015
178587,1790364976806,skin.zip,231625
178587,1790364976806,SYS32_Hardware.exe,32671232
179119,1790364977306,bb3a785178f443fda931098a5a9a306b.db.ses,53
179119,1790364977306,FXSAPIDebugLogFile.txt,0
179119,1790364977306,FXSTIFFDebugLogFile.txt,0
179119,1790364977322,MpCmdRun.log,22882
179119,1790364977322,MpSigStub.log,97512
179119,1790364977337,msedge_installer.log,68015
179119,1790364977337,skin.zip,231625
179119,1790364977353,SYS32_Hardware.exe,32671232
179665,1790364977853,bb3a785178f443fda931098a5a9a306b.db.ses,53
179665,1790364977853,FXSAPIDebugLogFile.txt,0
179665,1790364977853,FXSTIFFDebugLogFile.txt,0
179665,1790364977869,MpCmdRun.log,22882
179665,1790364977869,MpSigStub.log,97512
179665,1790364977869,msedge_installer.log,68015
179665,1790364977884,skin.zip,231625
179665,1790364977884,SYS32_Hardware.exe,32671232
180216,1790364978404,bb3a785178f443fda931098a5a9a306b.db.ses,53
180216,1790364978404,FXSAPIDebugLogFile.txt,0
180216,1790364978404,FXSTIFFDebugLogFile.txt,0
180216,1790364978404,MpCmdRun.log,22882
180216,1790364978420,MpSigStub.log,97512
180216,1790364978420,msedge_installer.log,68015
180216,1790364978435,skin.zip,231625
180216,1790364978435,SYS32_Hardware.exe,32671232
180763,1790364978951,bb3a785178f443fda931098a5a9a306b.db.ses,53
180763,1790364978951,FXSAPIDebugLogFile.txt,0
180763,1790364978965,FXSTIFFDebugLogFile.txt,0
180763,1790364978965,MpCmdRun.log,22882
180763,1790364978981,MpSigStub.log,97512
180763,1790364978981,msedge_installer.log,68015
180763,1790364978997,skin.zip,231625
180763,1790364978997,SYS32_Hardware.exe,32671232
181330,1790364979518,bb3a785178f443fda931098a5a9a306b.db.ses,53
181330,1790364979518,FXSAPIDebugLogFile.txt,0
181330,1790364979518,FXSTIFFDebugLogFile.txt,0
181330,1790364979518,MpCmdRun.log,22882
181330,1790364979534,MpSigStub.log,97512
181330,1790364979534,msedge_installer.log,68015
181330,1790364979534,skin.zip,231625
181330,1790364979549,SYS32_Hardware.exe,32671232
181877,1790364980064,bb3a785178f443fda931098a5a9a306b.db.ses,53
181877,1790364980064,FXSAPIDebugLogFile.txt,0
181877,1790364980069,FXSTIFFDebugLogFile.txt,0
181877,1790364980069,MpCmdRun.log,22882
181877,1790364980085,MpSigStub.log,97512
181877,1790364980085,msedge_installer.log,68015
181877,1790364980100,skin.zip,231625
181877,1790364980100,SYS32_Hardware.exe,32671232
182428,1790364980616,bb3a785178f443fda931098a5a9a306b.db.ses,53
182428,1790364980616,FXSAPIDebugLogFile.txt,0
182428,1790364980616,FXSTIFFDebugLogFile.txt,0
182428,1790364980632,MpCmdRun.log,22882
182428,1790364980632,MpSigStub.log,97512
182428,1790364980647,msedge_installer.log,68015
182428,1790364980647,skin.zip,231625
182428,1790364980663,SYS32_Hardware.exe,32671232
182976,1790364981163,bb3a785178f443fda931098a5a9a306b.db.ses,53
182976,1790364981163,FXSAPIDebugLogFile.txt,0
182976,1790364981182,FXSTIFFDebugLogFile.txt,0
182976,1790364981198,MpCmdRun.log,22882
182976,1790364981214,MpSigStub.log,97512
182976,1790364981214,msedge_installer.log,68015
182976,1790364981229,skin.zip,231625
182976,1790364981245,SYS32_Hardware.exe,32671232
183573,1790364981761,bb3a785178f443fda931098a5a9a306b.db.ses,53
183573,1790364981761,FXSAPIDebugLogFile.txt,0
183573,1790364981761,FXSTIFFDebugLogFile.txt,0
183573,1790364981776,MpCmdRun.log,22882
183573,1790364981776,MpSigStub.log,97512
183573,1790364981776,msedge_installer.log,68015
183573,1790364981792,skin.zip,231625
183573,1790364981792,SYS32_Hardware.exe,32671232
184347,1790364982526,bb3a785178f443fda931098a5a9a306b.db.ses,53
184347,1790364982526,FXSAPIDebugLogFile.txt,0
184347,1790364982557,FXSTIFFDebugLogFile.txt,0
184347,1790364982557,MpCmdRun.log,22882
184347,1790364982589,MpSigStub.log,97512
184347,1790364982948,msedge_installer.log,68015
184347,1790364982948,skin.zip,231625
184347,1790364982979,SYS32_Hardware.exe,32671232
185308,1790364983495,bb3a785178f443fda931098a5a9a306b.db.ses,53
185308,1790364983495,FXSAPIDebugLogFile.txt,0
185308,1790364983495,FXSTIFFDebugLogFile.txt,0
185308,1790364983511,MpCmdRun.log,22882
185308,1790364983511,MpSigStub.log,97512
185308,1790364983526,msedge_installer.log,68015
185308,1790364983526,skin.zip,231625
185308,1790364983542,SYS32_Hardware.exe,32671232
185870,1790364984058,bb3a785178f443fda931098a5a9a306b.db.ses,53
185870,1790364984058,FXSAPIDebugLogFile.txt,0
185870,1790364984058,FXSTIFFDebugLogFile.txt,0
185870,1790364984073,MpCmdRun.log,22882
185870,1790364984073,MpSigStub.log,97512
185870,1790364984073,msedge_installer.log,68015
185870,1790364984089,skin.zip,231625
185870,1790364984089,SYS32_Hardware.exe,32671232
186417,1790364984605,bb3a785178f443fda931098a5a9a306b.db.ses,53
186417,1790364984605,FXSAPIDebugLogFile.txt,0
186417,1790364984605,FXSTIFFDebugLogFile.txt,0
186417,1790364984620,MpCmdRun.log,22882
186417,1790364984620,MpSigStub.log,97512
186417,1790364984636,msedge_installer.log,68015
186417,1790364984636,skin.zip,231625
186417,1790364984651,SYS32_Hardware.exe,32671232
186964,1790364985152,bb3a785178f443fda931098a5a9a306b.db.ses,53
186964,1790364985152,FXSAPIDebugLogFile.txt,0
186964,1790364985167,FXSTIFFDebugLogFile.txt,0
186964,1790364985183,MpCmdRun.log,22882
186964,1790364985183,MpSigStub.log,97512
186964,1790364985198,msedge_installer.log,68015
186964,1790364985214,skin.zip,231625
186964,1790364985214,SYS32_Hardware.exe,32671232
187542,1790364985730,bb3a785178f443fda931098a5a9a306b.db.ses,53
187542,1790364985730,FXSAPIDebugLogFile.txt,0
187542,1790364985730,FXSTIFFDebugLogFile.txt,0
187542,1790364985745,MpCmdRun.log,22882
187542,1790364985745,MpSigStub.log,97512
187542,1790364985761,msedge_installer.log,68015
187542,1790364985761,skin.zip,231625
187542,1790364985777,SYS32_Hardware.exe,32671232
188089,1790364986277,bb3a785178f443fda931098a5a9a306b.db.ses,53
188089,1790364986277,FXSAPIDebugLogFile.txt,0
188089,1790364986277,FXSTIFFDebugLogFile.txt,0
188089,1790364986292,MpCmdRun.log,22882
188089,1790364986292,MpSigStub.log,97512
188089,1790364986308,msedge_installer.log,68015
188089,1790364986308,skin.zip,231625
188089,1790364986308,SYS32_Hardware.exe,32671232
188649,1790364986836,bb3a785178f443fda931098a5a9a306b.db.ses,53
188649,1790364986836,FXSAPIDebugLogFile.txt,0
188649,1790364986836,FXSTIFFDebugLogFile.txt,0
188649,1790364986852,MpCmdRun.log,22882
188649,1790364986852,MpSigStub.log,97512
188649,1790364986867,msedge_installer.log,68015
188649,1790364986867,skin.zip,231625
188649,1790364986883,SYS32_Hardware.exe,32671232
189196,1790364987383,bb3a785178f443fda931098a5a9a306b.db.ses,53
189196,1790364987383,FXSAPIDebugLogFile.txt,0
189196,1790364987399,FXSTIFFDebugLogFile.txt,0
189196,1790364987414,MpCmdRun.log,22882
189196,1790364987414,MpSigStub.log,97512
189196,1790364987430,msedge_installer.log,68015
189196,1790364987430,skin.zip,231625
189196,1790364987445,SYS32_Hardware.exe,32671232
189763,1790364987951,bb3a785178f443fda931098a5a9a306b.db.ses,53
189763,1790364987951,FXSAPIDebugLogFile.txt,0
189763,1790364987951,FXSTIFFDebugLogFile.txt,0
189763,1790364987967,MpCmdRun.log,22882
189763,1790364987967,MpSigStub.log,97512
189763,1790364987967,msedge_installer.log,68015
189763,1790364987982,skin.zip,231625
189763,1790364987982,SYS32_Hardware.exe,32671232
190314,1790364988501,bb3a785178f443fda931098a5a9a306b.db.ses,53
190314,1790364988501,FXSAPIDebugLogFile.txt,0
190314,1790364988501,FXSTIFFDebugLogFile.txt,0
190314,1790364988501,MpCmdRun.log,22882
190314,1790364988517,MpSigStub.log,97512
190314,1790364988517,msedge_installer.log,68015
190314,1790364988533,skin.zip,231625
190314,1790364988533,SYS32_Hardware.exe,32671232
190869,1790364989057,bb3a785178f443fda931098a5a9a306b.db.ses,53
190869,1790364989057,FXSAPIDebugLogFile.txt,0
190869,1790364989057,FXSTIFFDebugLogFile.txt,0
190869,1790364989072,MpCmdRun.log,22882
190869,1790364989072,MpSigStub.log,97512
190869,1790364989072,msedge_installer.log,68015
190869,1790364989088,skin.zip,231625
190869,1790364989088,SYS32_Hardware.exe,32671232
191432,1790364989619,bb3a785178f443fda931098a5a9a306b.db.ses,53
191432,1790364989619,FXSAPIDebugLogFile.txt,0
191432,1790364989619,FXSTIFFDebugLogFile.txt,0
191432,1790364989619,MpCmdRun.log,22882
191432,1790364989635,MpSigStub.log,97512
191432,1790364989635,msedge_installer.log,68015
191432,1790364989650,skin.zip,231625
191432,1790364989650,SYS32_Hardware.exe,32671232
191963,1790364990151,bb3a785178f443fda931098a5a9a306b.db.ses,53
191963,1790364990151,FXSAPIDebugLogFile.txt,0
191963,1790364990151,FXSTIFFDebugLogFile.txt,0
191963,1790364990151,MpCmdRun.log,22882
191963,1790364990166,MpSigStub.log,97512
191963,1790364990166,msedge_installer.log,68015
191963,1790364990166,skin.zip,231625
191963,1790364990182,SYS32_Hardware.exe,32671232
192495,1790364990682,bb3a785178f443fda931098a5a9a306b.db.ses,53
192495,1790364990682,FXSAPIDebugLogFile.txt,0
192495,1790364990682,FXSTIFFDebugLogFile.txt,0
192495,1790364990682,MpCmdRun.log,22882
192495,1790364990698,MpSigStub.log,97512
192495,1790364990698,msedge_installer.log,68015
192495,1790364990729,skin.zip,231625
192495,1790364990729,SYS32_Hardware.exe,32671232
193057,1790364991245,bb3a785178f443fda931098a5a9a306b.db.ses,53
193057,1790364991245,FXSAPIDebugLogFile.txt,0
193057,1790364991245,FXSTIFFDebugLogFile.txt,0
193057,1790364991245,MpCmdRun.log,22882
193057,1790364991260,MpSigStub.log,97512
193057,1790364991260,msedge_installer.log,68015
193057,1790364991260,skin.zip,231625
193057,1790364991276,SYS32_Hardware.exe,32671232
193588,1790364991776,bb3a785178f443fda931098a5a9a306b.db.ses,53
193588,1790364991776,FXSAPIDebugLogFile.txt,0
193588,1790364991776,FXSTIFFDebugLogFile.txt,0
193588,1790364991776,MpCmdRun.log,22882
193588,1790364991792,MpSigStub.log,97512
193588,1790364991792,msedge_installer.log,68015
193588,1790364991792,skin.zip,231625
193588,1790364991807,SYS32_Hardware.exe,32671232
194134,1790364992322,bb3a785178f443fda931098a5a9a306b.db.ses,53
194134,1790364992322,FXSAPIDebugLogFile.txt,0
194134,1790364992322,FXSTIFFDebugLogFile.txt,0
194134,1790364992322,MpCmdRun.log,22882
194134,1790364992338,MpSigStub.log,97512
194134,1790364992338,msedge_installer.log,68015
194134,1790364992338,skin.zip,231625
194134,1790364992353,SYS32_Hardware.exe,32671232
194679,1790364992867,bb3a785178f443fda931098a5a9a306b.db.ses,53
194679,1790364992867,FXSAPIDebugLogFile.txt,0
194679,1790364992867,FXSTIFFDebugLogFile.txt,0
194679,1790364992882,MpCmdRun.log,22882
194679,1790364992882,MpSigStub.log,97512
194679,1790364992882,msedge_installer.log,68015
194679,1790364992896,skin.zip,231625
194679,1790364992896,SYS32_Hardware.exe,32671232
195237,1790364993425,bb3a785178f443fda931098a5a9a306b.db.ses,53
195237,1790364993425,FXSAPIDebugLogFile.txt,0
195237,1790364993425,FXSTIFFDebugLogFile.txt,0
195237,1790364993441,MpCmdRun.log,22882
195237,1790364993441,MpSigStub.log,97512
195237,1790364993441,msedge_installer.log,68015
195237,1790364993456,skin.zip,231625
195237,1790364993456,SYS32_Hardware.exe,32671232
195769,1790364993956,bb3a785178f443fda931098a5a9a306b.db.ses,53
195769,1790364993956,FXSAPIDebugLogFile.txt,0
195769,1790364993978,FXSTIFFDebugLogFile.txt,0
195769,1790364993980,MpCmdRun.log,22882
195769,1790364993980,MpSigStub.log,97512
195769,1790364993996,msedge_installer.log,68015
195769,1790364993996,skin.zip,231625
195769,1790364993996,SYS32_Hardware.exe,32671232
196329,1790364994513,bb3a785178f443fda931098a5a9a306b.db.ses,53
196329,1790364994559,FXSAPIDebugLogFile.txt,0
196329,1790364994763,FXSTIFFDebugLogFile.txt,0
196329,1790364995075,MpCmdRun.log,22882
196329,1790364995091,MpSigStub.log,97512
196329,1790364995091,msedge_installer.log,68015
196329,1790364995106,skin.zip,231625
196329,1790364995216,SYS32_Hardware.exe,32671232
197528,1790364995716,bb3a785178f443fda931098a5a9a306b.db.ses,53
197528,1790364995716,FXSAPIDebugLogFile.txt,0
197528,1790364995716,FXSTIFFDebugLogFile.txt,0
197528,1790364995731,MpCmdRun.log,22882
197528,1790364995731,MpSigStub.log,97512
197528,1790364995731,msedge_installer.log,68015
197528,1790364995747,skin.zip,231625
197528,1790364995747,SYS32_Hardware.exe,32671232
198059,1790364996247,bb3a785178f443fda931098a5a9a306b.db.ses,53
198059,1790364996247,FXSAPIDebugLogFile.txt,0
198059,1790364996247,FXSTIFFDebugLogFile.txt,0
198059,1790364996247,MpCmdRun.log,22882
198059,1790364996263,MpSigStub.log,97512
198059,1790364996263,msedge_installer.log,68015
198059,1790364996263,skin.zip,231625
198059,1790364996278,SYS32_Hardware.exe,32671232
198591,1790364996778,bb3a785178f443fda931098a5a9a306b.db.ses,53
198591,1790364996778,FXSAPIDebugLogFile.txt,0
198591,1790364996778,FXSTIFFDebugLogFile.txt,0
198591,1790364996778,MpCmdRun.log,22882
198591,1790364996794,MpSigStub.log,97512
198591,1790364996794,msedge_installer.log,68015
198591,1790364996809,skin.zip,231625
198591,1790364996809,SYS32_Hardware.exe,32671232
199137,1790364997325,bb3a785178f443fda931098a5a9a306b.db.ses,53
199137,1790364997325,FXSAPIDebugLogFile.txt,0
199137,1790364997325,FXSTIFFDebugLogFile.txt,0
199137,1790364997341,MpCmdRun.log,22882
199137,1790364997341,MpSigStub.log,97512
199137,1790364997356,msedge_installer.log,68015
199137,1790364997356,skin.zip,231625
199137,1790364997372,SYS32_Hardware.exe,32671232
199701,1790364997888,bb3a785178f443fda931098a5a9a306b.db.ses,53
199701,1790364997888,FXSAPIDebugLogFile.txt,0
199701,1790364997903,FXSTIFFDebugLogFile.txt,0
199701,1790364997903,MpCmdRun.log,22882
199701,1790364997919,MpSigStub.log,97512
199701,1790364997919,msedge_installer.log,68015
199701,1790364997935,skin.zip,231625
199701,1790364997935,SYS32_Hardware.exe,32671232
200263,1790364998450,bb3a785178f443fda931098a5a9a306b.db.ses,53
200263,1790364998450,FXSAPIDebugLogFile.txt,0
200263,1790364998466,FXSTIFFDebugLogFile.txt,0
200263,1790364998466,MpCmdRun.log,22882
200263,1790364998481,MpSigStub.log,97512
200263,1790364998481,msedge_installer.log,68015
200263,1790364998497,skin.zip,231625
200263,1790364998497,SYS32_Hardware.exe,32671232
200825,1790364999013,bb3a785178f443fda931098a5a9a306b.db.ses,53
200825,1790364999013,FXSAPIDebugLogFile.txt,0
200825,1790364999013,FXSTIFFDebugLogFile.txt,0
200825,1790364999028,MpCmdRun.log,22882
200825,1790364999044,MpSigStub.log,97512
200825,1790364999044,msedge_installer.log,68015
200825,1790364999044,skin.zip,231625
200825,1790364999060,SYS32_Hardware.exe,32671232
201379,1790364999567,bb3a785178f443fda931098a5a9a306b.db.ses,53
201379,1790364999567,FXSAPIDebugLogFile.txt,0
201379,1790364999567,FXSTIFFDebugLogFile.txt,0
201379,1790364999583,MpCmdRun.log,22882
201379,1790364999583,MpSigStub.log,97512
201379,1790364999583,msedge_installer.log,68015
201379,1790364999598,skin.zip,231625
201379,1790364999598,SYS32_Hardware.exe,32671232
