ms,epoch,path,bytes
83,1790363616346,bb3a785178f443fda931098a5a9a306b.db.ses,53
83,1790363616362,FXSAPIDebugLogFile.txt,0
83,1790363616362,FXSTIFFDebugLogFile.txt,0
83,1790363616377,MpCmdRun.log,22882
83,1790363616377,MpSigStub.log,97512
83,1790363616393,msedge_installer.log,68015
83,1790363616393,NHFTwBUmYHlXSsjNJdzXRevJ,0
83,1790363616409,skin.zip,231625
83,1790363616440,SYS32_Hardware,900
83,1790363616455,SYS32_Hardware.exe,32671232
83,1790363616455,SYS32_Hardware.ini,363
759,1790363616987,bb3a785178f443fda931098a5a9a306b.db.ses,53
759,1790363616987,FXSAPIDebugLogFile.txt,0
759,1790363616987,FXSTIFFDebugLogFile.txt,0
759,1790363617002,MpCmdRun.log,22882
759,1790363617002,MpSigStub.log,97512
759,1790363617002,msedge_installer.log,68015
759,1790363617018,NHFTwBUmYHlXSsjNJdzXRevJ,0
759,1790363617034,skin.zip,231625
759,1790363617034,SYS32_Hardware,900
759,1790363617049,SYS32_Hardware.exe,32671232
759,1790363617049,SYS32_Hardware.ini,363
1322,1790363617549,bb3a785178f443fda931098a5a9a306b.db.ses,53
1322,1790363617549,FXSAPIDebugLogFile.txt,0
1322,1790363617549,FXSTIFFDebugLogFile.txt,0
1322,1790363617565,MpCmdRun.log,22882
1322,1790363617565,MpSigStub.log,97512
1322,1790363617580,msedge_installer.log,68015
1322,1790363617580,NHFTwBUmYHlXSsjNJdzXRevJ,0
1322,1790363617596,skin.zip,231625
1322,1790363617596,SYS32_Hardware,900
1322,1790363617596,SYS32_Hardware.exe,32671232
1322,1790363617612,SYS32_Hardware.ini,363
1885,1790363618112,bb3a785178f443fda931098a5a9a306b.db.ses,53
1885,1790363618112,FXSAPIDebugLogFile.txt,0
1885,1790363618112,FXSTIFFDebugLogFile.txt,0
1885,1790363618127,MpCmdRun.log,22882
1885,1790363618143,MpSigStub.log,97512
1885,1790363618143,msedge_installer.log,68015
1885,1790363618159,NHFTwBUmYHlXSsjNJdzXRevJ,0
1885,1790363618159,skin.zip,231625
1885,1790363618159,SYS32_Hardware,900
1885,1790363618174,SYS32_Hardware.exe,32671232
1885,1790363618190,SYS32_Hardware.ini,363
2462,1790363618690,bb3a785178f443fda931098a5a9a306b.db.ses,53
2462,1790363618690,FXSAPIDebugLogFile.txt,0
2462,1790363618705,FXSTIFFDebugLogFile.txt,0
2462,1790363618705,MpCmdRun.log,22882
2462,1790363618721,MpSigStub.log,97512
2462,1790363618737,msedge_installer.log,68015
2462,1790363618737,NHFTwBUmYHlXSsjNJdzXRevJ,0
2462,1790363618768,skin.zip,231625
2462,1790363618784,SYS32_Hardware,900
2462,1790363618784,SYS32_Hardware.exe,32671232
2462,1790363618799,SYS32_Hardware.ini,363
3103,1790363619331,bb3a785178f443fda931098a5a9a306b.db.ses,53
3103,1790363619331,FXSAPIDebugLogFile.txt,0
3103,1790363619331,FXSTIFFDebugLogFile.txt,0
3103,1790363619346,MpCmdRun.log,22882
3103,1790363619346,MpSigStub.log,97512
3103,1790363619362,msedge_installer.log,68015
3103,1790363619377,NHFTwBUmYHlXSsjNJdzXRevJ,0
3103,1790363619377,skin.zip,231625
3103,1790363619393,SYS32_Hardware,900
3103,1790363619409,SYS32_Hardware.exe,32671232
3103,1790363619409,SYS32_Hardware.ini,363
3696,1790363619924,bb3a785178f443fda931098a5a9a306b.db.ses,53
3696,1790363619924,FXSAPIDebugLogFile.txt,0
3696,1790363619940,FXSTIFFDebugLogFile.txt,0
3696,1790363619940,MpCmdRun.log,22882
3696,1790363619940,MpSigStub.log,97512
3696,1790363619955,msedge_installer.log,68015
3696,1790363619955,NHFTwBUmYHlXSsjNJdzXRevJ,0
3696,1790363619955,skin.zip,231625
3696,1790363619971,SYS32_Hardware,900
3696,1790363619971,SYS32_Hardware.exe,32671232
3696,1790363619971,SYS32_Hardware.ini,363
4274,1790363620502,bb3a785178f443fda931098a5a9a306b.db.ses,53
4274,1790363620502,FXSAPIDebugLogFile.txt,0
4274,1790363620502,FXSTIFFDebugLogFile.txt,0
4274,1790363620502,MpCmdRun.log,22882
4274,1790363620518,MpSigStub.log,97512
4274,1790363620518,msedge_installer.log,68015
4274,1790363620534,NHFTwBUmYHlXSsjNJdzXRevJ,0
4274,1790363620534,skin.zip,231625
4274,1790363620549,SYS32_Hardware,900
4274,1790363620549,SYS32_Hardware.exe,32671232
4274,1790363620549,SYS32_Hardware.ini,363
4837,1790363621065,bb3a785178f443fda931098a5a9a306b.db.ses,53
4837,1790363621065,FXSAPIDebugLogFile.txt,0
4837,1790363621065,FXSTIFFDebugLogFile.txt,0
4837,1790363621065,MpCmdRun.log,22882
4837,1790363621080,MpSigStub.log,97512
4837,1790363621096,msedge_installer.log,68015
4837,1790363621096,NHFTwBUmYHlXSsjNJdzXRevJ,0
4837,1790363621096,skin.zip,231625
4837,1790363621112,SYS32_Hardware,900
4837,1790363621112,SYS32_Hardware.exe,32671232
4837,1790363621112,SYS32_Hardware.ini,363
5399,1790363621627,bb3a785178f443fda931098a5a9a306b.db.ses,53
5399,1790363621627,FXSAPIDebugLogFile.txt,0
5399,1790363621627,FXSTIFFDebugLogFile.txt,0
5399,1790363621627,MpCmdRun.log,22882
5399,1790363621643,MpSigStub.log,97512
5399,1790363621643,msedge_installer.log,68015
5399,1790363621643,NHFTwBUmYHlXSsjNJdzXRevJ,0
5399,1790363621659,skin.zip,231625
5399,1790363621659,SYS32_Hardware,900
5399,1790363621674,SYS32_Hardware.exe,32671232
5399,1790363621674,SYS32_Hardware.ini,363
5977,1790363622205,bb3a785178f443fda931098a5a9a306b.db.ses,53
5977,1790363622205,FXSAPIDebugLogFile.txt,0
5977,1790363622205,FXSTIFFDebugLogFile.txt,0
5977,1790363622205,MpCmdRun.log,22882
5977,1790363622221,MpSigStub.log,97512
5977,1790363622221,msedge_installer.log,68015
5977,1790363622237,NHFTwBUmYHlXSsjNJdzXRevJ,0
5977,1790363622237,skin.zip,231625
5977,1790363622252,SYS32_Hardware,900
5977,1790363622252,SYS32_Hardware.exe,32671232
5977,1790363622268,SYS32_Hardware.ini,363
6540,1790363622768,bb3a785178f443fda931098a5a9a306b.db.ses,53
6540,1790363622768,FXSAPIDebugLogFile.txt,0
6540,1790363622768,FXSTIFFDebugLogFile.txt,0
6540,1790363622768,MpCmdRun.log,22882
6540,1790363622784,MpSigStub.log,97512
6540,1790363622784,msedge_installer.log,68015
6540,1790363622784,NHFTwBUmYHlXSsjNJdzXRevJ,0
6540,1790363622799,skin.zip,231625
6540,1790363622799,SYS32_Hardware,900
6540,1790363622799,SYS32_Hardware.exe,32671232
6540,1790363622815,SYS32_Hardware.ini,363
7087,1790363623315,bb3a785178f443fda931098a5a9a306b.db.ses,53
7087,1790363623315,FXSAPIDebugLogFile.txt,0
7087,1790363623315,FXSTIFFDebugLogFile.txt,0
7087,1790363623315,MpCmdRun.log,22882
7087,1790363623330,MpSigStub.log,97512
7087,1790363623330,msedge_installer.log,68015
7087,1790363623330,NHFTwBUmYHlXSsjNJdzXRevJ,0
7087,1790363623346,skin.zip,231625
7087,1790363623346,SYS32_Hardware,900
7087,1790363623362,SYS32_Hardware.exe,32671232
7087,1790363623377,SYS32_Hardware.ini,363
7665,1790363623893,bb3a785178f443fda931098a5a9a306b.db.ses,53
7665,1790363623893,FXSAPIDebugLogFile.txt,0
7665,1790363623893,FXSTIFFDebugLogFile.txt,0
7665,1790363623909,MpCmdRun.log,22882
7665,1790363623909,MpSigStub.log,97512
7665,1790363623924,msedge_installer.log,68015
7665,1790363623924,NHFTwBUmYHlXSsjNJdzXRevJ,0
7665,1790363623924,skin.zip,231625
7665,1790363623940,SYS32_Hardware,900
7665,1790363623940,SYS32_Hardware.exe,32671232
7665,1790363623940,SYS32_Hardware.ini,363
8227,1790363624455,bb3a785178f443fda931098a5a9a306b.db.ses,53
8227,1790363624455,FXSAPIDebugLogFile.txt,0
8227,1790363624455,FXSTIFFDebugLogFile.txt,0
8227,1790363624471,MpCmdRun.log,22882
8227,1790363624471,MpSigStub.log,97512
8227,1790363624471,msedge_installer.log,68015
8227,1790363624487,NHFTwBUmYHlXSsjNJdzXRevJ,0
8227,1790363624487,skin.zip,231625
8227,1790363624487,SYS32_Hardware,900
8227,1790363624502,SYS32_Hardware.exe,32671232
8227,1790363624502,SYS32_Hardware.ini,363
8790,1790363625018,bb3a785178f443fda931098a5a9a306b.db.ses,53
8790,1790363625018,FXSAPIDebugLogFile.txt,0
8790,1790363625018,FXSTIFFDebugLogFile.txt,0
8790,1790363625034,MpCmdRun.log,22882
8790,1790363625034,MpSigStub.log,97512
8790,1790363625049,msedge_installer.log,68015
8790,1790363625049,NHFTwBUmYHlXSsjNJdzXRevJ,0
8790,1790363625049,skin.zip,231625
8790,1790363625065,SYS32_Hardware,900
8790,1790363625065,SYS32_Hardware.exe,32671232
8790,1790363625065,SYS32_Hardware.ini,363
9368,1790363625596,bb3a785178f443fda931098a5a9a306b.db.ses,53
9368,1790363625596,FXSAPIDebugLogFile.txt,0
9368,1790363625627,FXSTIFFDebugLogFile.txt,0
9368,1790363625627,MpCmdRun.log,22882
9368,1790363625643,MpSigStub.log,97512
9368,1790363625643,msedge_installer.log,68015
9368,1790363625643,NHFTwBUmYHlXSsjNJdzXRevJ,0
9368,1790363625659,skin.zip,231625
9368,1790363625659,SYS32_Hardware,900
9368,1790363625659,SYS32_Hardware.exe,32671232
9368,1790363625674,SYS32_Hardware.ini,363
9946,1790363626174,bb3a785178f443fda931098a5a9a306b.db.ses,53
9946,1790363626174,FXSAPIDebugLogFile.txt,0
9946,1790363626174,FXSTIFFDebugLogFile.txt,0
9946,1790363626174,MpCmdRun.log,22882
9946,1790363626190,MpSigStub.log,97512
9946,1790363626190,msedge_installer.log,68015
9946,1790363626205,NHFTwBUmYHlXSsjNJdzXRevJ,0
9946,1790363626205,skin.zip,231625
9946,1790363626221,SYS32_Hardware,900
9946,1790363626221,SYS32_Hardware.exe,32671232
9946,1790363626221,SYS32_Hardware.ini,363
10509,1790363626737,bb3a785178f443fda931098a5a9a306b.db.ses,53
10509,1790363626737,FXSAPIDebugLogFile.txt,0
10509,1790363626737,FXSTIFFDebugLogFile.txt,0
10509,1790363626737,MpCmdRun.log,22882
10509,1790363626752,MpSigStub.log,97512
10509,1790363626752,msedge_installer.log,68015
10509,1790363626768,NHFTwBUmYHlXSsjNJdzXRevJ,0
10509,1790363626768,skin.zip,231625
10509,1790363626768,SYS32_Hardware,900
10509,1790363626784,SYS32_Hardware.exe,32671232
10509,1790363626784,SYS32_Hardware.ini,363
11087,1790363627315,bb3a785178f443fda931098a5a9a306b.db.ses,53
11087,1790363627315,FXSAPIDebugLogFile.txt,0
11087,1790363627315,FXSTIFFDebugLogFile.txt,0
11087,1790363627315,MpCmdRun.log,22882
11087,1790363627330,MpSigStub.log,97512
11087,1790363627330,msedge_installer.log,68015
11087,1790363627346,NHFTwBUmYHlXSsjNJdzXRevJ,0
11087,1790363627346,skin.zip,231625
11087,1790363627346,SYS32_Hardware,900
11087,1790363627362,SYS32_Hardware.exe,32671232
11087,1790363627362,SYS32_Hardware.ini,363
11649,1790363627877,bb3a785178f443fda931098a5a9a306b.db.ses,53
11649,1790363627877,FXSAPIDebugLogFile.txt,0
11649,1790363627877,FXSTIFFDebugLogFile.txt,0
11649,1790363627893,MpCmdRun.log,22882
11649,1790363627893,MpSigStub.log,97512
11649,1790363627909,msedge_installer.log,68015
11649,1790363627909,NHFTwBUmYHlXSsjNJdzXRevJ,0
11649,1790363627924,skin.zip,231625
11649,1790363627924,SYS32_Hardware,900
11649,1790363627940,SYS32_Hardware.exe,32671232
11649,1790363627940,SYS32_Hardware.ini,363
12243,1790363628471,bb3a785178f443fda931098a5a9a306b.db.ses,53
12243,1790363628487,FXSAPIDebugLogFile.txt,0
12243,1790363628487,FXSTIFFDebugLogFile.txt,0
12243,1790363628502,MpCmdRun.log,22882
12243,1790363628502,MpSigStub.log,97512
12243,1790363628502,msedge_installer.log,68015
12243,1790363628518,NHFTwBUmYHlXSsjNJdzXRevJ,0
12243,1790363628534,skin.zip,231625
12243,1790363628534,SYS32_Hardware,900
12243,1790363628549,SYS32_Hardware.exe,32671232
12243,1790363628549,SYS32_Hardware.ini,363
12823,1790363629049,bb3a785178f443fda931098a5a9a306b.db.ses,53
12823,1790363629049,FXSAPIDebugLogFile.txt,0
12823,1790363629065,FXSTIFFDebugLogFile.txt,0
12823,1790363629080,MpCmdRun.log,22882
12823,1790363629080,MpSigStub.log,97512
12823,1790363629096,msedge_installer.log,68015
12823,1790363629112,NHFTwBUmYHlXSsjNJdzXRevJ,0
12823,1790363629127,skin.zip,231625
12823,1790363629143,SYS32_Hardware,900
12823,1790363629143,SYS32_Hardware.exe,32671232
12823,1790363629159,SYS32_Hardware.ini,363
13446,1790363629674,bb3a785178f443fda931098a5a9a306b.db.ses,53
13446,1790363629674,FXSAPIDebugLogFile.txt,0
13446,1790363629674,FXSTIFFDebugLogFile.txt,0
13446,1790363629674,MpCmdRun.log,22882
13446,1790363629690,MpSigStub.log,97512
13446,1790363629690,msedge_installer.log,68015
13446,1790363629705,NHFTwBUmYHlXSsjNJdzXRevJ,0
13446,1790363629705,skin.zip,231625
13446,1790363629705,SYS32_Hardware,900
13446,1790363629721,SYS32_Hardware.exe,32671232
13446,1790363629721,SYS32_Hardware.ini,363
13993,1790363630221,bb3a785178f443fda931098a5a9a306b.db.ses,53
13993,1790363630221,FXSAPIDebugLogFile.txt,0
13993,1790363630221,FXSTIFFDebugLogFile.txt,0
13993,1790363630237,MpCmdRun.log,22882
13993,1790363630237,MpSigStub.log,97512
13993,1790363630237,msedge_installer.log,68015
13993,1790363630252,NHFTwBUmYHlXSsjNJdzXRevJ,0
13993,1790363630252,skin.zip,231625
13993,1790363630252,SYS32_Hardware,900
13993,1790363630284,SYS32_Hardware.exe,32671232
13993,1790363630284,SYS32_Hardware.ini,363
14556,1790363630784,bb3a785178f443fda931098a5a9a306b.db.ses,53
14556,1790363630784,FXSAPIDebugLogFile.txt,0
14556,1790363630784,FXSTIFFDebugLogFile.txt,0
14556,1790363630799,MpCmdRun.log,22882
14556,1790363630799,MpSigStub.log,97512
14556,1790363630799,msedge_installer.log,68015
14556,1790363630815,NHFTwBUmYHlXSsjNJdzXRevJ,0
14556,1790363630815,skin.zip,231625
14556,1790363630830,SYS32_Hardware,900
14556,1790363630830,SYS32_Hardware.exe,32671232
14556,1790363630846,SYS32_Hardware.ini,363
15118,1790363631346,bb3a785178f443fda931098a5a9a306b.db.ses,53
15118,1790363631346,FXSAPIDebugLogFile.txt,0
15118,1790363631362,FXSTIFFDebugLogFile.txt,0
15118,1790363631362,MpCmdRun.log,22882
15118,1790363631362,MpSigStub.log,97512
15118,1790363631377,msedge_installer.log,68015
15118,1790363631377,NHFTwBUmYHlXSsjNJdzXRevJ,0
15118,1790363631393,skin.zip,231625
15118,1790363631393,SYS32_Hardware,900
15118,1790363631409,SYS32_Hardware.exe,32671232
15118,1790363631409,SYS32_Hardware.ini,363
15696,1790363631924,bb3a785178f443fda931098a5a9a306b.db.ses,53
15696,1790363631924,FXSAPIDebugLogFile.txt,0
15696,1790363631924,FXSTIFFDebugLogFile.txt,0
15696,1790363631924,MpCmdRun.log,22882
15696,1790363631940,MpSigStub.log,97512
15696,1790363631940,msedge_installer.log,68015
15696,1790363631955,NHFTwBUmYHlXSsjNJdzXRevJ,0
15696,1790363631955,skin.zip,231625
15696,1790363631955,SYS32_Hardware,900
15696,1790363631971,SYS32_Hardware.exe,32671232
15696,1790363631971,SYS32_Hardware.ini,363
16243,1790363632471,bb3a785178f443fda931098a5a9a306b.db.ses,53
16243,1790363632471,FXSAPIDebugLogFile.txt,0
16243,1790363632471,FXSTIFFDebugLogFile.txt,0
16243,1790363632471,MpCmdRun.log,22882
16243,1790363632487,MpSigStub.log,97512
16243,1790363632487,msedge_installer.log,68015
16243,1790363632487,NHFTwBUmYHlXSsjNJdzXRevJ,0
16243,1790363632502,skin.zip,231625
16243,1790363632502,SYS32_Hardware,900
16243,1790363632518,SYS32_Hardware.exe,32671232
16243,1790363632518,SYS32_Hardware.ini,363
16790,1790363633018,bb3a785178f443fda931098a5a9a306b.db.ses,53
16790,1790363633018,FXSAPIDebugLogFile.txt,0
16790,1790363633018,FXSTIFFDebugLogFile.txt,0
16790,1790363633034,MpCmdRun.log,22882
16790,1790363633034,MpSigStub.log,97512
16790,1790363633049,msedge_installer.log,68015
16790,1790363633049,NHFTwBUmYHlXSsjNJdzXRevJ,0
16790,1790363633049,skin.zip,231625
16790,1790363633065,SYS32_Hardware,900
16790,1790363633065,SYS32_Hardware.exe,32671232
16790,1790363633065,SYS32_Hardware.ini,363
17337,1790363633565,bb3a785178f443fda931098a5a9a306b.db.ses,53
17337,1790363633565,FXSAPIDebugLogFile.txt,0
17337,1790363633565,FXSTIFFDebugLogFile.txt,0
17337,1790363633565,MpCmdRun.log,22882
17337,1790363633581,MpSigStub.log,97512
17337,1790363633581,msedge_installer.log,68015
17337,1790363633581,NHFTwBUmYHlXSsjNJdzXRevJ,0
17337,1790363633596,skin.zip,231625
17337,1790363633596,SYS32_Hardware,900
17337,1790363633596,SYS32_Hardware.exe,32671232
17337,1790363633612,SYS32_Hardware.ini,363
17884,1790363634112,bb3a785178f443fda931098a5a9a306b.db.ses,53
17884,1790363634112,FXSAPIDebugLogFile.txt,0
17884,1790363634127,FXSTIFFDebugLogFile.txt,0
17884,1790363634127,MpCmdRun.log,22882
17884,1790363634127,MpSigStub.log,97512
17884,1790363634142,msedge_installer.log,68015
17884,1790363634142,NHFTwBUmYHlXSsjNJdzXRevJ,0
17884,1790363634142,skin.zip,231625
17884,1790363634158,SYS32_Hardware,900
17884,1790363634158,SYS32_Hardware.exe,32671232
17884,1790363634173,SYS32_Hardware.ini,363
18447,1790363634673,bb3a785178f443fda931098a5a9a306b.db.ses,53
18447,1790363634673,FXSAPIDebugLogFile.txt,0
18447,1790363634673,FXSTIFFDebugLogFile.txt,0
18447,1790363634689,MpCmdRun.log,22882
18447,1790363634705,MpSigStub.log,97512
18447,1790363634705,msedge_installer.log,68015
18447,1790363634705,NHFTwBUmYHlXSsjNJdzXRevJ,0
18447,1790363634720,skin.zip,231625
18447,1790363634720,SYS32_Hardware,900
18447,1790363634720,SYS32_Hardware.exe,32671232
18447,1790363634736,SYS32_Hardware.ini,363
19033,1790363635249,bb3a785178f443fda931098a5a9a306b.db.ses,53
19033,1790363635265,FXSAPIDebugLogFile.txt,0
19033,1790363635265,FXSTIFFDebugLogFile.txt,0
19033,1790363635265,HpDrvlFgSXLEUfIOtXWrzUg.sys,19128
19033,1790363635296,MpCmdRun.log,22882
19033,1790363635296,MpSigStub.log,97512
19033,1790363635312,msedge_installer.log,68015
19033,1790363635312,NHFTwBUmYHlXSsjNJdzXRevJ,0
19033,1790363635312,skin.zip,231625
19033,1790363635327,SYS32_Hardware,900
19033,1790363635327,SYS32_Hardware.exe,32671232
19033,1790363635343,SYS32_Hardware.ini,363
19615,1790363635843,bb3a785178f443fda931098a5a9a306b.db.ses,53
19615,1790363635843,FXSAPIDebugLogFile.txt,0
19615,1790363635843,FXSTIFFDebugLogFile.txt,0
19615,1790363635859,HpDrvxhX7ZrVu18m9kqbtrT.sys,19128
19615,1790363635859,MpCmdRun.log,22882
19615,1790363635874,MpSigStub.log,97512
19615,1790363635874,msedge_installer.log,68015
19615,1790363635890,NHFTwBUmYHlXSsjNJdzXRevJ,0
19615,1790363635905,skin.zip,231625
19615,1790363635905,SYS32_Hardware,900
19615,1790363635921,SYS32_Hardware.exe,32671232
19615,1790363635921,SYS32_Hardware.ini,363
20198,1790363636426,bb3a785178f443fda931098a5a9a306b.db.ses,53
20198,1790363636426,FXSAPIDebugLogFile.txt,0
20198,1790363636426,FXSTIFFDebugLogFile.txt,0
20198,1790363636441,MpCmdRun.log,22882
20198,1790363636441,MpSigStub.log,97512
20198,1790363636441,msedge_installer.log,68015
20198,1790363636457,NHFTwBUmYHlXSsjNJdzXRevJ,0
20198,1790363636457,skin.zip,231625
20198,1790363636457,SYS32_Hardware,900
20198,1790363636473,SYS32_Hardware.exe,32671232
20198,1790363636473,SYS32_Hardware.ini,363
20745,1790363636973,bb3a785178f443fda931098a5a9a306b.db.ses,53
20745,1790363636973,FXSAPIDebugLogFile.txt,0
20745,1790363636986,FXSTIFFDebugLogFile.txt,0
20745,1790363636986,MpCmdRun.log,22882
20745,1790363637002,MpSigStub.log,97512
20745,1790363637002,msedge_installer.log,68015
20745,1790363637002,NHFTwBUmYHlXSsjNJdzXRevJ,0
20745,1790363637018,skin.zip,231625
20745,1790363637018,SYS32_Hardware,900
20745,1790363637018,SYS32_Hardware.exe,32671232
20745,1790363637033,SYS32_Hardware.ini,363
21320,1790363637548,bb3a785178f443fda931098a5a9a306b.db.ses,53
21320,1790363637548,FXSAPIDebugLogFile.txt,0
21320,1790363637548,FXSTIFFDebugLogFile.txt,0
21320,1790363637563,MpCmdRun.log,22882
21320,1790363637563,MpSigStub.log,97512
21320,1790363637579,msedge_installer.log,68015
21320,1790363637595,NHFTwBUmYHlXSsjNJdzXRevJ,0
21320,1790363637595,skin.zip,231625
21320,1790363637610,SYS32_Hardware,900
21320,1790363637610,SYS32_Hardware.exe,32671232
21320,1790363637626,SYS32_Hardware.ini,363
21907,1790363638135,bb3a785178f443fda931098a5a9a306b.db.ses,53
21907,1790363638135,FXSAPIDebugLogFile.txt,0
21907,1790363638135,FXSTIFFDebugLogFile.txt,0
21907,1790363638135,MpCmdRun.log,22882
21907,1790363638150,MpSigStub.log,97512
21907,1790363638150,msedge_installer.log,68015
21907,1790363638166,NHFTwBUmYHlXSsjNJdzXRevJ,0
21907,1790363638166,skin.zip,231625
21907,1790363638182,SYS32_Hardware,900
21907,1790363638182,SYS32_Hardware.exe,32671232
21907,1790363638182,SYS32_Hardware.ini,363
22469,1790363638697,bb3a785178f443fda931098a5a9a306b.db.ses,53
22469,1790363638697,FXSAPIDebugLogFile.txt,0
22469,1790363638697,FXSTIFFDebugLogFile.txt,0
22469,1790363638716,MpCmdRun.log,22882
22469,1790363638716,MpSigStub.log,97512
22469,1790363638716,msedge_installer.log,68015
22469,1790363638732,NHFTwBUmYHlXSsjNJdzXRevJ,0
22469,1790363638732,skin.zip,231625
22469,1790363638732,SYS32_Hardware,900
22469,1790363638747,SYS32_Hardware.exe,32671232
22469,1790363638747,SYS32_Hardware.ini,363
23027,1790363639255,bb3a785178f443fda931098a5a9a306b.db.ses,53
23027,1790363639255,FXSAPIDebugLogFile.txt,0
23027,1790363639255,FXSTIFFDebugLogFile.txt,0
23027,1790363639255,MpCmdRun.log,22882
23027,1790363639271,MpSigStub.log,97512
23027,1790363639286,msedge_installer.log,68015
23027,1790363639286,NHFTwBUmYHlXSsjNJdzXRevJ,0
23027,1790363639302,skin.zip,231625
23027,1790363639302,SYS32_Hardware,900
23027,1790363639302,SYS32_Hardware.exe,32671232
23027,1790363639318,SYS32_Hardware.ini,363
23590,1790363639818,bb3a785178f443fda931098a5a9a306b.db.ses,53
23590,1790363639818,FXSAPIDebugLogFile.txt,0
23590,1790363639818,FXSTIFFDebugLogFile.txt,0
23590,1790363639833,MpCmdRun.log,22882
23590,1790363639833,MpSigStub.log,97512
23590,1790363639833,msedge_installer.log,68015
23590,1790363639849,NHFTwBUmYHlXSsjNJdzXRevJ,0
23590,1790363639849,skin.zip,231625
23590,1790363639865,SYS32_Hardware,900
23590,1790363639865,SYS32_Hardware.exe,32671232
23590,1790363639880,SYS32_Hardware.ini,363
24168,1790363640395,bb3a785178f443fda931098a5a9a306b.db.ses,53
24168,1790363640395,FXSAPIDebugLogFile.txt,0
24168,1790363640395,FXSTIFFDebugLogFile.txt,0
24168,1790363640410,MpCmdRun.log,22882
24168,1790363640410,MpSigStub.log,97512
24168,1790363640410,msedge_installer.log,68015
24168,1790363640426,NHFTwBUmYHlXSsjNJdzXRevJ,0
24168,1790363640426,skin.zip,231625
24168,1790363640442,SYS32_Hardware,900
24168,1790363640442,SYS32_Hardware.exe,32671232
24168,1790363640457,SYS32_Hardware.ini,363
24739,1790363640968,bb3a785178f443fda931098a5a9a306b.db.ses,53
24739,1790363640968,FXSAPIDebugLogFile.txt,0
24739,1790363640968,FXSTIFFDebugLogFile.txt,0
24739,1790363640968,MpCmdRun.log,22882
24739,1790363640983,MpSigStub.log,97512
24739,1790363640983,msedge_installer.log,68015
24739,1790363640983,NHFTwBUmYHlXSsjNJdzXRevJ,0
24739,1790363640999,skin.zip,231625
24739,1790363640999,SYS32_Hardware,900
24739,1790363641014,SYS32_Hardware.exe,32671232
24739,1790363641014,SYS32_Hardware.ini,363
25289,1790363641517,bb3a785178f443fda931098a5a9a306b.db.ses,53
25289,1790363641517,FXSAPIDebugLogFile.txt,0
25289,1790363641521,FXSTIFFDebugLogFile.txt,0
25289,1790363641521,MpCmdRun.log,22882
25289,1790363641537,MpSigStub.log,97512
25289,1790363641537,msedge_installer.log,68015
25289,1790363641537,NHFTwBUmYHlXSsjNJdzXRevJ,0
25289,1790363641552,skin.zip,231625
25289,1790363641552,SYS32_Hardware,900
25289,1790363641568,SYS32_Hardware.exe,32671232
25289,1790363641568,SYS32_Hardware.ini,363
25840,1790363642068,bb3a785178f443fda931098a5a9a306b.db.ses,53
25840,1790363642068,FXSAPIDebugLogFile.txt,0
25840,1790363642068,FXSTIFFDebugLogFile.txt,0
25840,1790363642084,MpCmdRun.log,22882
25840,1790363642084,MpSigStub.log,97512
25840,1790363642084,msedge_installer.log,68015
25840,1790363642099,NHFTwBUmYHlXSsjNJdzXRevJ,0
25840,1790363642099,skin.zip,231625
25840,1790363642115,SYS32_Hardware,900
25840,1790363642115,SYS32_Hardware.exe,32671232
25840,1790363642115,SYS32_Hardware.ini,363
26403,1790363642631,bb3a785178f443fda931098a5a9a306b.db.ses,53
26403,1790363642631,FXSAPIDebugLogFile.txt,0
26403,1790363642631,FXSTIFFDebugLogFile.txt,0
26403,1790363642646,MpCmdRun.log,22882
26403,1790363642646,MpSigStub.log,97512
26403,1790363642646,msedge_installer.log,68015
26403,1790363642662,NHFTwBUmYHlXSsjNJdzXRevJ,0
26403,1790363642662,skin.zip,231625
26403,1790363642678,SYS32_Hardware,900
26403,1790363642678,SYS32_Hardware.exe,32671232
26403,1790363642693,SYS32_Hardware.ini,363
26965,1790363643193,bb3a785178f443fda931098a5a9a306b.db.ses,53
26965,1790363643193,FXSAPIDebugLogFile.txt,0
26965,1790363643207,FXSTIFFDebugLogFile.txt,0
26965,1790363643207,MpCmdRun.log,22882
26965,1790363643223,MpSigStub.log,97512
26965,1790363643223,msedge_installer.log,68015
26965,1790363643223,NHFTwBUmYHlXSsjNJdzXRevJ,0
26965,1790363643239,skin.zip,231625
26965,1790363643239,SYS32_Hardware,900
26965,1790363643254,SYS32_Hardware.exe,32671232
26965,1790363643254,SYS32_Hardware.ini,363
27556,1790363643784,bb3a785178f443fda931098a5a9a306b.db.ses,53
27556,1790363643784,FXSAPIDebugLogFile.txt,0
27556,1790363643784,FXSTIFFDebugLogFile.txt,0
27556,1790363643784,MpCmdRun.log,22882
27556,1790363643799,MpSigStub.log,97512
27556,1790363643799,msedge_installer.log,68015
27556,1790363643799,NHFTwBUmYHlXSsjNJdzXRevJ,0
27556,1790363643815,skin.zip,231625
27556,1790363643815,SYS32_Hardware,900
27556,1790363643831,SYS32_Hardware.exe,32671232
27556,1790363643831,SYS32_Hardware.ini,363
28118,1790363644346,bb3a785178f443fda931098a5a9a306b.db.ses,53
28118,1790363644346,FXSAPIDebugLogFile.txt,0
28118,1790363644346,FXSTIFFDebugLogFile.txt,0
28118,1790363644346,MpCmdRun.log,22882
28118,1790363644362,MpSigStub.log,97512
28118,1790363644362,msedge_installer.log,68015
28118,1790363644378,NHFTwBUmYHlXSsjNJdzXRevJ,0
28118,1790363644378,skin.zip,231625
28118,1790363644378,SYS32_Hardware,900
28118,1790363644393,SYS32_Hardware.exe,32671232
28118,1790363644409,SYS32_Hardware.ini,363
28681,1790363644909,bb3a785178f443fda931098a5a9a306b.db.ses,53
28681,1790363644909,FXSAPIDebugLogFile.txt,0
28681,1790363644909,FXSTIFFDebugLogFile.txt,0
28681,1790363644925,MpCmdRun.log,22882
28681,1790363644925,MpSigStub.log,97512
28681,1790363644925,msedge_installer.log,68015
28681,1790363644940,NHFTwBUmYHlXSsjNJdzXRevJ,0
28681,1790363644940,skin.zip,231625
28681,1790363644956,SYS32_Hardware,900
28681,1790363644956,SYS32_Hardware.exe,32671232
28681,1790363644971,SYS32_Hardware.ini,363
29243,1790363645471,bb3a785178f443fda931098a5a9a306b.db.ses,53
29243,1790363645471,FXSAPIDebugLogFile.txt,0
29243,1790363645471,FXSTIFFDebugLogFile.txt,0
29243,1790363645471,MpCmdRun.log,22882
29243,1790363645487,MpSigStub.log,97512
29243,1790363645487,msedge_installer.log,68015
29243,1790363645503,NHFTwBUmYHlXSsjNJdzXRevJ,0
29243,1790363645503,skin.zip,231625
29243,1790363645503,SYS32_Hardware,900
29243,1790363645518,SYS32_Hardware.exe,32671232
29243,1790363645518,SYS32_Hardware.ini,363
29806,1790363646034,bb3a785178f443fda931098a5a9a306b.db.ses,53
29806,1790363646034,FXSAPIDebugLogFile.txt,0
29806,1790363646034,FXSTIFFDebugLogFile.txt,0
29806,1790363646034,MpCmdRun.log,22882
29806,1790363646050,MpSigStub.log,97512
29806,1790363646050,msedge_installer.log,68015
29806,1790363646065,NHFTwBUmYHlXSsjNJdzXRevJ,0
29806,1790363646065,skin.zip,231625
29806,1790363646065,SYS32_Hardware,900
29806,1790363646081,SYS32_Hardware.exe,32671232
29806,1790363646097,SYS32_Hardware.ini,363
30382,1790363646611,bb3a785178f443fda931098a5a9a306b.db.ses,53
30382,1790363646611,FXSAPIDebugLogFile.txt,0
30382,1790363646611,FXSTIFFDebugLogFile.txt,0
30382,1790363646611,MpCmdRun.log,22882
30382,1790363646626,MpSigStub.log,97512
30382,1790363646626,msedge_installer.log,68015
30382,1790363646642,NHFTwBUmYHlXSsjNJdzXRevJ,0
30382,1790363646642,skin.zip,231625
30382,1790363646657,SYS32_Hardware,900
30382,1790363646657,SYS32_Hardware.exe,32671232
30382,1790363646673,SYS32_Hardware.ini,363
30945,1790363647173,bb3a785178f443fda931098a5a9a306b.db.ses,53
30945,1790363647173,FXSAPIDebugLogFile.txt,0
30945,1790363647173,FXSTIFFDebugLogFile.txt,0
30945,1790363647173,MpCmdRun.log,22882
30945,1790363647189,MpSigStub.log,97512
30945,1790363647189,msedge_installer.log,68015
30945,1790363647204,NHFTwBUmYHlXSsjNJdzXRevJ,0
30945,1790363647204,skin.zip,231625
30945,1790363647220,SYS32_Hardware,900
30945,1790363647220,SYS32_Hardware.exe,32671232
30945,1790363647220,SYS32_Hardware.ini,363
31508,1790363647736,bb3a785178f443fda931098a5a9a306b.db.ses,53
31508,1790363647736,FXSAPIDebugLogFile.txt,0
31508,1790363647736,FXSTIFFDebugLogFile.txt,0
31508,1790363647736,MpCmdRun.log,22882
31508,1790363647751,MpSigStub.log,97512
31508,1790363647751,msedge_installer.log,68015
31508,1790363647751,NHFTwBUmYHlXSsjNJdzXRevJ,0
31508,1790363647767,skin.zip,231625
31508,1790363647767,SYS32_Hardware,900
31508,1790363647767,SYS32_Hardware.exe,32671232
31508,1790363647783,SYS32_Hardware.ini,363
32058,1790363648286,bb3a785178f443fda931098a5a9a306b.db.ses,53
32058,1790363648286,FXSAPIDebugLogFile.txt,0
32058,1790363648286,FXSTIFFDebugLogFile.txt,0
32058,1790363648286,MpCmdRun.log,22882
32058,1790363648302,MpSigStub.log,97512
32058,1790363648302,msedge_installer.log,68015
32058,1790363648318,NHFTwBUmYHlXSsjNJdzXRevJ,0
32058,1790363648318,skin.zip,231625
32058,1790363648318,SYS32_Hardware,900
32058,1790363648333,SYS32_Hardware.exe,32671232
32058,1790363648333,SYS32_Hardware.ini,363
32605,1790363648833,bb3a785178f443fda931098a5a9a306b.db.ses,53
32605,1790363648833,FXSAPIDebugLogFile.txt,0
32605,1790363648847,FXSTIFFDebugLogFile.txt,0
32605,1790363648847,MpCmdRun.log,22882
32605,1790363648863,MpSigStub.log,97512
32605,1790363648863,msedge_installer.log,68015
32605,1790363648863,NHFTwBUmYHlXSsjNJdzXRevJ,0
32605,1790363648878,skin.zip,231625
32605,1790363648878,SYS32_Hardware,900
32605,1790363648894,SYS32_Hardware.exe,32671232
32605,1790363648894,SYS32_Hardware.ini,363
33167,1790363649395,bb3a785178f443fda931098a5a9a306b.db.ses,53
33167,1790363649395,FXSAPIDebugLogFile.txt,0
33167,1790363649395,FXSTIFFDebugLogFile.txt,0
33167,1790363649395,MpCmdRun.log,22882
33167,1790363649411,MpSigStub.log,97512
33167,1790363649411,msedge_installer.log,68015
33167,1790363649426,NHFTwBUmYHlXSsjNJdzXRevJ,0
33167,1790363649426,skin.zip,231625
33167,1790363649426,SYS32_Hardware,900
33167,1790363649442,SYS32_Hardware.exe,32671232
33167,1790363649442,SYS32_Hardware.ini,363
33728,1790363649957,bb3a785178f443fda931098a5a9a306b.db.ses,53
33728,1790363649957,FXSAPIDebugLogFile.txt,0
33728,1790363649957,FXSTIFFDebugLogFile.txt,0
33728,1790363649957,MpCmdRun.log,22882
33728,1790363649972,MpSigStub.log,97512
33728,1790363649972,msedge_installer.log,68015
33728,1790363649988,NHFTwBUmYHlXSsjNJdzXRevJ,0
33728,1790363649988,skin.zip,231625
33728,1790363649988,SYS32_Hardware,900
33728,1790363650003,SYS32_Hardware.exe,32671232
33728,1790363650003,SYS32_Hardware.ini,363
34275,1790363650504,bb3a785178f443fda931098a5a9a306b.db.ses,53
34275,1790363650504,FXSAPIDebugLogFile.txt,0
34275,1790363650504,FXSTIFFDebugLogFile.txt,0
34275,1790363650504,MpCmdRun.log,22882
34275,1790363650519,MpSigStub.log,97512
34275,1790363650535,msedge_installer.log,68015
34275,1790363650535,NHFTwBUmYHlXSsjNJdzXRevJ,0
34275,1790363650550,skin.zip,231625
34275,1790363650550,SYS32_Hardware,900
34275,1790363650550,SYS32_Hardware.exe,32671232
34275,1790363650566,SYS32_Hardware.ini,363
34838,1790363651066,bb3a785178f443fda931098a5a9a306b.db.ses,53
34838,1790363651066,FXSAPIDebugLogFile.txt,0
34838,1790363651079,FXSTIFFDebugLogFile.txt,0
34838,1790363651079,MpCmdRun.log,22882
34838,1790363651095,MpSigStub.log,97512
34838,1790363651095,msedge_installer.log,68015
34838,1790363651095,NHFTwBUmYHlXSsjNJdzXRevJ,0
34838,1790363651110,skin.zip,231625
34838,1790363651110,SYS32_Hardware,900
34838,1790363651110,SYS32_Hardware.exe,32671232
34838,1790363651126,SYS32_Hardware.ini,363
35398,1790363651626,bb3a785178f443fda931098a5a9a306b.db.ses,53
35398,1790363651626,FXSAPIDebugLogFile.txt,0
35398,1790363651626,FXSTIFFDebugLogFile.txt,0
35398,1790363651626,MpCmdRun.log,22882
35398,1790363651642,MpSigStub.log,97512
35398,1790363651642,msedge_installer.log,68015
35398,1790363651657,NHFTwBUmYHlXSsjNJdzXRevJ,0
35398,1790363651657,skin.zip,231625
35398,1790363651657,SYS32_Hardware,900
35398,1790363651673,SYS32_Hardware.exe,32671232
35398,1790363651673,SYS32_Hardware.ini,363
35945,1790363652173,bb3a785178f443fda931098a5a9a306b.db.ses,53
35945,1790363652173,FXSAPIDebugLogFile.txt,0
35945,1790363652173,FXSTIFFDebugLogFile.txt,0
35945,1790363652189,MpCmdRun.log,22882
35945,1790363652189,MpSigStub.log,97512
35945,1790363652204,msedge_installer.log,68015
35945,1790363652204,NHFTwBUmYHlXSsjNJdzXRevJ,0
35945,1790363652220,skin.zip,231625
35945,1790363652220,SYS32_Hardware,900
35945,1790363652220,SYS32_Hardware.exe,32671232
35945,1790363652236,SYS32_Hardware.ini,363
36508,1790363652736,bb3a785178f443fda931098a5a9a306b.db.ses,53
36508,1790363652736,FXSAPIDebugLogFile.txt,0
36508,1790363652736,FXSTIFFDebugLogFile.txt,0
36508,1790363652736,MpCmdRun.log,22882
36508,1790363652751,MpSigStub.log,97512
36508,1790363652751,msedge_installer.log,68015
36508,1790363652767,NHFTwBUmYHlXSsjNJdzXRevJ,0
36508,1790363652767,skin.zip,231625
36508,1790363652783,SYS32_Hardware,900
36508,1790363652783,SYS32_Hardware.exe,32671232
36508,1790363652798,SYS32_Hardware.ini,363
37070,1790363653298,bb3a785178f443fda931098a5a9a306b.db.ses,53
37070,1790363653298,FXSAPIDebugLogFile.txt,0
37070,1790363653298,FXSTIFFDebugLogFile.txt,0
37070,1790363653298,MpCmdRun.log,22882
37070,1790363653314,MpSigStub.log,97512
37070,1790363653314,msedge_installer.log,68015
37070,1790363653330,NHFTwBUmYHlXSsjNJdzXRevJ,0
37070,1790363653345,skin.zip,231625
37070,1790363653345,SYS32_Hardware,900
37070,1790363653345,SYS32_Hardware.exe,32671232
37070,1790363653361,SYS32_Hardware.ini,363
37633,1790363653861,bb3a785178f443fda931098a5a9a306b.db.ses,53
37633,1790363653861,FXSAPIDebugLogFile.txt,0
37633,1790363653861,FXSTIFFDebugLogFile.txt,0
37633,1790363653877,MpCmdRun.log,22882
37633,1790363653877,MpSigStub.log,97512
37633,1790363653892,msedge_installer.log,68015
37633,1790363653892,NHFTwBUmYHlXSsjNJdzXRevJ,0
37633,1790363653892,skin.zip,231625
37633,1790363653892,SYS32_Hardware,900
37633,1790363653908,SYS32_Hardware.exe,32671232
37633,1790363653908,SYS32_Hardware.ini,363
38180,1790363654408,bb3a785178f443fda931098a5a9a306b.db.ses,53
38180,1790363654408,FXSAPIDebugLogFile.txt,0
38180,1790363654422,FXSTIFFDebugLogFile.txt,0
38180,1790363654422,MpCmdRun.log,22882
38180,1790363654438,MpSigStub.log,97512
38180,1790363654438,msedge_installer.log,68015
38180,1790363654438,NHFTwBUmYHlXSsjNJdzXRevJ,0
38180,1790363654454,skin.zip,231625
38180,1790363654454,SYS32_Hardware,900
38180,1790363654454,SYS32_Hardware.exe,32671232
38180,1790363654469,SYS32_Hardware.ini,363
38743,1790363654971,bb3a785178f443fda931098a5a9a306b.db.ses,53
38743,1790363654971,FXSAPIDebugLogFile.txt,0
38743,1790363654971,FXSTIFFDebugLogFile.txt,0
38743,1790363654986,MpCmdRun.log,22882
38743,1790363654986,MpSigStub.log,97512
38743,1790363655002,msedge_installer.log,68015
38743,1790363655002,NHFTwBUmYHlXSsjNJdzXRevJ,0
38743,1790363655002,skin.zip,231625
38743,1790363655017,SYS32_Hardware,900
38743,1790363655017,SYS32_Hardware.exe,32671232
38743,1790363655017,SYS32_Hardware.ini,363
39305,1790363655533,bb3a785178f443fda931098a5a9a306b.db.ses,53
39305,1790363655533,FXSAPIDebugLogFile.txt,0
39305,1790363655533,FXSTIFFDebugLogFile.txt,0
39305,1790363655533,MpCmdRun.log,22882
39305,1790363655549,MpSigStub.log,97512
39305,1790363655549,msedge_installer.log,68015
39305,1790363655564,NHFTwBUmYHlXSsjNJdzXRevJ,0
39305,1790363655564,skin.zip,231625
39305,1790363655564,SYS32_Hardware,900
39305,1790363655580,SYS32_Hardware.exe,32671232
39305,1790363655580,SYS32_Hardware.ini,363
39852,1790363656080,bb3a785178f443fda931098a5a9a306b.db.ses,53
39852,1790363656080,FXSAPIDebugLogFile.txt,0
39852,1790363656096,FXSTIFFDebugLogFile.txt,0
39852,1790363656096,MpCmdRun.log,22882
39852,1790363656096,MpSigStub.log,97512
39852,1790363656111,msedge_installer.log,68015
39852,1790363656111,NHFTwBUmYHlXSsjNJdzXRevJ,0
39852,1790363656111,skin.zip,231625
39852,1790363656127,SYS32_Hardware,900
39852,1790363656127,SYS32_Hardware.exe,32671232
39852,1790363656143,SYS32_Hardware.ini,363
40415,1790363656643,bb3a785178f443fda931098a5a9a306b.db.ses,53
40415,1790363656643,FXSAPIDebugLogFile.txt,0
40415,1790363656658,FXSTIFFDebugLogFile.txt,0
40415,1790363656658,MpCmdRun.log,22882
40415,1790363656658,MpSigStub.log,97512
40415,1790363656674,msedge_installer.log,68015
40415,1790363656674,NHFTwBUmYHlXSsjNJdzXRevJ,0
40415,1790363656674,skin.zip,231625
40415,1790363656690,SYS32_Hardware,900
40415,1790363656690,SYS32_Hardware.exe,32671232
40415,1790363656705,SYS32_Hardware.ini,363
40977,1790363657205,bb3a785178f443fda931098a5a9a306b.db.ses,53
40977,1790363657205,FXSAPIDebugLogFile.txt,0
40977,1790363657205,FXSTIFFDebugLogFile.txt,0
40977,1790363657205,MpCmdRun.log,22882
40977,1790363657221,MpSigStub.log,97512
40977,1790363657221,msedge_installer.log,68015
40977,1790363657237,NHFTwBUmYHlXSsjNJdzXRevJ,0
40977,1790363657237,skin.zip,231625
40977,1790363657237,SYS32_Hardware,900
40977,1790363657252,SYS32_Hardware.exe,32671232
40977,1790363657252,SYS32_Hardware.ini,363
41524,1790363657752,bb3a785178f443fda931098a5a9a306b.db.ses,53
41524,1790363657752,FXSAPIDebugLogFile.txt,0
41524,1790363657762,FXSTIFFDebugLogFile.txt,0
41524,1790363657762,MpCmdRun.log,22882
41524,1790363657778,MpSigStub.log,97512
41524,1790363657778,msedge_installer.log,68015
41524,1790363657778,NHFTwBUmYHlXSsjNJdzXRevJ,0
41524,1790363657794,skin.zip,231625
41524,1790363657794,SYS32_Hardware,900
41524,1790363657794,SYS32_Hardware.exe,32671232
41524,1790363657809,SYS32_Hardware.ini,363
42081,1790363658309,bb3a785178f443fda931098a5a9a306b.db.ses,53
42081,1790363658309,FXSAPIDebugLogFile.txt,0
42081,1790363658309,FXSTIFFDebugLogFile.txt,0
42081,1790363658309,MpCmdRun.log,22882
42081,1790363658325,MpSigStub.log,97512
42081,1790363658325,msedge_installer.log,68015
42081,1790363658341,NHFTwBUmYHlXSsjNJdzXRevJ,0
42081,1790363658341,skin.zip,231625
42081,1790363658341,SYS32_Hardware,900
42081,1790363658356,SYS32_Hardware.exe,32671232
42081,1790363658356,SYS32_Hardware.ini,363
42644,1790363658872,bb3a785178f443fda931098a5a9a306b.db.ses,53
42644,1790363658872,FXSAPIDebugLogFile.txt,0
42644,1790363658872,FXSTIFFDebugLogFile.txt,0
42644,1790363658872,MpCmdRun.log,22882
42644,1790363658888,MpSigStub.log,97512
42644,1790363658888,msedge_installer.log,68015
42644,1790363658888,NHFTwBUmYHlXSsjNJdzXRevJ,0
42644,1790363658903,skin.zip,231625
42644,1790363658903,SYS32_Hardware,900
42644,1790363658903,SYS32_Hardware.exe,32671232
42644,1790363658919,SYS32_Hardware.ini,363
43191,1790363659419,bb3a785178f443fda931098a5a9a306b.db.ses,53
43191,1790363659419,FXSAPIDebugLogFile.txt,0
43191,1790363659432,FXSTIFFDebugLogFile.txt,0
43191,1790363659432,MpCmdRun.log,22882
43191,1790363659448,MpSigStub.log,97512
43191,1790363659448,msedge_installer.log,68015
43191,1790363659448,NHFTwBUmYHlXSsjNJdzXRevJ,0
43191,1790363659448,skin.zip,231625
43191,1790363659463,SYS32_Hardware,900
43191,1790363659463,SYS32_Hardware.exe,32671232
43191,1790363659479,SYS32_Hardware.ini,363
43760,1790363659988,bb3a785178f443fda931098a5a9a306b.db.ses,53
43760,1790363659988,FXSAPIDebugLogFile.txt,0
43760,1790363659988,FXSTIFFDebugLogFile.txt,0
43760,1790363659988,MpCmdRun.log,22882
43760,1790363660004,MpSigStub.log,97512
43760,1790363660004,msedge_installer.log,68015
43760,1790363660004,NHFTwBUmYHlXSsjNJdzXRevJ,0
43760,1790363660019,skin.zip,231625
43760,1790363660019,SYS32_Hardware,900
43760,1790363660019,SYS32_Hardware.exe,32671232
43760,1790363660035,SYS32_Hardware.ini,363
44307,1790363660535,bb3a785178f443fda931098a5a9a306b.db.ses,53
44307,1790363660545,FXSAPIDebugLogFile.txt,0
44307,1790363660545,FXSTIFFDebugLogFile.txt,0
44307,1790363660545,MpCmdRun.log,22882
44307,1790363660560,MpSigStub.log,97512
44307,1790363660560,msedge_installer.log,68015
44307,1790363660560,NHFTwBUmYHlXSsjNJdzXRevJ,0
44307,1790363660576,skin.zip,231625
44307,1790363660576,SYS32_Hardware,900
44307,1790363660576,SYS32_Hardware.exe,32671232
44307,1790363660592,SYS32_Hardware.ini,363
44864,1790363661092,bb3a785178f443fda931098a5a9a306b.db.ses,53
44864,1790363661092,FXSAPIDebugLogFile.txt,0
44864,1790363661107,FXSTIFFDebugLogFile.txt,0
44864,1790363661107,MpCmdRun.log,22882
44864,1790363661107,MpSigStub.log,97512
44864,1790363661123,msedge_installer.log,68015
44864,1790363661123,NHFTwBUmYHlXSsjNJdzXRevJ,0
44864,1790363661123,skin.zip,231625
44864,1790363661139,SYS32_Hardware,900
44864,1790363661139,SYS32_Hardware.exe,32671232
44864,1790363661139,SYS32_Hardware.ini,363
45426,1790363661654,bb3a785178f443fda931098a5a9a306b.db.ses,53
45426,1790363661654,FXSAPIDebugLogFile.txt,0
45426,1790363661667,FXSTIFFDebugLogFile.txt,0
45426,1790363661667,MpCmdRun.log,22882
45426,1790363661667,MpSigStub.log,97512
45426,1790363661683,msedge_installer.log,68015
45426,1790363661683,NHFTwBUmYHlXSsjNJdzXRevJ,0
45426,1790363661683,skin.zip,231625
45426,1790363661699,SYS32_Hardware,900
45426,1790363661699,SYS32_Hardware.exe,32671232
45426,1790363661699,SYS32_Hardware.ini,363
45986,1790363662214,bb3a785178f443fda931098a5a9a306b.db.ses,53
45986,1790363662214,FXSAPIDebugLogFile.txt,0
45986,1790363662214,FXSTIFFDebugLogFile.txt,0
45986,1790363662214,MpCmdRun.log,22882
45986,1790363662230,MpSigStub.log,97512
45986,1790363662230,msedge_installer.log,68015
45986,1790363662230,NHFTwBUmYHlXSsjNJdzXRevJ,0
45986,1790363662246,skin.zip,231625
45986,1790363662246,SYS32_Hardware,900
45986,1790363662261,SYS32_Hardware.exe,32671232
45986,1790363662261,SYS32_Hardware.ini,363
46533,1790363662761,bb3a785178f443fda931098a5a9a306b.db.ses,53
46533,1790363662761,FXSAPIDebugLogFile.txt,0
46533,1790363662761,FXSTIFFDebugLogFile.txt,0
46533,1790363662761,MpCmdRun.log,22882
46533,1790363662777,MpSigStub.log,97512
46533,1790363662777,msedge_installer.log,68015
46533,1790363662777,NHFTwBUmYHlXSsjNJdzXRevJ,0
46533,1790363662793,skin.zip,231625
46533,1790363662793,SYS32_Hardware,900
46533,1790363662793,SYS32_Hardware.exe,32671232
46533,1790363662808,SYS32_Hardware.ini,363
47080,1790363663308,bb3a785178f443fda931098a5a9a306b.db.ses,53
47080,1790363663308,FXSAPIDebugLogFile.txt,0
47080,1790363663308,FXSTIFFDebugLogFile.txt,0
47080,1790363663308,MpCmdRun.log,22882
47080,1790363663324,MpSigStub.log,97512
47080,1790363663339,msedge_installer.log,68015
47080,1790363663339,NHFTwBUmYHlXSsjNJdzXRevJ,0
47080,1790363663339,skin.zip,231625
47080,1790363663355,SYS32_Hardware,900
47080,1790363663355,SYS32_Hardware.exe,32671232
47080,1790363663355,SYS32_Hardware.ini,363
47627,1790363663855,bb3a785178f443fda931098a5a9a306b.db.ses,53
47627,1790363663855,FXSAPIDebugLogFile.txt,0
47627,1790363663855,FXSTIFFDebugLogFile.txt,0
47627,1790363663855,MpCmdRun.log,22882
47627,1790363663871,MpSigStub.log,97512
47627,1790363663871,msedge_installer.log,68015
47627,1790363663871,NHFTwBUmYHlXSsjNJdzXRevJ,0
47627,1790363663886,skin.zip,231625
47627,1790363663886,SYS32_Hardware,900
47627,1790363663902,SYS32_Hardware.exe,32671232
47627,1790363663902,SYS32_Hardware.ini,363
48190,1790363664418,bb3a785178f443fda931098a5a9a306b.db.ses,53
48190,1790363664418,FXSAPIDebugLogFile.txt,0
48190,1790363664431,FXSTIFFDebugLogFile.txt,0
48190,1790363664431,MpCmdRun.log,22882
48190,1790363664431,MpSigStub.log,97512
48190,1790363664446,msedge_installer.log,68015
48190,1790363664446,NHFTwBUmYHlXSsjNJdzXRevJ,0
48190,1790363664446,skin.zip,231625
48190,1790363664462,SYS32_Hardware,900
48190,1790363664462,SYS32_Hardware.exe,32671232
48190,1790363664462,SYS32_Hardware.ini,363
48750,1790363664978,bb3a785178f443fda931098a5a9a306b.db.ses,53
48750,1790363664978,FXSAPIDebugLogFile.txt,0
48750,1790363664978,FXSTIFFDebugLogFile.txt,0
48750,1790363664978,MpCmdRun.log,22882
48750,1790363664993,MpSigStub.log,97512
48750,1790363664993,msedge_installer.log,68015
48750,1790363664993,NHFTwBUmYHlXSsjNJdzXRevJ,0
48750,1790363665009,skin.zip,231625
48750,1790363665009,SYS32_Hardware,900
48750,1790363665009,SYS32_Hardware.exe,32671232
48750,1790363665025,SYS32_Hardware.ini,363
49297,1790363665525,bb3a785178f443fda931098a5a9a306b.db.ses,53
49297,1790363665525,FXSAPIDebugLogFile.txt,0
49297,1790363665525,FXSTIFFDebugLogFile.txt,0
49297,1790363665525,MpCmdRun.log,22882
49297,1790363665541,MpSigStub.log,97512
49297,1790363665541,msedge_installer.log,68015
49297,1790363665541,NHFTwBUmYHlXSsjNJdzXRevJ,0
49297,1790363665556,skin.zip,231625
49297,1790363665556,SYS32_Hardware,900
49297,1790363665556,SYS32_Hardware.exe,32671232
49297,1790363665572,SYS32_Hardware.ini,363
49848,1790363666076,bb3a785178f443fda931098a5a9a306b.db.ses,53
49848,1790363666076,FXSAPIDebugLogFile.txt,0
49848,1790363666089,FXSTIFFDebugLogFile.txt,0
49848,1790363666096,MpCmdRun.log,22882
49848,1790363666096,MpSigStub.log,97512
49848,1790363666112,msedge_installer.log,68015
49848,1790363666112,NHFTwBUmYHlXSsjNJdzXRevJ,0
49848,1790363666112,skin.zip,231625
49848,1790363666127,SYS32_Hardware,900
49848,1790363666127,SYS32_Hardware.exe,32671232
49848,1790363666127,SYS32_Hardware.ini,363
50415,1790363666643,bb3a785178f443fda931098a5a9a306b.db.ses,53
50415,1790363666643,FXSAPIDebugLogFile.txt,0
50415,1790363666643,FXSTIFFDebugLogFile.txt,0
50415,1790363666643,MpCmdRun.log,22882
50415,1790363666659,MpSigStub.log,97512
50415,1790363666659,msedge_installer.log,68015
50415,1790363666659,NHFTwBUmYHlXSsjNJdzXRevJ,0
50415,1790363666674,skin.zip,231625
50415,1790363666674,SYS32_Hardware,900
50415,1790363666674,SYS32_Hardware.exe,32671232
50415,1790363666690,SYS32_Hardware.ini,363
50976,1790363667204,bb3a785178f443fda931098a5a9a306b.db.ses,53
50976,1790363667204,FXSAPIDebugLogFile.txt,0
50976,1790363667204,FXSTIFFDebugLogFile.txt,0
50976,1790363667204,MpCmdRun.log,22882
50976,1790363667220,MpSigStub.log,97512
50976,1790363667220,msedge_installer.log,68015
50976,1790363667220,NHFTwBUmYHlXSsjNJdzXRevJ,0
50976,1790363667235,skin.zip,231625
50976,1790363667235,SYS32_Hardware,900
50976,1790363667251,SYS32_Hardware.exe,32671232
50976,1790363667251,SYS32_Hardware.ini,363
51523,1790363667751,bb3a785178f443fda931098a5a9a306b.db.ses,53
51523,1790363667751,FXSAPIDebugLogFile.txt,0
51523,1790363667761,FXSTIFFDebugLogFile.txt,0
51523,1790363667761,MpCmdRun.log,22882
51523,1790363667776,MpSigStub.log,97512
51523,1790363667776,msedge_installer.log,68015
51523,1790363667776,NHFTwBUmYHlXSsjNJdzXRevJ,0
51523,1790363667792,skin.zip,231625
51523,1790363667792,SYS32_Hardware,900
51523,1790363667808,SYS32_Hardware.exe,32671232
51523,1790363667808,SYS32_Hardware.ini,363
52080,1790363668308,bb3a785178f443fda931098a5a9a306b.db.ses,53
52080,1790363668308,FXSAPIDebugLogFile.txt,0
52080,1790363668308,FXSTIFFDebugLogFile.txt,0
52080,1790363668308,MpCmdRun.log,22882
52080,1790363668323,MpSigStub.log,97512
52080,1790363668323,msedge_installer.log,68015
52080,1790363668339,NHFTwBUmYHlXSsjNJdzXRevJ,0
52080,1790363668339,skin.zip,231625
52080,1790363668339,SYS32_Hardware,900
52080,1790363668354,SYS32_Hardware.exe,32671232
52080,1790363668354,SYS32_Hardware.ini,363
52626,1790363668855,bb3a785178f443fda931098a5a9a306b.db.ses,53
52626,1790363668855,FXSAPIDebugLogFile.txt,0
52626,1790363668855,FXSTIFFDebugLogFile.txt,0
52626,1790363668870,MpCmdRun.log,22882
52626,1790363668870,MpSigStub.log,97512
52626,1790363668870,msedge_installer.log,68015
52626,1790363668886,NHFTwBUmYHlXSsjNJdzXRevJ,0
52626,1790363668886,skin.zip,231625
52626,1790363668886,SYS32_Hardware,900
52626,1790363668901,SYS32_Hardware.exe,32671232
52626,1790363668901,SYS32_Hardware.ini,363
53173,1790363669401,bb3a785178f443fda931098a5a9a306b.db.ses,53
53173,1790363669401,FXSAPIDebugLogFile.txt,0
53173,1790363669401,FXSTIFFDebugLogFile.txt,0
53173,1790363669401,MpCmdRun.log,22882
53173,1790363669417,MpSigStub.log,97512
53173,1790363669417,msedge_installer.log,68015
53173,1790363669433,NHFTwBUmYHlXSsjNJdzXRevJ,0
53173,1790363669433,skin.zip,231625
53173,1790363669433,SYS32_Hardware,900
53173,1790363669448,SYS32_Hardware.exe,32671232
53173,1790363669448,SYS32_Hardware.ini,363
53721,1790363669948,bb3a785178f443fda931098a5a9a306b.db.ses,53
53721,1790363669948,FXSAPIDebugLogFile.txt,0
53721,1790363669964,FXSTIFFDebugLogFile.txt,0
53721,1790363669964,MpCmdRun.log,22882
53721,1790363669964,MpSigStub.log,97512
53721,1790363669980,msedge_installer.log,68015
53721,1790363669980,NHFTwBUmYHlXSsjNJdzXRevJ,0
53721,1790363669995,skin.zip,231625
53721,1790363669995,SYS32_Hardware,900
53721,1790363669995,SYS32_Hardware.exe,32671232
53721,1790363670011,SYS32_Hardware.ini,363
54283,1790363670511,bb3a785178f443fda931098a5a9a306b.db.ses,53
54283,1790363670511,FXSAPIDebugLogFile.txt,0
54283,1790363670511,FXSTIFFDebugLogFile.txt,0
54283,1790363670511,MpCmdRun.log,22882
54283,1790363670527,MpSigStub.log,97512
54283,1790363670527,msedge_installer.log,68015
54283,1790363670527,NHFTwBUmYHlXSsjNJdzXRevJ,0
54283,1790363670542,skin.zip,231625
54283,1790363670542,SYS32_Hardware,900
54283,1790363670558,SYS32_Hardware.exe,32671232
54283,1790363670558,SYS32_Hardware.ini,363
54830,1790363671058,bb3a785178f443fda931098a5a9a306b.db.ses,53
54830,1790363671058,FXSAPIDebugLogFile.txt,0
54830,1790363671058,FXSTIFFDebugLogFile.txt,0
54830,1790363671058,MpCmdRun.log,22882
54830,1790363671074,MpSigStub.log,97512
54830,1790363671089,msedge_installer.log,68015
54830,1790363671089,NHFTwBUmYHlXSsjNJdzXRevJ,0
54830,1790363671105,skin.zip,231625
54830,1790363671105,SYS32_Hardware,900
54830,1790363671105,SYS32_Hardware.exe,32671232
54830,1790363671121,SYS32_Hardware.ini,363
55393,1790363671621,bb3a785178f443fda931098a5a9a306b.db.ses,53
55393,1790363671621,FXSAPIDebugLogFile.txt,0
55393,1790363671621,FXSTIFFDebugLogFile.txt,0
55393,1790363671621,MpCmdRun.log,22882
55393,1790363671636,MpSigStub.log,97512
55393,1790363671636,msedge_installer.log,68015
55393,1790363671652,NHFTwBUmYHlXSsjNJdzXRevJ,0
55393,1790363671652,skin.zip,231625
55393,1790363671652,SYS32_Hardware,900
55393,1790363671668,SYS32_Hardware.exe,32671232
55393,1790363671683,SYS32_Hardware.ini,363
55955,1790363672183,bb3a785178f443fda931098a5a9a306b.db.ses,53
55955,1790363672183,FXSAPIDebugLogFile.txt,0
55955,1790363672183,FXSTIFFDebugLogFile.txt,0
55955,1790363672183,MpCmdRun.log,22882
55955,1790363672199,MpSigStub.log,97512
55955,1790363672199,msedge_installer.log,68015
55955,1790363672199,NHFTwBUmYHlXSsjNJdzXRevJ,0
55955,1790363672215,skin.zip,231625
55955,1790363672215,SYS32_Hardware,900
55955,1790363672230,SYS32_Hardware.exe,32671232
55955,1790363672230,SYS32_Hardware.ini,363
56502,1790363672730,bb3a785178f443fda931098a5a9a306b.db.ses,53
56502,1790363672730,FXSAPIDebugLogFile.txt,0
56502,1790363672743,FXSTIFFDebugLogFile.txt,0
56502,1790363672743,MpCmdRun.log,22882
56502,1790363672743,MpSigStub.log,97512
56502,1790363672759,msedge_installer.log,68015
56502,1790363672759,NHFTwBUmYHlXSsjNJdzXRevJ,0
56502,1790363672759,skin.zip,231625
56502,1790363672774,SYS32_Hardware,900
56502,1790363672774,SYS32_Hardware.exe,32671232
56502,1790363672774,SYS32_Hardware.ini,363
57062,1790363673290,bb3a785178f443fda931098a5a9a306b.db.ses,53
57062,1790363673290,FXSAPIDebugLogFile.txt,0
57062,1790363673290,FXSTIFFDebugLogFile.txt,0
57062,1790363673290,MpCmdRun.log,22882
57062,1790363673306,MpSigStub.log,97512
57062,1790363673306,msedge_installer.log,68015
57062,1790363673306,NHFTwBUmYHlXSsjNJdzXRevJ,0
57062,1790363673322,skin.zip,231625
57062,1790363673322,SYS32_Hardware,900
57062,1790363673337,SYS32_Hardware.exe,32671232
57062,1790363673337,SYS32_Hardware.ini,363
57636,1790363673865,bb3a785178f443fda931098a5a9a306b.db.ses,53
57636,1790363673865,FXSAPIDebugLogFile.txt,0
57636,1790363673868,FXSTIFFDebugLogFile.txt,0
57636,1790363673868,MpCmdRun.log,22882
57636,1790363673868,MpSigStub.log,97512
57636,1790363673884,msedge_installer.log,68015
57636,1790363673884,NHFTwBUmYHlXSsjNJdzXRevJ,0
57636,1790363673884,skin.zip,231625
57636,1790363673900,SYS32_Hardware,900
57636,1790363673900,SYS32_Hardware.exe,32671232
57636,1790363673915,SYS32_Hardware.ini,363
58198,1790363674426,bb3a785178f443fda931098a5a9a306b.db.ses,53
58198,1790363674426,FXSAPIDebugLogFile.txt,0
58198,1790363674426,FXSTIFFDebugLogFile.txt,0
58198,1790363674426,MpCmdRun.log,22882
58198,1790363674442,MpSigStub.log,97512
58198,1790363674442,msedge_installer.log,68015
58198,1790363674442,NHFTwBUmYHlXSsjNJdzXRevJ,0
58198,1790363674457,skin.zip,231625
58198,1790363674457,SYS32_Hardware,900
58198,1790363674457,SYS32_Hardware.exe,32671232
58198,1790363674473,SYS32_Hardware.ini,363
58745,1790363674973,bb3a785178f443fda931098a5a9a306b.db.ses,53
58745,1790363674973,FXSAPIDebugLogFile.txt,0
58745,1790363674973,FXSTIFFDebugLogFile.txt,0
58745,1790363674973,MpCmdRun.log,22882
58745,1790363674989,MpSigStub.log,97512
58745,1790363674989,msedge_installer.log,68015
58745,1790363674989,NHFTwBUmYHlXSsjNJdzXRevJ,0
58745,1790363675004,skin.zip,231625
58745,1790363675004,SYS32_Hardware,900
58745,1790363675004,SYS32_Hardware.exe,32671232
58745,1790363675020,SYS32_Hardware.ini,363
59292,1790363675520,bb3a785178f443fda931098a5a9a306b.db.ses,53
59292,1790363675520,FXSAPIDebugLogFile.txt,0
59292,1790363675520,FXSTIFFDebugLogFile.txt,0
59292,1790363675520,MpCmdRun.log,22882
59292,1790363675536,MpSigStub.log,97512
59292,1790363675536,msedge_installer.log,68015
59292,1790363675536,NHFTwBUmYHlXSsjNJdzXRevJ,0
59292,1790363675551,skin.zip,231625
59292,1790363675551,SYS32_Hardware,900
59292,1790363675551,SYS32_Hardware.exe,32671232
59292,1790363675567,SYS32_Hardware.ini,363
59839,1790363676067,bb3a785178f443fda931098a5a9a306b.db.ses,53
59839,1790363676067,FXSAPIDebugLogFile.txt,0
59839,1790363676067,FXSTIFFDebugLogFile.txt,0
59839,1790363676067,MpCmdRun.log,22882
59839,1790363676083,MpSigStub.log,97512
59839,1790363676083,msedge_installer.log,68015
59839,1790363676098,NHFTwBUmYHlXSsjNJdzXRevJ,0
59839,1790363676098,skin.zip,231625
59839,1790363676114,SYS32_Hardware,900
59839,1790363676114,SYS32_Hardware.exe,32671232
59839,1790363676114,SYS32_Hardware.ini,363
60402,1790363676630,bb3a785178f443fda931098a5a9a306b.db.ses,53
60402,1790363676640,FXSAPIDebugLogFile.txt,0
60402,1790363676640,FXSTIFFDebugLogFile.txt,0
60402,1790363676640,MpCmdRun.log,22882
60402,1790363676655,MpSigStub.log,97512
60402,1790363676655,msedge_installer.log,68015
60402,1790363676655,NHFTwBUmYHlXSsjNJdzXRevJ,0
60402,1790363676671,skin.zip,231625
60402,1790363676671,SYS32_Hardware,900
60402,1790363676671,SYS32_Hardware.exe,32671232
60402,1790363676686,SYS32_Hardware.ini,363
60958,1790363677187,bb3a785178f443fda931098a5a9a306b.db.ses,53
60958,1790363677187,FXSAPIDebugLogFile.txt,0
60958,1790363677187,FXSTIFFDebugLogFile.txt,0
60958,1790363677187,MpCmdRun.log,22882
60958,1790363677202,MpSigStub.log,97512
60958,1790363677202,msedge_installer.log,68015
60958,1790363677202,NHFTwBUmYHlXSsjNJdzXRevJ,0
60958,1790363677218,skin.zip,231625
60958,1790363677218,SYS32_Hardware,900
60958,1790363677218,SYS32_Hardware.exe,32671232
60958,1790363677233,SYS32_Hardware.ini,363
61505,1790363677734,bb3a785178f443fda931098a5a9a306b.db.ses,53
61505,1790363677734,FXSAPIDebugLogFile.txt,0
61505,1790363677737,FXSTIFFDebugLogFile.txt,0
61505,1790363677737,MpCmdRun.log,22882
61505,1790363677737,MpSigStub.log,97512
61505,1790363677753,msedge_installer.log,68015
61505,1790363677753,NHFTwBUmYHlXSsjNJdzXRevJ,0
61505,1790363677753,skin.zip,231625
61505,1790363677769,SYS32_Hardware,900
61505,1790363677769,SYS32_Hardware.exe,32671232
61505,1790363677784,SYS32_Hardware.ini,363
62056,1790363678284,bb3a785178f443fda931098a5a9a306b.db.ses,53
62056,1790363678284,FXSAPIDebugLogFile.txt,0
62056,1790363678284,FXSTIFFDebugLogFile.txt,0
62056,1790363678284,MpCmdRun.log,22882
62056,1790363678300,MpSigStub.log,97512
62056,1790363678300,msedge_installer.log,68015
62056,1790363678300,NHFTwBUmYHlXSsjNJdzXRevJ,0
62056,1790363678316,skin.zip,231625
62056,1790363678316,SYS32_Hardware,900
62056,1790363678331,SYS32_Hardware.exe,32671232
62056,1790363678331,SYS32_Hardware.ini,363
62619,1790363678847,bb3a785178f443fda931098a5a9a306b.db.ses,53
62619,1790363678847,FXSAPIDebugLogFile.txt,0
62619,1790363678862,FXSTIFFDebugLogFile.txt,0
62619,1790363678862,MpCmdRun.log,22882
62619,1790363678862,MpSigStub.log,97512
62619,1790363678878,msedge_installer.log,68015
62619,1790363678878,NHFTwBUmYHlXSsjNJdzXRevJ,0
62619,1790363678894,skin.zip,231625
62619,1790363678894,SYS32_Hardware,900
62619,1790363678894,SYS32_Hardware.exe,32671232
62619,1790363678909,SYS32_Hardware.ini,363
63181,1790363679409,bb3a785178f443fda931098a5a9a306b.db.ses,53
63181,1790363679419,FXSAPIDebugLogFile.txt,0
63181,1790363679419,FXSTIFFDebugLogFile.txt,0
63181,1790363679419,MpCmdRun.log,22882
63181,1790363679419,MpSigStub.log,97512
63181,1790363679435,msedge_installer.log,68015
63181,1790363679435,NHFTwBUmYHlXSsjNJdzXRevJ,0
63181,1790363679435,skin.zip,231625
63181,1790363679451,SYS32_Hardware,900
63181,1790363679451,SYS32_Hardware.exe,32671232
63181,1790363679451,SYS32_Hardware.ini,363
63752,1790363679980,bb3a785178f443fda931098a5a9a306b.db.ses,53
63752,1790363679980,FXSAPIDebugLogFile.txt,0
63752,1790363679980,FXSTIFFDebugLogFile.txt,0
63752,1790363679980,MpCmdRun.log,22882
63752,1790363679995,MpSigStub.log,97512
63752,1790363679995,msedge_installer.log,68015
63752,1790363679995,NHFTwBUmYHlXSsjNJdzXRevJ,0
63752,1790363680011,skin.zip,231625
63752,1790363680027,SYS32_Hardware,900
63752,1790363680027,SYS32_Hardware.exe,32671232
63752,1790363680027,SYS32_Hardware.ini,363
64314,1790363680542,bb3a785178f443fda931098a5a9a306b.db.ses,53
64314,1790363680542,FXSAPIDebugLogFile.txt,0
64314,1790363680542,FXSTIFFDebugLogFile.txt,0
64314,1790363680542,MpCmdRun.log,22882
64314,1790363680558,MpSigStub.log,97512
64314,1790363680558,msedge_installer.log,68015
64314,1790363680574,NHFTwBUmYHlXSsjNJdzXRevJ,0
64314,1790363680574,skin.zip,231625
64314,1790363680574,SYS32_Hardware,900
64314,1790363680589,SYS32_Hardware.exe,32671232
64314,1790363680589,SYS32_Hardware.ini,363
64861,1790363681089,bb3a785178f443fda931098a5a9a306b.db.ses,53
64861,1790363681089,FXSAPIDebugLogFile.txt,0
64861,1790363681089,FXSTIFFDebugLogFile.txt,0
64861,1790363681089,MpCmdRun.log,22882
64861,1790363681105,MpSigStub.log,97512
64861,1790363681105,msedge_installer.log,68015
64861,1790363681121,NHFTwBUmYHlXSsjNJdzXRevJ,0
64861,1790363681121,skin.zip,231625
64861,1790363681136,SYS32_Hardware,900
64861,1790363681136,SYS32_Hardware.exe,32671232
64861,1790363681136,SYS32_Hardware.ini,363
65424,1790363681652,bb3a785178f443fda931098a5a9a306b.db.ses,53
65424,1790363681652,FXSAPIDebugLogFile.txt,0
65424,1790363681656,FXSTIFFDebugLogFile.txt,0
65424,1790363681656,MpCmdRun.log,22882
65424,1790363681656,MpSigStub.log,97512
65424,1790363681671,msedge_installer.log,68015
65424,1790363681671,NHFTwBUmYHlXSsjNJdzXRevJ,0
65424,1790363681671,skin.zip,231625
65424,1790363681687,SYS32_Hardware,900
65424,1790363681687,SYS32_Hardware.exe,32671232
65424,1790363681687,SYS32_Hardware.ini,363
65975,1790363682203,bb3a785178f443fda931098a5a9a306b.db.ses,53
65975,1790363682203,FXSAPIDebugLogFile.txt,0
65975,1790363682203,FXSTIFFDebugLogFile.txt,0
65975,1790363682203,MpCmdRun.log,22882
65975,1790363682218,MpSigStub.log,97512
65975,1790363682218,msedge_installer.log,68015
65975,1790363682218,NHFTwBUmYHlXSsjNJdzXRevJ,0
65975,1790363682234,skin.zip,231625
65975,1790363682234,SYS32_Hardware,900
65975,1790363682234,SYS32_Hardware.exe,32671232
65975,1790363682250,SYS32_Hardware.ini,363
66537,1790363682765,bb3a785178f443fda931098a5a9a306b.db.ses,53
66537,1790363682765,FXSAPIDebugLogFile.txt,0
66537,1790363682765,FXSTIFFDebugLogFile.txt,0
66537,1790363682765,MpCmdRun.log,22882
66537,1790363682781,MpSigStub.log,97512
66537,1790363682781,msedge_installer.log,68015
66537,1790363682781,NHFTwBUmYHlXSsjNJdzXRevJ,0
66537,1790363682797,skin.zip,231625
66537,1790363682797,SYS32_Hardware,900
66537,1790363682797,SYS32_Hardware.exe,32671232
66537,1790363682812,SYS32_Hardware.ini,363
67084,1790363683312,bb3a785178f443fda931098a5a9a306b.db.ses,53
67084,1790363683312,FXSAPIDebugLogFile.txt,0
67084,1790363683326,FXSTIFFDebugLogFile.txt,0
67084,1790363683326,MpCmdRun.log,22882
67084,1790363683341,MpSigStub.log,97512
67084,1790363683341,msedge_installer.log,68015
67084,1790363683341,NHFTwBUmYHlXSsjNJdzXRevJ,0
67084,1790363683357,skin.zip,231625
67084,1790363683357,SYS32_Hardware,900
67084,1790363683357,SYS32_Hardware.exe,32671232
67084,1790363683373,SYS32_Hardware.ini,363
67645,1790363683873,bb3a785178f443fda931098a5a9a306b.db.ses,53
67645,1790363683883,FXSAPIDebugLogFile.txt,0
67645,1790363683883,FXSTIFFDebugLogFile.txt,0
67645,1790363683883,MpCmdRun.log,22882
67645,1790363683898,MpSigStub.log,97512
67645,1790363683898,msedge_installer.log,68015
67645,1790363683898,NHFTwBUmYHlXSsjNJdzXRevJ,0
67645,1790363683914,skin.zip,231625
67645,1790363683914,SYS32_Hardware,900
67645,1790363683914,SYS32_Hardware.exe,32671232
67645,1790363683929,SYS32_Hardware.ini,363
68217,1790363684445,bb3a785178f443fda931098a5a9a306b.db.ses,53
68217,1790363684445,FXSAPIDebugLogFile.txt,0
68217,1790363684445,FXSTIFFDebugLogFile.txt,0
68217,1790363684445,MpCmdRun.log,22882
68217,1790363684461,MpSigStub.log,97512
68217,1790363684461,msedge_installer.log,68015
68217,1790363684461,NHFTwBUmYHlXSsjNJdzXRevJ,0
68217,1790363684476,skin.zip,231625
68217,1790363684476,SYS32_Hardware,900
68217,1790363684476,SYS32_Hardware.exe,32671232
68217,1790363684476,SYS32_Hardware.ini,363
68764,1790363684992,bb3a785178f443fda931098a5a9a306b.db.ses,53
68764,1790363684992,FXSAPIDebugLogFile.txt,0
68764,1790363685005,FXSTIFFDebugLogFile.txt,0
68764,1790363685005,MpCmdRun.log,22882
68764,1790363685021,MpSigStub.log,97512
68764,1790363685021,msedge_installer.log,68015
68764,1790363685021,NHFTwBUmYHlXSsjNJdzXRevJ,0
68764,1790363685036,skin.zip,231625
68764,1790363685036,SYS32_Hardware,900
68764,1790363685036,SYS32_Hardware.exe,32671232
68764,1790363685052,SYS32_Hardware.ini,363
69324,1790363685552,bb3a785178f443fda931098a5a9a306b.db.ses,53
69324,1790363685552,FXSAPIDebugLogFile.txt,0
69324,1790363685552,FXSTIFFDebugLogFile.txt,0
69324,1790363685552,MpCmdRun.log,22882
69324,1790363685568,MpSigStub.log,97512
69324,1790363685568,msedge_installer.log,68015
69324,1790363685568,NHFTwBUmYHlXSsjNJdzXRevJ,0
69324,1790363685583,skin.zip,231625
69324,1790363685583,SYS32_Hardware,900
69324,1790363685583,SYS32_Hardware.exe,32671232
69324,1790363685599,SYS32_Hardware.ini,363
69871,1790363686099,bb3a785178f443fda931098a5a9a306b.db.ses,53
69871,1790363686099,FXSAPIDebugLogFile.txt,0
69871,1790363686115,FXSTIFFDebugLogFile.txt,0
69871,1790363686115,MpCmdRun.log,22882
69871,1790363686115,MpSigStub.log,97512
69871,1790363686130,msedge_installer.log,68015
69871,1790363686130,NHFTwBUmYHlXSsjNJdzXRevJ,0
69871,1790363686130,skin.zip,231625
69871,1790363686146,SYS32_Hardware,900
69871,1790363686146,SYS32_Hardware.exe,32671232
69871,1790363686161,SYS32_Hardware.ini,363
70438,1790363686666,bb3a785178f443fda931098a5a9a306b.db.ses,53
70438,1790363686666,FXSAPIDebugLogFile.txt,0
70438,1790363686666,FXSTIFFDebugLogFile.txt,0
70438,1790363686666,MpCmdRun.log,22882
70438,1790363686682,MpSigStub.log,97512
70438,1790363686682,msedge_installer.log,68015
70438,1790363686682,NHFTwBUmYHlXSsjNJdzXRevJ,0
70438,1790363686698,skin.zip,231625
70438,1790363686698,SYS32_Hardware,900
70438,1790363686698,SYS32_Hardware.exe,32671232
70438,1790363686713,SYS32_Hardware.ini,363
70985,1790363687213,bb3a785178f443fda931098a5a9a306b.db.ses,53
70985,1790363687213,FXSAPIDebugLogFile.txt,0
70985,1790363687213,FXSTIFFDebugLogFile.txt,0
70985,1790363687213,MpCmdRun.log,22882
70985,1790363687229,MpSigStub.log,97512
70985,1790363687229,msedge_installer.log,68015
70985,1790363687245,NHFTwBUmYHlXSsjNJdzXRevJ,0
70985,1790363687245,skin.zip,231625
70985,1790363687245,SYS32_Hardware,900
70985,1790363687260,SYS32_Hardware.exe,32671232
70985,1790363687260,SYS32_Hardware.ini,363
71548,1790363687776,bb3a785178f443fda931098a5a9a306b.db.ses,53
71548,1790363687776,FXSAPIDebugLogFile.txt,0
71548,1790363687776,FXSTIFFDebugLogFile.txt,0
71548,1790363687776,MpCmdRun.log,22882
71548,1790363687792,MpSigStub.log,97512
71548,1790363687792,msedge_installer.log,68015
71548,1790363687807,NHFTwBUmYHlXSsjNJdzXRevJ,0
71548,1790363687807,skin.zip,231625
71548,1790363687807,SYS32_Hardware,900
71548,1790363687823,SYS32_Hardware.exe,32671232
71548,1790363687823,SYS32_Hardware.ini,363
72095,1790363688323,bb3a785178f443fda931098a5a9a306b.db.ses,53
72095,1790363688323,FXSAPIDebugLogFile.txt,0
72095,1790363688323,FXSTIFFDebugLogFile.txt,0
72095,1790363688323,MpCmdRun.log,22882
72095,1790363688339,MpSigStub.log,97512
72095,1790363688339,msedge_installer.log,68015
72095,1790363688339,NHFTwBUmYHlXSsjNJdzXRevJ,0
72095,1790363688354,skin.zip,231625
72095,1790363688354,SYS32_Hardware,900
72095,1790363688370,SYS32_Hardware.exe,32671232
72095,1790363688370,SYS32_Hardware.ini,363
72642,1790363688870,bb3a785178f443fda931098a5a9a306b.db.ses,53
72642,1790363688870,FXSAPIDebugLogFile.txt,0
72642,1790363688870,FXSTIFFDebugLogFile.txt,0
72642,1790363688870,MpCmdRun.log,22882
72642,1790363688886,MpSigStub.log,97512
72642,1790363688886,msedge_installer.log,68015
72642,1790363688886,NHFTwBUmYHlXSsjNJdzXRevJ,0
72642,1790363688901,skin.zip,231625
72642,1790363688901,SYS32_Hardware,900
72642,1790363688901,SYS32_Hardware.exe,32671232
72642,1790363688917,SYS32_Hardware.ini,363
73189,1790363689417,bb3a785178f443fda931098a5a9a306b.db.ses,53
73189,1790363689427,FXSAPIDebugLogFile.txt,0
73189,1790363689427,FXSTIFFDebugLogFile.txt,0
73189,1790363689427,MpCmdRun.log,22882
73189,1790363689442,MpSigStub.log,97512
73189,1790363689442,msedge_installer.log,68015
73189,1790363689442,NHFTwBUmYHlXSsjNJdzXRevJ,0
73189,1790363689442,skin.zip,231625
73189,1790363689458,SYS32_Hardware,900
73189,1790363689458,SYS32_Hardware.exe,32671232
73189,1790363689458,SYS32_Hardware.ini,363
73752,1790363689980,bb3a785178f443fda931098a5a9a306b.db.ses,53
73752,1790363689980,FXSAPIDebugLogFile.txt,0
73752,1790363689980,FXSTIFFDebugLogFile.txt,0
73752,1790363689980,MpCmdRun.log,22882
73752,1790363689996,MpSigStub.log,97512
73752,1790363689996,msedge_installer.log,68015
73752,1790363689996,NHFTwBUmYHlXSsjNJdzXRevJ,0
73752,1790363690011,skin.zip,231625
73752,1790363690011,SYS32_Hardware,900
73752,1790363690011,SYS32_Hardware.exe,32671232
73752,1790363690027,SYS32_Hardware.ini,363
74299,1790363690527,bb3a785178f443fda931098a5a9a306b.db.ses,53
74299,1790363690527,FXSAPIDebugLogFile.txt,0
74299,1790363690527,FXSTIFFDebugLogFile.txt,0
74299,1790363690527,MpCmdRun.log,22882
74299,1790363690543,MpSigStub.log,97512
74299,1790363690543,msedge_installer.log,68015
74299,1790363690558,NHFTwBUmYHlXSsjNJdzXRevJ,0
74299,1790363690558,skin.zip,231625
74299,1790363690574,SYS32_Hardware,900
74299,1790363690574,SYS32_Hardware.exe,32671232
74299,1790363690574,SYS32_Hardware.ini,363
74861,1790363691090,bb3a785178f443fda931098a5a9a306b.db.ses,53
74861,1790363691090,FXSAPIDebugLogFile.txt,0
74861,1790363691090,FXSTIFFDebugLogFile.txt,0
74861,1790363691090,MpCmdRun.log,22882
74861,1790363691105,MpSigStub.log,97512
74861,1790363691105,msedge_installer.log,68015
74861,1790363691105,NHFTwBUmYHlXSsjNJdzXRevJ,0
74861,1790363691121,skin.zip,231625
74861,1790363691121,SYS32_Hardware,900
74861,1790363691136,SYS32_Hardware.exe,32671232
74861,1790363691136,SYS32_Hardware.ini,363
75409,1790363691637,bb3a785178f443fda931098a5a9a306b.db.ses,53
75409,1790363691637,FXSAPIDebugLogFile.txt,0
75409,1790363691637,FXSTIFFDebugLogFile.txt,0
75409,1790363691637,MpCmdRun.log,22882
75409,1790363691652,MpSigStub.log,97512
75409,1790363691652,msedge_installer.log,68015
75409,1790363691652,NHFTwBUmYHlXSsjNJdzXRevJ,0
75409,1790363691668,skin.zip,231625
75409,1790363691668,SYS32_Hardware,900
75409,1790363691668,SYS32_Hardware.exe,32671232
75409,1790363691684,SYS32_Hardware.ini,363
75956,1790363692184,bb3a785178f443fda931098a5a9a306b.db.ses,53
75956,1790363692184,FXSAPIDebugLogFile.txt,0
75956,1790363692184,FXSTIFFDebugLogFile.txt,0
75956,1790363692199,MpCmdRun.log,22882
75956,1790363692215,MpSigStub.log,97512
75956,1790363692215,msedge_installer.log,68015
75956,1790363692230,NHFTwBUmYHlXSsjNJdzXRevJ,0
75956,1790363692230,skin.zip,231625
75956,1790363692246,SYS32_Hardware,900
75956,1790363692246,SYS32_Hardware.exe,32671232
75956,1790363692262,SYS32_Hardware.ini,363
76549,1790363692777,bb3a785178f443fda931098a5a9a306b.db.ses,53
76549,1790363692777,FXSAPIDebugLogFile.txt,0
76549,1790363692777,FXSTIFFDebugLogFile.txt,0
76549,1790363692777,MpCmdRun.log,22882
76549,1790363692793,MpSigStub.log,97512
76549,1790363692793,msedge_installer.log,68015
76549,1790363692793,NHFTwBUmYHlXSsjNJdzXRevJ,0
76549,1790363692809,skin.zip,231625
76549,1790363692809,SYS32_Hardware,900
76549,1790363692809,SYS32_Hardware.exe,32671232
76549,1790363692809,SYS32_Hardware.ini,363
77096,1790363693324,bb3a785178f443fda931098a5a9a306b.db.ses,53
77096,1790363693324,FXSAPIDebugLogFile.txt,0
77096,1790363693338,FXSTIFFDebugLogFile.txt,0
77096,1790363693338,MpCmdRun.log,22882
77096,1790363693338,MpSigStub.log,97512
77096,1790363693354,msedge_installer.log,68015
77096,1790363693354,NHFTwBUmYHlXSsjNJdzXRevJ,0
77096,1790363693354,skin.zip,231625
77096,1790363693370,SYS32_Hardware,900
77096,1790363693370,SYS32_Hardware.exe,32671232
77096,1790363693385,SYS32_Hardware.ini,363
77657,1790363693885,bb3a785178f443fda931098a5a9a306b.db.ses,53
77657,1790363693885,FXSAPIDebugLogFile.txt,0
77657,1790363693885,FXSTIFFDebugLogFile.txt,0
77657,1790363693885,MpCmdRun.log,22882
77657,1790363693901,MpSigStub.log,97512
77657,1790363693901,msedge_installer.log,68015
77657,1790363693901,NHFTwBUmYHlXSsjNJdzXRevJ,0
77657,1790363693917,skin.zip,231625
77657,1790363693917,SYS32_Hardware,900
77657,1790363693932,SYS32_Hardware.exe,32671232
77657,1790363693932,SYS32_Hardware.ini,363
78204,1790363694432,bb3a785178f443fda931098a5a9a306b.db.ses,53
78204,1790363694432,FXSAPIDebugLogFile.txt,0
78204,1790363694432,FXSTIFFDebugLogFile.txt,0
78204,1790363694432,MpCmdRun.log,22882
78204,1790363694448,MpSigStub.log,97512
78204,1790363694448,msedge_installer.log,68015
78204,1790363694464,NHFTwBUmYHlXSsjNJdzXRevJ,0
78204,1790363694464,skin.zip,231625
78204,1790363694464,SYS32_Hardware,900
78204,1790363694479,SYS32_Hardware.exe,32671232
78204,1790363694479,SYS32_Hardware.ini,363
78752,1790363694979,bb3a785178f443fda931098a5a9a306b.db.ses,53
78752,1790363694979,FXSAPIDebugLogFile.txt,0
78752,1790363694995,FXSTIFFDebugLogFile.txt,0
78752,1790363695011,MpCmdRun.log,22882
78752,1790363695026,MpSigStub.log,97512
78752,1790363695042,msedge_installer.log,68015
78752,1790363695058,NHFTwBUmYHlXSsjNJdzXRevJ,0
78752,1790363695073,skin.zip,231625
78752,1790363695089,SYS32_Hardware,900
78752,1790363695105,SYS32_Hardware.exe,32671232
78752,1790363695120,SYS32_Hardware.ini,363
79392,1790363695620,bb3a785178f443fda931098a5a9a306b.db.ses,53
79392,1790363695620,FXSAPIDebugLogFile.txt,0
79392,1790363695620,FXSTIFFDebugLogFile.txt,0
79392,1790363695636,MpCmdRun.log,22882
79392,1790363695636,MpSigStub.log,97512
79392,1790363695636,msedge_installer.log,68015
79392,1790363695651,NHFTwBUmYHlXSsjNJdzXRevJ,0
79392,1790363695651,skin.zip,231625
79392,1790363695667,SYS32_Hardware,900
79392,1790363695667,SYS32_Hardware.exe,32671232
79392,1790363695683,SYS32_Hardware.ini,363
79955,1790363696183,bb3a785178f443fda931098a5a9a306b.db.ses,53
79955,1790363696183,FXSAPIDebugLogFile.txt,0
79955,1790363696196,FXSTIFFDebugLogFile.txt,0
79955,1790363696196,MpCmdRun.log,22882
79955,1790363696212,MpSigStub.log,97512
79955,1790363696212,msedge_installer.log,68015
79955,1790363696212,NHFTwBUmYHlXSsjNJdzXRevJ,0
79955,1790363696227,skin.zip,231625
79955,1790363696227,SYS32_Hardware,900
79955,1790363696227,SYS32_Hardware.exe,32671232
79955,1790363696243,SYS32_Hardware.ini,363
80515,1790363696743,bb3a785178f443fda931098a5a9a306b.db.ses,53
80515,1790363696743,FXSAPIDebugLogFile.txt,0
80515,1790363696743,FXSTIFFDebugLogFile.txt,0
80515,1790363696743,MpCmdRun.log,22882
80515,1790363696759,MpSigStub.log,97512
80515,1790363696759,msedge_installer.log,68015
80515,1790363696759,NHFTwBUmYHlXSsjNJdzXRevJ,0
80515,1790363696774,skin.zip,231625
80515,1790363696774,SYS32_Hardware,900
80515,1790363696774,SYS32_Hardware.exe,32671232
80515,1790363696790,SYS32_Hardware.ini,363
81062,1790363697290,bb3a785178f443fda931098a5a9a306b.db.ses,53
81062,1790363697290,FXSAPIDebugLogFile.txt,0
81062,1790363697290,FXSTIFFDebugLogFile.txt,0
81062,1790363697290,MpCmdRun.log,22882
81062,1790363697305,MpSigStub.log,97512
81062,1790363697305,msedge_installer.log,68015
81062,1790363697305,NHFTwBUmYHlXSsjNJdzXRevJ,0
81062,1790363697321,skin.zip,231625
81062,1790363697321,SYS32_Hardware,900
81062,1790363697321,SYS32_Hardware.exe,32671232
81062,1790363697337,SYS32_Hardware.ini,363
81609,1790363697837,bb3a785178f443fda931098a5a9a306b.db.ses,53
81609,1790363697837,FXSAPIDebugLogFile.txt,0
81609,1790363697837,FXSTIFFDebugLogFile.txt,0
81609,1790363697852,MpCmdRun.log,22882
81609,1790363697852,MpSigStub.log,97512
81609,1790363697852,msedge_installer.log,68015
81609,1790363697868,NHFTwBUmYHlXSsjNJdzXRevJ,0
81609,1790363697868,skin.zip,231625
81609,1790363697868,SYS32_Hardware,900
81609,1790363697884,SYS32_Hardware.exe,32671232
81609,1790363697884,SYS32_Hardware.ini,363
82166,1790363698394,bb3a785178f443fda931098a5a9a306b.db.ses,53
82166,1790363698394,FXSAPIDebugLogFile.txt,0
82166,1790363698394,FXSTIFFDebugLogFile.txt,0
82166,1790363698394,MpCmdRun.log,22882
82166,1790363698410,MpSigStub.log,97512
82166,1790363698410,msedge_installer.log,68015
82166,1790363698410,NHFTwBUmYHlXSsjNJdzXRevJ,0
82166,1790363698441,skin.zip,231625
82166,1790363698441,SYS32_Hardware,900
82166,1790363698441,SYS32_Hardware.exe,32671232
82166,1790363698457,SYS32_Hardware.ini,363
82729,1790363698957,bb3a785178f443fda931098a5a9a306b.db.ses,53
82729,1790363698957,FXSAPIDebugLogFile.txt,0
82729,1790363698957,FXSTIFFDebugLogFile.txt,0
82729,1790363698957,MpCmdRun.log,22882
82729,1790363698973,MpSigStub.log,97512
82729,1790363698973,msedge_installer.log,68015
82729,1790363698973,NHFTwBUmYHlXSsjNJdzXRevJ,0
82729,1790363698988,skin.zip,231625
82729,1790363698988,SYS32_Hardware,900
82729,1790363699004,SYS32_Hardware.exe,32671232
82729,1790363699004,SYS32_Hardware.ini,363
83276,1790363699506,bb3a785178f443fda931098a5a9a306b.db.ses,53
83276,1790363699506,FXSAPIDebugLogFile.txt,0
83276,1790363699506,FXSTIFFDebugLogFile.txt,0
83276,1790363699506,MpCmdRun.log,22882
83276,1790363699521,MpSigStub.log,97512
83276,1790363699521,msedge_installer.log,68015
83276,1790363699537,NHFTwBUmYHlXSsjNJdzXRevJ,0
83276,1790363699537,skin.zip,231625
83276,1790363699553,SYS32_Hardware,900
83276,1790363699553,SYS32_Hardware.exe,32671232
83276,1790363699568,SYS32_Hardware.ini,363
83854,1790363700082,bb3a785178f443fda931098a5a9a306b.db.ses,53
83854,1790363700082,FXSAPIDebugLogFile.txt,0
83854,1790363700082,FXSTIFFDebugLogFile.txt,0
83854,1790363700082,MpCmdRun.log,22882
83854,1790363700098,MpSigStub.log,97512
83854,1790363700098,msedge_installer.log,68015
83854,1790363700113,NHFTwBUmYHlXSsjNJdzXRevJ,0
83854,1790363700113,skin.zip,231625
83854,1790363700129,SYS32_Hardware,900
83854,1790363700129,SYS32_Hardware.exe,32671232
83854,1790363700129,SYS32_Hardware.ini,363
84417,1790363700645,bb3a785178f443fda931098a5a9a306b.db.ses,53
84417,1790363700645,FXSAPIDebugLogFile.txt,0
84417,1790363700645,FXSTIFFDebugLogFile.txt,0
84417,1790363700660,MpCmdRun.log,22882
84417,1790363700676,MpSigStub.log,97512
84417,1790363700676,msedge_installer.log,68015
84417,1790363700692,NHFTwBUmYHlXSsjNJdzXRevJ,0
84417,1790363700692,skin.zip,231625
84417,1790363700692,SYS32_Hardware,900
84417,1790363700707,SYS32_Hardware.exe,32671232
84417,1790363700707,SYS32_Hardware.ini,363
84995,1790363701223,bb3a785178f443fda931098a5a9a306b.db.ses,53
84995,1790363701223,FXSAPIDebugLogFile.txt,0
84995,1790363701223,FXSTIFFDebugLogFile.txt,0
84995,1790363701239,MpCmdRun.log,22882
84995,1790363701239,MpSigStub.log,97512
84995,1790363701239,msedge_installer.log,68015
84995,1790363701254,NHFTwBUmYHlXSsjNJdzXRevJ,0
84995,1790363701254,skin.zip,231625
84995,1790363701270,SYS32_Hardware,900
84995,1790363701270,SYS32_Hardware.exe,32671232
84995,1790363701270,SYS32_Hardware.ini,363
85557,1790363701786,bb3a785178f443fda931098a5a9a306b.db.ses,53
85557,1790363701786,FXSAPIDebugLogFile.txt,0
85557,1790363701786,FXSTIFFDebugLogFile.txt,0
85557,1790363701786,MpCmdRun.log,22882
85557,1790363701801,MpSigStub.log,97512
85557,1790363701801,msedge_installer.log,68015
85557,1790363701801,NHFTwBUmYHlXSsjNJdzXRevJ,0
85557,1790363701817,skin.zip,231625
85557,1790363701817,SYS32_Hardware,900
85557,1790363701833,SYS32_Hardware.exe,32671232
85557,1790363701833,SYS32_Hardware.ini,363
86105,1790363702333,bb3a785178f443fda931098a5a9a306b.db.ses,53
86105,1790363702333,FXSAPIDebugLogFile.txt,0
86105,1790363702348,FXSTIFFDebugLogFile.txt,0
86105,1790363702348,MpCmdRun.log,22882
86105,1790363702364,MpSigStub.log,97512
86105,1790363702380,msedge_installer.log,68015
86105,1790363702395,NHFTwBUmYHlXSsjNJdzXRevJ,0
86105,1790363702411,skin.zip,231625
86105,1790363702426,SYS32_Hardware,900
86105,1790363702426,SYS32_Hardware.exe,32671232
86105,1790363702442,SYS32_Hardware.ini,363
86730,1790363702958,bb3a785178f443fda931098a5a9a306b.db.ses,53
86730,1790363702958,FXSAPIDebugLogFile.txt,0
86730,1790363702958,FXSTIFFDebugLogFile.txt,0
86730,1790363702958,MpCmdRun.log,22882
86730,1790363702973,MpSigStub.log,97512
86730,1790363702973,msedge_installer.log,68015
86730,1790363702989,NHFTwBUmYHlXSsjNJdzXRevJ,0
86730,1790363702989,skin.zip,231625
86730,1790363702989,SYS32_Hardware,900
86730,1790363703005,SYS32_Hardware.exe,32671232
86730,1790363703005,SYS32_Hardware.ini,363
87277,1790363703505,bb3a785178f443fda931098a5a9a306b.db.ses,53
87277,1790363703505,FXSAPIDebugLogFile.txt,0
87277,1790363703505,FXSTIFFDebugLogFile.txt,0
87277,1790363703505,MpCmdRun.log,22882
87277,1790363703520,MpSigStub.log,97512
87277,1790363703520,msedge_installer.log,68015
87277,1790363703536,NHFTwBUmYHlXSsjNJdzXRevJ,0
87277,1790363703536,skin.zip,231625
87277,1790363703536,SYS32_Hardware,900
87277,1790363703552,SYS32_Hardware.exe,32671232
87277,1790363703552,SYS32_Hardware.ini,363
87824,1790363704052,bb3a785178f443fda931098a5a9a306b.db.ses,53
87824,1790363704052,FXSAPIDebugLogFile.txt,0
87824,1790363704052,FXSTIFFDebugLogFile.txt,0
87824,1790363704052,MpCmdRun.log,22882
87824,1790363704067,MpSigStub.log,97512
87824,1790363704067,msedge_installer.log,68015
87824,1790363704083,NHFTwBUmYHlXSsjNJdzXRevJ,0
87824,1790363704083,skin.zip,231625
87824,1790363704083,SYS32_Hardware,900
87824,1790363704098,SYS32_Hardware.exe,32671232
87824,1790363704098,SYS32_Hardware.ini,363
88371,1790363704599,bb3a785178f443fda931098a5a9a306b.db.ses,53
88371,1790363704599,FXSAPIDebugLogFile.txt,0
88371,1790363704599,FXSTIFFDebugLogFile.txt,0
88371,1790363704614,MpCmdRun.log,22882
88371,1790363704614,MpSigStub.log,97512
88371,1790363704614,msedge_installer.log,68015
88371,1790363704630,NHFTwBUmYHlXSsjNJdzXRevJ,0
88371,1790363704645,skin.zip,231625
88371,1790363704645,SYS32_Hardware,900
88371,1790363704661,SYS32_Hardware.exe,32671232
88371,1790363704661,SYS32_Hardware.ini,363
88933,1790363705161,bb3a785178f443fda931098a5a9a306b.db.ses,53
88933,1790363705161,FXSAPIDebugLogFile.txt,0
88933,1790363705161,FXSTIFFDebugLogFile.txt,0
88933,1790363705161,MpCmdRun.log,22882
88933,1790363705177,MpSigStub.log,97512
88933,1790363705177,msedge_installer.log,68015
88933,1790363705192,NHFTwBUmYHlXSsjNJdzXRevJ,0
88933,1790363705192,skin.zip,231625
88933,1790363705192,SYS32_Hardware,900
88933,1790363705208,SYS32_Hardware.exe,32671232
88933,1790363705208,SYS32_Hardware.ini,363
89480,1790363705708,bb3a785178f443fda931098a5a9a306b.db.ses,53
89480,1790363705708,FXSAPIDebugLogFile.txt,0
89480,1790363705708,FXSTIFFDebugLogFile.txt,0
89480,1790363705708,MpCmdRun.log,22882
89480,1790363705724,MpSigStub.log,97512
89480,1790363705724,msedge_installer.log,68015
89480,1790363705724,NHFTwBUmYHlXSsjNJdzXRevJ,0
89480,1790363705739,skin.zip,231625
89480,1790363705739,SYS32_Hardware,900
89480,1790363705739,SYS32_Hardware.exe,32671232
89480,1790363705755,SYS32_Hardware.ini,363
90027,1790363706255,bb3a785178f443fda931098a5a9a306b.db.ses,53
90027,1790363706255,FXSAPIDebugLogFile.txt,0
90027,1790363706255,FXSTIFFDebugLogFile.txt,0
90027,1790363706255,MpCmdRun.log,22882
90027,1790363706271,MpSigStub.log,97512
90027,1790363706286,msedge_installer.log,68015
90027,1790363706286,NHFTwBUmYHlXSsjNJdzXRevJ,0
90027,1790363706286,skin.zip,231625
90027,1790363706302,SYS32_Hardware,900
90027,1790363706302,SYS32_Hardware.exe,32671232
90027,1790363706318,SYS32_Hardware.ini,363
90595,1790363706824,bb3a785178f443fda931098a5a9a306b.db.ses,53
90595,1790363706824,FXSAPIDebugLogFile.txt,0
90595,1790363706824,FXSTIFFDebugLogFile.txt,0
90595,1790363706824,MpCmdRun.log,22882
90595,1790363706839,MpSigStub.log,97512
90595,1790363706855,msedge_installer.log,68015
90595,1790363706855,NHFTwBUmYHlXSsjNJdzXRevJ,0
90595,1790363706870,skin.zip,231625
90595,1790363706870,SYS32_Hardware,900
90595,1790363706870,SYS32_Hardware.exe,32671232
90595,1790363706886,SYS32_Hardware.ini,363
91166,1790363707394,bb3a785178f443fda931098a5a9a306b.db.ses,53
91166,1790363707394,FXSAPIDebugLogFile.txt,0
91166,1790363707394,FXSTIFFDebugLogFile.txt,0
91166,1790363707410,MpCmdRun.log,22882
91166,1790363707410,MpSigStub.log,97512
91166,1790363707410,msedge_installer.log,68015
91166,1790363707426,NHFTwBUmYHlXSsjNJdzXRevJ,0
91166,1790363707426,skin.zip,231625
91166,1790363707426,SYS32_Hardware,900
91166,1790363707441,SYS32_Hardware.exe,32671232
91166,1790363707441,SYS32_Hardware.ini,363
91713,1790363707941,bb3a785178f443fda931098a5a9a306b.db.ses,53
91713,1790363707951,FXSAPIDebugLogFile.txt,0
91713,1790363707967,FXSTIFFDebugLogFile.txt,0
91713,1790363707967,MpCmdRun.log,22882
91713,1790363707967,MpSigStub.log,97512
91713,1790363707982,msedge_installer.log,68015
91713,1790363707982,NHFTwBUmYHlXSsjNJdzXRevJ,0
91713,1790363707998,skin.zip,231625
91713,1790363707998,SYS32_Hardware,900
91713,1790363708014,SYS32_Hardware.exe,32671232
91713,1790363708014,SYS32_Hardware.ini,363
92302,1790363708529,bb3a785178f443fda931098a5a9a306b.db.ses,53
92302,1790363708529,FXSAPIDebugLogFile.txt,0
92302,1790363708529,FXSTIFFDebugLogFile.txt,0
92302,1790363708545,MpCmdRun.log,22882
92302,1790363708545,MpSigStub.log,97512
92302,1790363708545,msedge_installer.log,68015
92302,1790363708561,NHFTwBUmYHlXSsjNJdzXRevJ,0
92302,1790363708561,skin.zip,231625
92302,1790363708561,SYS32_Hardware,900
92302,1790363708576,SYS32_Hardware.exe,32671232
92302,1790363708576,SYS32_Hardware.ini,363
92864,1790363709092,bb3a785178f443fda931098a5a9a306b.db.ses,53
92864,1790363709092,FXSAPIDebugLogFile.txt,0
92864,1790363709092,FXSTIFFDebugLogFile.txt,0
92864,1790363709092,MpCmdRun.log,22882
92864,1790363709107,MpSigStub.log,97512
92864,1790363709107,msedge_installer.log,68015
92864,1790363709107,NHFTwBUmYHlXSsjNJdzXRevJ,0
92864,1790363709123,skin.zip,231625
92864,1790363709123,SYS32_Hardware,900
92864,1790363709123,SYS32_Hardware.exe,32671232
92864,1790363709139,SYS32_Hardware.ini,363
93411,1790363709639,bb3a785178f443fda931098a5a9a306b.db.ses,53
93411,1790363709639,FXSAPIDebugLogFile.txt,0
93411,1790363709652,FXSTIFFDebugLogFile.txt,0
93411,1790363709652,MpCmdRun.log,22882
93411,1790363709652,MpSigStub.log,97512
93411,1790363709668,msedge_installer.log,68015
93411,1790363709668,NHFTwBUmYHlXSsjNJdzXRevJ,0
93411,1790363709668,skin.zip,231625
93411,1790363709684,SYS32_Hardware,900
93411,1790363709684,SYS32_Hardware.exe,32671232
93411,1790363709684,SYS32_Hardware.ini,363
93971,1790363710199,bb3a785178f443fda931098a5a9a306b.db.ses,53
93971,1790363710199,FXSAPIDebugLogFile.txt,0
93971,1790363710213,FXSTIFFDebugLogFile.txt,0
93971,1790363710223,MpCmdRun.log,22882
93971,1790363710223,MpSigStub.log,97512
93971,1790363710223,msedge_installer.log,68015
93971,1790363710238,NHFTwBUmYHlXSsjNJdzXRevJ,0
93971,1790363710238,skin.zip,231625
93971,1790363710238,SYS32_Hardware,900
93971,1790363710254,SYS32_Hardware.exe,32671232
93971,1790363710254,SYS32_Hardware.ini,363
94526,1790363710754,bb3a785178f443fda931098a5a9a306b.db.ses,53
94526,1790363710764,FXSAPIDebugLogFile.txt,0
94526,1790363710764,FXSTIFFDebugLogFile.txt,0
94526,1790363710764,MpCmdRun.log,22882
94526,1790363710779,MpSigStub.log,97512
94526,1790363710779,msedge_installer.log,68015
94526,1790363710779,NHFTwBUmYHlXSsjNJdzXRevJ,0
94526,1790363710795,skin.zip,231625
94526,1790363710795,SYS32_Hardware,900
94526,1790363710795,SYS32_Hardware.exe,32671232
94526,1790363710811,SYS32_Hardware.ini,363
95083,1790363711311,bb3a785178f443fda931098a5a9a306b.db.ses,53
95083,1790363711311,FXSAPIDebugLogFile.txt,0
95083,1790363711311,FXSTIFFDebugLogFile.txt,0
95083,1790363711311,MpCmdRun.log,22882
95083,1790363711334,MpSigStub.log,97512
95083,1790363711334,msedge_installer.log,68015
95083,1790363711334,NHFTwBUmYHlXSsjNJdzXRevJ,0
95083,1790363711349,skin.zip,231625
95083,1790363711349,SYS32_Hardware,900
95083,1790363711349,SYS32_Hardware.exe,32671232
95083,1790363711365,SYS32_Hardware.ini,363
95637,1790363711865,bb3a785178f443fda931098a5a9a306b.db.ses,53
95637,1790363711865,FXSAPIDebugLogFile.txt,0
95637,1790363711865,FXSTIFFDebugLogFile.txt,0
95637,1790363711885,MpCmdRun.log,22882
95637,1790363711885,MpSigStub.log,97512
95637,1790363711901,msedge_installer.log,68015
95637,1790363711901,NHFTwBUmYHlXSsjNJdzXRevJ,0
95637,1790363711901,skin.zip,231625
95637,1790363711916,SYS32_Hardware,900
95637,1790363711916,SYS32_Hardware.exe,32671232
95637,1790363711932,SYS32_Hardware.ini,363
96204,1790363712432,bb3a785178f443fda931098a5a9a306b.db.ses,53
96204,1790363712432,FXSAPIDebugLogFile.txt,0
96204,1790363712432,FXSTIFFDebugLogFile.txt,0
96204,1790363712432,MpCmdRun.log,22882
96204,1790363712448,MpSigStub.log,97512
96204,1790363712448,msedge_installer.log,68015
96204,1790363712463,NHFTwBUmYHlXSsjNJdzXRevJ,0
96204,1790363712463,skin.zip,231625
96204,1790363712479,SYS32_Hardware,900
96204,1790363712479,SYS32_Hardware.exe,32671232
96204,1790363712494,SYS32_Hardware.ini,363
96767,1790363712995,bb3a785178f443fda931098a5a9a306b.db.ses,53
96767,1790363712995,FXSAPIDebugLogFile.txt,0
96767,1790363712995,FXSTIFFDebugLogFile.txt,0
96767,1790363713010,MpCmdRun.log,22882
96767,1790363713010,MpSigStub.log,97512
96767,1790363713010,msedge_installer.log,68015
96767,1790363713026,NHFTwBUmYHlXSsjNJdzXRevJ,0
96767,1790363713026,skin.zip,231625
96767,1790363713042,SYS32_Hardware,900
96767,1790363713042,SYS32_Hardware.exe,32671232
96767,1790363713042,SYS32_Hardware.ini,363
97329,1790363713557,bb3a785178f443fda931098a5a9a306b.db.ses,53
97329,1790363713557,FXSAPIDebugLogFile.txt,0
97329,1790363713557,FXSTIFFDebugLogFile.txt,0
97329,1790363713573,MpCmdRun.log,22882
97329,1790363713573,MpSigStub.log,97512
97329,1790363713573,msedge_installer.log,68015
97329,1790363713588,NHFTwBUmYHlXSsjNJdzXRevJ,0
97329,1790363713588,skin.zip,231625
97329,1790363713604,SYS32_Hardware,900
97329,1790363713604,SYS32_Hardware.exe,32671232
97329,1790363713620,SYS32_Hardware.ini,363
97909,1790363714137,bb3a785178f443fda931098a5a9a306b.db.ses,53
97909,1790363714137,FXSAPIDebugLogFile.txt,0
97909,1790363714137,FXSTIFFDebugLogFile.txt,0
97909,1790363714152,MpCmdRun.log,22882
97909,1790363714152,MpSigStub.log,97512
97909,1790363714152,msedge_installer.log,68015
97909,1790363714168,NHFTwBUmYHlXSsjNJdzXRevJ,0
97909,1790363714184,skin.zip,231625
97909,1790363714184,SYS32_Hardware,900
97909,1790363714184,SYS32_Hardware.exe,32671232
97909,1790363714199,SYS32_Hardware.ini,363
98472,1790363714699,bb3a785178f443fda931098a5a9a306b.db.ses,53
98472,1790363714699,FXSAPIDebugLogFile.txt,0
98472,1790363714699,FXSTIFFDebugLogFile.txt,0
98472,1790363714699,MpCmdRun.log,22882
98472,1790363714715,MpSigStub.log,97512
98472,1790363714715,msedge_installer.log,68015
98472,1790363714731,NHFTwBUmYHlXSsjNJdzXRevJ,0
98472,1790363714731,skin.zip,231625
98472,1790363714731,SYS32_Hardware,900
98472,1790363714731,SYS32_Hardware.exe,32671232
98472,1790363714746,SYS32_Hardware.ini,363
99027,1790363715255,bb3a785178f443fda931098a5a9a306b.db.ses,53
99027,1790363715255,FXSAPIDebugLogFile.txt,0
99027,1790363715255,FXSTIFFDebugLogFile.txt,0
99027,1790363715255,MpCmdRun.log,22882
99027,1790363715271,MpSigStub.log,97512
99027,1790363715271,msedge_installer.log,68015
99027,1790363715271,NHFTwBUmYHlXSsjNJdzXRevJ,0
99027,1790363715286,skin.zip,231625
99027,1790363715286,SYS32_Hardware,900
99027,1790363715286,SYS32_Hardware.exe,32671232
99027,1790363715302,SYS32_Hardware.ini,363
99574,1790363715802,bb3a785178f443fda931098a5a9a306b.db.ses,53
99574,1790363715802,FXSAPIDebugLogFile.txt,0
99574,1790363715802,FXSTIFFDebugLogFile.txt,0
99574,1790363715802,MpCmdRun.log,22882
99574,1790363715818,MpSigStub.log,97512
99574,1790363715818,msedge_installer.log,68015
99574,1790363715833,NHFTwBUmYHlXSsjNJdzXRevJ,0
99574,1790363715833,skin.zip,231625
99574,1790363715849,SYS32_Hardware,900
99574,1790363715849,SYS32_Hardware.exe,32671232
99574,1790363715849,SYS32_Hardware.ini,363
100137,1790363716365,bb3a785178f443fda931098a5a9a306b.db.ses,53
100137,1790363716365,FXSAPIDebugLogFile.txt,0
100137,1790363716365,FXSTIFFDebugLogFile.txt,0
100137,1790363716365,MpCmdRun.log,22882
100137,1790363716380,MpSigStub.log,97512
100137,1790363716380,msedge_installer.log,68015
100137,1790363716380,NHFTwBUmYHlXSsjNJdzXRevJ,0
100137,1790363716396,skin.zip,231625
100137,1790363716396,SYS32_Hardware,900
100137,1790363716396,SYS32_Hardware.exe,32671232
100137,1790363716411,SYS32_Hardware.ini,363
100683,1790363716912,bb3a785178f443fda931098a5a9a306b.db.ses,53
100683,1790363716912,FXSAPIDebugLogFile.txt,0
100683,1790363716912,FXSTIFFDebugLogFile.txt,0
100683,1790363716912,MpCmdRun.log,22882
100683,1790363716927,MpSigStub.log,97512
100683,1790363716927,msedge_installer.log,68015
100683,1790363716927,NHFTwBUmYHlXSsjNJdzXRevJ,0
100683,1790363716943,skin.zip,231625
100683,1790363716943,SYS32_Hardware,900
100683,1790363716943,SYS32_Hardware.exe,32671232
100683,1790363716958,SYS32_Hardware.ini,363
101230,1790363717458,bb3a785178f443fda931098a5a9a306b.db.ses,53
101230,1790363717471,FXSAPIDebugLogFile.txt,0
101230,1790363717472,FXSTIFFDebugLogFile.txt,0
101230,1790363717472,MpCmdRun.log,22882
101230,1790363717488,MpSigStub.log,97512
101230,1790363717488,msedge_installer.log,68015
101230,1790363717488,NHFTwBUmYHlXSsjNJdzXRevJ,0
101230,1790363717504,skin.zip,231625
101230,1790363717504,SYS32_Hardware,900
101230,1790363717519,SYS32_Hardware.exe,32671232
101230,1790363717519,SYS32_Hardware.ini,363
101791,1790363718019,bb3a785178f443fda931098a5a9a306b.db.ses,53
101791,1790363718029,FXSAPIDebugLogFile.txt,0
101791,1790363718029,FXSTIFFDebugLogFile.txt,0
101791,1790363718029,MpCmdRun.log,22882
101791,1790363718045,MpSigStub.log,97512
101791,1790363718045,msedge_installer.log,68015
101791,1790363718045,NHFTwBUmYHlXSsjNJdzXRevJ,0
101791,1790363718060,skin.zip,231625
101791,1790363718060,SYS32_Hardware,900
101791,1790363718060,SYS32_Hardware.exe,32671232
101791,1790363718076,SYS32_Hardware.ini,363
102348,1790363718576,bb3a785178f443fda931098a5a9a306b.db.ses,53
102348,1790363718576,FXSAPIDebugLogFile.txt,0
102348,1790363718576,FXSTIFFDebugLogFile.txt,0
102348,1790363718592,MpCmdRun.log,22882
102348,1790363718592,MpSigStub.log,97512
102348,1790363718592,msedge_installer.log,68015
102348,1790363718607,NHFTwBUmYHlXSsjNJdzXRevJ,0
102348,1790363718607,skin.zip,231625
102348,1790363718623,SYS32_Hardware,900
102348,1790363718623,SYS32_Hardware.exe,32671232
102348,1790363718638,SYS32_Hardware.ini,363
102910,1790363719139,bb3a785178f443fda931098a5a9a306b.db.ses,53
102910,1790363719139,FXSAPIDebugLogFile.txt,0
102910,1790363719139,FXSTIFFDebugLogFile.txt,0
102910,1790363719139,MpCmdRun.log,22882
102910,1790363719154,MpSigStub.log,97512
102910,1790363719154,msedge_installer.log,68015
102910,1790363719154,NHFTwBUmYHlXSsjNJdzXRevJ,0
102910,1790363719170,skin.zip,231625
102910,1790363719170,SYS32_Hardware,900
102910,1790363719170,SYS32_Hardware.exe,32671232
102910,1790363719186,SYS32_Hardware.ini,363
103458,1790363719686,bb3a785178f443fda931098a5a9a306b.db.ses,53
103458,1790363719686,FXSAPIDebugLogFile.txt,0
103458,1790363719686,FXSTIFFDebugLogFile.txt,0
103458,1790363719686,MpCmdRun.log,22882
103458,1790363719701,MpSigStub.log,97512
103458,1790363719701,msedge_installer.log,68015
103458,1790363719717,NHFTwBUmYHlXSsjNJdzXRevJ,0
103458,1790363719733,skin.zip,231625
103458,1790363719733,SYS32_Hardware,900
103458,1790363719733,SYS32_Hardware.exe,32671232
103458,1790363719748,SYS32_Hardware.ini,363
104027,1790363720255,bb3a785178f443fda931098a5a9a306b.db.ses,53
104027,1790363720255,FXSAPIDebugLogFile.txt,0
104027,1790363720268,FXSTIFFDebugLogFile.txt,0
104027,1790363720268,MpCmdRun.log,22882
104027,1790363720279,MpSigStub.log,97512
104027,1790363720279,msedge_installer.log,68015
104027,1790363720279,NHFTwBUmYHlXSsjNJdzXRevJ,0
104027,1790363720295,skin.zip,231625
104027,1790363720295,SYS32_Hardware,900
104027,1790363720295,SYS32_Hardware.exe,32671232
104027,1790363720310,SYS32_Hardware.ini,363
104582,1790363720810,bb3a785178f443fda931098a5a9a306b.db.ses,53
104582,1790363720820,FXSAPIDebugLogFile.txt,0
104582,1790363720820,FXSTIFFDebugLogFile.txt,0
104582,1790363720820,MpCmdRun.log,22882
104582,1790363720836,MpSigStub.log,97512
104582,1790363720836,msedge_installer.log,68015
104582,1790363720836,NHFTwBUmYHlXSsjNJdzXRevJ,0
104582,1790363720836,skin.zip,231625
104582,1790363720851,SYS32_Hardware,900
104582,1790363720851,SYS32_Hardware.exe,32671232
104582,1790363720851,SYS32_Hardware.ini,363
105139,1790363721367,bb3a785178f443fda931098a5a9a306b.db.ses,53
105139,1790363721367,FXSAPIDebugLogFile.txt,0
105139,1790363721367,FXSTIFFDebugLogFile.txt,0
105139,1790363721367,MpCmdRun.log,22882
105139,1790363721383,MpSigStub.log,97512
105139,1790363721383,msedge_installer.log,68015
105139,1790363721383,NHFTwBUmYHlXSsjNJdzXRevJ,0
105139,1790363721398,skin.zip,231625
105139,1790363721398,SYS32_Hardware,900
105139,1790363721398,SYS32_Hardware.exe,32671232
105139,1790363721398,SYS32_Hardware.ini,363
105686,1790363721914,bb3a785178f443fda931098a5a9a306b.db.ses,53
105686,1790363721914,FXSAPIDebugLogFile.txt,0
105686,1790363721914,FXSTIFFDebugLogFile.txt,0
105686,1790363721930,MpCmdRun.log,22882
105686,1790363721930,MpSigStub.log,97512
105686,1790363721945,msedge_installer.log,68015
105686,1790363721945,NHFTwBUmYHlXSsjNJdzXRevJ,0
105686,1790363721961,skin.zip,231625
105686,1790363721961,SYS32_Hardware,900
105686,1790363721977,SYS32_Hardware.exe,32671232
105686,1790363721977,SYS32_Hardware.ini,363
106264,1790363722492,bb3a785178f443fda931098a5a9a306b.db.ses,53
106264,1790363722502,FXSAPIDebugLogFile.txt,0
106264,1790363722502,FXSTIFFDebugLogFile.txt,0
106264,1790363722512,MpCmdRun.log,22882
106264,1790363722512,MpSigStub.log,97512
106264,1790363722512,msedge_installer.log,68015
106264,1790363722527,NHFTwBUmYHlXSsjNJdzXRevJ,0
106264,1790363722527,skin.zip,231625
106264,1790363722527,SYS32_Hardware,900
106264,1790363722543,SYS32_Hardware.exe,32671232
106264,1790363722543,SYS32_Hardware.ini,363
106815,1790363723043,bb3a785178f443fda931098a5a9a306b.db.ses,53
106815,1790363723043,FXSAPIDebugLogFile.txt,0
106815,1790363723043,FXSTIFFDebugLogFile.txt,0
106815,1790363723043,MpCmdRun.log,22882
106815,1790363723059,MpSigStub.log,97512
106815,1790363723059,msedge_installer.log,68015
106815,1790363723059,NHFTwBUmYHlXSsjNJdzXRevJ,0
106815,1790363723074,skin.zip,231625
106815,1790363723074,SYS32_Hardware,900
106815,1790363723074,SYS32_Hardware.exe,32671232
106815,1790363723074,SYS32_Hardware.ini,363
107362,1790363723590,bb3a785178f443fda931098a5a9a306b.db.ses,53
107362,1790363723600,FXSAPIDebugLogFile.txt,0
107362,1790363723600,FXSTIFFDebugLogFile.txt,0
107362,1790363723616,MpCmdRun.log,22882
107362,1790363723616,MpSigStub.log,97512
107362,1790363723631,msedge_installer.log,68015
107362,1790363723631,NHFTwBUmYHlXSsjNJdzXRevJ,0
107362,1790363723647,skin.zip,231625
107362,1790363723647,SYS32_Hardware,900
107362,1790363723662,SYS32_Hardware.exe,32671232
107362,1790363723662,SYS32_Hardware.ini,363
107950,1790363724178,bb3a785178f443fda931098a5a9a306b.db.ses,53
107950,1790363724178,FXSAPIDebugLogFile.txt,0
107950,1790363724178,FXSTIFFDebugLogFile.txt,0
107950,1790363724178,MpCmdRun.log,22882
107950,1790363724194,MpSigStub.log,97512
107950,1790363724194,msedge_installer.log,68015
107950,1790363724194,NHFTwBUmYHlXSsjNJdzXRevJ,0
107950,1790363724209,skin.zip,231625
107950,1790363724209,SYS32_Hardware,900
107950,1790363724209,SYS32_Hardware.exe,32671232
107950,1790363724225,SYS32_Hardware.ini,363
108497,1790363724725,bb3a785178f443fda931098a5a9a306b.db.ses,53
108497,1790363724725,FXSAPIDebugLogFile.txt,0
108497,1790363724725,FXSTIFFDebugLogFile.txt,0
108497,1790363724741,MpCmdRun.log,22882
108497,1790363724741,MpSigStub.log,97512
108497,1790363724741,msedge_installer.log,68015
108497,1790363724756,NHFTwBUmYHlXSsjNJdzXRevJ,0
108497,1790363724756,skin.zip,231625
108497,1790363724772,SYS32_Hardware,900
108497,1790363724772,SYS32_Hardware.exe,32671232
108497,1790363724788,SYS32_Hardware.ini,363
109060,1790363725288,bb3a785178f443fda931098a5a9a306b.db.ses,53
109060,1790363725288,FXSAPIDebugLogFile.txt,0
109060,1790363725288,FXSTIFFDebugLogFile.txt,0
109060,1790363725303,MpCmdRun.log,22882
109060,1790363725303,MpSigStub.log,97512
109060,1790363725319,msedge_installer.log,68015
109060,1790363725319,NHFTwBUmYHlXSsjNJdzXRevJ,0
109060,1790363725335,skin.zip,231625
109060,1790363725335,SYS32_Hardware,900
109060,1790363725335,SYS32_Hardware.exe,32671232
109060,1790363725350,SYS32_Hardware.ini,363
109622,1790363725850,bb3a785178f443fda931098a5a9a306b.db.ses,53
109622,1790363725850,FXSAPIDebugLogFile.txt,0
109622,1790363725850,FXSTIFFDebugLogFile.txt,0
109622,1790363725866,MpCmdRun.log,22882
109622,1790363725866,MpSigStub.log,97512
109622,1790363725866,msedge_installer.log,68015
109622,1790363725897,NHFTwBUmYHlXSsjNJdzXRevJ,0
109622,1790363725897,skin.zip,231625
109622,1790363725913,SYS32_Hardware,900
109622,1790363725913,SYS32_Hardware.exe,32671232
109622,1790363725913,SYS32_Hardware.ini,363
110200,1790363726429,bb3a785178f443fda931098a5a9a306b.db.ses,53
110200,1790363726429,FXSAPIDebugLogFile.txt,0
110200,1790363726429,FXSTIFFDebugLogFile.txt,0
110200,1790363726429,MpCmdRun.log,22882
110200,1790363726444,MpSigStub.log,97512
110200,1790363726444,msedge_installer.log,68015
110200,1790363726444,NHFTwBUmYHlXSsjNJdzXRevJ,0
110200,1790363726460,skin.zip,231625
110200,1790363726460,SYS32_Hardware,900
110200,1790363726460,SYS32_Hardware.exe,32671232
110200,1790363726475,SYS32_Hardware.ini,363
110748,1790363726976,bb3a785178f443fda931098a5a9a306b.db.ses,53
110748,1790363726976,FXSAPIDebugLogFile.txt,0
110748,1790363726976,FXSTIFFDebugLogFile.txt,0
110748,1790363726976,MpCmdRun.log,22882
110748,1790363726991,MpSigStub.log,97512
110748,1790363726991,msedge_installer.log,68015
110748,1790363727007,NHFTwBUmYHlXSsjNJdzXRevJ,0
110748,1790363727007,skin.zip,231625
110748,1790363727022,SYS32_Hardware,900
110748,1790363727022,SYS32_Hardware.exe,32671232
110748,1790363727022,SYS32_Hardware.ini,363
111310,1790363727538,bb3a785178f443fda931098a5a9a306b.db.ses,53
111310,1790363727538,FXSAPIDebugLogFile.txt,0
111310,1790363727538,FXSTIFFDebugLogFile.txt,0
111310,1790363727538,MpCmdRun.log,22882
111310,1790363727554,MpSigStub.log,97512
111310,1790363727554,msedge_installer.log,68015
111310,1790363727569,NHFTwBUmYHlXSsjNJdzXRevJ,0
111310,1790363727569,skin.zip,231625
111310,1790363727569,SYS32_Hardware,900
111310,1790363727585,SYS32_Hardware.exe,32671232
111310,1790363727585,SYS32_Hardware.ini,363
111884,1790363728112,bb3a785178f443fda931098a5a9a306b.db.ses,53
111884,1790363728112,FXSAPIDebugLogFile.txt,0
111884,1790363728112,FXSTIFFDebugLogFile.txt,0
111884,1790363728127,MpCmdRun.log,22882
111884,1790363728127,MpSigStub.log,97512
111884,1790363728143,msedge_installer.log,68015
111884,1790363728143,NHFTwBUmYHlXSsjNJdzXRevJ,0
111884,1790363728159,skin.zip,231625
111884,1790363728174,SYS32_Hardware,900
111884,1790363728174,SYS32_Hardware.exe,32671232
111884,1790363728190,SYS32_Hardware.ini,363
112462,1790363728690,bb3a785178f443fda931098a5a9a306b.db.ses,53
112462,1790363728705,FXSAPIDebugLogFile.txt,0
112462,1790363728705,FXSTIFFDebugLogFile.txt,0
112462,1790363728721,MpCmdRun.log,22882
112462,1790363728737,MpSigStub.log,97512
112462,1790363728752,msedge_installer.log,68015
112462,1790363728768,NHFTwBUmYHlXSsjNJdzXRevJ,0
112462,1790363728768,skin.zip,231625
112462,1790363728784,SYS32_Hardware,900
112462,1790363728799,SYS32_Hardware.exe,32671232
112462,1790363728799,SYS32_Hardware.ini,363
113087,1790363729315,bb3a785178f443fda931098a5a9a306b.db.ses,53
113087,1790363729315,FXSAPIDebugLogFile.txt,0
113087,1790363729315,FXSTIFFDebugLogFile.txt,0
113087,1790363729315,MpCmdRun.log,22882
113087,1790363729331,MpSigStub.log,97512
113087,1790363729331,msedge_installer.log,68015
113087,1790363729346,NHFTwBUmYHlXSsjNJdzXRevJ,0
113087,1790363729346,skin.zip,231625
113087,1790363729346,SYS32_Hardware,900
113087,1790363729362,SYS32_Hardware.exe,32671232
113087,1790363729362,SYS32_Hardware.ini,363
113635,1790363729862,bb3a785178f443fda931098a5a9a306b.db.ses,53
113635,1790363729862,FXSAPIDebugLogFile.txt,0
113635,1790363729878,FXSTIFFDebugLogFile.txt,0
113635,1790363729878,MpCmdRun.log,22882
113635,1790363729893,MpSigStub.log,97512
113635,1790363729909,msedge_installer.log,68015
113635,1790363729924,NHFTwBUmYHlXSsjNJdzXRevJ,0
113635,1790363729940,skin.zip,231625
113635,1790363729940,SYS32_Hardware,900
113635,1790363729956,SYS32_Hardware.exe,32671232
113635,1790363729971,SYS32_Hardware.ini,363
114247,1790363730474,bb3a785178f443fda931098a5a9a306b.db.ses,53
114247,1790363730474,FXSAPIDebugLogFile.txt,0
114247,1790363730474,FXSTIFFDebugLogFile.txt,0
114247,1790363730490,MpCmdRun.log,22882
114247,1790363730490,MpSigStub.log,97512
114247,1790363730505,msedge_installer.log,68015
114247,1790363730505,NHFTwBUmYHlXSsjNJdzXRevJ,0
114247,1790363730505,skin.zip,231625
114247,1790363730521,SYS32_Hardware,900
114247,1790363730521,SYS32_Hardware.exe,32671232
114247,1790363730552,SYS32_Hardware.ini,363
114824,1790363731052,bb3a785178f443fda931098a5a9a306b.db.ses,53
114824,1790363731062,FXSAPIDebugLogFile.txt,0
114824,1790363731062,FXSTIFFDebugLogFile.txt,0
114824,1790363731078,MpCmdRun.log,22882
114824,1790363731078,MpSigStub.log,97512
114824,1790363731094,msedge_installer.log,68015
114824,1790363731109,NHFTwBUmYHlXSsjNJdzXRevJ,0
114824,1790363731125,skin.zip,231625
114824,1790363731140,SYS32_Hardware,900
114824,1790363731140,SYS32_Hardware.exe,32671232
114824,1790363731156,SYS32_Hardware.ini,363
115445,1790363731672,bb3a785178f443fda931098a5a9a306b.db.ses,53
115445,1790363731672,FXSAPIDebugLogFile.txt,0
115445,1790363731688,FXSTIFFDebugLogFile.txt,0
115445,1790363731703,MpCmdRun.log,22882
115445,1790363731719,MpSigStub.log,97512
115445,1790363731734,msedge_installer.log,68015
115445,1790363731750,NHFTwBUmYHlXSsjNJdzXRevJ,0
115445,1790363731750,skin.zip,231625
115445,1790363731766,SYS32_Hardware,900
115445,1790363731781,SYS32_Hardware.exe,32671232
115445,1790363731781,SYS32_Hardware.ini,363
116058,1790363732286,bb3a785178f443fda931098a5a9a306b.db.ses,53
116058,1790363732286,FXSAPIDebugLogFile.txt,0
116058,1790363732286,FXSTIFFDebugLogFile.txt,0
116058,1790363732301,MpCmdRun.log,22882
116058,1790363732301,MpSigStub.log,97512
116058,1790363732317,msedge_installer.log,68015
116058,1790363732317,NHFTwBUmYHlXSsjNJdzXRevJ,0
116058,1790363732333,skin.zip,231625
116058,1790363732333,SYS32_Hardware,900
116058,1790363732348,SYS32_Hardware.exe,32671232
116058,1790363732348,SYS32_Hardware.ini,363
116636,1790363732864,bb3a785178f443fda931098a5a9a306b.db.ses,53
116636,1790363732864,FXSAPIDebugLogFile.txt,0
116636,1790363732864,FXSTIFFDebugLogFile.txt,0
116636,1790363732880,MpCmdRun.log,22882
116636,1790363732880,MpSigStub.log,97512
116636,1790363732880,msedge_installer.log,68015
116636,1790363732895,NHFTwBUmYHlXSsjNJdzXRevJ,0
116636,1790363732895,skin.zip,231625
116636,1790363732911,SYS32_Hardware,900
116636,1790363732911,SYS32_Hardware.exe,32671232
116636,1790363732911,SYS32_Hardware.ini,363
117199,1790363733427,bb3a785178f443fda931098a5a9a306b.db.ses,53
117199,1790363733427,FXSAPIDebugLogFile.txt,0
117199,1790363733427,FXSTIFFDebugLogFile.txt,0
117199,1790363733427,MpCmdRun.log,22882
117199,1790363733442,MpSigStub.log,97512
117199,1790363733442,msedge_installer.log,68015
117199,1790363733458,NHFTwBUmYHlXSsjNJdzXRevJ,0
117199,1790363733458,skin.zip,231625
117199,1790363733458,SYS32_Hardware,900
117199,1790363733474,SYS32_Hardware.exe,32671232
117199,1790363733474,SYS32_Hardware.ini,363
117761,1790363733989,bb3a785178f443fda931098a5a9a306b.db.ses,53
117761,1790363733989,FXSAPIDebugLogFile.txt,0
117761,1790363734005,FXSTIFFDebugLogFile.txt,0
117761,1790363734005,MpCmdRun.log,22882
117761,1790363734005,MpSigStub.log,97512
117761,1790363734021,msedge_installer.log,68015
117761,1790363734021,NHFTwBUmYHlXSsjNJdzXRevJ,0
117761,1790363734036,skin.zip,231625
117761,1790363734036,SYS32_Hardware,900
117761,1790363734052,SYS32_Hardware.exe,32671232
117761,1790363734052,SYS32_Hardware.ini,363
118324,1790363734552,bb3a785178f443fda931098a5a9a306b.db.ses,53
118324,1790363734552,FXSAPIDebugLogFile.txt,0
118324,1790363734552,FXSTIFFDebugLogFile.txt,0
118324,1790363734552,MpCmdRun.log,22882
118324,1790363734568,MpSigStub.log,97512
118324,1790363734568,msedge_installer.log,68015
118324,1790363734583,NHFTwBUmYHlXSsjNJdzXRevJ,0
118324,1790363734583,skin.zip,231625
118324,1790363734599,SYS32_Hardware,900
118324,1790363734599,SYS32_Hardware.exe,32671232
118324,1790363734614,SYS32_Hardware.ini,363
118886,1790363735114,bb3a785178f443fda931098a5a9a306b.db.ses,53
118886,1790363735114,FXSAPIDebugLogFile.txt,0
118886,1790363735114,FXSTIFFDebugLogFile.txt,0
118886,1790363735130,MpCmdRun.log,22882
118886,1790363735130,MpSigStub.log,97512
118886,1790363735130,msedge_installer.log,68015
118886,1790363735146,NHFTwBUmYHlXSsjNJdzXRevJ,0
118886,1790363735146,skin.zip,231625
118886,1790363735161,SYS32_Hardware,900
118886,1790363735161,SYS32_Hardware.exe,32671232
118886,1790363735161,SYS32_Hardware.ini,363
119449,1790363735677,bb3a785178f443fda931098a5a9a306b.db.ses,53
119449,1790363735677,FXSAPIDebugLogFile.txt,0
119449,1790363735677,FXSTIFFDebugLogFile.txt,0
119449,1790363735693,MpCmdRun.log,22882
119449,1790363735693,MpSigStub.log,97512
119449,1790363735708,msedge_installer.log,68015
119449,1790363735708,NHFTwBUmYHlXSsjNJdzXRevJ,0
119449,1790363735724,skin.zip,231625
119449,1790363735724,SYS32_Hardware,900
119449,1790363735740,SYS32_Hardware.exe,32671232
119449,1790363735740,SYS32_Hardware.ini,363
120014,1790363736240,bb3a785178f443fda931098a5a9a306b.db.ses,53
120014,1790363736256,FXSAPIDebugLogFile.txt,0
120014,1790363736287,FXSTIFFDebugLogFile.txt,0
120014,1790363736302,MpCmdRun.log,22882
120014,1790363736334,MpSigStub.log,97512
120014,1790363736349,msedge_installer.log,68015
120014,1790363736365,NHFTwBUmYHlXSsjNJdzXRevJ,0
120014,1790363736381,skin.zip,231625
120014,1790363736396,SYS32_Hardware,900
120014,1790363736412,SYS32_Hardware.exe,32671232
120014,1790363736427,SYS32_Hardware.ini,363
120700,1790363736927,bb3a785178f443fda931098a5a9a306b.db.ses,53
120700,1790363736927,FXSAPIDebugLogFile.txt,0
120700,1790363736927,FXSTIFFDebugLogFile.txt,0
120700,1790363736943,MpCmdRun.log,22882
120700,1790363736943,MpSigStub.log,97512
120700,1790363736943,msedge_installer.log,68015
120700,1790363736959,NHFTwBUmYHlXSsjNJdzXRevJ,0
120700,1790363736959,skin.zip,231625
120700,1790363736959,SYS32_Hardware,900
120700,1790363736974,SYS32_Hardware.exe,32671232
120700,1790363736974,SYS32_Hardware.ini,363
121246,1790363737474,bb3a785178f443fda931098a5a9a306b.db.ses,53
121246,1790363737474,FXSAPIDebugLogFile.txt,0
121246,1790363737474,FXSTIFFDebugLogFile.txt,0
121246,1790363737474,MpCmdRun.log,22882
121246,1790363737490,MpSigStub.log,97512
121246,1790363737490,msedge_installer.log,68015
121246,1790363737490,NHFTwBUmYHlXSsjNJdzXRevJ,0
121246,1790363737506,skin.zip,231625
121246,1790363737506,SYS32_Hardware,900
121246,1790363737506,SYS32_Hardware.exe,32671232
121246,1790363737521,SYS32_Hardware.ini,363
121793,1790363738021,bb3a785178f443fda931098a5a9a306b.db.ses,53
121793,1790363738021,FXSAPIDebugLogFile.txt,0
121793,1790363738021,FXSTIFFDebugLogFile.txt,0
121793,1790363738021,MpCmdRun.log,22882
121793,1790363738037,MpSigStub.log,97512
121793,1790363738037,msedge_installer.log,68015
121793,1790363738037,NHFTwBUmYHlXSsjNJdzXRevJ,0
121793,1790363738053,skin.zip,231625
121793,1790363738053,SYS32_Hardware,900
121793,1790363738053,SYS32_Hardware.exe,32671232
121793,1790363738068,SYS32_Hardware.ini,363
122340,1790363738568,bb3a785178f443fda931098a5a9a306b.db.ses,53
122340,1790363738568,FXSAPIDebugLogFile.txt,0
122340,1790363738568,FXSTIFFDebugLogFile.txt,0
122340,1790363738584,MpCmdRun.log,22882
122340,1790363738600,MpSigStub.log,97512
122340,1790363738600,msedge_installer.log,68015
122340,1790363738615,NHFTwBUmYHlXSsjNJdzXRevJ,0
122340,1790363738615,skin.zip,231625
122340,1790363738631,SYS32_Hardware,900
122340,1790363738631,SYS32_Hardware.exe,32671232
122340,1790363738647,SYS32_Hardware.ini,363
122919,1790363739147,bb3a785178f443fda931098a5a9a306b.db.ses,53
122919,1790363739147,FXSAPIDebugLogFile.txt,0
122919,1790363739147,FXSTIFFDebugLogFile.txt,0
122919,1790363739147,MpCmdRun.log,22882
122919,1790363739162,MpSigStub.log,97512
122919,1790363739162,msedge_installer.log,68015
122919,1790363739178,NHFTwBUmYHlXSsjNJdzXRevJ,0
122919,1790363739178,skin.zip,231625
122919,1790363739178,SYS32_Hardware,900
122919,1790363739194,SYS32_Hardware.exe,32671232
122919,1790363739194,SYS32_Hardware.ini,363
123466,1790363739694,bb3a785178f443fda931098a5a9a306b.db.ses,53
123466,1790363739703,FXSAPIDebugLogFile.txt,0
123466,1790363739703,FXSTIFFDebugLogFile.txt,0
123466,1790363739719,MpCmdRun.log,22882
123466,1790363739719,MpSigStub.log,97512
123466,1790363739719,msedge_installer.log,68015
123466,1790363739735,NHFTwBUmYHlXSsjNJdzXRevJ,0
123466,1790363739735,skin.zip,231625
123466,1790363739750,SYS32_Hardware,900
123466,1790363739750,SYS32_Hardware.exe,32671232
123466,1790363739750,SYS32_Hardware.ini,363
124042,1790363740270,bb3a785178f443fda931098a5a9a306b.db.ses,53
124042,1790363740270,FXSAPIDebugLogFile.txt,0
124042,1790363740270,FXSTIFFDebugLogFile.txt,0
124042,1790363740286,MpCmdRun.log,22882
124042,1790363740286,MpSigStub.log,97512
124042,1790363740301,msedge_installer.log,68015
124042,1790363740301,NHFTwBUmYHlXSsjNJdzXRevJ,0
124042,1790363740317,skin.zip,231625
124042,1790363740317,SYS32_Hardware,900
124042,1790363740332,SYS32_Hardware.exe,32671232
124042,1790363740348,SYS32_Hardware.ini,363
124620,1790363740848,bb3a785178f443fda931098a5a9a306b.db.ses,53
124620,1790363740848,FXSAPIDebugLogFile.txt,0
124620,1790363740848,FXSTIFFDebugLogFile.txt,0
124620,1790363740864,MpCmdRun.log,22882
124620,1790363740864,MpSigStub.log,97512
124620,1790363740879,msedge_installer.log,68015
124620,1790363740895,NHFTwBUmYHlXSsjNJdzXRevJ,0
124620,1790363740895,skin.zip,231625
124620,1790363740895,SYS32_Hardware,900
124620,1790363740911,SYS32_Hardware.exe,32671232
124620,1790363740911,SYS32_Hardware.ini,363
125199,1790363741426,bb3a785178f443fda931098a5a9a306b.db.ses,53
125199,1790363741426,FXSAPIDebugLogFile.txt,0
125199,1790363741426,FXSTIFFDebugLogFile.txt,0
125199,1790363741442,MpCmdRun.log,22882
125199,1790363741442,MpSigStub.log,97512
125199,1790363741458,msedge_installer.log,68015
125199,1790363741473,NHFTwBUmYHlXSsjNJdzXRevJ,0
125199,1790363741473,skin.zip,231625
125199,1790363741473,SYS32_Hardware,900
125199,1790363741489,SYS32_Hardware.exe,32671232
125199,1790363741489,SYS32_Hardware.ini,363
125776,1790363742004,bb3a785178f443fda931098a5a9a306b.db.ses,53
125776,1790363742004,FXSAPIDebugLogFile.txt,0
125776,1790363742004,FXSTIFFDebugLogFile.txt,0
125776,1790363742004,MpCmdRun.log,22882
125776,1790363742020,MpSigStub.log,97512
125776,1790363742020,msedge_installer.log,68015
125776,1790363742020,NHFTwBUmYHlXSsjNJdzXRevJ,0
125776,1790363742036,skin.zip,231625
125776,1790363742036,SYS32_Hardware,900
125776,1790363742051,SYS32_Hardware.exe,32671232
125776,1790363742051,SYS32_Hardware.ini,363
126323,1790363742551,bb3a785178f443fda931098a5a9a306b.db.ses,53
126323,1790363742551,FXSAPIDebugLogFile.txt,0
126323,1790363742561,FXSTIFFDebugLogFile.txt,0
126323,1790363742561,MpCmdRun.log,22882
126323,1790363742577,MpSigStub.log,97512
126323,1790363742577,msedge_installer.log,68015
126323,1790363742577,NHFTwBUmYHlXSsjNJdzXRevJ,0
126323,1790363742592,skin.zip,231625
126323,1790363742592,SYS32_Hardware,900
126323,1790363742592,SYS32_Hardware.exe,32671232
126323,1790363742608,SYS32_Hardware.ini,363
126884,1790363743112,bb3a785178f443fda931098a5a9a306b.db.ses,53
126884,1790363743112,FXSAPIDebugLogFile.txt,0
126884,1790363743112,FXSTIFFDebugLogFile.txt,0
126884,1790363743127,MpCmdRun.log,22882
126884,1790363743127,MpSigStub.log,97512
126884,1790363743127,msedge_installer.log,68015
126884,1790363743143,NHFTwBUmYHlXSsjNJdzXRevJ,0
126884,1790363743143,skin.zip,231625
126884,1790363743143,SYS32_Hardware,900
126884,1790363743158,SYS32_Hardware.exe,32671232
126884,1790363743158,SYS32_Hardware.ini,363
127430,1790363743659,bb3a785178f443fda931098a5a9a306b.db.ses,53
127430,1790363743659,FXSAPIDebugLogFile.txt,0
127430,1790363743659,FXSTIFFDebugLogFile.txt,0
127430,1790363743659,MpCmdRun.log,22882
127430,1790363743674,MpSigStub.log,97512
127430,1790363743674,msedge_installer.log,68015
127430,1790363743674,NHFTwBUmYHlXSsjNJdzXRevJ,0
127430,1790363743690,skin.zip,231625
127430,1790363743690,SYS32_Hardware,900
127430,1790363743705,SYS32_Hardware.exe,32671232
127430,1790363743705,SYS32_Hardware.ini,363
127993,1790363744221,bb3a785178f443fda931098a5a9a306b.db.ses,53
127993,1790363744221,FXSAPIDebugLogFile.txt,0
127993,1790363744221,FXSTIFFDebugLogFile.txt,0
127993,1790363744237,MpCmdRun.log,22882
127993,1790363744237,MpSigStub.log,97512
127993,1790363744237,msedge_installer.log,68015
127993,1790363744252,NHFTwBUmYHlXSsjNJdzXRevJ,0
127993,1790363744252,skin.zip,231625
127993,1790363744268,SYS32_Hardware,900
127993,1790363744268,SYS32_Hardware.exe,32671232
127993,1790363744268,SYS32_Hardware.ini,363
128556,1790363744784,bb3a785178f443fda931098a5a9a306b.db.ses,53
128556,1790363744784,FXSAPIDebugLogFile.txt,0
128556,1790363744784,FXSTIFFDebugLogFile.txt,0
128556,1790363744799,MpCmdRun.log,22882
128556,1790363744799,MpSigStub.log,97512
128556,1790363744815,msedge_installer.log,68015
128556,1790363744815,NHFTwBUmYHlXSsjNJdzXRevJ,0
128556,1790363744815,skin.zip,231625
128556,1790363744831,SYS32_Hardware,900
128556,1790363744831,SYS32_Hardware.exe,32671232
128556,1790363744846,SYS32_Hardware.ini,363
129118,1790363745346,bb3a785178f443fda931098a5a9a306b.db.ses,53
129118,1790363745346,FXSAPIDebugLogFile.txt,0
129118,1790363745346,FXSTIFFDebugLogFile.txt,0
129118,1790363745346,MpCmdRun.log,22882
129118,1790363745362,MpSigStub.log,97512
129118,1790363745362,msedge_installer.log,68015
129118,1790363745362,NHFTwBUmYHlXSsjNJdzXRevJ,0
129118,1790363745378,skin.zip,231625
129118,1790363745378,SYS32_Hardware,900
129118,1790363745378,SYS32_Hardware.exe,32671232
129118,1790363745393,SYS32_Hardware.ini,363
129681,1790363745909,bb3a785178f443fda931098a5a9a306b.db.ses,53
129681,1790363745909,FXSAPIDebugLogFile.txt,0
129681,1790363745923,FXSTIFFDebugLogFile.txt,0
129681,1790363745939,MpCmdRun.log,22882
129681,1790363745939,MpSigStub.log,97512
129681,1790363745939,msedge_installer.log,68015
129681,1790363745955,NHFTwBUmYHlXSsjNJdzXRevJ,0
129681,1790363745970,skin.zip,231625
129681,1790363745970,SYS32_Hardware,900
129681,1790363745986,SYS32_Hardware.exe,32671232
129681,1790363745986,SYS32_Hardware.ini,363
130274,1790363746502,bb3a785178f443fda931098a5a9a306b.db.ses,53
130274,1790363746502,FXSAPIDebugLogFile.txt,0
130274,1790363746502,FXSTIFFDebugLogFile.txt,0
130274,1790363746517,MpCmdRun.log,22882
130274,1790363746517,MpSigStub.log,97512
130274,1790363746517,msedge_installer.log,68015
130274,1790363746533,NHFTwBUmYHlXSsjNJdzXRevJ,0
130274,1790363746533,skin.zip,231625
130274,1790363746533,SYS32_Hardware,900
130274,1790363746549,SYS32_Hardware.exe,32671232
130274,1790363746564,SYS32_Hardware.ini,363
130837,1790363747064,bb3a785178f443fda931098a5a9a306b.db.ses,53
130837,1790363747064,FXSAPIDebugLogFile.txt,0
130837,1790363747064,FXSTIFFDebugLogFile.txt,0
130837,1790363747080,MpCmdRun.log,22882
130837,1790363747080,MpSigStub.log,97512
130837,1790363747080,msedge_installer.log,68015
130837,1790363747096,NHFTwBUmYHlXSsjNJdzXRevJ,0
130837,1790363747096,skin.zip,231625
130837,1790363747111,SYS32_Hardware,900
130837,1790363747127,SYS32_Hardware.exe,32671232
130837,1790363747127,SYS32_Hardware.ini,363
131414,1790363747642,bb3a785178f443fda931098a5a9a306b.db.ses,53
131414,1790363747642,FXSAPIDebugLogFile.txt,0
131414,1790363747642,FXSTIFFDebugLogFile.txt,0
131414,1790363747642,MpCmdRun.log,22882
131414,1790363747658,MpSigStub.log,97512
131414,1790363747658,msedge_installer.log,68015
131414,1790363747674,NHFTwBUmYHlXSsjNJdzXRevJ,0
131414,1790363747674,skin.zip,231625
131414,1790363747689,SYS32_Hardware,900
131414,1790363747689,SYS32_Hardware.exe,32671232
131414,1790363747689,SYS32_Hardware.ini,363
131977,1790363748205,bb3a785178f443fda931098a5a9a306b.db.ses,53
131977,1790363748205,FXSAPIDebugLogFile.txt,0
131977,1790363748205,FXSTIFFDebugLogFile.txt,0
131977,1790363748205,MpCmdRun.log,22882
131977,1790363748221,MpSigStub.log,97512
131977,1790363748221,msedge_installer.log,68015
131977,1790363748221,NHFTwBUmYHlXSsjNJdzXRevJ,0
131977,1790363748236,skin.zip,231625
131977,1790363748236,SYS32_Hardware,900
131977,1790363748236,SYS32_Hardware.exe,32671232
131977,1790363748252,SYS32_Hardware.ini,363
132524,1790363748752,bb3a785178f443fda931098a5a9a306b.db.ses,53
132524,1790363748752,FXSAPIDebugLogFile.txt,0
132524,1790363748752,FXSTIFFDebugLogFile.txt,0
132524,1790363748752,MpCmdRun.log,22882
132524,1790363748768,MpSigStub.log,97512
132524,1790363748768,msedge_installer.log,68015
132524,1790363748783,NHFTwBUmYHlXSsjNJdzXRevJ,0
132524,1790363748783,skin.zip,231625
132524,1790363748783,SYS32_Hardware,900
132524,1790363748799,SYS32_Hardware.exe,32671232
132524,1790363748799,SYS32_Hardware.ini,363
133087,1790363749315,bb3a785178f443fda931098a5a9a306b.db.ses,53
133087,1790363749315,FXSAPIDebugLogFile.txt,0
133087,1790363749315,FXSTIFFDebugLogFile.txt,0
133087,1790363749315,MpCmdRun.log,22882
133087,1790363749330,MpSigStub.log,97512
133087,1790363749330,msedge_installer.log,68015
133087,1790363749330,NHFTwBUmYHlXSsjNJdzXRevJ,0
133087,1790363749346,skin.zip,231625
133087,1790363749346,SYS32_Hardware,900
133087,1790363749346,SYS32_Hardware.exe,32671232
133087,1790363749362,SYS32_Hardware.ini,363
133634,1790363749862,bb3a785178f443fda931098a5a9a306b.db.ses,53
133634,1790363749862,FXSAPIDebugLogFile.txt,0
133634,1790363749862,FXSTIFFDebugLogFile.txt,0
133634,1790363749877,MpCmdRun.log,22882
133634,1790363749877,MpSigStub.log,97512
133634,1790363749893,msedge_installer.log,68015
133634,1790363749893,NHFTwBUmYHlXSsjNJdzXRevJ,0
133634,1790363749893,skin.zip,231625
133634,1790363749909,SYS32_Hardware,900
133634,1790363749909,SYS32_Hardware.exe,32671232
133634,1790363749924,SYS32_Hardware.ini,363
134197,1790363750424,bb3a785178f443fda931098a5a9a306b.db.ses,53
134197,1790363750424,FXSAPIDebugLogFile.txt,0
134197,1790363750424,FXSTIFFDebugLogFile.txt,0
134197,1790363750440,MpCmdRun.log,22882
134197,1790363750456,MpSigStub.log,97512
134197,1790363750456,msedge_installer.log,68015
134197,1790363750456,NHFTwBUmYHlXSsjNJdzXRevJ,0
134197,1790363750471,skin.zip,231625
134197,1790363750471,SYS32_Hardware,900
134197,1790363750487,SYS32_Hardware.exe,32671232
134197,1790363750487,SYS32_Hardware.ini,363
134774,1790363751003,bb3a785178f443fda931098a5a9a306b.db.ses,53
134774,1790363751003,FXSAPIDebugLogFile.txt,0
134774,1790363751003,FXSTIFFDebugLogFile.txt,0
134774,1790363751018,MpCmdRun.log,22882
134774,1790363751018,MpSigStub.log,97512
134774,1790363751034,msedge_installer.log,68015
134774,1790363751049,NHFTwBUmYHlXSsjNJdzXRevJ,0
134774,1790363751049,skin.zip,231625
134774,1790363751065,SYS32_Hardware,900
134774,1790363751065,SYS32_Hardware.exe,32671232
134774,1790363751081,SYS32_Hardware.ini,363
135354,1790363751581,bb3a785178f443fda931098a5a9a306b.db.ses,53
135354,1790363751581,FXSAPIDebugLogFile.txt,0
135354,1790363751623,FXSTIFFDebugLogFile.txt,0
135354,1790363751638,MpCmdRun.log,22882
135354,1790363751654,MpSigStub.log,97512
135354,1790363751670,msedge_installer.log,68015
135354,1790363751685,NHFTwBUmYHlXSsjNJdzXRevJ,0
135354,1790363751701,skin.zip,231625
135354,1790363751701,SYS32_Hardware,900
135354,1790363751717,SYS32_Hardware.exe,32671232
135354,1790363751732,SYS32_Hardware.ini,363
136027,1790363752255,bb3a785178f443fda931098a5a9a306b.db.ses,53
136027,1790363752255,FXSAPIDebugLogFile.txt,0
136027,1790363752255,FXSTIFFDebugLogFile.txt,0
136027,1790363752270,MpCmdRun.log,22882
136027,1790363752270,MpSigStub.log,97512
136027,1790363752270,msedge_installer.log,68015
136027,1790363752286,NHFTwBUmYHlXSsjNJdzXRevJ,0
136027,1790363752302,skin.zip,231625
136027,1790363752302,SYS32_Hardware,900
136027,1790363752317,SYS32_Hardware.exe,32671232
136027,1790363752317,SYS32_Hardware.ini,363
136606,1790363752833,bb3a785178f443fda931098a5a9a306b.db.ses,53
136606,1790363752849,FXSAPIDebugLogFile.txt,0
136606,1790363752849,FXSTIFFDebugLogFile.txt,0
136606,1790363752864,MpCmdRun.log,22882
136606,1790363752864,MpSigStub.log,97512
136606,1790363752880,msedge_installer.log,68015
136606,1790363752880,NHFTwBUmYHlXSsjNJdzXRevJ,0
136606,1790363752896,skin.zip,231625
136606,1790363752896,SYS32_Hardware,900
136606,1790363752911,SYS32_Hardware.exe,32671232
136606,1790363752911,SYS32_Hardware.ini,363
137184,1790363753411,bb3a785178f443fda931098a5a9a306b.db.ses,53
137184,1790363753411,FXSAPIDebugLogFile.txt,0
137184,1790363753411,FXSTIFFDebugLogFile.txt,0
137184,1790363753427,MpCmdRun.log,22882
137184,1790363753427,MpSigStub.log,97512
137184,1790363753443,msedge_installer.log,68015
137184,1790363753443,NHFTwBUmYHlXSsjNJdzXRevJ,0
137184,1790363753458,skin.zip,231625
137184,1790363753458,SYS32_Hardware,900
137184,1790363753474,SYS32_Hardware.exe,32671232
137184,1790363753474,SYS32_Hardware.ini,363
137762,1790363753990,bb3a785178f443fda931098a5a9a306b.db.ses,53
137762,1790363753990,FXSAPIDebugLogFile.txt,0
137762,1790363753990,FXSTIFFDebugLogFile.txt,0
137762,1790363754005,MpCmdRun.log,22882
137762,1790363754005,MpSigStub.log,97512
137762,1790363754021,msedge_installer.log,68015
137762,1790363754037,NHFTwBUmYHlXSsjNJdzXRevJ,0
137762,1790363754052,skin.zip,231625
137762,1790363754068,SYS32_Hardware,900
137762,1790363754068,SYS32_Hardware.exe,32671232
137762,1790363754083,SYS32_Hardware.ini,363
138371,1790363754599,bb3a785178f443fda931098a5a9a306b.db.ses,53
138371,1790363754599,FXSAPIDebugLogFile.txt,0
138371,1790363754599,FXSTIFFDebugLogFile.txt,0
138371,1790363754615,MpCmdRun.log,22882
138371,1790363754615,MpSigStub.log,97512
138371,1790363754630,msedge_installer.log,68015
138371,1790363754630,NHFTwBUmYHlXSsjNJdzXRevJ,0
138371,1790363754630,skin.zip,231625
138371,1790363754646,SYS32_Hardware,900
138371,1790363754646,SYS32_Hardware.exe,32671232
138371,1790363754662,SYS32_Hardware.ini,363
138934,1790363755162,bb3a785178f443fda931098a5a9a306b.db.ses,53
138934,1790363755162,FXSAPIDebugLogFile.txt,0
138934,1790363755162,FXSTIFFDebugLogFile.txt,0
138934,1790363755177,MpCmdRun.log,22882
138934,1790363755177,MpSigStub.log,97512
138934,1790363755177,msedge_installer.log,68015
138934,1790363755193,NHFTwBUmYHlXSsjNJdzXRevJ,0
138934,1790363755193,skin.zip,231625
138934,1790363755193,SYS32_Hardware,900
138934,1790363755209,SYS32_Hardware.exe,32671232
138934,1790363755209,SYS32_Hardware.ini,363
139500,1790363755728,bb3a785178f443fda931098a5a9a306b.db.ses,53
139500,1790363755728,FXSAPIDebugLogFile.txt,0
139500,1790363755728,FXSTIFFDebugLogFile.txt,0
139500,1790363755744,MpCmdRun.log,22882
139500,1790363755744,MpSigStub.log,97512
139500,1790363755744,msedge_installer.log,68015
139500,1790363755759,NHFTwBUmYHlXSsjNJdzXRevJ,0
139500,1790363755759,skin.zip,231625
139500,1790363755775,SYS32_Hardware,900
139500,1790363755775,SYS32_Hardware.exe,32671232
139500,1790363755775,SYS32_Hardware.ini,363
140075,1790363756303,bb3a785178f443fda931098a5a9a306b.db.ses,53
140075,1790363756303,FXSAPIDebugLogFile.txt,0
140075,1790363756303,FXSTIFFDebugLogFile.txt,0
140075,1790363756319,MpCmdRun.log,22882
140075,1790363756319,MpSigStub.log,97512
140075,1790363756319,msedge_installer.log,68015
140075,1790363756334,NHFTwBUmYHlXSsjNJdzXRevJ,0
140075,1790363756334,skin.zip,231625
140075,1790363756350,SYS32_Hardware,900
140075,1790363756350,SYS32_Hardware.exe,32671232
140075,1790363756350,SYS32_Hardware.ini,363
140638,1790363756865,bb3a785178f443fda931098a5a9a306b.db.ses,53
140638,1790363756865,FXSAPIDebugLogFile.txt,0
140638,1790363756865,FXSTIFFDebugLogFile.txt,0
140638,1790363756881,MpCmdRun.log,22882
140638,1790363756881,MpSigStub.log,97512
140638,1790363756897,msedge_installer.log,68015
140638,1790363756897,NHFTwBUmYHlXSsjNJdzXRevJ,0
140638,1790363756912,skin.zip,231625
140638,1790363756912,SYS32_Hardware,900
140638,1790363756928,SYS32_Hardware.exe,32671232
140638,1790363756928,SYS32_Hardware.ini,363
141200,1790363757428,bb3a785178f443fda931098a5a9a306b.db.ses,53
141200,1790363757428,FXSAPIDebugLogFile.txt,0
141200,1790363757441,FXSTIFFDebugLogFile.txt,0
141200,1790363757441,MpCmdRun.log,22882
141200,1790363757457,MpSigStub.log,97512
141200,1790363757457,msedge_installer.log,68015
141200,1790363757473,NHFTwBUmYHlXSsjNJdzXRevJ,0
141200,1790363757473,skin.zip,231625
141200,1790363757473,SYS32_Hardware,900
141200,1790363757488,SYS32_Hardware.exe,32671232
141200,1790363757488,SYS32_Hardware.ini,363
141760,1790363757988,bb3a785178f443fda931098a5a9a306b.db.ses,53
141760,1790363757988,FXSAPIDebugLogFile.txt,0
141760,1790363757988,FXSTIFFDebugLogFile.txt,0
141760,1790363758004,MpCmdRun.log,22882
141760,1790363758004,MpSigStub.log,97512
141760,1790363758004,msedge_installer.log,68015
141760,1790363758020,NHFTwBUmYHlXSsjNJdzXRevJ,0
141760,1790363758020,skin.zip,231625
141760,1790363758035,SYS32_Hardware,900
141760,1790363758035,SYS32_Hardware.exe,32671232
141760,1790363758035,SYS32_Hardware.ini,363
142323,1790363758551,bb3a785178f443fda931098a5a9a306b.db.ses,53
142323,1790363758561,FXSAPIDebugLogFile.txt,0
142323,1790363758561,FXSTIFFDebugLogFile.txt,0
142323,1790363758561,MpCmdRun.log,22882
142323,1790363758577,MpSigStub.log,97512
142323,1790363758577,msedge_installer.log,68015
142323,1790363758592,NHFTwBUmYHlXSsjNJdzXRevJ,0
142323,1790363758592,skin.zip,231625
142323,1790363758608,SYS32_Hardware,900
142323,1790363758608,SYS32_Hardware.exe,32671232
142323,1790363758623,SYS32_Hardware.ini,363
142897,1790363759124,bb3a785178f443fda931098a5a9a306b.db.ses,53
142897,1790363759124,FXSAPIDebugLogFile.txt,0
142897,1790363759155,FXSTIFFDebugLogFile.txt,0
142897,1790363759186,MpCmdRun.log,22882
142897,1790363759202,MpSigStub.log,97512
142897,1790363759218,msedge_installer.log,68015
142897,1790363759249,NHFTwBUmYHlXSsjNJdzXRevJ,0
142897,1790363759249,skin.zip,231625
142897,1790363759264,SYS32_Hardware,900
142897,1790363759264,SYS32_Hardware.exe,32671232
142897,1790363759280,SYS32_Hardware.ini,363
143574,1790363759802,bb3a785178f443fda931098a5a9a306b.db.ses,53
143574,1790363759802,FXSAPIDebugLogFile.txt,0
143574,1790363759802,FXSTIFFDebugLogFile.txt,0
143574,1790363759818,MpCmdRun.log,22882
143574,1790363759818,MpSigStub.log,97512
143574,1790363759833,msedge_installer.log,68015
143574,1790363759833,NHFTwBUmYHlXSsjNJdzXRevJ,0
143574,1790363759833,skin.zip,231625
143574,1790363759849,SYS32_Hardware,900
143574,1790363759849,SYS32_Hardware.exe,32671232
143574,1790363759864,SYS32_Hardware.ini,363
144136,1790363760364,bb3a785178f443fda931098a5a9a306b.db.ses,53
144136,1790363760364,FXSAPIDebugLogFile.txt,0
144136,1790363760364,FXSTIFFDebugLogFile.txt,0
144136,1790363760364,MpCmdRun.log,22882
144136,1790363760380,MpSigStub.log,97512
144136,1790363760380,msedge_installer.log,68015
144136,1790363760396,NHFTwBUmYHlXSsjNJdzXRevJ,0
144136,1790363760396,skin.zip,231625
144136,1790363760411,SYS32_Hardware,900
144136,1790363760411,SYS32_Hardware.exe,32671232
144136,1790363760427,SYS32_Hardware.ini,363
144699,1790363760927,bb3a785178f443fda931098a5a9a306b.db.ses,53
144699,1790363760927,FXSAPIDebugLogFile.txt,0
144699,1790363760927,FXSTIFFDebugLogFile.txt,0
144699,1790363760927,MpCmdRun.log,22882
144699,1790363760943,MpSigStub.log,97512
144699,1790363760943,msedge_installer.log,68015
144699,1790363760958,NHFTwBUmYHlXSsjNJdzXRevJ,0
144699,1790363760958,skin.zip,231625
144699,1790363760958,SYS32_Hardware,900
144699,1790363760974,SYS32_Hardware.exe,32671232
144699,1790363760974,SYS32_Hardware.ini,363
145262,1790363761490,bb3a785178f443fda931098a5a9a306b.db.ses,53
145262,1790363761490,FXSAPIDebugLogFile.txt,0
145262,1790363761494,FXSTIFFDebugLogFile.txt,0
145262,1790363761494,MpCmdRun.log,22882
145262,1790363761507,MpSigStub.log,97512
145262,1790363761507,msedge_installer.log,68015
145262,1790363761523,NHFTwBUmYHlXSsjNJdzXRevJ,0
145262,1790363761523,skin.zip,231625
145262,1790363761523,SYS32_Hardware,900
145262,1790363761539,SYS32_Hardware.exe,32671232
145262,1790363761539,SYS32_Hardware.ini,363
145827,1790363762054,bb3a785178f443fda931098a5a9a306b.db.ses,53
145827,1790363762054,FXSAPIDebugLogFile.txt,0
145827,1790363762054,FXSTIFFDebugLogFile.txt,0
145827,1790363762070,MpCmdRun.log,22882
145827,1790363762070,MpSigStub.log,97512
145827,1790363762086,msedge_installer.log,68015
145827,1790363762086,NHFTwBUmYHlXSsjNJdzXRevJ,0
145827,1790363762086,skin.zip,231625
145827,1790363762101,SYS32_Hardware,900
145827,1790363762101,SYS32_Hardware.exe,32671232
145827,1790363762117,SYS32_Hardware.ini,363
146389,1790363762617,bb3a785178f443fda931098a5a9a306b.db.ses,53
146389,1790363762617,FXSAPIDebugLogFile.txt,0
146389,1790363762632,FXSTIFFDebugLogFile.txt,0
146389,1790363762632,MpCmdRun.log,22882
146389,1790363762648,MpSigStub.log,97512
146389,1790363762648,msedge_installer.log,68015
146389,1790363762663,NHFTwBUmYHlXSsjNJdzXRevJ,0
146389,1790363762663,skin.zip,231625
146389,1790363762679,SYS32_Hardware,900
146389,1790363762679,SYS32_Hardware.exe,32671232
146389,1790363762695,SYS32_Hardware.ini,363
146967,1790363763195,bb3a785178f443fda931098a5a9a306b.db.ses,53
146967,1790363763195,FXSAPIDebugLogFile.txt,0
146967,1790363763195,FXSTIFFDebugLogFile.txt,0
146967,1790363763210,MpCmdRun.log,22882
146967,1790363763210,MpSigStub.log,97512
146967,1790363763226,msedge_installer.log,68015
146967,1790363763226,NHFTwBUmYHlXSsjNJdzXRevJ,0
146967,1790363763242,skin.zip,231625
146967,1790363763242,SYS32_Hardware,900
146967,1790363763257,SYS32_Hardware.exe,32671232
146967,1790363763257,SYS32_Hardware.ini,363
147545,1790363763773,bb3a785178f443fda931098a5a9a306b.db.ses,53
147545,1790363763773,FXSAPIDebugLogFile.txt,0
147545,1790363763773,FXSTIFFDebugLogFile.txt,0
147545,1790363763773,MpCmdRun.log,22882
147545,1790363763789,MpSigStub.log,97512
147545,1790363763789,msedge_installer.log,68015
147545,1790363763804,NHFTwBUmYHlXSsjNJdzXRevJ,0
147545,1790363763804,skin.zip,231625
147545,1790363763804,SYS32_Hardware,900
147545,1790363763820,SYS32_Hardware.exe,32671232
147545,1790363763820,SYS32_Hardware.ini,363
148107,1790363764336,bb3a785178f443fda931098a5a9a306b.db.ses,53
148107,1790363764336,FXSAPIDebugLogFile.txt,0
148107,1790363764336,FXSTIFFDebugLogFile.txt,0
148107,1790363764351,MpCmdRun.log,22882
148107,1790363764351,MpSigStub.log,97512
148107,1790363764351,msedge_installer.log,68015
148107,1790363764367,NHFTwBUmYHlXSsjNJdzXRevJ,0
148107,1790363764382,skin.zip,231625
148107,1790363764382,SYS32_Hardware,900
148107,1790363764398,SYS32_Hardware.exe,32671232
148107,1790363764398,SYS32_Hardware.ini,363
148686,1790363764914,bb3a785178f443fda931098a5a9a306b.db.ses,53
148686,1790363764924,FXSAPIDebugLogFile.txt,0
148686,1790363764924,FXSTIFFDebugLogFile.txt,0
148686,1790363764940,MpCmdRun.log,22882
148686,1790363764940,MpSigStub.log,97512
148686,1790363764955,msedge_installer.log,68015
148686,1790363764955,NHFTwBUmYHlXSsjNJdzXRevJ,0
148686,1790363764971,skin.zip,231625
148686,1790363764971,SYS32_Hardware,900
148686,1790363764986,SYS32_Hardware.exe,32671232
148686,1790363764986,SYS32_Hardware.ini,363
149277,1790363765505,bb3a785178f443fda931098a5a9a306b.db.ses,53
149277,1790363765505,FXSAPIDebugLogFile.txt,0
149277,1790363765505,FXSTIFFDebugLogFile.txt,0
149277,1790363765521,MpCmdRun.log,22882
149277,1790363765521,MpSigStub.log,97512
149277,1790363765537,msedge_installer.log,68015
149277,1790363765537,NHFTwBUmYHlXSsjNJdzXRevJ,0
149277,1790363765552,skin.zip,231625
149277,1790363765552,SYS32_Hardware,900
149277,1790363765568,SYS32_Hardware.exe,32671232
149277,1790363765568,SYS32_Hardware.ini,363
149856,1790363766084,bb3a785178f443fda931098a5a9a306b.db.ses,53
149856,1790363766084,FXSAPIDebugLogFile.txt,0
149856,1790363766099,FXSTIFFDebugLogFile.txt,0
149856,1790363766115,MpCmdRun.log,22882
149856,1790363766131,MpSigStub.log,97512
149856,1790363766146,msedge_installer.log,68015
149856,1790363766146,NHFTwBUmYHlXSsjNJdzXRevJ,0
149856,1790363766146,skin.zip,231625
149856,1790363766162,SYS32_Hardware,900
149856,1790363766177,SYS32_Hardware.exe,32671232
149856,1790363766177,SYS32_Hardware.ini,363
150466,1790363766693,bb3a785178f443fda931098a5a9a306b.db.ses,53
150466,1790363766693,FXSAPIDebugLogFile.txt,0
150466,1790363766693,FXSTIFFDebugLogFile.txt,0
150466,1790363766709,MpCmdRun.log,22882
150466,1790363766709,MpSigStub.log,97512
150466,1790363766709,msedge_installer.log,68015
150466,1790363766724,NHFTwBUmYHlXSsjNJdzXRevJ,0
150466,1790363766724,skin.zip,231625
150466,1790363766740,SYS32_Hardware,900
150466,1790363766740,SYS32_Hardware.exe,32671232
150466,1790363766740,SYS32_Hardware.ini,363
151043,1790363767270,bb3a785178f443fda931098a5a9a306b.db.ses,53
151043,1790363767270,FXSAPIDebugLogFile.txt,0
151043,1790363767286,FXSTIFFDebugLogFile.txt,0
151043,1790363767286,MpCmdRun.log,22882
151043,1790363767286,MpSigStub.log,97512
151043,1790363767302,msedge_installer.log,68015
151043,1790363767302,NHFTwBUmYHlXSsjNJdzXRevJ,0
151043,1790363767317,skin.zip,231625
151043,1790363767317,SYS32_Hardware,900
151043,1790363767333,SYS32_Hardware.exe,32671232
151043,1790363767333,SYS32_Hardware.ini,363
151621,1790363767849,bb3a785178f443fda931098a5a9a306b.db.ses,53
151621,1790363767849,FXSAPIDebugLogFile.txt,0
151621,1790363767869,FXSTIFFDebugLogFile.txt,0
151621,1790363767885,MpCmdRun.log,22882
151621,1790363767901,MpSigStub.log,97512
151621,1790363767916,msedge_installer.log,68015
151621,1790363767932,NHFTwBUmYHlXSsjNJdzXRevJ,0
151621,1790363767947,skin.zip,231625
151621,1790363767979,SYS32_Hardware,900
151621,1790363767995,SYS32_Hardware.exe,32671232
151621,1790363768010,SYS32_Hardware.ini,363
152304,1790363768531,bb3a785178f443fda931098a5a9a306b.db.ses,53
152304,1790363768531,FXSAPIDebugLogFile.txt,0
152304,1790363768547,FXSTIFFDebugLogFile.txt,0
152304,1790363768563,MpCmdRun.log,22882
152304,1790363768563,MpSigStub.log,97512
152304,1790363768578,msedge_installer.log,68015
152304,1790363768578,NHFTwBUmYHlXSsjNJdzXRevJ,0
152304,1790363768594,skin.zip,231625
152304,1790363768594,SYS32_Hardware,900
152304,1790363768610,SYS32_Hardware.exe,32671232
152304,1790363768610,SYS32_Hardware.ini,363
152884,1790363769112,bb3a785178f443fda931098a5a9a306b.db.ses,53
152884,1790363769112,FXSAPIDebugLogFile.txt,0
152884,1790363769112,FXSTIFFDebugLogFile.txt,0
152884,1790363769112,MpCmdRun.log,22882
152884,1790363769127,MpSigStub.log,97512
152884,1790363769127,msedge_installer.log,68015
152884,1790363769143,NHFTwBUmYHlXSsjNJdzXRevJ,0
152884,1790363769143,skin.zip,231625
152884,1790363769143,SYS32_Hardware,900
152884,1790363769158,SYS32_Hardware.exe,32671232
152884,1790363769158,SYS32_Hardware.ini,363
153431,1790363769659,bb3a785178f443fda931098a5a9a306b.db.ses,53
153431,1790363769669,FXSAPIDebugLogFile.txt,0
153431,1790363769669,FXSTIFFDebugLogFile.txt,0
153431,1790363769685,MpCmdRun.log,22882
153431,1790363769685,MpSigStub.log,97512
153431,1790363769685,msedge_installer.log,68015
153431,1790363769700,NHFTwBUmYHlXSsjNJdzXRevJ,0
153431,1790363769700,skin.zip,231625
153431,1790363769716,SYS32_Hardware,900
153431,1790363769716,SYS32_Hardware.exe,32671232
153431,1790363769731,SYS32_Hardware.ini,363
154004,1790363770231,bb3a785178f443fda931098a5a9a306b.db.ses,53
154004,1790363770231,FXSAPIDebugLogFile.txt,0
154004,1790363770247,FXSTIFFDebugLogFile.txt,0
154004,1790363770247,MpCmdRun.log,22882
154004,1790363770263,MpSigStub.log,97512
154004,1790363770278,msedge_installer.log,68015
154004,1790363770278,NHFTwBUmYHlXSsjNJdzXRevJ,0
154004,1790363770294,skin.zip,231625
154004,1790363770310,SYS32_Hardware,900
154004,1790363770310,SYS32_Hardware.exe,32671232
154004,1790363770310,SYS32_Hardware.ini,363
154597,1790363770825,bb3a785178f443fda931098a5a9a306b.db.ses,53
154597,1790363770825,FXSAPIDebugLogFile.txt,0
154597,1790363770825,FXSTIFFDebugLogFile.txt,0
154597,1790363770825,MpCmdRun.log,22882
154597,1790363770841,MpSigStub.log,97512
154597,1790363770841,msedge_installer.log,68015
154597,1790363770841,NHFTwBUmYHlXSsjNJdzXRevJ,0
154597,1790363770857,skin.zip,231625
154597,1790363770857,SYS32_Hardware,900
154597,1790363770857,SYS32_Hardware.exe,32671232
154597,1790363770872,SYS32_Hardware.ini,363
155144,1790363771372,bb3a785178f443fda931098a5a9a306b.db.ses,53
155144,1790363771372,FXSAPIDebugLogFile.txt,0
155144,1790363771372,FXSTIFFDebugLogFile.txt,0
155144,1790363771388,MpCmdRun.log,22882
155144,1790363771404,MpSigStub.log,97512
155144,1790363771404,msedge_installer.log,68015
155144,1790363771419,NHFTwBUmYHlXSsjNJdzXRevJ,0
155144,1790363771419,skin.zip,231625
155144,1790363771435,SYS32_Hardware,900
155144,1790363771435,SYS32_Hardware.exe,32671232
155144,1790363771450,SYS32_Hardware.ini,363
155723,1790363771951,bb3a785178f443fda931098a5a9a306b.db.ses,53
155723,1790363771951,FXSAPIDebugLogFile.txt,0
155723,1790363771966,FXSTIFFDebugLogFile.txt,0
155723,1790363771966,MpCmdRun.log,22882
155723,1790363771966,MpSigStub.log,97512
155723,1790363771982,msedge_installer.log,68015
155723,1790363771982,NHFTwBUmYHlXSsjNJdzXRevJ,0
155723,1790363771998,skin.zip,231625
155723,1790363771998,SYS32_Hardware,900
155723,1790363772013,SYS32_Hardware.exe,32671232
155723,1790363772029,SYS32_Hardware.ini,363
156301,1790363772529,bb3a785178f443fda931098a5a9a306b.db.ses,53
156301,1790363772539,FXSAPIDebugLogFile.txt,0
156301,1790363772539,FXSTIFFDebugLogFile.txt,0
156301,1790363772555,MpCmdRun.log,22882
156301,1790363772555,MpSigStub.log,97512
156301,1790363772571,msedge_installer.log,68015
156301,1790363772571,NHFTwBUmYHlXSsjNJdzXRevJ,0
156301,1790363772586,skin.zip,231625
156301,1790363772586,SYS32_Hardware,900
156301,1790363772602,SYS32_Hardware.exe,32671232
156301,1790363772602,SYS32_Hardware.ini,363
156889,1790363773117,bb3a785178f443fda931098a5a9a306b.db.ses,53
156889,1790363773117,FXSAPIDebugLogFile.txt,0
156889,1790363773117,FXSTIFFDebugLogFile.txt,0
156889,1790363773133,MpCmdRun.log,22882
156889,1790363773149,MpSigStub.log,97512
156889,1790363773149,msedge_installer.log,68015
156889,1790363773164,NHFTwBUmYHlXSsjNJdzXRevJ,0
156889,1790363773164,skin.zip,231625
156889,1790363773180,SYS32_Hardware,900
156889,1790363773180,SYS32_Hardware.exe,32671232
156889,1790363773196,SYS32_Hardware.ini,363
157468,1790363773696,bb3a785178f443fda931098a5a9a306b.db.ses,53
157468,1790363773696,FXSAPIDebugLogFile.txt,0
157468,1790363773696,FXSTIFFDebugLogFile.txt,0
157468,1790363773711,MpCmdRun.log,22882
157468,1790363773711,MpSigStub.log,97512
157468,1790363773711,msedge_installer.log,68015
157468,1790363773727,NHFTwBUmYHlXSsjNJdzXRevJ,0
157468,1790363773727,skin.zip,231625
157468,1790363773743,SYS32_Hardware,900
157468,1790363773758,SYS32_Hardware.exe,32671232
157468,1790363773758,SYS32_Hardware.ini,363
158046,1790363774274,bb3a785178f443fda931098a5a9a306b.db.ses,53
158046,1790363774274,FXSAPIDebugLogFile.txt,0
158046,1790363774274,FXSTIFFDebugLogFile.txt,0
158046,1790363774290,MpCmdRun.log,22882
158046,1790363774305,MpSigStub.log,97512
158046,1790363774305,msedge_installer.log,68015
158046,1790363774321,NHFTwBUmYHlXSsjNJdzXRevJ,0
158046,1790363774336,skin.zip,231625
158046,1790363774336,SYS32_Hardware,900
158046,1790363774352,SYS32_Hardware.exe,32671232
158046,1790363774368,SYS32_Hardware.ini,363
158656,1790363774883,bb3a785178f443fda931098a5a9a306b.db.ses,53
158656,1790363774883,FXSAPIDebugLogFile.txt,0
158656,1790363774898,FXSTIFFDebugLogFile.txt,0
158656,1790363774898,MpCmdRun.log,22882
158656,1790363774914,MpSigStub.log,97512
158656,1790363774914,msedge_installer.log,68015
158656,1790363774914,NHFTwBUmYHlXSsjNJdzXRevJ,0
158656,1790363774929,skin.zip,231625
158656,1790363774929,SYS32_Hardware,900
158656,1790363774929,SYS32_Hardware.exe,32671232
158656,1790363774945,SYS32_Hardware.ini,363
159230,1790363775458,bb3a785178f443fda931098a5a9a306b.db.ses,53
159230,1790363775458,FXSAPIDebugLogFile.txt,0
159230,1790363775458,FXSTIFFDebugLogFile.txt,0
159230,1790363775473,MpCmdRun.log,22882
159230,1790363775473,MpSigStub.log,97512
159230,1790363775489,msedge_installer.log,68015
159230,1790363775489,NHFTwBUmYHlXSsjNJdzXRevJ,0
159230,1790363775505,skin.zip,231625
159230,1790363775505,SYS32_Hardware,900
159230,1790363775520,SYS32_Hardware.exe,32671232
159230,1790363775520,SYS32_Hardware.ini,363
159809,1790363776036,bb3a785178f443fda931098a5a9a306b.db.ses,53
159809,1790363776036,FXSAPIDebugLogFile.txt,0
159809,1790363776036,FXSTIFFDebugLogFile.txt,0
159809,1790363776052,MpCmdRun.log,22882
159809,1790363776052,MpSigStub.log,97512
159809,1790363776067,msedge_installer.log,68015
159809,1790363776067,NHFTwBUmYHlXSsjNJdzXRevJ,0
159809,1790363776067,skin.zip,231625
159809,1790363776083,SYS32_Hardware,900
159809,1790363776083,SYS32_Hardware.exe,32671232
159809,1790363776099,SYS32_Hardware.ini,363
160371,1790363776599,bb3a785178f443fda931098a5a9a306b.db.ses,53
160371,1790363776599,FXSAPIDebugLogFile.txt,0
160371,1790363776599,FXSTIFFDebugLogFile.txt,0
160371,1790363776614,MpCmdRun.log,22882
160371,1790363776614,MpSigStub.log,97512
160371,1790363776614,msedge_installer.log,68015
160371,1790363776630,NHFTwBUmYHlXSsjNJdzXRevJ,0
160371,1790363776630,skin.zip,231625
160371,1790363776646,SYS32_Hardware,900
160371,1790363776646,SYS32_Hardware.exe,32671232
160371,1790363776646,SYS32_Hardware.ini,363
160943,1790363777171,bb3a785178f443fda931098a5a9a306b.db.ses,53
160943,1790363777171,FXSAPIDebugLogFile.txt,0
160943,1790363777171,FXSTIFFDebugLogFile.txt,0
160943,1790363777171,MpCmdRun.log,22882
160943,1790363777187,MpSigStub.log,97512
160943,1790363777187,msedge_installer.log,68015
160943,1790363777202,NHFTwBUmYHlXSsjNJdzXRevJ,0
160943,1790363777202,skin.zip,231625
160943,1790363777202,SYS32_Hardware,900
160943,1790363777218,SYS32_Hardware.exe,32671232
160943,1790363777218,SYS32_Hardware.ini,363
161505,1790363777733,bb3a785178f443fda931098a5a9a306b.db.ses,53
161505,1790363777733,FXSAPIDebugLogFile.txt,0
161505,1790363777733,FXSTIFFDebugLogFile.txt,0
161505,1790363777749,MpCmdRun.log,22882
161505,1790363777749,MpSigStub.log,97512
161505,1790363777765,msedge_installer.log,68015
161505,1790363777765,NHFTwBUmYHlXSsjNJdzXRevJ,0
161505,1790363777780,skin.zip,231625
161505,1790363777780,SYS32_Hardware,900
161505,1790363777780,SYS32_Hardware.exe,32671232
161505,1790363777796,SYS32_Hardware.ini,363
162078,1790363778306,bb3a785178f443fda931098a5a9a306b.db.ses,53
162078,1790363778306,FXSAPIDebugLogFile.txt,0
162078,1790363778306,FXSTIFFDebugLogFile.txt,0
162078,1790363778321,MpCmdRun.log,22882
162078,1790363778337,MpSigStub.log,97512
162078,1790363778337,msedge_installer.log,68015
162078,1790363778337,NHFTwBUmYHlXSsjNJdzXRevJ,0
162078,1790363778352,skin.zip,231625
162078,1790363778352,SYS32_Hardware,900
162078,1790363778368,SYS32_Hardware.exe,32671232
162078,1790363778368,SYS32_Hardware.ini,363
162655,1790363778883,bb3a785178f443fda931098a5a9a306b.db.ses,53
162655,1790363778883,FXSAPIDebugLogFile.txt,0
162655,1790363778883,FXSTIFFDebugLogFile.txt,0
162655,1790363778883,MpCmdRun.log,22882
162655,1790363778898,MpSigStub.log,97512
162655,1790363778898,msedge_installer.log,68015
162655,1790363778898,NHFTwBUmYHlXSsjNJdzXRevJ,0
162655,1790363778914,skin.zip,231625
162655,1790363778914,SYS32_Hardware,900
162655,1790363778930,SYS32_Hardware.exe,32671232
162655,1790363778930,SYS32_Hardware.ini,363
163202,1790363779430,bb3a785178f443fda931098a5a9a306b.db.ses,53
163202,1790363779430,FXSAPIDebugLogFile.txt,0
163202,1790363779430,FXSTIFFDebugLogFile.txt,0
163202,1790363779445,MpCmdRun.log,22882
163202,1790363779445,MpSigStub.log,97512
163202,1790363779445,msedge_installer.log,68015
163202,1790363779461,NHFTwBUmYHlXSsjNJdzXRevJ,0
163202,1790363779461,skin.zip,231625
163202,1790363779461,SYS32_Hardware,900
163202,1790363779477,SYS32_Hardware.exe,32671232
163202,1790363779477,SYS32_Hardware.ini,363
163775,1790363780003,bb3a785178f443fda931098a5a9a306b.db.ses,53
163775,1790363780012,FXSAPIDebugLogFile.txt,0
163775,1790363780012,FXSTIFFDebugLogFile.txt,0
163775,1790363780012,MpCmdRun.log,22882
163775,1790363780028,MpSigStub.log,97512
163775,1790363780028,msedge_installer.log,68015
163775,1790363780044,NHFTwBUmYHlXSsjNJdzXRevJ,0
163775,1790363780044,skin.zip,231625
163775,1790363780059,SYS32_Hardware,900
163775,1790363780059,SYS32_Hardware.exe,32671232
163775,1790363780059,SYS32_Hardware.ini,363
164347,1790363780575,bb3a785178f443fda931098a5a9a306b.db.ses,53
164347,1790363780575,FXSAPIDebugLogFile.txt,0
164347,1790363780591,FXSTIFFDebugLogFile.txt,0
164347,1790363780591,MpCmdRun.log,22882
164347,1790363780606,MpSigStub.log,97512
164347,1790363780606,msedge_installer.log,68015
164347,1790363780622,NHFTwBUmYHlXSsjNJdzXRevJ,0
164347,1790363780622,skin.zip,231625
164347,1790363780638,SYS32_Hardware,900
164347,1790363780653,SYS32_Hardware.exe,32671232
164347,1790363780653,SYS32_Hardware.ini,363
164941,1790363781169,bb3a785178f443fda931098a5a9a306b.db.ses,53
164941,1790363781169,FXSAPIDebugLogFile.txt,0
164941,1790363781169,FXSTIFFDebugLogFile.txt,0
164941,1790363781185,MpCmdRun.log,22882
164941,1790363781185,MpSigStub.log,97512
164941,1790363781185,msedge_installer.log,68015
164941,1790363781200,NHFTwBUmYHlXSsjNJdzXRevJ,0
164941,1790363781200,skin.zip,231625
164941,1790363781216,SYS32_Hardware,900
164941,1790363781216,SYS32_Hardware.exe,32671232
164941,1790363781216,SYS32_Hardware.ini,363
165505,1790363781733,bb3a785178f443fda931098a5a9a306b.db.ses,53
165505,1790363781733,FXSAPIDebugLogFile.txt,0
165505,1790363781733,FXSTIFFDebugLogFile.txt,0
165505,1790363781749,MpCmdRun.log,22882
165505,1790363781760,MpSigStub.log,97512
165505,1790363781760,msedge_installer.log,68015
165505,1790363781760,NHFTwBUmYHlXSsjNJdzXRevJ,0
165505,1790363781775,skin.zip,231625
165505,1790363781775,SYS32_Hardware,900
165505,1790363781791,SYS32_Hardware.exe,32671232
165505,1790363781791,SYS32_Hardware.ini,363
166087,1790363782315,bb3a785178f443fda931098a5a9a306b.db.ses,53
166087,1790363782315,FXSAPIDebugLogFile.txt,0
166087,1790363782315,FXSTIFFDebugLogFile.txt,0
166087,1790363782330,MpCmdRun.log,22882
166087,1790363782330,MpSigStub.log,97512
166087,1790363782330,msedge_installer.log,68015
166087,1790363782346,NHFTwBUmYHlXSsjNJdzXRevJ,0
166087,1790363782346,skin.zip,231625
166087,1790363782362,SYS32_Hardware,900
166087,1790363782362,SYS32_Hardware.exe,32671232
166087,1790363782362,SYS32_Hardware.ini,363
166649,1790363782877,bb3a785178f443fda931098a5a9a306b.db.ses,53
166649,1790363782887,FXSAPIDebugLogFile.txt,0
166649,1790363782889,FXSTIFFDebugLogFile.txt,0
166649,1790363782889,MpCmdRun.log,22882
166649,1790363782905,MpSigStub.log,97512
166649,1790363782905,msedge_installer.log,68015
166649,1790363782905,NHFTwBUmYHlXSsjNJdzXRevJ,0
166649,1790363782920,skin.zip,231625
166649,1790363782920,SYS32_Hardware,900
166649,1790363782920,SYS32_Hardware.exe,32671232
166649,1790363782936,SYS32_Hardware.ini,363
167208,1790363783436,bb3a785178f443fda931098a5a9a306b.db.ses,53
167208,1790363783436,FXSAPIDebugLogFile.txt,0
167208,1790363783436,FXSTIFFDebugLogFile.txt,0
167208,1790363783452,MpCmdRun.log,22882
167208,1790363783452,MpSigStub.log,97512
167208,1790363783452,msedge_installer.log,68015
167208,1790363783467,NHFTwBUmYHlXSsjNJdzXRevJ,0
167208,1790363783467,skin.zip,231625
167208,1790363783467,SYS32_Hardware,900
167208,1790363783483,SYS32_Hardware.exe,32671232
167208,1790363783483,SYS32_Hardware.ini,363
167770,1790363783999,bb3a785178f443fda931098a5a9a306b.db.ses,53
167770,1790363783999,FXSAPIDebugLogFile.txt,0
167770,1790363783999,FXSTIFFDebugLogFile.txt,0
167770,1790363784014,MpCmdRun.log,22882
167770,1790363784014,MpSigStub.log,97512
167770,1790363784014,msedge_installer.log,68015
167770,1790363784030,NHFTwBUmYHlXSsjNJdzXRevJ,0
167770,1790363784030,skin.zip,231625
167770,1790363784030,SYS32_Hardware,900
167770,1790363784045,SYS32_Hardware.exe,32671232
167770,1790363784045,SYS32_Hardware.ini,363
168333,1790363784561,bb3a785178f443fda931098a5a9a306b.db.ses,53
168333,1790363784561,FXSAPIDebugLogFile.txt,0
168333,1790363784561,FXSTIFFDebugLogFile.txt,0
168333,1790363784561,MpCmdRun.log,22882
168333,1790363784577,MpSigStub.log,97512
168333,1790363784577,msedge_installer.log,68015
168333,1790363784577,NHFTwBUmYHlXSsjNJdzXRevJ,0
168333,1790363784592,skin.zip,231625
168333,1790363784592,SYS32_Hardware,900
168333,1790363784592,SYS32_Hardware.exe,32671232
168333,1790363784608,SYS32_Hardware.ini,363
168883,1790363785112,bb3a785178f443fda931098a5a9a306b.db.ses,53
168883,1790363785112,FXSAPIDebugLogFile.txt,0
168883,1790363785112,FXSTIFFDebugLogFile.txt,0
168883,1790363785112,MpCmdRun.log,22882
168883,1790363785127,MpSigStub.log,97512
168883,1790363785127,msedge_installer.log,68015
168883,1790363785143,NHFTwBUmYHlXSsjNJdzXRevJ,0
168883,1790363785143,skin.zip,231625
168883,1790363785143,SYS32_Hardware,900
168883,1790363785158,SYS32_Hardware.exe,32671232
168883,1790363785158,SYS32_Hardware.ini,363
169431,1790363785658,bb3a785178f443fda931098a5a9a306b.db.ses,53
169431,1790363785669,FXSAPIDebugLogFile.txt,0
169431,1790363785669,FXSTIFFDebugLogFile.txt,0
169431,1790363785669,MpCmdRun.log,22882
169431,1790363785685,MpSigStub.log,97512
169431,1790363785685,msedge_installer.log,68015
169431,1790363785685,NHFTwBUmYHlXSsjNJdzXRevJ,0
169431,1790363785700,skin.zip,231625
169431,1790363785700,SYS32_Hardware,900
169431,1790363785700,SYS32_Hardware.exe,32671232
169431,1790363785716,SYS32_Hardware.ini,363
169988,1790363786216,bb3a785178f443fda931098a5a9a306b.db.ses,53
169988,1790363786216,FXSAPIDebugLogFile.txt,0
169988,1790363786216,FXSTIFFDebugLogFile.txt,0
169988,1790363786232,MpCmdRun.log,22882
169988,1790363786232,MpSigStub.log,97512
169988,1790363786232,msedge_installer.log,68015
169988,1790363786247,NHFTwBUmYHlXSsjNJdzXRevJ,0
169988,1790363786247,skin.zip,231625
169988,1790363786263,SYS32_Hardware,900
169988,1790363786263,SYS32_Hardware.exe,32671232
169988,1790363786263,SYS32_Hardware.ini,363
170550,1790363786779,bb3a785178f443fda931098a5a9a306b.db.ses,53
170550,1790363786779,FXSAPIDebugLogFile.txt,0
170550,1790363786779,FXSTIFFDebugLogFile.txt,0
170550,1790363786779,MpCmdRun.log,22882
170550,1790363786794,MpSigStub.log,97512
170550,1790363786794,msedge_installer.log,68015
170550,1790363786794,NHFTwBUmYHlXSsjNJdzXRevJ,0
170550,1790363786810,skin.zip,231625
170550,1790363786825,SYS32_Hardware,900
170550,1790363786825,SYS32_Hardware.exe,32671232
170550,1790363786841,SYS32_Hardware.ini,363
171113,1790363787341,bb3a785178f443fda931098a5a9a306b.db.ses,53
171113,1790363787341,FXSAPIDebugLogFile.txt,0
171113,1790363787341,FXSTIFFDebugLogFile.txt,0
171113,1790363787341,MpCmdRun.log,22882
171113,1790363787357,MpSigStub.log,97512
171113,1790363787357,msedge_installer.log,68015
171113,1790363787357,NHFTwBUmYHlXSsjNJdzXRevJ,0
171113,1790363787372,skin.zip,231625
171113,1790363787372,SYS32_Hardware,900
171113,1790363787372,SYS32_Hardware.exe,32671232
171113,1790363787388,SYS32_Hardware.ini,363
171660,1790363787888,bb3a785178f443fda931098a5a9a306b.db.ses,53
171660,1790363787888,FXSAPIDebugLogFile.txt,0
171660,1790363787888,FXSTIFFDebugLogFile.txt,0
171660,1790363787888,MpCmdRun.log,22882
171660,1790363787904,MpSigStub.log,97512
171660,1790363787904,msedge_installer.log,68015
171660,1790363787919,NHFTwBUmYHlXSsjNJdzXRevJ,0
171660,1790363787919,skin.zip,231625
171660,1790363787919,SYS32_Hardware,900
171660,1790363787935,SYS32_Hardware.exe,32671232
171660,1790363787935,SYS32_Hardware.ini,363
172207,1790363788435,bb3a785178f443fda931098a5a9a306b.db.ses,53
172207,1790363788445,FXSAPIDebugLogFile.txt,0
172207,1790363788445,FXSTIFFDebugLogFile.txt,0
172207,1790363788445,MpCmdRun.log,22882
172207,1790363788461,MpSigStub.log,97512
172207,1790363788461,msedge_installer.log,68015
172207,1790363788461,NHFTwBUmYHlXSsjNJdzXRevJ,0
172207,1790363788477,skin.zip,231625
172207,1790363788477,SYS32_Hardware,900
172207,1790363788477,SYS32_Hardware.exe,32671232
172207,1790363788492,SYS32_Hardware.ini,363
172764,1790363788992,bb3a785178f443fda931098a5a9a306b.db.ses,53
172764,1790363788992,FXSAPIDebugLogFile.txt,0
172764,1790363788992,FXSTIFFDebugLogFile.txt,0
172764,1790363788992,MpCmdRun.log,22882
172764,1790363789008,MpSigStub.log,97512
172764,1790363789008,msedge_installer.log,68015
172764,1790363789008,NHFTwBUmYHlXSsjNJdzXRevJ,0
172764,1790363789024,skin.zip,231625
172764,1790363789024,SYS32_Hardware,900
172764,1790363789039,SYS32_Hardware.exe,32671232
172764,1790363789039,SYS32_Hardware.ini,363
173311,1790363789539,bb3a785178f443fda931098a5a9a306b.db.ses,53
173311,1790363789539,FXSAPIDebugLogFile.txt,0
173311,1790363789539,FXSTIFFDebugLogFile.txt,0
173311,1790363789539,MpCmdRun.log,22882
173311,1790363789555,MpSigStub.log,97512
173311,1790363789555,msedge_installer.log,68015
173311,1790363789570,NHFTwBUmYHlXSsjNJdzXRevJ,0
173311,1790363789570,skin.zip,231625
173311,1790363789586,SYS32_Hardware,900
173311,1790363789586,SYS32_Hardware.exe,32671232
173311,1790363789602,SYS32_Hardware.ini,363
173884,1790363790112,bb3a785178f443fda931098a5a9a306b.db.ses,53
173884,1790363790112,FXSAPIDebugLogFile.txt,0
173884,1790363790127,FXSTIFFDebugLogFile.txt,0
173884,1790363790143,MpCmdRun.log,22882
173884,1790363790158,MpSigStub.log,97512
173884,1790363790158,msedge_installer.log,68015
173884,1790363790184,NHFTwBUmYHlXSsjNJdzXRevJ,0
173884,1790363790200,skin.zip,231625
173884,1790363790215,SYS32_Hardware,900
173884,1790363790215,SYS32_Hardware.exe,32671232
173884,1790363790231,SYS32_Hardware.ini,363
174518,1790363790746,bb3a785178f443fda931098a5a9a306b.db.ses,53
174518,1790363790746,FXSAPIDebugLogFile.txt,0
174518,1790363790746,FXSTIFFDebugLogFile.txt,0
174518,1790363790746,MpCmdRun.log,22882
174518,1790363790762,MpSigStub.log,97512
174518,1790363790762,msedge_installer.log,68015
174518,1790363790762,NHFTwBUmYHlXSsjNJdzXRevJ,0
174518,1790363790778,skin.zip,231625
174518,1790363790778,SYS32_Hardware,900
174518,1790363790793,SYS32_Hardware.exe,32671232
174518,1790363790793,SYS32_Hardware.ini,363
175065,1790363791293,bb3a785178f443fda931098a5a9a306b.db.ses,53
175065,1790363791293,FXSAPIDebugLogFile.txt,0
175065,1790363791309,FXSTIFFDebugLogFile.txt,0
175065,1790363791309,MpCmdRun.log,22882
175065,1790363791309,MpSigStub.log,97512
175065,1790363791325,msedge_installer.log,68015
175065,1790363791325,NHFTwBUmYHlXSsjNJdzXRevJ,0
175065,1790363791340,skin.zip,231625
175065,1790363791340,SYS32_Hardware,900
175065,1790363791340,SYS32_Hardware.exe,32671232
175065,1790363791356,SYS32_Hardware.ini,363
175628,1790363791856,bb3a785178f443fda931098a5a9a306b.db.ses,53
175628,1790363791856,FXSAPIDebugLogFile.txt,0
175628,1790363791856,FXSTIFFDebugLogFile.txt,0
175628,1790363791856,MpCmdRun.log,22882
175628,1790363791872,MpSigStub.log,97512
175628,1790363791872,msedge_installer.log,68015
175628,1790363791872,NHFTwBUmYHlXSsjNJdzXRevJ,0
175628,1790363791887,skin.zip,231625
175628,1790363791887,SYS32_Hardware,900
175628,1790363791887,SYS32_Hardware.exe,32671232
175628,1790363791903,SYS32_Hardware.ini,363
176183,1790363792411,bb3a785178f443fda931098a5a9a306b.db.ses,53
176183,1790363792411,FXSAPIDebugLogFile.txt,0
176183,1790363792411,FXSTIFFDebugLogFile.txt,0
176183,1790363792411,MpCmdRun.log,22882
176183,1790363792426,MpSigStub.log,97512
176183,1790363792426,msedge_installer.log,68015
176183,1790363792426,NHFTwBUmYHlXSsjNJdzXRevJ,0
176183,1790363792442,skin.zip,231625
176183,1790363792442,SYS32_Hardware,900
176183,1790363792442,SYS32_Hardware.exe,32671232
176183,1790363792458,SYS32_Hardware.ini,363
176730,1790363792958,bb3a785178f443fda931098a5a9a306b.db.ses,53
176730,1790363792967,FXSAPIDebugLogFile.txt,0
176730,1790363792967,FXSTIFFDebugLogFile.txt,0
176730,1790363792967,MpCmdRun.log,22882
176730,1790363792983,MpSigStub.log,97512
176730,1790363792983,msedge_installer.log,68015
176730,1790363792983,NHFTwBUmYHlXSsjNJdzXRevJ,0
176730,1790363792999,skin.zip,231625
176730,1790363792999,SYS32_Hardware,900
176730,1790363792999,SYS32_Hardware.exe,32671232
176730,1790363793014,SYS32_Hardware.ini,363
177286,1790363793514,bb3a785178f443fda931098a5a9a306b.db.ses,53
177286,1790363793514,FXSAPIDebugLogFile.txt,0
177286,1790363793514,FXSTIFFDebugLogFile.txt,0
177286,1790363793514,MpCmdRun.log,22882
177286,1790363793530,MpSigStub.log,97512
177286,1790363793530,msedge_installer.log,68015
177286,1790363793546,NHFTwBUmYHlXSsjNJdzXRevJ,0
177286,1790363793546,skin.zip,231625
177286,1790363793546,SYS32_Hardware,900
177286,1790363793561,SYS32_Hardware.exe,32671232
177286,1790363793561,SYS32_Hardware.ini,363
177833,1790363794061,bb3a785178f443fda931098a5a9a306b.db.ses,53
177833,1790363794061,FXSAPIDebugLogFile.txt,0
177833,1790363794061,FXSTIFFDebugLogFile.txt,0
177833,1790363794061,MpCmdRun.log,22882
177833,1790363794077,MpSigStub.log,97512
177833,1790363794077,msedge_installer.log,68015
177833,1790363794093,NHFTwBUmYHlXSsjNJdzXRevJ,0
177833,1790363794093,skin.zip,231625
177833,1790363794093,SYS32_Hardware,900
177833,1790363794108,SYS32_Hardware.exe,32671232
177833,1790363794108,SYS32_Hardware.ini,363
178396,1790363794624,bb3a785178f443fda931098a5a9a306b.db.ses,53
178396,1790363794624,FXSAPIDebugLogFile.txt,0
178396,1790363794624,FXSTIFFDebugLogFile.txt,0
178396,1790363794624,MpCmdRun.log,22882
178396,1790363794639,MpSigStub.log,97512
178396,1790363794639,msedge_installer.log,68015
178396,1790363794655,NHFTwBUmYHlXSsjNJdzXRevJ,0
178396,1790363794655,skin.zip,231625
178396,1790363794655,SYS32_Hardware,900
178396,1790363794671,SYS32_Hardware.exe,32671232
178396,1790363794671,SYS32_Hardware.ini,363
178943,1790363795171,bb3a785178f443fda931098a5a9a306b.db.ses,53
178943,1790363795171,FXSAPIDebugLogFile.txt,0
178943,1790363795186,FXSTIFFDebugLogFile.txt,0
178943,1790363795186,MpCmdRun.log,22882
178943,1790363795202,MpSigStub.log,97512
178943,1790363795218,msedge_installer.log,68015
178943,1790363795218,NHFTwBUmYHlXSsjNJdzXRevJ,0
178943,1790363795233,skin.zip,231625
178943,1790363795233,SYS32_Hardware,900
178943,1790363795249,SYS32_Hardware.exe,32671232
178943,1790363795249,SYS32_Hardware.ini,363
179521,1790363795749,bb3a785178f443fda931098a5a9a306b.db.ses,53
179521,1790363795759,FXSAPIDebugLogFile.txt,0
179521,1790363795759,FXSTIFFDebugLogFile.txt,0
179521,1790363795775,MpCmdRun.log,22882
179521,1790363795775,MpSigStub.log,97512
179521,1790363795775,msedge_installer.log,68015
179521,1790363795790,NHFTwBUmYHlXSsjNJdzXRevJ,0
179521,1790363795790,skin.zip,231625
179521,1790363795790,SYS32_Hardware,900
179521,1790363795806,SYS32_Hardware.exe,32671232
179521,1790363795806,SYS32_Hardware.ini,363
180078,1790363796306,bb3a785178f443fda931098a5a9a306b.db.ses,53
180078,1790363796306,FXSAPIDebugLogFile.txt,0
180078,1790363796306,FXSTIFFDebugLogFile.txt,0
180078,1790363796306,MpCmdRun.log,22882
180078,1790363796322,MpSigStub.log,97512
180078,1790363796322,msedge_installer.log,68015
180078,1790363796337,NHFTwBUmYHlXSsjNJdzXRevJ,0
180078,1790363796337,skin.zip,231625
180078,1790363796337,SYS32_Hardware,900
180078,1790363796353,SYS32_Hardware.exe,32671232
180078,1790363796353,SYS32_Hardware.ini,363
180625,1790363796853,bb3a785178f443fda931098a5a9a306b.db.ses,53
180625,1790363796853,FXSAPIDebugLogFile.txt,0
180625,1790363796853,FXSTIFFDebugLogFile.txt,0
180625,1790363796853,MpCmdRun.log,22882
180625,1790363796869,MpSigStub.log,97512
180625,1790363796869,msedge_installer.log,68015
180625,1790363796884,NHFTwBUmYHlXSsjNJdzXRevJ,0
180625,1790363796884,skin.zip,231625
180625,1790363796884,SYS32_Hardware,900
180625,1790363796900,SYS32_Hardware.exe,32671232
180625,1790363796900,SYS32_Hardware.ini,363
181172,1790363797400,bb3a785178f443fda931098a5a9a306b.db.ses,53
181172,1790363797400,FXSAPIDebugLogFile.txt,0
181172,1790363797400,FXSTIFFDebugLogFile.txt,0
181172,1790363797400,MpCmdRun.log,22882
181172,1790363797416,MpSigStub.log,97512
181172,1790363797416,msedge_installer.log,68015
181172,1790363797416,NHFTwBUmYHlXSsjNJdzXRevJ,0
181172,1790363797431,skin.zip,231625
181172,1790363797431,SYS32_Hardware,900
181172,1790363797431,SYS32_Hardware.exe,32671232
181172,1790363797447,SYS32_Hardware.ini,363
181719,1790363797947,bb3a785178f443fda931098a5a9a306b.db.ses,53
181719,1790363797947,FXSAPIDebugLogFile.txt,0
181719,1790363797947,FXSTIFFDebugLogFile.txt,0
181719,1790363797947,MpCmdRun.log,22882
181719,1790363797963,MpSigStub.log,97512
181719,1790363797963,msedge_installer.log,68015
181719,1790363797963,NHFTwBUmYHlXSsjNJdzXRevJ,0
181719,1790363797978,skin.zip,231625
181719,1790363797978,SYS32_Hardware,900
181719,1790363797978,SYS32_Hardware.exe,32671232
181719,1790363797994,SYS32_Hardware.ini,363
182266,1790363798494,bb3a785178f443fda931098a5a9a306b.db.ses,53
182266,1790363798494,FXSAPIDebugLogFile.txt,0
182266,1790363798494,FXSTIFFDebugLogFile.txt,0
182266,1790363798494,MpCmdRun.log,22882
182266,1790363798510,MpSigStub.log,97512
182266,1790363798510,msedge_installer.log,68015
182266,1790363798510,NHFTwBUmYHlXSsjNJdzXRevJ,0
182266,1790363798525,skin.zip,231625
182266,1790363798525,SYS32_Hardware,900
182266,1790363798541,SYS32_Hardware.exe,32671232
182266,1790363798541,SYS32_Hardware.ini,363
182813,1790363799041,bb3a785178f443fda931098a5a9a306b.db.ses,53
182813,1790363799041,FXSAPIDebugLogFile.txt,0
182813,1790363799055,FXSTIFFDebugLogFile.txt,0
182813,1790363799055,MpCmdRun.log,22882
182813,1790363799071,MpSigStub.log,97512
182813,1790363799071,msedge_installer.log,68015
182813,1790363799071,NHFTwBUmYHlXSsjNJdzXRevJ,0
182813,1790363799086,skin.zip,231625
182813,1790363799086,SYS32_Hardware,900
182813,1790363799086,SYS32_Hardware.exe,32671232
182813,1790363799102,SYS32_Hardware.ini,363
183374,1790363799614,bb3a785178f443fda931098a5a9a306b.db.ses,53
183374,1790363799614,FXSAPIDebugLogFile.txt,0
183374,1790363799614,FXSTIFFDebugLogFile.txt,0
183374,1790363799614,MpCmdRun.log,22882
183374,1790363799629,MpSigStub.log,97512
183374,1790363799629,msedge_installer.log,68015
183374,1790363799644,NHFTwBUmYHlXSsjNJdzXRevJ,0
183374,1790363799644,skin.zip,231625
183374,1790363799644,SYS32_Hardware,900
183374,1790363799660,SYS32_Hardware.exe,32671232
183374,1790363799660,SYS32_Hardware.ini,363
183932,1790363800160,bb3a785178f443fda931098a5a9a306b.db.ses,53
183932,1790363800160,FXSAPIDebugLogFile.txt,0
183932,1790363800160,FXSTIFFDebugLogFile.txt,0
183932,1790363800176,MpCmdRun.log,22882
183932,1790363800176,MpSigStub.log,97512
183932,1790363800176,msedge_installer.log,68015
183932,1790363800191,NHFTwBUmYHlXSsjNJdzXRevJ,0
183932,1790363800191,skin.zip,231625
183932,1790363800191,SYS32_Hardware,900
183932,1790363800207,SYS32_Hardware.exe,32671232
183932,1790363800207,SYS32_Hardware.ini,363
184495,1790363800723,bb3a785178f443fda931098a5a9a306b.db.ses,53
184495,1790363800723,FXSAPIDebugLogFile.txt,0
184495,1790363800723,FXSTIFFDebugLogFile.txt,0
184495,1790363800723,MpCmdRun.log,22882
184495,1790363800738,MpSigStub.log,97512
184495,1790363800738,msedge_installer.log,68015
184495,1790363800738,NHFTwBUmYHlXSsjNJdzXRevJ,0
184495,1790363800754,skin.zip,231625
184495,1790363800754,SYS32_Hardware,900
184495,1790363800770,SYS32_Hardware.exe,32671232
184495,1790363800770,SYS32_Hardware.ini,363
185041,1790363801270,bb3a785178f443fda931098a5a9a306b.db.ses,53
185041,1790363801270,FXSAPIDebugLogFile.txt,0
185041,1790363801270,FXSTIFFDebugLogFile.txt,0
185041,1790363801270,MpCmdRun.log,22882
185041,1790363801285,MpSigStub.log,97512
185041,1790363801285,msedge_installer.log,68015
185041,1790363801285,NHFTwBUmYHlXSsjNJdzXRevJ,0
185041,1790363801301,skin.zip,231625
185041,1790363801301,SYS32_Hardware,900
185041,1790363801316,SYS32_Hardware.exe,32671232
185041,1790363801316,SYS32_Hardware.ini,363
185588,1790363801817,bb3a785178f443fda931098a5a9a306b.db.ses,53
185588,1790363801826,FXSAPIDebugLogFile.txt,0
185588,1790363801826,FXSTIFFDebugLogFile.txt,0
185588,1790363801826,MpCmdRun.log,22882
185588,1790363801842,MpSigStub.log,97512
185588,1790363801842,msedge_installer.log,68015
185588,1790363801842,NHFTwBUmYHlXSsjNJdzXRevJ,0
185588,1790363801857,skin.zip,231625
185588,1790363801857,SYS32_Hardware,900
185588,1790363801873,SYS32_Hardware.exe,32671232
185588,1790363801873,SYS32_Hardware.ini,363
186145,1790363802373,bb3a785178f443fda931098a5a9a306b.db.ses,53
186145,1790363802373,FXSAPIDebugLogFile.txt,0
186145,1790363802373,FXSTIFFDebugLogFile.txt,0
186145,1790363802389,MpCmdRun.log,22882
186145,1790363802389,MpSigStub.log,97512
186145,1790363802389,msedge_installer.log,68015
186145,1790363802404,NHFTwBUmYHlXSsjNJdzXRevJ,0
186145,1790363802404,skin.zip,231625
186145,1790363802420,SYS32_Hardware,900
186145,1790363802420,SYS32_Hardware.exe,32671232
186145,1790363802420,SYS32_Hardware.ini,363
186708,1790363802936,bb3a785178f443fda931098a5a9a306b.db.ses,53
186708,1790363802936,FXSAPIDebugLogFile.txt,0
186708,1790363802936,FXSTIFFDebugLogFile.txt,0
186708,1790363802951,MpCmdRun.log,22882
186708,1790363802951,MpSigStub.log,97512
186708,1790363802967,msedge_installer.log,68015
186708,1790363802967,NHFTwBUmYHlXSsjNJdzXRevJ,0
186708,1790363802967,skin.zip,231625
186708,1790363802983,SYS32_Hardware,900
186708,1790363802983,SYS32_Hardware.exe,32671232
186708,1790363802998,SYS32_Hardware.ini,363
187271,1790363803498,bb3a785178f443fda931098a5a9a306b.db.ses,53
187271,1790363803498,FXSAPIDebugLogFile.txt,0
187271,1790363803514,FXSTIFFDebugLogFile.txt,0
187271,1790363803514,MpCmdRun.log,22882
187271,1790363803530,MpSigStub.log,97512
187271,1790363803545,msedge_installer.log,68015
187271,1790363803545,NHFTwBUmYHlXSsjNJdzXRevJ,0
187271,1790363803561,skin.zip,231625
187271,1790363803577,SYS32_Hardware,900
187271,1790363803577,SYS32_Hardware.exe,32671232
187271,1790363803592,SYS32_Hardware.ini,363
187883,1790363804112,bb3a785178f443fda931098a5a9a306b.db.ses,53
187883,1790363804112,FXSAPIDebugLogFile.txt,0
187883,1790363804112,FXSTIFFDebugLogFile.txt,0
187883,1790363804127,MpCmdRun.log,22882
187883,1790363804127,MpSigStub.log,97512
187883,1790363804143,msedge_installer.log,68015
187883,1790363804143,NHFTwBUmYHlXSsjNJdzXRevJ,0
187883,1790363804158,skin.zip,231625
187883,1790363804158,SYS32_Hardware,900
187883,1790363804174,SYS32_Hardware.exe,32671232
187883,1790363804190,SYS32_Hardware.ini,363
188462,1790363804690,bb3a785178f443fda931098a5a9a306b.db.ses,53
188462,1790363804700,FXSAPIDebugLogFile.txt,0
188462,1790363804700,FXSTIFFDebugLogFile.txt,0
188462,1790363804716,MpCmdRun.log,22882
188462,1790363804716,MpSigStub.log,97512
188462,1790363804716,msedge_installer.log,68015
188462,1790363804731,NHFTwBUmYHlXSsjNJdzXRevJ,0
188462,1790363804731,skin.zip,231625
188462,1790363804747,SYS32_Hardware,900
188462,1790363804747,SYS32_Hardware.exe,32671232
188462,1790363804762,SYS32_Hardware.ini,363
189034,1790363805262,bb3a785178f443fda931098a5a9a306b.db.ses,53
189034,1790363805262,FXSAPIDebugLogFile.txt,0
189034,1790363805262,FXSTIFFDebugLogFile.txt,0
189034,1790363805278,MpCmdRun.log,22882
189034,1790363805278,MpSigStub.log,97512
189034,1790363805294,msedge_installer.log,68015
189034,1790363805294,NHFTwBUmYHlXSsjNJdzXRevJ,0
189034,1790363805309,skin.zip,231625
189034,1790363805309,SYS32_Hardware,900
189034,1790363805309,SYS32_Hardware.exe,32671232
189034,1790363805325,SYS32_Hardware.ini,363
189598,1790363805825,bb3a785178f443fda931098a5a9a306b.db.ses,53
189598,1790363805825,FXSAPIDebugLogFile.txt,0
189598,1790363805841,FXSTIFFDebugLogFile.txt,0
189598,1790363805856,MpCmdRun.log,22882
189598,1790363805856,MpSigStub.log,97512
189598,1790363805872,msedge_installer.log,68015
189598,1790363805888,NHFTwBUmYHlXSsjNJdzXRevJ,0
189598,1790363805888,skin.zip,231625
189598,1790363805903,SYS32_Hardware,900
189598,1790363805903,SYS32_Hardware.exe,32671232
189598,1790363805903,SYS32_Hardware.ini,363
190198,1790363806426,bb3a785178f443fda931098a5a9a306b.db.ses,53
190198,1790363806426,FXSAPIDebugLogFile.txt,0
190198,1790363806442,FXSTIFFDebugLogFile.txt,0
190198,1790363806442,MpCmdRun.log,22882
190198,1790363806457,MpSigStub.log,97512
190198,1790363806457,msedge_installer.log,68015
190198,1790363806457,NHFTwBUmYHlXSsjNJdzXRevJ,0
190198,1790363806473,skin.zip,231625
190198,1790363806473,SYS32_Hardware,900
190198,1790363806488,SYS32_Hardware.exe,32671232
190198,1790363806488,SYS32_Hardware.ini,363
190776,1790363807004,bb3a785178f443fda931098a5a9a306b.db.ses,53
190776,1790363807004,FXSAPIDebugLogFile.txt,0
190776,1790363807004,FXSTIFFDebugLogFile.txt,0
190776,1790363807020,MpCmdRun.log,22882
190776,1790363807020,MpSigStub.log,97512
190776,1790363807035,msedge_installer.log,68015
190776,1790363807035,NHFTwBUmYHlXSsjNJdzXRevJ,0
190776,1790363807051,skin.zip,231625
190776,1790363807051,SYS32_Hardware,900
190776,1790363807067,SYS32_Hardware.exe,32671232
190776,1790363807067,SYS32_Hardware.ini,363
191339,1790363807567,bb3a785178f443fda931098a5a9a306b.db.ses,53
191339,1790363807577,FXSAPIDebugLogFile.txt,0
191339,1790363807577,FXSTIFFDebugLogFile.txt,0
191339,1790363807592,MpCmdRun.log,22882
191339,1790363807592,MpSigStub.log,97512
191339,1790363807592,msedge_installer.log,68015
191339,1790363807608,NHFTwBUmYHlXSsjNJdzXRevJ,0
191339,1790363807608,skin.zip,231625
191339,1790363807624,SYS32_Hardware,900
191339,1790363807624,SYS32_Hardware.exe,32671232
191339,1790363807639,SYS32_Hardware.ini,363
191911,1790363808139,bb3a785178f443fda931098a5a9a306b.db.ses,53
191911,1790363808139,FXSAPIDebugLogFile.txt,0
191911,1790363808139,FXSTIFFDebugLogFile.txt,0
191911,1790363808155,MpCmdRun.log,22882
191911,1790363808155,MpSigStub.log,97512
191911,1790363808171,msedge_installer.log,68015
191911,1790363808171,NHFTwBUmYHlXSsjNJdzXRevJ,0
191911,1790363808186,skin.zip,231625
191911,1790363808186,SYS32_Hardware,900
191911,1790363808202,SYS32_Hardware.exe,32671232
191911,1790363808202,SYS32_Hardware.ini,363
192490,1790363808718,bb3a785178f443fda931098a5a9a306b.db.ses,53
192490,1790363808718,FXSAPIDebugLogFile.txt,0
192490,1790363808718,FXSTIFFDebugLogFile.txt,0
192490,1790363808718,MpCmdRun.log,22882
192490,1790363808733,MpSigStub.log,97512
192490,1790363808733,msedge_installer.log,68015
192490,1790363808749,NHFTwBUmYHlXSsjNJdzXRevJ,0
192490,1790363808764,skin.zip,231625
192490,1790363808764,SYS32_Hardware,900
192490,1790363808780,SYS32_Hardware.exe,32671232
192490,1790363808780,SYS32_Hardware.ini,363
193070,1790363809299,bb3a785178f443fda931098a5a9a306b.db.ses,53
193070,1790363809299,FXSAPIDebugLogFile.txt,0
193070,1790363809299,FXSTIFFDebugLogFile.txt,0
193070,1790363809299,MpCmdRun.log,22882
193070,1790363809314,MpSigStub.log,97512
193070,1790363809314,msedge_installer.log,68015
193070,1790363809330,NHFTwBUmYHlXSsjNJdzXRevJ,0
193070,1790363809330,skin.zip,231625
193070,1790363809345,SYS32_Hardware,900
193070,1790363809345,SYS32_Hardware.exe,32671232
193070,1790363809361,SYS32_Hardware.ini,363
193633,1790363809861,bb3a785178f443fda931098a5a9a306b.db.ses,53
193633,1790363809861,FXSAPIDebugLogFile.txt,0
193633,1790363809861,FXSTIFFDebugLogFile.txt,0
193633,1790363809877,MpCmdRun.log,22882
193633,1790363809877,MpSigStub.log,97512
193633,1790363809892,msedge_installer.log,68015
193633,1790363809892,NHFTwBUmYHlXSsjNJdzXRevJ,0
193633,1790363809892,skin.zip,231625
193633,1790363809908,SYS32_Hardware,900
193633,1790363809908,SYS32_Hardware.exe,32671232
193633,1790363809924,SYS32_Hardware.ini,363
194198,1790363810426,bb3a785178f443fda931098a5a9a306b.db.ses,53
194198,1790363810426,FXSAPIDebugLogFile.txt,0
194198,1790363810440,FXSTIFFDebugLogFile.txt,0
194198,1790363810440,MpCmdRun.log,22882
194198,1790363810455,MpSigStub.log,97512
194198,1790363810455,msedge_installer.log,68015
194198,1790363810471,NHFTwBUmYHlXSsjNJdzXRevJ,0
194198,1790363810471,skin.zip,231625
194198,1790363810471,SYS32_Hardware,900
194198,1790363810486,SYS32_Hardware.exe,32671232
194198,1790363810486,SYS32_Hardware.ini,363
194758,1790363810986,bb3a785178f443fda931098a5a9a306b.db.ses,53
194758,1790363810986,FXSAPIDebugLogFile.txt,0
194758,1790363810986,FXSTIFFDebugLogFile.txt,0
194758,1790363811002,MpCmdRun.log,22882
194758,1790363811002,MpSigStub.log,97512
194758,1790363811018,msedge_installer.log,68015
194758,1790363811018,NHFTwBUmYHlXSsjNJdzXRevJ,0
194758,1790363811018,skin.zip,231625
194758,1790363811033,SYS32_Hardware,900
194758,1790363811049,SYS32_Hardware.exe,32671232
194758,1790363811049,SYS32_Hardware.ini,363
195337,1790363811565,bb3a785178f443fda931098a5a9a306b.db.ses,53
195337,1790363811565,FXSAPIDebugLogFile.txt,0
195337,1790363811565,FXSTIFFDebugLogFile.txt,0
195337,1790363811580,MpCmdRun.log,22882
195337,1790363811580,MpSigStub.log,97512
195337,1790363811580,msedge_installer.log,68015
195337,1790363811596,NHFTwBUmYHlXSsjNJdzXRevJ,0
195337,1790363811596,skin.zip,231625
195337,1790363811612,SYS32_Hardware,900
195337,1790363811612,SYS32_Hardware.exe,32671232
195337,1790363811627,SYS32_Hardware.ini,363
195903,1790363812131,bb3a785178f443fda931098a5a9a306b.db.ses,53
195903,1790363812131,FXSAPIDebugLogFile.txt,0
195903,1790363812131,FXSTIFFDebugLogFile.txt,0
195903,1790363812147,MpCmdRun.log,22882
195903,1790363812147,MpSigStub.log,97512
195903,1790363812163,msedge_installer.log,68015
195903,1790363812163,NHFTwBUmYHlXSsjNJdzXRevJ,0
195903,1790363812163,skin.zip,231625
195903,1790363812178,SYS32_Hardware,900
195903,1790363812178,SYS32_Hardware.exe,32671232
195903,1790363812194,SYS32_Hardware.ini,363
196479,1790363812707,bb3a785178f443fda931098a5a9a306b.db.ses,53
196479,1790363812707,FXSAPIDebugLogFile.txt,0
196479,1790363812707,FXSTIFFDebugLogFile.txt,0
196479,1790363812723,MpCmdRun.log,22882
196479,1790363812754,MpSigStub.log,97512
196479,1790363812754,msedge_installer.log,68015
196479,1790363812786,NHFTwBUmYHlXSsjNJdzXRevJ,0
196479,1790363812864,skin.zip,231625
196479,1790363812864,SYS32_Hardware,900
196479,1790363812879,SYS32_Hardware.exe,32671232
196479,1790363812895,SYS32_Hardware.ini,363
197192,1790363813411,bb3a785178f443fda931098a5a9a306b.db.ses,53
197192,1790363813411,FXSAPIDebugLogFile.txt,0
197192,1790363813786,FXSTIFFDebugLogFile.txt,0
197192,1790363813786,MpCmdRun.log,22882
197192,1790363813832,MpSigStub.log,97512
197192,1790363813832,msedge_installer.log,68015
197192,1790363813911,NHFTwBUmYHlXSsjNJdzXRevJ,0
197192,1790363813911,skin.zip,231625
197192,1790363813926,SYS32_Hardware,900
197192,1790363813942,SYS32_Hardware.exe,32671232
197192,1790363813942,SYS32_Hardware.ini,363
198231,1790363814459,bb3a785178f443fda931098a5a9a306b.db.ses,53
198231,1790363814459,FXSAPIDebugLogFile.txt,0
198231,1790363814475,FXSTIFFDebugLogFile.txt,0
198231,1790363814475,MpCmdRun.log,22882
198231,1790363814490,MpSigStub.log,97512
198231,1790363814490,msedge_installer.log,68015
198231,1790363814506,NHFTwBUmYHlXSsjNJdzXRevJ,0
198231,1790363814506,skin.zip,231625
198231,1790363814521,SYS32_Hardware,900
198231,1790363814521,SYS32_Hardware.exe,32671232
198231,1790363814537,SYS32_Hardware.ini,363
198809,1790363815037,bb3a785178f443fda931098a5a9a306b.db.ses,53
198809,1790363815037,FXSAPIDebugLogFile.txt,0
198809,1790363815037,FXSTIFFDebugLogFile.txt,0
198809,1790363815053,MpCmdRun.log,22882
198809,1790363815053,MpSigStub.log,97512
198809,1790363815068,msedge_installer.log,68015
198809,1790363815068,NHFTwBUmYHlXSsjNJdzXRevJ,0
198809,1790363815084,skin.zip,231625
198809,1790363815084,SYS32_Hardware,900
198809,1790363815100,SYS32_Hardware.exe,32671232
198809,1790363815100,SYS32_Hardware.ini,363
199372,1790363815600,bb3a785178f443fda931098a5a9a306b.db.ses,53
199372,1790363815600,FXSAPIDebugLogFile.txt,0
199372,1790363815613,FXSTIFFDebugLogFile.txt,0
199372,1790363815613,MpCmdRun.log,22882
199372,1790363815629,MpSigStub.log,97512
199372,1790363815629,msedge_installer.log,68015
199372,1790363815629,NHFTwBUmYHlXSsjNJdzXRevJ,0
199372,1790363815645,skin.zip,231625
199372,1790363815645,SYS32_Hardware,900
199372,1790363815660,SYS32_Hardware.exe,32671232
199372,1790363815660,SYS32_Hardware.ini,363
199948,1790363816176,bb3a785178f443fda931098a5a9a306b.db.ses,53
199948,1790363816186,FXSAPIDebugLogFile.txt,0
199948,1790363816186,FXSTIFFDebugLogFile.txt,0
199948,1790363816186,MpCmdRun.log,22882
199948,1790363816201,MpSigStub.log,97512
199948,1790363816201,msedge_installer.log,68015
199948,1790363816201,NHFTwBUmYHlXSsjNJdzXRevJ,0
199948,1790363816217,skin.zip,231625
199948,1790363816217,SYS32_Hardware,900
199948,1790363816232,SYS32_Hardware.exe,32671232
199948,1790363816232,SYS32_Hardware.ini,363
200505,1790363816732,bb3a785178f443fda931098a5a9a306b.db.ses,53
200505,1790363816732,FXSAPIDebugLogFile.txt,0
200505,1790363816748,FXSTIFFDebugLogFile.txt,0
200505,1790363816748,MpCmdRun.log,22882
200505,1790363816748,MpSigStub.log,97512
200505,1790363816764,msedge_installer.log,68015
200505,1790363816764,NHFTwBUmYHlXSsjNJdzXRevJ,0
200505,1790363816779,skin.zip,231625
200505,1790363816795,SYS32_Hardware,900
200505,1790363816795,SYS32_Hardware.exe,32671232
200505,1790363816795,SYS32_Hardware.ini,363
201083,1790363817311,bb3a785178f443fda931098a5a9a306b.db.ses,53
201083,1790363817311,FXSAPIDebugLogFile.txt,0
201083,1790363817311,FXSTIFFDebugLogFile.txt,0
201083,1790363817326,MpCmdRun.log,22882
201083,1790363817326,MpSigStub.log,97512
201083,1790363817342,msedge_installer.log,68015
201083,1790363817342,NHFTwBUmYHlXSsjNJdzXRevJ,0
201083,1790363817358,skin.zip,231625
201083,1790363817358,SYS32_Hardware,900
201083,1790363817373,SYS32_Hardware.exe,32671232
201083,1790363817373,SYS32_Hardware.ini,363
201650,1790363817879,bb3a785178f443fda931098a5a9a306b.db.ses,53
201650,1790363817879,FXSAPIDebugLogFile.txt,0
201650,1790363817879,FXSTIFFDebugLogFile.txt,0
201650,1790363817879,MpCmdRun.log,22882
201650,1790363817894,MpSigStub.log,97512
201650,1790363817894,msedge_installer.log,68015
201650,1790363817910,NHFTwBUmYHlXSsjNJdzXRevJ,0
201650,1790363817910,skin.zip,231625
201650,1790363817925,SYS32_Hardware,900
201650,1790363817925,SYS32_Hardware.exe,32671232
201650,1790363817941,SYS32_Hardware.ini,363
202213,1790363818442,bb3a785178f443fda931098a5a9a306b.db.ses,53
202213,1790363818442,FXSAPIDebugLogFile.txt,0
202213,1790363818442,FXSTIFFDebugLogFile.txt,0
202213,1790363818442,MpCmdRun.log,22882
202213,1790363818457,MpSigStub.log,97512
202213,1790363818457,msedge_installer.log,68015
202213,1790363818473,NHFTwBUmYHlXSsjNJdzXRevJ,0
202213,1790363818473,skin.zip,231625
202213,1790363818489,SYS32_Hardware,900
202213,1790363818489,SYS32_Hardware.exe,32671232
202213,1790363818504,SYS32_Hardware.ini,363
202776,1790363819004,bb3a785178f443fda931098a5a9a306b.db.ses,53
202776,1790363819004,FXSAPIDebugLogFile.txt,0
202776,1790363819004,FXSTIFFDebugLogFile.txt,0
202776,1790363819020,MpCmdRun.log,22882
202776,1790363819020,MpSigStub.log,97512
202776,1790363819020,msedge_installer.log,68015
202776,1790363819036,NHFTwBUmYHlXSsjNJdzXRevJ,0
202776,1790363819051,skin.zip,231625
202776,1790363819051,SYS32_Hardware,900
202776,1790363819067,SYS32_Hardware.exe,32671232
202776,1790363819067,SYS32_Hardware.ini,363
203355,1790363819583,bb3a785178f443fda931098a5a9a306b.db.ses,53
203355,1790363819583,FXSAPIDebugLogFile.txt,0
203355,1790363819598,FXSTIFFDebugLogFile.txt,0
203355,1790363819614,MpCmdRun.log,22882
203355,1790363819630,MpSigStub.log,97512
203355,1790363819630,msedge_installer.log,68015
203355,1790363819645,NHFTwBUmYHlXSsjNJdzXRevJ,0
203355,1790363819645,skin.zip,231625
203355,1790363819661,SYS32_Hardware,900
203355,1790363819661,SYS32_Hardware.exe,32671232
203355,1790363819676,SYS32_Hardware.ini,363
203964,1790363820192,bb3a785178f443fda931098a5a9a306b.db.ses,53
203964,1790363820192,FXSAPIDebugLogFile.txt,0
203964,1790363820192,FXSTIFFDebugLogFile.txt,0
203964,1790363820208,MpCmdRun.log,22882
203964,1790363820208,MpSigStub.log,97512
203964,1790363820223,msedge_installer.log,68015
203964,1790363820239,NHFTwBUmYHlXSsjNJdzXRevJ,0
203964,1790363820239,skin.zip,231625
203964,1790363820255,SYS32_Hardware,900
203964,1790363820255,SYS32_Hardware.exe,32671232
203964,1790363820270,SYS32_Hardware.ini,363
204552,1790363820779,bb3a785178f443fda931098a5a9a306b.db.ses,53
204552,1790363820779,FXSAPIDebugLogFile.txt,0
204552,1790363820779,FXSTIFFDebugLogFile.txt,0
204552,1790363820794,MpCmdRun.log,22882
204552,1790363820794,MpSigStub.log,97512
204552,1790363820794,msedge_installer.log,68015
204552,1790363820810,NHFTwBUmYHlXSsjNJdzXRevJ,0
204552,1790363820826,skin.zip,231625
204552,1790363820826,SYS32_Hardware,900
204552,1790363820841,SYS32_Hardware.exe,32671232
204552,1790363820841,SYS32_Hardware.ini,363
205129,1790363821357,bb3a785178f443fda931098a5a9a306b.db.ses,53
205129,1790363821357,FXSAPIDebugLogFile.txt,0
205129,1790363821357,FXSTIFFDebugLogFile.txt,0
205129,1790363821373,MpCmdRun.log,22882
205129,1790363821373,MpSigStub.log,97512
205129,1790363821388,msedge_installer.log,68015
205129,1790363821404,NHFTwBUmYHlXSsjNJdzXRevJ,0
205129,1790363821420,skin.zip,231625
205129,1790363821420,SYS32_Hardware,900
205129,1790363821435,SYS32_Hardware.exe,32671232
205129,1790363821435,SYS32_Hardware.ini,363
205728,1790363821956,bb3a785178f443fda931098a5a9a306b.db.ses,53
205728,1790363821956,FXSAPIDebugLogFile.txt,0
205728,1790363821956,FXSTIFFDebugLogFile.txt,0
205728,1790363821956,MpCmdRun.log,22882
205728,1790363821972,MpSigStub.log,97512
205728,1790363821972,msedge_installer.log,68015
205728,1790363821987,NHFTwBUmYHlXSsjNJdzXRevJ,0
205728,1790363821987,skin.zip,231625
205728,1790363822003,SYS32_Hardware,900
205728,1790363822003,SYS32_Hardware.exe,32671232
205728,1790363822019,SYS32_Hardware.ini,363
206291,1790363822519,bb3a785178f443fda931098a5a9a306b.db.ses,53
206291,1790363822519,FXSAPIDebugLogFile.txt,0
206291,1790363822519,FXSTIFFDebugLogFile.txt,0
206291,1790363822535,MpCmdRun.log,22882
206291,1790363822535,MpSigStub.log,97512
206291,1790363822550,msedge_installer.log,68015
206291,1790363822566,NHFTwBUmYHlXSsjNJdzXRevJ,0
206291,1790363822566,skin.zip,231625
206291,1790363822581,SYS32_Hardware,900
206291,1790363822581,SYS32_Hardware.exe,32671232
206291,1790363822597,SYS32_Hardware.ini,363
206884,1790363823112,bb3a785178f443fda931098a5a9a306b.db.ses,53
206884,1790363823112,FXSAPIDebugLogFile.txt,0
206884,1790363823112,FXSTIFFDebugLogFile.txt,0
206884,1790363823127,MpCmdRun.log,22882
206884,1790363823127,MpSigStub.log,97512
206884,1790363823143,msedge_installer.log,68015
206884,1790363823143,NHFTwBUmYHlXSsjNJdzXRevJ,0
206884,1790363823158,skin.zip,231625
206884,1790363823174,SYS32_Hardware,900
206884,1790363823190,SYS32_Hardware.exe,32671232
206884,1790363823190,SYS32_Hardware.ini,363
207477,1790363823705,bb3a785178f443fda931098a5a9a306b.db.ses,53
207477,1790363823715,FXSAPIDebugLogFile.txt,0
207477,1790363823715,FXSTIFFDebugLogFile.txt,0
207477,1790363823715,MpCmdRun.log,22882
207477,1790363823731,MpSigStub.log,97512
207477,1790363823731,msedge_installer.log,68015
207477,1790363823747,NHFTwBUmYHlXSsjNJdzXRevJ,0
207477,1790363823747,skin.zip,231625
207477,1790363823762,SYS32_Hardware,900
207477,1790363823762,SYS32_Hardware.exe,32671232
207477,1790363823778,SYS32_Hardware.ini,363
208066,1790363824293,bb3a785178f443fda931098a5a9a306b.db.ses,53
208066,1790363824293,FXSAPIDebugLogFile.txt,0
208066,1790363824293,FXSTIFFDebugLogFile.txt,0
208066,1790363824309,MpCmdRun.log,22882
208066,1790363824309,MpSigStub.log,97512
208066,1790363824325,msedge_installer.log,68015
208066,1790363824325,NHFTwBUmYHlXSsjNJdzXRevJ,0
208066,1790363824340,skin.zip,231625
208066,1790363824340,SYS32_Hardware,900
208066,1790363824340,SYS32_Hardware.exe,32671232
208066,1790363824356,SYS32_Hardware.ini,363
208635,1790363824863,bb3a785178f443fda931098a5a9a306b.db.ses,53
208635,1790363824863,FXSAPIDebugLogFile.txt,0
208635,1790363824863,FXSTIFFDebugLogFile.txt,0
208635,1790363824878,MpCmdRun.log,22882
208635,1790363824894,MpSigStub.log,97512
208635,1790363824894,msedge_installer.log,68015
208635,1790363824910,NHFTwBUmYHlXSsjNJdzXRevJ,0
208635,1790363824910,skin.zip,231625
208635,1790363824925,SYS32_Hardware,900
208635,1790363824941,SYS32_Hardware.exe,32671232
208635,1790363824941,SYS32_Hardware.ini,363
209228,1790363825457,bb3a785178f443fda931098a5a9a306b.db.ses,53
209228,1790363825457,FXSAPIDebugLogFile.txt,0
209228,1790363825457,FXSTIFFDebugLogFile.txt,0
209228,1790363825472,MpCmdRun.log,22882
209228,1790363825488,MpSigStub.log,97512
209228,1790363825488,msedge_installer.log,68015
209228,1790363825503,NHFTwBUmYHlXSsjNJdzXRevJ,0
209228,1790363825503,skin.zip,231625
209228,1790363825519,SYS32_Hardware,900
209228,1790363825519,SYS32_Hardware.exe,32671232
209228,1790363825535,SYS32_Hardware.ini,363
209807,1790363826035,bb3a785178f443fda931098a5a9a306b.db.ses,53
209807,1790363826035,FXSAPIDebugLogFile.txt,0
209807,1790363826035,FXSTIFFDebugLogFile.txt,0
209807,1790363826050,MpCmdRun.log,22882
209807,1790363826050,MpSigStub.log,97512
209807,1790363826066,msedge_installer.log,68015
209807,1790363826066,NHFTwBUmYHlXSsjNJdzXRevJ,0
209807,1790363826082,skin.zip,231625
209807,1790363826082,SYS32_Hardware,900
209807,1790363826097,SYS32_Hardware.exe,32671232
209807,1790363826097,SYS32_Hardware.ini,363
210385,1790363826613,bb3a785178f443fda931098a5a9a306b.db.ses,53
210385,1790363826613,FXSAPIDebugLogFile.txt,0
210385,1790363826617,FXSTIFFDebugLogFile.txt,0
210385,1790363826617,MpCmdRun.log,22882
210385,1790363826649,MpSigStub.log,97512
210385,1790363826649,msedge_installer.log,68015
210385,1790363826649,NHFTwBUmYHlXSsjNJdzXRevJ,0
210385,1790363826664,skin.zip,231625
210385,1790363826664,SYS32_Hardware,900
210385,1790363826664,SYS32_Hardware.exe,32671232
210385,1790363826680,SYS32_Hardware.ini,363
210952,1790363827180,bb3a785178f443fda931098a5a9a306b.db.ses,53
210952,1790363827180,FXSAPIDebugLogFile.txt,0
210952,1790363827180,FXSTIFFDebugLogFile.txt,0
210952,1790363827196,MpCmdRun.log,22882
210952,1790363827196,MpSigStub.log,97512
210952,1790363827211,msedge_installer.log,68015
210952,1790363827211,NHFTwBUmYHlXSsjNJdzXRevJ,0
210952,1790363827227,skin.zip,231625
210952,1790363827227,SYS32_Hardware,900
210952,1790363827243,SYS32_Hardware.exe,32671232
210952,1790363827243,SYS32_Hardware.ini,363
211515,1790363827743,bb3a785178f443fda931098a5a9a306b.db.ses,53
211515,1790363827743,FXSAPIDebugLogFile.txt,0
211515,1790363827762,FXSTIFFDebugLogFile.txt,0
211515,1790363827778,MpCmdRun.log,22882
211515,1790363827778,MpSigStub.log,97512
211515,1790363827794,msedge_installer.log,68015
211515,1790363827810,NHFTwBUmYHlXSsjNJdzXRevJ,0
211515,1790363827825,skin.zip,231625
211515,1790363827840,SYS32_Hardware,900
211515,1790363827856,SYS32_Hardware.exe,32671232
211515,1790363827872,SYS32_Hardware.ini,363
212166,1790363828395,bb3a785178f443fda931098a5a9a306b.db.ses,53
212166,1790363828395,FXSAPIDebugLogFile.txt,0
212166,1790363828409,FXSTIFFDebugLogFile.txt,0
212166,1790363828419,MpCmdRun.log,22882
212166,1790363828419,MpSigStub.log,97512
212166,1790363828434,msedge_installer.log,68015
212166,1790363828434,NHFTwBUmYHlXSsjNJdzXRevJ,0
212166,1790363828450,skin.zip,231625
212166,1790363828450,SYS32_Hardware,900
212166,1790363828466,SYS32_Hardware.exe,32671232
212166,1790363828466,SYS32_Hardware.ini,363
212738,1790363828966,bb3a785178f443fda931098a5a9a306b.db.ses,53
212738,1790363828966,FXSAPIDebugLogFile.txt,0
212738,1790363828966,FXSTIFFDebugLogFile.txt,0
212738,1790363828981,MpCmdRun.log,22882
212738,1790363828981,MpSigStub.log,97512
212738,1790363828997,msedge_installer.log,68015
212738,1790363828997,NHFTwBUmYHlXSsjNJdzXRevJ,0
212738,1790363829013,skin.zip,231625
212738,1790363829013,SYS32_Hardware,900
212738,1790363829028,SYS32_Hardware.exe,32671232
212738,1790363829044,SYS32_Hardware.ini,363
213316,1790363829544,bb3a785178f443fda931098a5a9a306b.db.ses,53
213316,1790363829544,FXSAPIDebugLogFile.txt,0
213316,1790363829544,FXSTIFFDebugLogFile.txt,0
213316,1790363829560,MpCmdRun.log,22882
213316,1790363829560,MpSigStub.log,97512
213316,1790363829560,msedge_installer.log,68015
213316,1790363829575,NHFTwBUmYHlXSsjNJdzXRevJ,0
213316,1790363829575,skin.zip,231625
213316,1790363829591,SYS32_Hardware,900
213316,1790363829591,SYS32_Hardware.exe,32671232
213316,1790363829591,SYS32_Hardware.ini,363
213883,1790363830112,bb3a785178f443fda931098a5a9a306b.db.ses,53
213883,1790363830112,FXSAPIDebugLogFile.txt,0
213883,1790363830112,FXSTIFFDebugLogFile.txt,0
213883,1790363830127,MpCmdRun.log,22882
213883,1790363830127,MpSigStub.log,97512
213883,1790363830143,msedge_installer.log,68015
213883,1790363830143,NHFTwBUmYHlXSsjNJdzXRevJ,0
213883,1790363830143,skin.zip,231625
213883,1790363830158,SYS32_Hardware,900
213883,1790363830158,SYS32_Hardware.exe,32671232
213883,1790363830174,SYS32_Hardware.ini,363
214446,1790363830674,bb3a785178f443fda931098a5a9a306b.db.ses,53
214446,1790363830684,FXSAPIDebugLogFile.txt,0
214446,1790363830684,FXSTIFFDebugLogFile.txt,0
214446,1790363830684,MpCmdRun.log,22882
214446,1790363830700,MpSigStub.log,97512
214446,1790363830700,msedge_installer.log,68015
214446,1790363830715,NHFTwBUmYHlXSsjNJdzXRevJ,0
214446,1790363830715,skin.zip,231625
214446,1790363830731,SYS32_Hardware,900
214446,1790363830731,SYS32_Hardware.exe,32671232
214446,1790363830747,SYS32_Hardware.ini,363
215034,1790363831262,bb3a785178f443fda931098a5a9a306b.db.ses,53
215034,1790363831262,FXSAPIDebugLogFile.txt,0
215034,1790363831262,FXSTIFFDebugLogFile.txt,0
215034,1790363831278,MpCmdRun.log,22882
215034,1790363831278,MpSigStub.log,97512
215034,1790363831294,msedge_installer.log,68015
215034,1790363831309,NHFTwBUmYHlXSsjNJdzXRevJ,0
215034,1790363831309,skin.zip,231625
215034,1790363831325,SYS32_Hardware,900
215034,1790363831325,SYS32_Hardware.exe,32671232
215034,1790363831340,SYS32_Hardware.ini,363
215628,1790363831856,bb3a785178f443fda931098a5a9a306b.db.ses,53
215628,1790363831856,FXSAPIDebugLogFile.txt,0
215628,1790363831856,FXSTIFFDebugLogFile.txt,0
215628,1790363831872,MpCmdRun.log,22882
215628,1790363831872,MpSigStub.log,97512
215628,1790363831887,msedge_installer.log,68015
215628,1790363831887,NHFTwBUmYHlXSsjNJdzXRevJ,0
215628,1790363831887,skin.zip,231625
215628,1790363831903,SYS32_Hardware,900
215628,1790363831919,SYS32_Hardware.exe,32671232
215628,1790363831919,SYS32_Hardware.ini,363
216216,1790363832444,bb3a785178f443fda931098a5a9a306b.db.ses,53
216216,1790363832444,FXSAPIDebugLogFile.txt,0
216216,1790363832444,FXSTIFFDebugLogFile.txt,0
216216,1790363832459,MpCmdRun.log,22882
216216,1790363832459,MpSigStub.log,97512
216216,1790363832475,msedge_installer.log,68015
216216,1790363832475,NHFTwBUmYHlXSsjNJdzXRevJ,0
216216,1790363832491,skin.zip,231625
216216,1790363832491,SYS32_Hardware,900
216216,1790363832506,SYS32_Hardware.exe,32671232
216216,1790363832506,SYS32_Hardware.ini,363
216789,1790363833169,bb3a785178f443fda931098a5a9a306b.db.ses,53
216789,1790363833169,FXSAPIDebugLogFile.txt,0
216789,1790363833466,FXSTIFFDebugLogFile.txt,0
216789,1790363833919,MpCmdRun.log,22882
216789,1790363833934,MpSigStub.log,97512
216789,1790363833934,msedge_installer.log,68015
216789,1790363833950,NHFTwBUmYHlXSsjNJdzXRevJ,0
216789,1790363833997,skin.zip,231625
216789,1790363833997,SYS32_Hardware,900
216789,1790363834091,SYS32_Hardware.exe,32671232
216789,1790363834091,SYS32_Hardware.ini,363
218378,1790363834606,bb3a785178f443fda931098a5a9a306b.db.ses,53
218378,1790363834606,FXSAPIDebugLogFile.txt,0
218378,1790363834606,FXSTIFFDebugLogFile.txt,0
218378,1790363834622,MpCmdRun.log,22882
218378,1790363834622,MpSigStub.log,97512
218378,1790363834638,msedge_installer.log,68015
218378,1790363834638,NHFTwBUmYHlXSsjNJdzXRevJ,0
218378,1790363834653,skin.zip,231625
218378,1790363834653,SYS32_Hardware,900
218378,1790363834669,SYS32_Hardware.exe,32671232
218378,1790363834685,SYS32_Hardware.ini,363
218957,1790363835185,bb3a785178f443fda931098a5a9a306b.db.ses,53
218957,1790363835185,FXSAPIDebugLogFile.txt,0
218957,1790363835185,FXSTIFFDebugLogFile.txt,0
218957,1790363835200,MpCmdRun.log,22882
218957,1790363835216,MpSigStub.log,97512
218957,1790363835216,msedge_installer.log,68015
218957,1790363835232,NHFTwBUmYHlXSsjNJdzXRevJ,0
218957,1790363835232,skin.zip,231625
218957,1790363835247,SYS32_Hardware,900
218957,1790363835247,SYS32_Hardware.exe,32671232
218957,1790363835263,SYS32_Hardware.ini,363
219549,1790363835777,bb3a785178f443fda931098a5a9a306b.db.ses,53
219549,1790363835777,FXSAPIDebugLogFile.txt,0
219549,1790363835777,FXSTIFFDebugLogFile.txt,0
219549,1790363835792,MpCmdRun.log,22882
219549,1790363835792,MpSigStub.log,97512
219549,1790363835808,msedge_installer.log,68015
219549,1790363835808,NHFTwBUmYHlXSsjNJdzXRevJ,0
219549,1790363835808,skin.zip,231625
219549,1790363835824,SYS32_Hardware,900
219549,1790363835839,SYS32_Hardware.exe,32671232
219549,1790363835839,SYS32_Hardware.ini,363
220141,1790363836369,bb3a785178f443fda931098a5a9a306b.db.ses,53
220141,1790363836369,FXSAPIDebugLogFile.txt,0
220141,1790363836369,FXSTIFFDebugLogFile.txt,0
220141,1790363836385,MpCmdRun.log,22882
220141,1790363836385,MpSigStub.log,97512
220141,1790363836400,msedge_installer.log,68015
220141,1790363836400,NHFTwBUmYHlXSsjNJdzXRevJ,0
220141,1790363836400,skin.zip,231625
220141,1790363836416,SYS32_Hardware,900
220141,1790363836416,SYS32_Hardware.exe,32671232
220141,1790363836432,SYS32_Hardware.ini,363
220704,1790363836932,bb3a785178f443fda931098a5a9a306b.db.ses,53
220704,1790363836932,FXSAPIDebugLogFile.txt,0
220704,1790363836947,FXSTIFFDebugLogFile.txt,0
220704,1790363836947,MpCmdRun.log,22882
220704,1790363836963,MpSigStub.log,97512
220704,1790363836963,msedge_installer.log,68015
220704,1790363836978,NHFTwBUmYHlXSsjNJdzXRevJ,0
220704,1790363836978,skin.zip,231625
220704,1790363836994,SYS32_Hardware,900
220704,1790363836994,SYS32_Hardware.exe,32671232
220704,1790363837010,SYS32_Hardware.ini,363
221282,1790363837510,bb3a785178f443fda931098a5a9a306b.db.ses,53
221282,1790363837510,FXSAPIDebugLogFile.txt,0
221282,1790363837510,FXSTIFFDebugLogFile.txt,0
221282,1790363837525,MpCmdRun.log,22882
221282,1790363837541,MpSigStub.log,97512
221282,1790363837541,msedge_installer.log,68015
221282,1790363837557,NHFTwBUmYHlXSsjNJdzXRevJ,0
221282,1790363837572,skin.zip,231625
221282,1790363837572,SYS32_Hardware,900
221282,1790363837588,SYS32_Hardware.exe,32671232
221282,1790363837604,SYS32_Hardware.ini,363
221891,1790363838119,bb3a785178f443fda931098a5a9a306b.db.ses,53
221891,1790363838119,FXSAPIDebugLogFile.txt,0
221891,1790363838119,FXSTIFFDebugLogFile.txt,0
221891,1790363838119,MpCmdRun.log,22882
221891,1790363838135,MpSigStub.log,97512
221891,1790363838135,msedge_installer.log,68015
221891,1790363838151,NHFTwBUmYHlXSsjNJdzXRevJ,0
221891,1790363838151,skin.zip,231625
221891,1790363838166,SYS32_Hardware,900
221891,1790363838166,SYS32_Hardware.exe,32671232
221891,1790363838183,SYS32_Hardware.ini,363
222457,1790363838684,bb3a785178f443fda931098a5a9a306b.db.ses,53
222457,1790363838684,FXSAPIDebugLogFile.txt,0
222457,1790363838699,FXSTIFFDebugLogFile.txt,0
222457,1790363838699,MpCmdRun.log,22882
222457,1790363838715,MpSigStub.log,97512
222457,1790363838730,msedge_installer.log,68015
222457,1790363838730,NHFTwBUmYHlXSsjNJdzXRevJ,0
222457,1790363838746,skin.zip,231625
222457,1790363838762,SYS32_Hardware,900
222457,1790363838777,SYS32_Hardware.exe,32671232
222457,1790363838777,SYS32_Hardware.ini,363
223065,1790363839293,bb3a785178f443fda931098a5a9a306b.db.ses,53
223065,1790363839293,FXSAPIDebugLogFile.txt,0
223065,1790363839293,FXSTIFFDebugLogFile.txt,0
223065,1790363839309,MpCmdRun.log,22882
223065,1790363839309,MpSigStub.log,97512
223065,1790363839324,msedge_installer.log,68015
223065,1790363839324,NHFTwBUmYHlXSsjNJdzXRevJ,0
223065,1790363839340,skin.zip,231625
223065,1790363839340,SYS32_Hardware,900
223065,1790363839356,SYS32_Hardware.exe,32671232
223065,1790363839356,SYS32_Hardware.ini,363
223629,1790363839856,bb3a785178f443fda931098a5a9a306b.db.ses,53
223629,1790363839871,FXSAPIDebugLogFile.txt,0
223629,1790363839871,FXSTIFFDebugLogFile.txt,0
223629,1790363839887,MpCmdRun.log,22882
223629,1790363839887,MpSigStub.log,97512
223629,1790363839903,msedge_installer.log,68015
223629,1790363839918,NHFTwBUmYHlXSsjNJdzXRevJ,0
223629,1790363839934,skin.zip,231625
223629,1790363839934,SYS32_Hardware,900
223629,1790363839950,SYS32_Hardware.exe,32671232
223629,1790363839965,SYS32_Hardware.ini,363
224254,1790363840481,bb3a785178f443fda931098a5a9a306b.db.ses,53
224254,1790363840481,FXSAPIDebugLogFile.txt,0
224254,1790363840481,FXSTIFFDebugLogFile.txt,0
224254,1790363840497,MpCmdRun.log,22882
224254,1790363840512,MpSigStub.log,97512
224254,1790363840512,msedge_installer.log,68015
224254,1790363840528,NHFTwBUmYHlXSsjNJdzXRevJ,0
224254,1790363840544,skin.zip,231625
224254,1790363840544,SYS32_Hardware,900
224254,1790363840559,SYS32_Hardware.exe,32671232
224254,1790363840559,SYS32_Hardware.ini,363
224847,1790363841075,bb3a785178f443fda931098a5a9a306b.db.ses,53
224847,1790363841075,FXSAPIDebugLogFile.txt,0
224847,1790363841075,FXSTIFFDebugLogFile.txt,0
224847,1790363841091,MpCmdRun.log,22882
224847,1790363841091,MpSigStub.log,97512
224847,1790363841106,msedge_installer.log,68015
224847,1790363841106,NHFTwBUmYHlXSsjNJdzXRevJ,0
224847,1790363841122,skin.zip,231625
224847,1790363841138,SYS32_Hardware,900
224847,1790363841138,SYS32_Hardware.exe,32671232
224847,1790363841153,SYS32_Hardware.ini,363
225442,1790363841669,bb3a785178f443fda931098a5a9a306b.db.ses,53
225442,1790363841669,FXSAPIDebugLogFile.txt,0
225442,1790363841685,FXSTIFFDebugLogFile.txt,0
225442,1790363841685,MpCmdRun.log,22882
225442,1790363841700,MpSigStub.log,97512
225442,1790363841700,msedge_installer.log,68015
225442,1790363841716,NHFTwBUmYHlXSsjNJdzXRevJ,0
225442,1790363841716,skin.zip,231625
225442,1790363841716,SYS32_Hardware,900
225442,1790363841731,SYS32_Hardware.exe,32671232
225442,1790363841747,SYS32_Hardware.ini,363
226028,1790363842255,bb3a785178f443fda931098a5a9a306b.db.ses,53
226028,1790363842271,FXSAPIDebugLogFile.txt,0
226028,1790363842302,FXSTIFFDebugLogFile.txt,0
226028,1790363842333,MpCmdRun.log,22882
226028,1790363842349,MpSigStub.log,97512
226028,1790363842364,msedge_installer.log,68015
226028,1790363842396,NHFTwBUmYHlXSsjNJdzXRevJ,0
226028,1790363842396,skin.zip,231625
226028,1790363842411,SYS32_Hardware,900
226028,1790363842427,SYS32_Hardware.exe,32671232
226028,1790363842427,SYS32_Hardware.ini,363
226716,1790363842943,bb3a785178f443fda931098a5a9a306b.db.ses,53
226716,1790363842943,FXSAPIDebugLogFile.txt,0
226716,1790363842958,FXSTIFFDebugLogFile.txt,0
226716,1790363842974,MpCmdRun.log,22882
226716,1790363842974,MpSigStub.log,97512
226716,1790363842990,msedge_installer.log,68015
226716,1790363843005,NHFTwBUmYHlXSsjNJdzXRevJ,0
226716,1790363843021,skin.zip,231625
226716,1790363843037,SYS32_Hardware,900
226716,1790363843037,SYS32_Hardware.exe,32671232
226716,1790363843052,SYS32_Hardware.ini,363
227340,1790363843568,bb3a785178f443fda931098a5a9a306b.db.ses,53
227340,1790363843568,FXSAPIDebugLogFile.txt,0
227340,1790363843584,FXSTIFFDebugLogFile.txt,0
227340,1790363843584,MpCmdRun.log,22882
227340,1790363843599,MpSigStub.log,97512
227340,1790363843599,msedge_installer.log,68015
227340,1790363843615,NHFTwBUmYHlXSsjNJdzXRevJ,0
227340,1790363843615,skin.zip,231625
227340,1790363843630,SYS32_Hardware,900
227340,1790363843630,SYS32_Hardware.exe,32671232
227340,1790363843646,SYS32_Hardware.ini,363
227933,1790363844161,bb3a785178f443fda931098a5a9a306b.db.ses,53
227933,1790363844161,FXSAPIDebugLogFile.txt,0
227933,1790363844175,FXSTIFFDebugLogFile.txt,0
227933,1790363844191,MpCmdRun.log,22882
227933,1790363844191,MpSigStub.log,97512
227933,1790363844207,msedge_installer.log,68015
227933,1790363844207,NHFTwBUmYHlXSsjNJdzXRevJ,0
227933,1790363844207,skin.zip,231625
227933,1790363844222,SYS32_Hardware,900
227933,1790363844222,SYS32_Hardware.exe,32671232
227933,1790363844238,SYS32_Hardware.ini,363
228510,1790363844738,bb3a785178f443fda931098a5a9a306b.db.ses,53
228510,1790363844738,FXSAPIDebugLogFile.txt,0
228510,1790363844752,FXSTIFFDebugLogFile.txt,0
228510,1790363844752,MpCmdRun.log,22882
228510,1790363844752,MpSigStub.log,97512
228510,1790363844767,msedge_installer.log,68015
228510,1790363844767,NHFTwBUmYHlXSsjNJdzXRevJ,0
228510,1790363844783,skin.zip,231625
228510,1790363844783,SYS32_Hardware,900
228510,1790363844798,SYS32_Hardware.exe,32671232
228510,1790363844814,SYS32_Hardware.ini,363
229087,1790363845314,bb3a785178f443fda931098a5a9a306b.db.ses,53
229087,1790363845314,FXSAPIDebugLogFile.txt,0
229087,1790363845330,FXSTIFFDebugLogFile.txt,0
229087,1790363845346,MpCmdRun.log,22882
229087,1790363845346,MpSigStub.log,97512
229087,1790363845361,msedge_installer.log,68015
229087,1790363845377,NHFTwBUmYHlXSsjNJdzXRevJ,0
229087,1790363845377,skin.zip,231625
229087,1790363845392,SYS32_Hardware,900
229087,1790363845408,SYS32_Hardware.exe,32671232
229087,1790363845408,SYS32_Hardware.ini,363
229696,1790363845924,bb3a785178f443fda931098a5a9a306b.db.ses,53
229696,1790363845924,FXSAPIDebugLogFile.txt,0
229696,1790363845924,FXSTIFFDebugLogFile.txt,0
229696,1790363845939,MpCmdRun.log,22882
229696,1790363845939,MpSigStub.log,97512
229696,1790363845955,msedge_installer.log,68015
229696,1790363845955,NHFTwBUmYHlXSsjNJdzXRevJ,0
229696,1790363845955,skin.zip,231625
229696,1790363845971,SYS32_Hardware,900
229696,1790363845971,SYS32_Hardware.exe,32671232
229696,1790363845986,SYS32_Hardware.ini,363
230258,1790363846486,bb3a785178f443fda931098a5a9a306b.db.ses,53
230258,1790363846486,FXSAPIDebugLogFile.txt,0
230258,1790363846486,FXSTIFFDebugLogFile.txt,0
230258,1790363846486,MpCmdRun.log,22882
230258,1790363846502,MpSigStub.log,97512
230258,1790363846502,msedge_installer.log,68015
230258,1790363846518,NHFTwBUmYHlXSsjNJdzXRevJ,0
230258,1790363846518,skin.zip,231625
230258,1790363846533,SYS32_Hardware,900
230258,1790363846533,SYS32_Hardware.exe,32671232
230258,1790363846549,SYS32_Hardware.ini,363
230821,1790363847049,bb3a785178f443fda931098a5a9a306b.db.ses,53
230821,1790363847049,FXSAPIDebugLogFile.txt,0
230821,1790363847064,FXSTIFFDebugLogFile.txt,0
230821,1790363847080,MpCmdRun.log,22882
230821,1790363847080,MpSigStub.log,97512
230821,1790363847080,msedge_installer.log,68015
230821,1790363847095,NHFTwBUmYHlXSsjNJdzXRevJ,0
230821,1790363847095,skin.zip,231625
230821,1790363847111,SYS32_Hardware,900
230821,1790363847111,SYS32_Hardware.exe,32671232
230821,1790363847126,SYS32_Hardware.ini,363
231399,1790363847627,bb3a785178f443fda931098a5a9a306b.db.ses,53
231399,1790363847627,FXSAPIDebugLogFile.txt,0
231399,1790363847633,FXSTIFFDebugLogFile.txt,0
231399,1790363847648,MpCmdRun.log,22882
231399,1790363847648,MpSigStub.log,97512
231399,1790363847664,msedge_installer.log,68015
231399,1790363847679,NHFTwBUmYHlXSsjNJdzXRevJ,0
231399,1790363847679,skin.zip,231625
231399,1790363847695,SYS32_Hardware,900
231399,1790363847711,SYS32_Hardware.exe,32671232
231399,1790363847711,SYS32_Hardware.ini,363
231998,1790363848226,bb3a785178f443fda931098a5a9a306b.db.ses,53
231998,1790363848226,FXSAPIDebugLogFile.txt,0
231998,1790363848226,FXSTIFFDebugLogFile.txt,0
231998,1790363848242,MpCmdRun.log,22882
231998,1790363848258,MpSigStub.log,97512
231998,1790363848258,msedge_installer.log,68015
231998,1790363848273,NHFTwBUmYHlXSsjNJdzXRevJ,0
231998,1790363848273,skin.zip,231625
231998,1790363848289,SYS32_Hardware,900
231998,1790363848289,SYS32_Hardware.exe,32671232
231998,1790363848305,SYS32_Hardware.ini,363
232577,1790363848805,bb3a785178f443fda931098a5a9a306b.db.ses,53
232577,1790363848805,FXSAPIDebugLogFile.txt,0
232577,1790363848805,FXSTIFFDebugLogFile.txt,0
232577,1790363848820,MpCmdRun.log,22882
232577,1790363848820,MpSigStub.log,97512
232577,1790363848836,msedge_installer.log,68015
232577,1790363848836,NHFTwBUmYHlXSsjNJdzXRevJ,0
232577,1790363848852,skin.zip,231625
232577,1790363848852,SYS32_Hardware,900
232577,1790363848867,SYS32_Hardware.exe,32671232
232577,1790363848867,SYS32_Hardware.ini,363
233167,1790363849395,bb3a785178f443fda931098a5a9a306b.db.ses,53
233167,1790363849395,FXSAPIDebugLogFile.txt,0
233167,1790363849410,FXSTIFFDebugLogFile.txt,0
233167,1790363849426,MpCmdRun.log,22882
233167,1790363849426,MpSigStub.log,97512
233167,1790363849442,msedge_installer.log,68015
233167,1790363849442,NHFTwBUmYHlXSsjNJdzXRevJ,0
233167,1790363849457,skin.zip,231625
233167,1790363849457,SYS32_Hardware,900
233167,1790363849473,SYS32_Hardware.exe,32671232
233167,1790363849473,SYS32_Hardware.ini,363
233761,1790363849988,bb3a785178f443fda931098a5a9a306b.db.ses,53
233761,1790363849988,FXSAPIDebugLogFile.txt,0
233761,1790363849988,FXSTIFFDebugLogFile.txt,0
233761,1790363850004,MpCmdRun.log,22882
233761,1790363850020,MpSigStub.log,97512
233761,1790363850020,msedge_installer.log,68015
233761,1790363850035,NHFTwBUmYHlXSsjNJdzXRevJ,0
233761,1790363850035,skin.zip,231625
233761,1790363850051,SYS32_Hardware,900
233761,1790363850051,SYS32_Hardware.exe,32671232
233761,1790363850067,SYS32_Hardware.ini,363
234353,1790363850581,bb3a785178f443fda931098a5a9a306b.db.ses,53
234353,1790363850581,FXSAPIDebugLogFile.txt,0
234353,1790363850581,FXSTIFFDebugLogFile.txt,0
234353,1790363850597,MpCmdRun.log,22882
234353,1790363850597,MpSigStub.log,97512
234353,1790363850613,msedge_installer.log,68015
234353,1790363850628,NHFTwBUmYHlXSsjNJdzXRevJ,0
234353,1790363850628,skin.zip,231625
234353,1790363850644,SYS32_Hardware,900
234353,1790363850644,SYS32_Hardware.exe,32671232
234353,1790363850659,SYS32_Hardware.ini,363
234947,1790363851175,bb3a785178f443fda931098a5a9a306b.db.ses,53
234947,1790363851175,FXSAPIDebugLogFile.txt,0
234947,1790363851175,FXSTIFFDebugLogFile.txt,0
234947,1790363851175,MpCmdRun.log,22882
234947,1790363851191,MpSigStub.log,97512
234947,1790363851191,msedge_installer.log,68015
234947,1790363851206,NHFTwBUmYHlXSsjNJdzXRevJ,0
234947,1790363851206,skin.zip,231625
234947,1790363851222,SYS32_Hardware,900
234947,1790363851222,SYS32_Hardware.exe,32671232
234947,1790363851222,SYS32_Hardware.ini,363
235510,1790363851738,bb3a785178f443fda931098a5a9a306b.db.ses,53
235510,1790363851738,FXSAPIDebugLogFile.txt,0
235510,1790363851738,FXSTIFFDebugLogFile.txt,0
235510,1790363851753,MpCmdRun.log,22882
235510,1790363851753,MpSigStub.log,97512
235510,1790363851753,msedge_installer.log,68015
235510,1790363851769,NHFTwBUmYHlXSsjNJdzXRevJ,0
235510,1790363851769,skin.zip,231625
235510,1790363851785,SYS32_Hardware,900
235510,1790363851800,SYS32_Hardware.exe,32671232
235510,1790363851800,SYS32_Hardware.ini,363
236088,1790363852316,bb3a785178f443fda931098a5a9a306b.db.ses,53
236088,1790363852316,FXSAPIDebugLogFile.txt,0
236088,1790363852330,FXSTIFFDebugLogFile.txt,0
236088,1790363852330,MpCmdRun.log,22882
236088,1790363852345,MpSigStub.log,97512
236088,1790363852345,msedge_installer.log,68015
236088,1790363852361,NHFTwBUmYHlXSsjNJdzXRevJ,0
236088,1790363852361,skin.zip,231625
236088,1790363852377,SYS32_Hardware,900
236088,1790363852377,SYS32_Hardware.exe,32671232
236088,1790363852392,SYS32_Hardware.ini,363
236664,1790363852892,bb3a785178f443fda931098a5a9a306b.db.ses,53
236664,1790363852892,FXSAPIDebugLogFile.txt,0
236664,1790363852892,FXSTIFFDebugLogFile.txt,0
236664,1790363852892,MpCmdRun.log,22882
236664,1790363852908,MpSigStub.log,97512
236664,1790363852908,msedge_installer.log,68015
236664,1790363852924,NHFTwBUmYHlXSsjNJdzXRevJ,0
236664,1790363852924,skin.zip,231625
236664,1790363852924,SYS32_Hardware,900
236664,1790363852939,SYS32_Hardware.exe,32671232
236664,1790363852939,SYS32_Hardware.ini,363
237227,1790363853455,bb3a785178f443fda931098a5a9a306b.db.ses,53
237227,1790363853455,FXSAPIDebugLogFile.txt,0
237227,1790363853455,FXSTIFFDebugLogFile.txt,0
237227,1790363853471,MpCmdRun.log,22882
237227,1790363853471,MpSigStub.log,97512
237227,1790363853471,msedge_installer.log,68015
237227,1790363853486,NHFTwBUmYHlXSsjNJdzXRevJ,0
237227,1790363853486,skin.zip,231625
237227,1790363853502,SYS32_Hardware,900
237227,1790363853502,SYS32_Hardware.exe,32671232
237227,1790363853502,SYS32_Hardware.ini,363
237789,1790363854018,bb3a785178f443fda931098a5a9a306b.db.ses,53
237789,1790363854018,FXSAPIDebugLogFile.txt,0
237789,1790363854018,FXSTIFFDebugLogFile.txt,0
237789,1790363854018,MpCmdRun.log,22882
237789,1790363854033,MpSigStub.log,97512
237789,1790363854033,msedge_installer.log,68015
237789,1790363854049,NHFTwBUmYHlXSsjNJdzXRevJ,0
237789,1790363854049,skin.zip,231625
237789,1790363854049,SYS32_Hardware,900
237789,1790363854064,SYS32_Hardware.exe,32671232
237789,1790363854064,SYS32_Hardware.ini,363
238367,1790363854593,bb3a785178f443fda931098a5a9a306b.db.ses,53
238367,1790363854593,FXSAPIDebugLogFile.txt,0
238367,1790363854625,FXSTIFFDebugLogFile.txt,0
238367,1790363854656,MpCmdRun.log,22882
238367,1790363854671,MpSigStub.log,97512
238367,1790363854687,msedge_installer.log,68015
238367,1790363854718,NHFTwBUmYHlXSsjNJdzXRevJ,0
238367,1790363854718,skin.zip,231625
238367,1790363854734,SYS32_Hardware,900
238367,1790363854749,SYS32_Hardware.exe,32671232
238367,1790363854781,SYS32_Hardware.ini,363
239064,1790363855292,bb3a785178f443fda931098a5a9a306b.db.ses,53
239064,1790363855292,FXSAPIDebugLogFile.txt,0
239064,1790363855292,FXSTIFFDebugLogFile.txt,0
239064,1790363855307,MpCmdRun.log,22882
239064,1790363855307,MpSigStub.log,97512
239064,1790363855323,msedge_installer.log,68015
239064,1790363855323,NHFTwBUmYHlXSsjNJdzXRevJ,0
239064,1790363855339,skin.zip,231625
239064,1790363855339,SYS32_Hardware,900
239064,1790363855354,SYS32_Hardware.exe,32671232
239064,1790363855354,SYS32_Hardware.ini,363
239627,1790363855854,bb3a785178f443fda931098a5a9a306b.db.ses,53
239627,1790363855865,FXSAPIDebugLogFile.txt,0
239627,1790363855865,FXSTIFFDebugLogFile.txt,0
239627,1790363855865,MpCmdRun.log,22882
239627,1790363855881,MpSigStub.log,97512
239627,1790363855881,msedge_installer.log,68015
239627,1790363855896,NHFTwBUmYHlXSsjNJdzXRevJ,0
239627,1790363855896,skin.zip,231625
239627,1790363855912,SYS32_Hardware,900
239627,1790363855912,SYS32_Hardware.exe,32671232
239627,1790363855927,SYS32_Hardware.ini,363
240199,1790363856427,bb3a785178f443fda931098a5a9a306b.db.ses,53
240199,1790363856427,FXSAPIDebugLogFile.txt,0
240199,1790363856427,FXSTIFFDebugLogFile.txt,0
240199,1790363856427,MpCmdRun.log,22882
240199,1790363856443,MpSigStub.log,97512
240199,1790363856443,msedge_installer.log,68015
240199,1790363856459,NHFTwBUmYHlXSsjNJdzXRevJ,0
240199,1790363856459,skin.zip,231625
240199,1790363856474,SYS32_Hardware,900
240199,1790363856474,SYS32_Hardware.exe,32671232
240199,1790363856490,SYS32_Hardware.ini,363
240762,1790363856990,bb3a785178f443fda931098a5a9a306b.db.ses,53
240762,1790363856990,FXSAPIDebugLogFile.txt,0
240762,1790363856990,FXSTIFFDebugLogFile.txt,0
240762,1790363857006,MpCmdRun.log,22882
240762,1790363857006,MpSigStub.log,97512
240762,1790363857006,msedge_installer.log,68015
240762,1790363857021,NHFTwBUmYHlXSsjNJdzXRevJ,0
240762,1790363857021,skin.zip,231625
240762,1790363857037,SYS32_Hardware,900
240762,1790363857037,SYS32_Hardware.exe,32671232
240762,1790363857037,SYS32_Hardware.ini,363
241325,1790363857553,bb3a785178f443fda931098a5a9a306b.db.ses,53
241325,1790363857553,FXSAPIDebugLogFile.txt,0
241325,1790363857553,FXSTIFFDebugLogFile.txt,0
241325,1790363857568,MpCmdRun.log,22882
241325,1790363857568,MpSigStub.log,97512
241325,1790363857584,msedge_installer.log,68015
241325,1790363857600,NHFTwBUmYHlXSsjNJdzXRevJ,0
241325,1790363857600,skin.zip,231625
241325,1790363857615,SYS32_Hardware,900
241325,1790363857615,SYS32_Hardware.exe,32671232
241325,1790363857631,SYS32_Hardware.ini,363
241910,1790363858138,bb3a785178f443fda931098a5a9a306b.db.ses,53
241910,1790363858138,FXSAPIDebugLogFile.txt,0
241910,1790363858138,FXSTIFFDebugLogFile.txt,0
241910,1790363858153,MpCmdRun.log,22882
241910,1790363858157,MpSigStub.log,97512
241910,1790363858157,msedge_installer.log,68015
241910,1790363858173,NHFTwBUmYHlXSsjNJdzXRevJ,0
241910,1790363858189,skin.zip,231625
241910,1790363858189,SYS32_Hardware,900
241910,1790363858189,SYS32_Hardware.exe,32671232
241910,1790363858204,SYS32_Hardware.ini,363
242477,1790363858704,bb3a785178f443fda931098a5a9a306b.db.ses,53
242477,1790363858704,FXSAPIDebugLogFile.txt,0
242477,1790363858704,FXSTIFFDebugLogFile.txt,0
242477,1790363858720,MpCmdRun.log,22882
242477,1790363858720,MpSigStub.log,97512
242477,1790363858736,msedge_installer.log,68015
242477,1790363858736,NHFTwBUmYHlXSsjNJdzXRevJ,0
242477,1790363858751,skin.zip,231625
242477,1790363858751,SYS32_Hardware,900
242477,1790363858767,SYS32_Hardware.exe,32671232
242477,1790363858767,SYS32_Hardware.ini,363
243039,1790363859267,bb3a785178f443fda931098a5a9a306b.db.ses,53
243039,1790363859267,FXSAPIDebugLogFile.txt,0
243039,1790363859267,FXSTIFFDebugLogFile.txt,0
243039,1790363859283,MpCmdRun.log,22882
243039,1790363859283,MpSigStub.log,97512
243039,1790363859283,msedge_installer.log,68015
243039,1790363859298,NHFTwBUmYHlXSsjNJdzXRevJ,0
243039,1790363859298,skin.zip,231625
243039,1790363859314,SYS32_Hardware,900
243039,1790363859314,SYS32_Hardware.exe,32671232
243039,1790363859330,SYS32_Hardware.ini,363
243601,1790363859830,bb3a785178f443fda931098a5a9a306b.db.ses,53
243601,1790363859830,FXSAPIDebugLogFile.txt,0
243601,1790363859830,FXSTIFFDebugLogFile.txt,0
243601,1790363859845,MpCmdRun.log,22882
243601,1790363859845,MpSigStub.log,97512
243601,1790363859861,msedge_installer.log,68015
243601,1790363859861,NHFTwBUmYHlXSsjNJdzXRevJ,0
243601,1790363859861,skin.zip,231625
243601,1790363859876,SYS32_Hardware,900
243601,1790363859876,SYS32_Hardware.exe,32671232
243601,1790363859892,SYS32_Hardware.ini,363
244167,1790363860395,bb3a785178f443fda931098a5a9a306b.db.ses,53
244167,1790363860395,FXSAPIDebugLogFile.txt,0
244167,1790363860395,FXSTIFFDebugLogFile.txt,0
244167,1790363860411,MpCmdRun.log,22882
244167,1790363860411,MpSigStub.log,97512
244167,1790363860411,msedge_installer.log,68015
244167,1790363860426,NHFTwBUmYHlXSsjNJdzXRevJ,0
244167,1790363860426,skin.zip,231625
244167,1790363860442,SYS32_Hardware,900
244167,1790363860442,SYS32_Hardware.exe,32671232
244167,1790363860457,SYS32_Hardware.ini,363
244730,1790363860958,bb3a785178f443fda931098a5a9a306b.db.ses,53
244730,1790363860958,FXSAPIDebugLogFile.txt,0
244730,1790363860973,FXSTIFFDebugLogFile.txt,0
244730,1790363860973,MpCmdRun.log,22882
244730,1790363860989,MpSigStub.log,97512
244730,1790363861004,msedge_installer.log,68015
244730,1790363861004,NHFTwBUmYHlXSsjNJdzXRevJ,0
244730,1790363861020,skin.zip,231625
244730,1790363861036,SYS32_Hardware,900
244730,1790363861036,SYS32_Hardware.exe,32671232
244730,1790363861051,SYS32_Hardware.ini,363
245345,1790363861573,bb3a785178f443fda931098a5a9a306b.db.ses,53
245345,1790363861573,FXSAPIDebugLogFile.txt,0
245345,1790363861577,FXSTIFFDebugLogFile.txt,0
245345,1790363861577,MpCmdRun.log,22882
245345,1790363861592,MpSigStub.log,97512
245345,1790363861592,msedge_installer.log,68015
245345,1790363861608,NHFTwBUmYHlXSsjNJdzXRevJ,0
245345,1790363861608,skin.zip,231625
245345,1790363861624,SYS32_Hardware,900
245345,1790363861624,SYS32_Hardware.exe,32671232
245345,1790363861624,SYS32_Hardware.ini,363
245911,1790363862139,bb3a785178f443fda931098a5a9a306b.db.ses,53
245911,1790363862139,FXSAPIDebugLogFile.txt,0
245911,1790363862139,FXSTIFFDebugLogFile.txt,0
245911,1790363862139,MpCmdRun.log,22882
245911,1790363862155,MpSigStub.log,97512
245911,1790363862155,msedge_installer.log,68015
245911,1790363862155,NHFTwBUmYHlXSsjNJdzXRevJ,0
245911,1790363862171,skin.zip,231625
245911,1790363862171,SYS32_Hardware,900
245911,1790363862171,SYS32_Hardware.exe,32671232
245911,1790363862202,SYS32_Hardware.ini,363
246474,1790363862702,bb3a785178f443fda931098a5a9a306b.db.ses,53
246474,1790363862702,FXSAPIDebugLogFile.txt,0
246474,1790363862702,FXSTIFFDebugLogFile.txt,0
246474,1790363862702,MpCmdRun.log,22882
246474,1790363862717,MpSigStub.log,97512
246474,1790363862717,msedge_installer.log,68015
246474,1790363862717,NHFTwBUmYHlXSsjNJdzXRevJ,0
246474,1790363862733,skin.zip,231625
246474,1790363862733,SYS32_Hardware,900
246474,1790363862749,SYS32_Hardware.exe,32671232
246474,1790363862764,SYS32_Hardware.ini,363
247038,1790363863266,bb3a785178f443fda931098a5a9a306b.db.ses,53
247038,1790363863281,FXSAPIDebugLogFile.txt,0
247038,1790363863281,FXSTIFFDebugLogFile.txt,0
247038,1790363863281,MpCmdRun.log,22882
247038,1790363863297,MpSigStub.log,97512
247038,1790363863312,msedge_installer.log,68015
247038,1790363863328,NHFTwBUmYHlXSsjNJdzXRevJ,0
247038,1790363863344,skin.zip,231625
247038,1790363863359,SYS32_Hardware,900
247038,1790363863359,SYS32_Hardware.exe,32671232
247038,1790363863375,SYS32_Hardware.ini,363
247647,1790363863875,bb3a785178f443fda931098a5a9a306b.db.ses,53
247647,1790363863875,FXSAPIDebugLogFile.txt,0
247647,1790363863875,FXSTIFFDebugLogFile.txt,0
247647,1790363863875,MpCmdRun.log,22882
247647,1790363863891,MpSigStub.log,97512
247647,1790363863891,msedge_installer.log,68015
247647,1790363863906,NHFTwBUmYHlXSsjNJdzXRevJ,0
247647,1790363863906,skin.zip,231625
247647,1790363863922,SYS32_Hardware,900
247647,1790363863922,SYS32_Hardware.exe,32671232
247647,1790363863922,SYS32_Hardware.ini,363
248210,1790363864438,bb3a785178f443fda931098a5a9a306b.db.ses,53
248210,1790363864438,FXSAPIDebugLogFile.txt,0
248210,1790363864438,FXSTIFFDebugLogFile.txt,0
248210,1790363864453,MpCmdRun.log,22882
248210,1790363864469,MpSigStub.log,97512
248210,1790363864469,msedge_installer.log,68015
248210,1790363864485,NHFTwBUmYHlXSsjNJdzXRevJ,0
248210,1790363864485,skin.zip,231625
248210,1790363864500,SYS32_Hardware,900
248210,1790363864516,SYS32_Hardware.exe,32671232
248210,1790363864516,SYS32_Hardware.ini,363
248804,1790363865032,bb3a785178f443fda931098a5a9a306b.db.ses,53
248804,1790363865032,FXSAPIDebugLogFile.txt,0
248804,1790363865032,FXSTIFFDebugLogFile.txt,0
248804,1790363865032,MpCmdRun.log,22882
248804,1790363865047,MpSigStub.log,97512
248804,1790363865047,msedge_installer.log,68015
248804,1790363865063,NHFTwBUmYHlXSsjNJdzXRevJ,0
248804,1790363865063,skin.zip,231625
248804,1790363865063,SYS32_Hardware,900
248804,1790363865079,SYS32_Hardware.exe,32671232
248804,1790363865079,SYS32_Hardware.ini,363
249352,1790363865580,bb3a785178f443fda931098a5a9a306b.db.ses,53
249352,1790363865580,FXSAPIDebugLogFile.txt,0
249352,1790363865580,FXSTIFFDebugLogFile.txt,0
249352,1790363865580,MpCmdRun.log,22882
249352,1790363865596,MpSigStub.log,97512
249352,1790363865596,msedge_installer.log,68015
249352,1790363865596,NHFTwBUmYHlXSsjNJdzXRevJ,0
249352,1790363865612,skin.zip,231625
249352,1790363865612,SYS32_Hardware,900
249352,1790363865612,SYS32_Hardware.exe,32671232
249352,1790363865627,SYS32_Hardware.ini,363
249899,1790363866127,bb3a785178f443fda931098a5a9a306b.db.ses,53
249899,1790363866127,FXSAPIDebugLogFile.txt,0
249899,1790363866127,FXSTIFFDebugLogFile.txt,0
249899,1790363866127,MpCmdRun.log,22882
249899,1790363866143,MpSigStub.log,97512
249899,1790363866143,msedge_installer.log,68015
249899,1790363866159,NHFTwBUmYHlXSsjNJdzXRevJ,0
249899,1790363866159,skin.zip,231625
249899,1790363866159,SYS32_Hardware,900
249899,1790363866174,SYS32_Hardware.exe,32671232
249899,1790363866174,SYS32_Hardware.ini,363
250446,1790363866674,bb3a785178f443fda931098a5a9a306b.db.ses,53
250446,1790363866674,FXSAPIDebugLogFile.txt,0
250446,1790363866674,FXSTIFFDebugLogFile.txt,0
250446,1790363866674,MpCmdRun.log,22882
250446,1790363866690,MpSigStub.log,97512
250446,1790363866690,msedge_installer.log,68015
250446,1790363866690,NHFTwBUmYHlXSsjNJdzXRevJ,0
250446,1790363866706,skin.zip,231625
250446,1790363866706,SYS32_Hardware,900
250446,1790363866721,SYS32_Hardware.exe,32671232
250446,1790363866721,SYS32_Hardware.ini,363
250993,1790363867221,bb3a785178f443fda931098a5a9a306b.db.ses,53
250993,1790363867221,FXSAPIDebugLogFile.txt,0
250993,1790363867237,FXSTIFFDebugLogFile.txt,0
250993,1790363867237,MpCmdRun.log,22882
250993,1790363867237,MpSigStub.log,97512
250993,1790363867253,msedge_installer.log,68015
250993,1790363867253,NHFTwBUmYHlXSsjNJdzXRevJ,0
250993,1790363867253,skin.zip,231625
250993,1790363867268,SYS32_Hardware,900
250993,1790363867268,SYS32_Hardware.exe,32671232
250993,1790363867268,SYS32_Hardware.ini,363
251556,1790363867784,bb3a785178f443fda931098a5a9a306b.db.ses,53
251556,1790363867784,FXSAPIDebugLogFile.txt,0
251556,1790363867784,FXSTIFFDebugLogFile.txt,0
251556,1790363867784,MpCmdRun.log,22882
251556,1790363867800,MpSigStub.log,97512
251556,1790363867800,msedge_installer.log,68015
251556,1790363867815,NHFTwBUmYHlXSsjNJdzXRevJ,0
251556,1790363867815,skin.zip,231625
251556,1790363867815,SYS32_Hardware,900
251556,1790363867831,SYS32_Hardware.exe,32671232
251556,1790363867831,SYS32_Hardware.ini,363
252103,1790363868331,bb3a785178f443fda931098a5a9a306b.db.ses,53
252103,1790363868331,FXSAPIDebugLogFile.txt,0
252103,1790363868331,FXSTIFFDebugLogFile.txt,0
252103,1790363868347,MpCmdRun.log,22882
252103,1790363868347,MpSigStub.log,97512
252103,1790363868347,msedge_installer.log,68015
252103,1790363868362,NHFTwBUmYHlXSsjNJdzXRevJ,0
252103,1790363868362,skin.zip,231625
252103,1790363868362,SYS32_Hardware,900
252103,1790363868378,SYS32_Hardware.exe,32671232
252103,1790363868378,SYS32_Hardware.ini,363
252650,1790363868878,bb3a785178f443fda931098a5a9a306b.db.ses,53
252650,1790363868878,FXSAPIDebugLogFile.txt,0
252650,1790363868878,FXSTIFFDebugLogFile.txt,0
252650,1790363868878,MpCmdRun.log,22882
252650,1790363868894,MpSigStub.log,97512
252650,1790363868894,msedge_installer.log,68015
252650,1790363868894,NHFTwBUmYHlXSsjNJdzXRevJ,0
252650,1790363868909,skin.zip,231625
252650,1790363868909,SYS32_Hardware,900
252650,1790363868925,SYS32_Hardware.exe,32671232
252650,1790363868925,SYS32_Hardware.ini,363
253197,1790363869425,bb3a785178f443fda931098a5a9a306b.db.ses,53
253197,1790363869425,FXSAPIDebugLogFile.txt,0
253197,1790363869425,FXSTIFFDebugLogFile.txt,0
253197,1790363869425,MpCmdRun.log,22882
253197,1790363869441,MpSigStub.log,97512
253197,1790363869441,msedge_installer.log,68015
253197,1790363869441,NHFTwBUmYHlXSsjNJdzXRevJ,0
253197,1790363869456,skin.zip,231625
253197,1790363869456,SYS32_Hardware,900
253197,1790363869456,SYS32_Hardware.exe,32671232
253197,1790363869472,SYS32_Hardware.ini,363
253744,1790363869972,bb3a785178f443fda931098a5a9a306b.db.ses,53
253744,1790363869972,FXSAPIDebugLogFile.txt,0
253744,1790363869972,FXSTIFFDebugLogFile.txt,0
253744,1790363869972,MpCmdRun.log,22882
253744,1790363869988,MpSigStub.log,97512
253744,1790363869988,msedge_installer.log,68015
253744,1790363869988,NHFTwBUmYHlXSsjNJdzXRevJ,0
253744,1790363870003,skin.zip,231625
253744,1790363870003,SYS32_Hardware,900
253744,1790363870003,SYS32_Hardware.exe,32671232
253744,1790363870019,SYS32_Hardware.ini,363
254291,1790363870519,bb3a785178f443fda931098a5a9a306b.db.ses,53
254291,1790363870519,FXSAPIDebugLogFile.txt,0
254291,1790363870519,FXSTIFFDebugLogFile.txt,0
254291,1790363870519,MpCmdRun.log,22882
254291,1790363870535,MpSigStub.log,97512
254291,1790363870535,msedge_installer.log,68015
254291,1790363870550,NHFTwBUmYHlXSsjNJdzXRevJ,0
254291,1790363870550,skin.zip,231625
254291,1790363870550,SYS32_Hardware,900
254291,1790363870566,SYS32_Hardware.exe,32671232
254291,1790363870566,SYS32_Hardware.ini,363
254839,1790363871066,bb3a785178f443fda931098a5a9a306b.db.ses,53
254839,1790363871066,FXSAPIDebugLogFile.txt,0
254839,1790363871084,FXSTIFFDebugLogFile.txt,0
254839,1790363871096,MpCmdRun.log,22882
254839,1790363871112,MpSigStub.log,97512
254839,1790363871112,msedge_installer.log,68015
254839,1790363871127,NHFTwBUmYHlXSsjNJdzXRevJ,0
254839,1790363871143,skin.zip,231625
254839,1790363871143,SYS32_Hardware,900
254839,1790363871158,SYS32_Hardware.exe,32671232
254839,1790363871158,SYS32_Hardware.ini,363
255442,1790363871670,bb3a785178f443fda931098a5a9a306b.db.ses,53
255442,1790363871670,FXSAPIDebugLogFile.txt,0
255442,1790363871670,FXSTIFFDebugLogFile.txt,0
255442,1790363871685,MpCmdRun.log,22882
255442,1790363871685,MpSigStub.log,97512
255442,1790363871685,msedge_installer.log,68015
255442,1790363871701,NHFTwBUmYHlXSsjNJdzXRevJ,0
255442,1790363871701,skin.zip,231625
255442,1790363871701,SYS32_Hardware,900
255442,1790363871717,SYS32_Hardware.exe,32671232
255442,1790363871717,SYS32_Hardware.ini,363
256005,1790363872233,bb3a785178f443fda931098a5a9a306b.db.ses,53
256005,1790363872233,FXSAPIDebugLogFile.txt,0
256005,1790363872233,FXSTIFFDebugLogFile.txt,0
256005,1790363872248,MpCmdRun.log,22882
256005,1790363872264,MpSigStub.log,97512
256005,1790363872264,msedge_installer.log,68015
256005,1790363872279,NHFTwBUmYHlXSsjNJdzXRevJ,0
256005,1790363872279,skin.zip,231625
256005,1790363872279,SYS32_Hardware,900
256005,1790363872295,SYS32_Hardware.exe,32671232
256005,1790363872295,SYS32_Hardware.ini,363
256567,1790363872795,bb3a785178f443fda931098a5a9a306b.db.ses,53
256567,1790363872795,FXSAPIDebugLogFile.txt,0
256567,1790363872795,FXSTIFFDebugLogFile.txt,0
256567,1790363872811,MpCmdRun.log,22882
256567,1790363872811,MpSigStub.log,97512
256567,1790363872826,msedge_installer.log,68015
256567,1790363872826,NHFTwBUmYHlXSsjNJdzXRevJ,0
256567,1790363872826,skin.zip,231625
256567,1790363872842,SYS32_Hardware,900
256567,1790363872842,SYS32_Hardware.exe,32671232
256567,1790363872858,SYS32_Hardware.ini,363
257145,1790363873373,bb3a785178f443fda931098a5a9a306b.db.ses,53
257145,1790363873373,FXSAPIDebugLogFile.txt,0
257145,1790363873389,FXSTIFFDebugLogFile.txt,0
257145,1790363873389,MpCmdRun.log,22882
257145,1790363873389,MpSigStub.log,97512
257145,1790363873405,msedge_installer.log,68015
257145,1790363873405,NHFTwBUmYHlXSsjNJdzXRevJ,0
257145,1790363873405,skin.zip,231625
257145,1790363873420,SYS32_Hardware,900
257145,1790363873420,SYS32_Hardware.exe,32671232
257145,1790363873436,SYS32_Hardware.ini,363
257708,1790363873936,bb3a785178f443fda931098a5a9a306b.db.ses,53
257708,1790363873936,FXSAPIDebugLogFile.txt,0
257708,1790363873936,FXSTIFFDebugLogFile.txt,0
257708,1790363873952,MpCmdRun.log,22882
257708,1790363873952,MpSigStub.log,97512
257708,1790363873952,msedge_installer.log,68015
257708,1790363873967,NHFTwBUmYHlXSsjNJdzXRevJ,0
257708,1790363873967,skin.zip,231625
257708,1790363873967,SYS32_Hardware,900
257708,1790363873983,SYS32_Hardware.exe,32671232
257708,1790363873983,SYS32_Hardware.ini,363
258255,1790363874483,bb3a785178f443fda931098a5a9a306b.db.ses,53
258255,1790363874483,FXSAPIDebugLogFile.txt,0
258255,1790363874483,FXSTIFFDebugLogFile.txt,0
258255,1790363874499,MpCmdRun.log,22882
258255,1790363874514,MpSigStub.log,97512
258255,1790363874514,msedge_installer.log,68015
258255,1790363874530,NHFTwBUmYHlXSsjNJdzXRevJ,0
258255,1790363874546,skin.zip,231625
258255,1790363874546,SYS32_Hardware,900
258255,1790363874561,SYS32_Hardware.exe,32671232
258255,1790363874561,SYS32_Hardware.ini,363
258849,1790363875077,bb3a785178f443fda931098a5a9a306b.db.ses,53
258849,1790363875077,FXSAPIDebugLogFile.txt,0
258849,1790363875077,FXSTIFFDebugLogFile.txt,0
258849,1790363875077,MpCmdRun.log,22882
258849,1790363875093,MpSigStub.log,97512
258849,1790363875093,msedge_installer.log,68015
258849,1790363875093,NHFTwBUmYHlXSsjNJdzXRevJ,0
258849,1790363875108,skin.zip,231625
258849,1790363875108,SYS32_Hardware,900
258849,1790363875108,SYS32_Hardware.exe,32671232
258849,1790363875124,SYS32_Hardware.ini,363
259401,1790363875630,bb3a785178f443fda931098a5a9a306b.db.ses,53
259401,1790363875630,FXSAPIDebugLogFile.txt,0
259401,1790363875630,FXSTIFFDebugLogFile.txt,0
259401,1790363875630,MpCmdRun.log,22882
259401,1790363875645,MpSigStub.log,97512
259401,1790363875645,msedge_installer.log,68015
259401,1790363875661,NHFTwBUmYHlXSsjNJdzXRevJ,0
259401,1790363875661,skin.zip,231625
259401,1790363875676,SYS32_Hardware,900
259401,1790363875676,SYS32_Hardware.exe,32671232
259401,1790363875676,SYS32_Hardware.ini,363
259964,1790363876192,bb3a785178f443fda931098a5a9a306b.db.ses,53
259964,1790363876192,FXSAPIDebugLogFile.txt,0
259964,1790363876192,FXSTIFFDebugLogFile.txt,0
259964,1790363876192,MpCmdRun.log,22882
259964,1790363876208,MpSigStub.log,97512
259964,1790363876208,msedge_installer.log,68015
259964,1790363876208,NHFTwBUmYHlXSsjNJdzXRevJ,0
259964,1790363876223,skin.zip,231625
259964,1790363876223,SYS32_Hardware,900
259964,1790363876223,SYS32_Hardware.exe,32671232
259964,1790363876239,SYS32_Hardware.ini,363
260511,1790363876739,bb3a785178f443fda931098a5a9a306b.db.ses,53
260511,1790363876739,FXSAPIDebugLogFile.txt,0
260511,1790363876739,FXSTIFFDebugLogFile.txt,0
260511,1790363876739,MpCmdRun.log,22882
260511,1790363876755,MpSigStub.log,97512
260511,1790363876755,msedge_installer.log,68015
260511,1790363876755,NHFTwBUmYHlXSsjNJdzXRevJ,0
260511,1790363876770,skin.zip,231625
260511,1790363876770,SYS32_Hardware,900
260511,1790363876770,SYS32_Hardware.exe,32671232
260511,1790363876786,SYS32_Hardware.ini,363
261058,1790363877286,bb3a785178f443fda931098a5a9a306b.db.ses,53
261058,1790363877286,FXSAPIDebugLogFile.txt,0
261058,1790363877286,FXSTIFFDebugLogFile.txt,0
261058,1790363877286,MpCmdRun.log,22882
261058,1790363877302,MpSigStub.log,97512
261058,1790363877302,msedge_installer.log,68015
261058,1790363877317,NHFTwBUmYHlXSsjNJdzXRevJ,0
261058,1790363877317,skin.zip,231625
261058,1790363877317,SYS32_Hardware,900
261058,1790363877333,SYS32_Hardware.exe,32671232
261058,1790363877333,SYS32_Hardware.ini,363
261605,1790363877833,bb3a785178f443fda931098a5a9a306b.db.ses,53
261605,1790363877833,FXSAPIDebugLogFile.txt,0
261605,1790363877833,FXSTIFFDebugLogFile.txt,0
261605,1790363877833,MpCmdRun.log,22882
261605,1790363877849,MpSigStub.log,97512
261605,1790363877849,msedge_installer.log,68015
261605,1790363877849,NHFTwBUmYHlXSsjNJdzXRevJ,0
261605,1790363877864,skin.zip,231625
261605,1790363877864,SYS32_Hardware,900
261605,1790363877864,SYS32_Hardware.exe,32671232
261605,1790363877880,SYS32_Hardware.ini,363
262167,1790363878395,bb3a785178f443fda931098a5a9a306b.db.ses,53
262167,1790363878395,FXSAPIDebugLogFile.txt,0
262167,1790363878395,FXSTIFFDebugLogFile.txt,0
262167,1790363878410,MpCmdRun.log,22882
262167,1790363878426,MpSigStub.log,97512
262167,1790363878426,msedge_installer.log,68015
262167,1790363878441,NHFTwBUmYHlXSsjNJdzXRevJ,0
262167,1790363878441,skin.zip,231625
262167,1790363878457,SYS32_Hardware,900
262167,1790363878457,SYS32_Hardware.exe,32671232
262167,1790363878473,SYS32_Hardware.ini,363
262760,1790363878988,bb3a785178f443fda931098a5a9a306b.db.ses,53
262760,1790363878998,FXSAPIDebugLogFile.txt,0
262760,1790363878998,FXSTIFFDebugLogFile.txt,0
262760,1790363878998,MpCmdRun.log,22882
262760,1790363879014,MpSigStub.log,97512
262760,1790363879014,msedge_installer.log,68015
262760,1790363879014,NHFTwBUmYHlXSsjNJdzXRevJ,0
262760,1790363879029,skin.zip,231625
262760,1790363879029,SYS32_Hardware,900
262760,1790363879029,SYS32_Hardware.exe,32671232
262760,1790363879045,SYS32_Hardware.ini,363
263317,1790363879545,bb3a785178f443fda931098a5a9a306b.db.ses,53
263317,1790363879545,FXSAPIDebugLogFile.txt,0
263317,1790363879545,FXSTIFFDebugLogFile.txt,0
263317,1790363879545,MpCmdRun.log,22882
263317,1790363879561,MpSigStub.log,97512
263317,1790363879561,msedge_installer.log,68015
263317,1790363879561,NHFTwBUmYHlXSsjNJdzXRevJ,0
263317,1790363879576,skin.zip,231625
263317,1790363879576,SYS32_Hardware,900
263317,1790363879576,SYS32_Hardware.exe,32671232
263317,1790363879592,SYS32_Hardware.ini,363
263864,1790363880092,bb3a785178f443fda931098a5a9a306b.db.ses,53
263864,1790363880092,FXSAPIDebugLogFile.txt,0
263864,1790363880092,FXSTIFFDebugLogFile.txt,0
263864,1790363880092,MpCmdRun.log,22882
263864,1790363880108,MpSigStub.log,97512
263864,1790363880108,msedge_installer.log,68015
263864,1790363880108,NHFTwBUmYHlXSsjNJdzXRevJ,0
263864,1790363880123,skin.zip,231625
263864,1790363880123,SYS32_Hardware,900
263864,1790363880123,SYS32_Hardware.exe,32671232
263864,1790363880139,SYS32_Hardware.ini,363
264411,1790363880639,bb3a785178f443fda931098a5a9a306b.db.ses,53
264411,1790363880639,FXSAPIDebugLogFile.txt,0
264411,1790363880639,FXSTIFFDebugLogFile.txt,0
264411,1790363880639,MpCmdRun.log,22882
264411,1790363880655,MpSigStub.log,97512
264411,1790363880655,msedge_installer.log,68015
264411,1790363880655,NHFTwBUmYHlXSsjNJdzXRevJ,0
264411,1790363880670,skin.zip,231625
264411,1790363880670,SYS32_Hardware,900
264411,1790363880670,SYS32_Hardware.exe,32671232
264411,1790363880686,SYS32_Hardware.ini,363
264958,1790363881186,bb3a785178f443fda931098a5a9a306b.db.ses,53
264958,1790363881186,FXSAPIDebugLogFile.txt,0
264958,1790363881186,FXSTIFFDebugLogFile.txt,0
264958,1790363881186,MpCmdRun.log,22882
264958,1790363881202,MpSigStub.log,97512
264958,1790363881202,msedge_installer.log,68015
264958,1790363881217,NHFTwBUmYHlXSsjNJdzXRevJ,0
264958,1790363881217,skin.zip,231625
264958,1790363881217,SYS32_Hardware,900
264958,1790363881233,SYS32_Hardware.exe,32671232
264958,1790363881249,SYS32_Hardware.ini,363
265521,1790363881749,bb3a785178f443fda931098a5a9a306b.db.ses,53
265521,1790363881749,FXSAPIDebugLogFile.txt,0
265521,1790363881749,FXSTIFFDebugLogFile.txt,0
265521,1790363881749,MpCmdRun.log,22882
265521,1790363881764,MpSigStub.log,97512
265521,1790363881764,msedge_installer.log,68015
265521,1790363881764,NHFTwBUmYHlXSsjNJdzXRevJ,0
265521,1790363881780,skin.zip,231625
265521,1790363881780,SYS32_Hardware,900
265521,1790363881796,SYS32_Hardware.exe,32671232
265521,1790363881796,SYS32_Hardware.ini,363
266083,1790363882311,bb3a785178f443fda931098a5a9a306b.db.ses,53
266083,1790363882311,FXSAPIDebugLogFile.txt,0
266083,1790363882311,FXSTIFFDebugLogFile.txt,0
266083,1790363882311,MpCmdRun.log,22882
266083,1790363882327,MpSigStub.log,97512
266083,1790363882327,msedge_installer.log,68015
266083,1790363882343,NHFTwBUmYHlXSsjNJdzXRevJ,0
266083,1790363882343,skin.zip,231625
266083,1790363882343,SYS32_Hardware,900
266083,1790363882358,SYS32_Hardware.exe,32671232
266083,1790363882358,SYS32_Hardware.ini,363
266656,1790363882884,bb3a785178f443fda931098a5a9a306b.db.ses,53
266656,1790363882884,FXSAPIDebugLogFile.txt,0
266656,1790363882884,FXSTIFFDebugLogFile.txt,0
266656,1790363882884,MpCmdRun.log,22882
266656,1790363882899,MpSigStub.log,97512
266656,1790363882899,msedge_installer.log,68015
266656,1790363882899,NHFTwBUmYHlXSsjNJdzXRevJ,0
266656,1790363882915,skin.zip,231625
266656,1790363882915,SYS32_Hardware,900
266656,1790363882915,SYS32_Hardware.exe,32671232
266656,1790363882931,SYS32_Hardware.ini,363
267203,1790363883431,bb3a785178f443fda931098a5a9a306b.db.ses,53
267203,1790363883431,FXSAPIDebugLogFile.txt,0
267203,1790363883431,FXSTIFFDebugLogFile.txt,0
267203,1790363883431,MpCmdRun.log,22882
267203,1790363883446,MpSigStub.log,97512
267203,1790363883446,msedge_installer.log,68015
267203,1790363883446,NHFTwBUmYHlXSsjNJdzXRevJ,0
267203,1790363883462,skin.zip,231625
267203,1790363883462,SYS32_Hardware,900
267203,1790363883462,SYS32_Hardware.exe,32671232
267203,1790363883478,SYS32_Hardware.ini,363
267750,1790363883978,bb3a785178f443fda931098a5a9a306b.db.ses,53
267750,1790363883978,FXSAPIDebugLogFile.txt,0
267750,1790363883978,FXSTIFFDebugLogFile.txt,0
267750,1790363883978,MpCmdRun.log,22882
267750,1790363883993,MpSigStub.log,97512
267750,1790363883993,msedge_installer.log,68015
267750,1790363883993,NHFTwBUmYHlXSsjNJdzXRevJ,0
267750,1790363884009,skin.zip,231625
267750,1790363884009,SYS32_Hardware,900
267750,1790363884009,SYS32_Hardware.exe,32671232
267750,1790363884025,SYS32_Hardware.ini,363
268312,1790363884540,bb3a785178f443fda931098a5a9a306b.db.ses,53
268312,1790363884540,FXSAPIDebugLogFile.txt,0
268312,1790363884540,FXSTIFFDebugLogFile.txt,0
268312,1790363884540,MpCmdRun.log,22882
268312,1790363884556,MpSigStub.log,97512
268312,1790363884556,msedge_installer.log,68015
268312,1790363884556,NHFTwBUmYHlXSsjNJdzXRevJ,0
268312,1790363884572,skin.zip,231625
268312,1790363884572,SYS32_Hardware,900
268312,1790363884572,SYS32_Hardware.exe,32671232
268312,1790363884587,SYS32_Hardware.ini,363
268859,1790363885087,bb3a785178f443fda931098a5a9a306b.db.ses,53
268859,1790363885087,FXSAPIDebugLogFile.txt,0
268859,1790363885087,FXSTIFFDebugLogFile.txt,0
268859,1790363885087,MpCmdRun.log,22882
268859,1790363885103,MpSigStub.log,97512
268859,1790363885103,msedge_installer.log,68015
268859,1790363885103,NHFTwBUmYHlXSsjNJdzXRevJ,0
268859,1790363885119,skin.zip,231625
268859,1790363885119,SYS32_Hardware,900
268859,1790363885119,SYS32_Hardware.exe,32671232
268859,1790363885134,SYS32_Hardware.ini,363
269411,1790363885638,bb3a785178f443fda931098a5a9a306b.db.ses,53
269411,1790363885638,FXSAPIDebugLogFile.txt,0
269411,1790363885638,FXSTIFFDebugLogFile.txt,0
269411,1790363885638,MpCmdRun.log,22882
269411,1790363885654,MpSigStub.log,97512
269411,1790363885654,msedge_installer.log,68015
269411,1790363885654,NHFTwBUmYHlXSsjNJdzXRevJ,0
269411,1790363885669,skin.zip,231625
269411,1790363885669,SYS32_Hardware,900
269411,1790363885669,SYS32_Hardware.exe,32671232
269411,1790363885685,SYS32_Hardware.ini,363
269957,1790363886185,bb3a785178f443fda931098a5a9a306b.db.ses,53
269957,1790363886185,FXSAPIDebugLogFile.txt,0
269957,1790363886185,FXSTIFFDebugLogFile.txt,0
269957,1790363886185,MpCmdRun.log,22882
269957,1790363886201,MpSigStub.log,97512
269957,1790363886201,msedge_installer.log,68015
269957,1790363886201,NHFTwBUmYHlXSsjNJdzXRevJ,0
269957,1790363886216,skin.zip,231625
269957,1790363886216,SYS32_Hardware,900
269957,1790363886216,SYS32_Hardware.exe,32671232
269957,1790363886232,SYS32_Hardware.ini,363
270504,1790363886732,bb3a785178f443fda931098a5a9a306b.db.ses,53
270504,1790363886732,FXSAPIDebugLogFile.txt,0
270504,1790363886732,FXSTIFFDebugLogFile.txt,0
270504,1790363886748,MpCmdRun.log,22882
270504,1790363886748,MpSigStub.log,97512
270504,1790363886763,msedge_installer.log,68015
270504,1790363886763,NHFTwBUmYHlXSsjNJdzXRevJ,0
270504,1790363886779,skin.zip,231625
270504,1790363886795,SYS32_Hardware,900
270504,1790363886795,SYS32_Hardware.exe,32671232
270504,1790363886810,SYS32_Hardware.ini,363
271082,1790363887310,bb3a785178f443fda931098a5a9a306b.db.ses,53
271082,1790363887310,FXSAPIDebugLogFile.txt,0
271082,1790363887310,FXSTIFFDebugLogFile.txt,0
271082,1790363887310,MpCmdRun.log,22882
271082,1790363887326,MpSigStub.log,97512
271082,1790363887326,msedge_installer.log,68015
271082,1790363887326,NHFTwBUmYHlXSsjNJdzXRevJ,0
271082,1790363887342,skin.zip,231625
271082,1790363887342,SYS32_Hardware,900
271082,1790363887342,SYS32_Hardware.exe,32671232
271082,1790363887357,SYS32_Hardware.ini,363
271630,1790363887858,bb3a785178f443fda931098a5a9a306b.db.ses,53
271630,1790363887858,FXSAPIDebugLogFile.txt,0
271630,1790363887858,FXSTIFFDebugLogFile.txt,0
271630,1790363887889,MpCmdRun.log,22882
271630,1790363887889,MpSigStub.log,97512
271630,1790363887905,msedge_installer.log,68015
271630,1790363887920,NHFTwBUmYHlXSsjNJdzXRevJ,0
271630,1790363887920,skin.zip,231625
271630,1790363887936,SYS32_Hardware,900
271630,1790363887952,SYS32_Hardware.exe,32671232
271630,1790363887952,SYS32_Hardware.ini,363
272239,1790363888467,bb3a785178f443fda931098a5a9a306b.db.ses,53
272239,1790363888477,FXSAPIDebugLogFile.txt,0
272239,1790363888477,FXSTIFFDebugLogFile.txt,0
272239,1790363888477,MpCmdRun.log,22882
272239,1790363888493,MpSigStub.log,97512
272239,1790363888493,msedge_installer.log,68015
272239,1790363888493,NHFTwBUmYHlXSsjNJdzXRevJ,0
272239,1790363888493,skin.zip,231625
272239,1790363888509,SYS32_Hardware,900
272239,1790363888509,SYS32_Hardware.exe,32671232
272239,1790363888524,SYS32_Hardware.ini,363
272796,1790363889024,bb3a785178f443fda931098a5a9a306b.db.ses,53
272796,1790363889024,FXSAPIDebugLogFile.txt,0
272796,1790363889024,FXSTIFFDebugLogFile.txt,0
272796,1790363889040,MpCmdRun.log,22882
272796,1790363889040,MpSigStub.log,97512
272796,1790363889056,msedge_installer.log,68015
272796,1790363889071,NHFTwBUmYHlXSsjNJdzXRevJ,0
272796,1790363889087,skin.zip,231625
272796,1790363889087,SYS32_Hardware,900
272796,1790363889102,SYS32_Hardware.exe,32671232
272796,1790363889102,SYS32_Hardware.ini,363
273374,1790363889603,bb3a785178f443fda931098a5a9a306b.db.ses,53
273374,1790363889603,FXSAPIDebugLogFile.txt,0
273374,1790363889603,FXSTIFFDebugLogFile.txt,0
273374,1790363889618,MpCmdRun.log,22882
273374,1790363889618,MpSigStub.log,97512
273374,1790363889618,msedge_installer.log,68015
273374,1790363889634,NHFTwBUmYHlXSsjNJdzXRevJ,0
273374,1790363889634,skin.zip,231625
273374,1790363889634,SYS32_Hardware,900
273374,1790363889649,SYS32_Hardware.exe,32671232
273374,1790363889649,SYS32_Hardware.ini,363
273937,1790363890165,bb3a785178f443fda931098a5a9a306b.db.ses,53
273937,1790363890165,FXSAPIDebugLogFile.txt,0
273937,1790363890165,FXSTIFFDebugLogFile.txt,0
273937,1790363890165,MpCmdRun.log,22882
273937,1790363890181,MpSigStub.log,97512
273937,1790363890181,msedge_installer.log,68015
273937,1790363890181,NHFTwBUmYHlXSsjNJdzXRevJ,0
273937,1790363890196,skin.zip,231625
273937,1790363890196,SYS32_Hardware,900
273937,1790363890212,SYS32_Hardware.exe,32671232
273937,1790363890212,SYS32_Hardware.ini,363
274484,1790363890712,bb3a785178f443fda931098a5a9a306b.db.ses,53
274484,1790363890712,FXSAPIDebugLogFile.txt,0
274484,1790363890712,FXSTIFFDebugLogFile.txt,0
274484,1790363890732,MpCmdRun.log,22882
274484,1790363890732,MpSigStub.log,97512
274484,1790363890748,msedge_installer.log,68015
274484,1790363890748,NHFTwBUmYHlXSsjNJdzXRevJ,0
274484,1790363890763,skin.zip,231625
274484,1790363890779,SYS32_Hardware,900
274484,1790363890779,SYS32_Hardware.exe,32671232
274484,1790363890795,SYS32_Hardware.ini,363
275068,1790363891296,bb3a785178f443fda931098a5a9a306b.db.ses,53
275068,1790363891296,FXSAPIDebugLogFile.txt,0
275068,1790363891296,FXSTIFFDebugLogFile.txt,0
275068,1790363891312,MpCmdRun.log,22882
275068,1790363891312,MpSigStub.log,97512
275068,1790363891312,msedge_installer.log,68015
275068,1790363891328,NHFTwBUmYHlXSsjNJdzXRevJ,0
275068,1790363891328,skin.zip,231625
275068,1790363891343,SYS32_Hardware,900
275068,1790363891343,SYS32_Hardware.exe,32671232
275068,1790363891343,SYS32_Hardware.ini,363
275631,1790363891859,bb3a785178f443fda931098a5a9a306b.db.ses,53
275631,1790363891859,FXSAPIDebugLogFile.txt,0
275631,1790363891859,FXSTIFFDebugLogFile.txt,0
275631,1790363891859,MpCmdRun.log,22882
275631,1790363891875,MpSigStub.log,97512
275631,1790363891875,msedge_installer.log,68015
275631,1790363891890,NHFTwBUmYHlXSsjNJdzXRevJ,0
275631,1790363891890,skin.zip,231625
275631,1790363891890,SYS32_Hardware,900
275631,1790363891906,SYS32_Hardware.exe,32671232
275631,1790363891906,SYS32_Hardware.ini,363
276184,1790363892413,bb3a785178f443fda931098a5a9a306b.db.ses,53
276184,1790363892413,FXSAPIDebugLogFile.txt,0
276184,1790363892413,FXSTIFFDebugLogFile.txt,0
276184,1790363892413,MpCmdRun.log,22882
276184,1790363892428,MpSigStub.log,97512
276184,1790363892428,msedge_installer.log,68015
276184,1790363892428,NHFTwBUmYHlXSsjNJdzXRevJ,0
276184,1790363892444,skin.zip,231625
276184,1790363892444,SYS32_Hardware,900
276184,1790363892444,SYS32_Hardware.exe,32671232
276184,1790363892459,SYS32_Hardware.ini,363
276744,1790363892972,bb3a785178f443fda931098a5a9a306b.db.ses,53
276744,1790363892972,FXSAPIDebugLogFile.txt,0
276744,1790363892972,FXSTIFFDebugLogFile.txt,0
276744,1790363892988,MpCmdRun.log,22882
276744,1790363892988,MpSigStub.log,97512
276744,1790363892988,msedge_installer.log,68015
276744,1790363893003,NHFTwBUmYHlXSsjNJdzXRevJ,0
276744,1790363893003,skin.zip,231625
276744,1790363893019,SYS32_Hardware,900
276744,1790363893019,SYS32_Hardware.exe,32671232
276744,1790363893035,SYS32_Hardware.ini,363
277323,1790363893550,bb3a785178f443fda931098a5a9a306b.db.ses,53
277323,1790363893550,FXSAPIDebugLogFile.txt,0
277323,1790363893550,FXSTIFFDebugLogFile.txt,0
277323,1790363893566,MpCmdRun.log,22882
277323,1790363893566,MpSigStub.log,97512
277323,1790363893582,msedge_installer.log,68015
277323,1790363893582,NHFTwBUmYHlXSsjNJdzXRevJ,0
277323,1790363893582,skin.zip,231625
277323,1790363893597,SYS32_Hardware,900
277323,1790363893597,SYS32_Hardware.exe,32671232
277323,1790363893597,SYS32_Hardware.ini,363
277885,1790363894113,bb3a785178f443fda931098a5a9a306b.db.ses,53
277885,1790363894113,FXSAPIDebugLogFile.txt,0
277885,1790363894113,FXSTIFFDebugLogFile.txt,0
277885,1790363894113,MpCmdRun.log,22882
277885,1790363894128,MpSigStub.log,97512
277885,1790363894128,msedge_installer.log,68015
277885,1790363894144,NHFTwBUmYHlXSsjNJdzXRevJ,0
277885,1790363894144,skin.zip,231625
277885,1790363894144,SYS32_Hardware,900
277885,1790363894160,SYS32_Hardware.exe,32671232
277885,1790363894160,SYS32_Hardware.ini,363
278432,1790363894660,bb3a785178f443fda931098a5a9a306b.db.ses,53
278432,1790363894660,FXSAPIDebugLogFile.txt,0
278432,1790363894660,FXSTIFFDebugLogFile.txt,0
278432,1790363894676,MpCmdRun.log,22882
278432,1790363894676,MpSigStub.log,97512
278432,1790363894676,msedge_installer.log,68015
278432,1790363894691,NHFTwBUmYHlXSsjNJdzXRevJ,0
278432,1790363894691,skin.zip,231625
278432,1790363894691,SYS32_Hardware,900
278432,1790363894707,SYS32_Hardware.exe,32671232
278432,1790363894707,SYS32_Hardware.ini,363
278979,1790363895207,bb3a785178f443fda931098a5a9a306b.db.ses,53
278979,1790363895207,FXSAPIDebugLogFile.txt,0
278979,1790363895222,FXSTIFFDebugLogFile.txt,0
278979,1790363895238,MpCmdRun.log,22882
278979,1790363895254,MpSigStub.log,97512
278979,1790363895254,msedge_installer.log,68015
278979,1790363895269,NHFTwBUmYHlXSsjNJdzXRevJ,0
278979,1790363895285,skin.zip,231625
278979,1790363895301,SYS32_Hardware,900
278979,1790363895316,SYS32_Hardware.exe,32671232
278979,1790363895332,SYS32_Hardware.ini,363
279630,1790363895858,bb3a785178f443fda931098a5a9a306b.db.ses,53
279630,1790363895858,FXSAPIDebugLogFile.txt,0
279630,1790363895858,FXSTIFFDebugLogFile.txt,0
279630,1790363895874,MpCmdRun.log,22882
279630,1790363895874,MpSigStub.log,97512
279630,1790363895890,msedge_installer.log,68015
279630,1790363895890,NHFTwBUmYHlXSsjNJdzXRevJ,0
279630,1790363895905,skin.zip,231625
279630,1790363895905,SYS32_Hardware,900
279630,1790363895921,SYS32_Hardware.exe,32671232
279630,1790363895921,SYS32_Hardware.ini,363
280209,1790363896437,bb3a785178f443fda931098a5a9a306b.db.ses,53
280209,1790363896437,FXSAPIDebugLogFile.txt,0
280209,1790363896437,FXSTIFFDebugLogFile.txt,0
280209,1790363896452,MpCmdRun.log,22882
280209,1790363896468,MpSigStub.log,97512
280209,1790363896468,msedge_installer.log,68015
280209,1790363896484,NHFTwBUmYHlXSsjNJdzXRevJ,0
280209,1790363896499,skin.zip,231625
280209,1790363896499,SYS32_Hardware,900
280209,1790363896515,SYS32_Hardware.exe,32671232
280209,1790363896530,SYS32_Hardware.ini,363
280802,1790363897031,bb3a785178f443fda931098a5a9a306b.db.ses,53
280802,1790363897031,FXSAPIDebugLogFile.txt,0
280802,1790363897031,FXSTIFFDebugLogFile.txt,0
280802,1790363897046,MpCmdRun.log,22882
280802,1790363897046,MpSigStub.log,97512
280802,1790363897046,msedge_installer.log,68015
280802,1790363897062,NHFTwBUmYHlXSsjNJdzXRevJ,0
280802,1790363897062,skin.zip,231625
280802,1790363897077,SYS32_Hardware,900
280802,1790363897077,SYS32_Hardware.exe,32671232
280802,1790363897093,SYS32_Hardware.ini,363
281366,1790363897593,bb3a785178f443fda931098a5a9a306b.db.ses,53
281366,1790363897593,FXSAPIDebugLogFile.txt,0
281366,1790363897609,FXSTIFFDebugLogFile.txt,0
281366,1790363897609,MpCmdRun.log,22882
281366,1790363897624,MpSigStub.log,97512
281366,1790363897624,msedge_installer.log,68015
281366,1790363897640,NHFTwBUmYHlXSsjNJdzXRevJ,0
281366,1790363897640,skin.zip,231625
281366,1790363897656,SYS32_Hardware,900
281366,1790363897656,SYS32_Hardware.exe,32671232
281366,1790363897656,SYS32_Hardware.ini,363
281944,1790363898171,bb3a785178f443fda931098a5a9a306b.db.ses,53
281944,1790363898171,FXSAPIDebugLogFile.txt,0
281944,1790363898171,FXSTIFFDebugLogFile.txt,0
281944,1790363898187,MpCmdRun.log,22882
281944,1790363898187,MpSigStub.log,97512
281944,1790363898203,msedge_installer.log,68015
281944,1790363898203,NHFTwBUmYHlXSsjNJdzXRevJ,0
281944,1790363898203,skin.zip,231625
281944,1790363898218,SYS32_Hardware,900
281944,1790363898218,SYS32_Hardware.exe,32671232
281944,1790363898234,SYS32_Hardware.ini,363
282506,1790363898734,bb3a785178f443fda931098a5a9a306b.db.ses,53
282506,1790363898734,FXSAPIDebugLogFile.txt,0
282506,1790363898734,FXSTIFFDebugLogFile.txt,0
282506,1790363898750,MpCmdRun.log,22882
282506,1790363898750,MpSigStub.log,97512
282506,1790363898766,msedge_installer.log,68015
282506,1790363898766,NHFTwBUmYHlXSsjNJdzXRevJ,0
282506,1790363898766,skin.zip,231625
282506,1790363898781,SYS32_Hardware,900
282506,1790363898781,SYS32_Hardware.exe,32671232
282506,1790363898797,SYS32_Hardware.ini,363
283084,1790363899313,bb3a785178f443fda931098a5a9a306b.db.ses,53
283084,1790363899313,FXSAPIDebugLogFile.txt,0
283084,1790363899313,FXSTIFFDebugLogFile.txt,0
283084,1790363899328,MpCmdRun.log,22882
283084,1790363899328,MpSigStub.log,97512
283084,1790363899344,msedge_installer.log,68015
283084,1790363899344,NHFTwBUmYHlXSsjNJdzXRevJ,0
283084,1790363899344,skin.zip,231625
283084,1790363899359,SYS32_Hardware,900
283084,1790363899359,SYS32_Hardware.exe,32671232
283084,1790363899375,SYS32_Hardware.ini,363
283647,1790363899875,bb3a785178f443fda931098a5a9a306b.db.ses,53
283647,1790363899875,FXSAPIDebugLogFile.txt,0
283647,1790363899875,FXSTIFFDebugLogFile.txt,0
283647,1790363899891,MpCmdRun.log,22882
283647,1790363899891,MpSigStub.log,97512
283647,1790363899891,msedge_installer.log,68015
283647,1790363899906,NHFTwBUmYHlXSsjNJdzXRevJ,0
283647,1790363899922,skin.zip,231625
283647,1790363899922,SYS32_Hardware,900
283647,1790363899938,SYS32_Hardware.exe,32671232
283647,1790363899938,SYS32_Hardware.ini,363
284210,1790363900438,bb3a785178f443fda931098a5a9a306b.db.ses,53
284210,1790363900438,FXSAPIDebugLogFile.txt,0
284210,1790363900438,FXSTIFFDebugLogFile.txt,0
284210,1790363900453,MpCmdRun.log,22882
284210,1790363900453,MpSigStub.log,97512
284210,1790363900453,msedge_installer.log,68015
284210,1790363900469,NHFTwBUmYHlXSsjNJdzXRevJ,0
284210,1790363900469,skin.zip,231625
284210,1790363900485,SYS32_Hardware,900
284210,1790363900485,SYS32_Hardware.exe,32671232
284210,1790363900500,SYS32_Hardware.ini,363
284772,1790363901000,bb3a785178f443fda931098a5a9a306b.db.ses,53
284772,1790363901000,FXSAPIDebugLogFile.txt,0
284772,1790363901000,FXSTIFFDebugLogFile.txt,0
284772,1790363901016,MpCmdRun.log,22882
284772,1790363901016,MpSigStub.log,97512
284772,1790363901016,msedge_installer.log,68015
284772,1790363901032,NHFTwBUmYHlXSsjNJdzXRevJ,0
284772,1790363901032,skin.zip,231625
284772,1790363901047,SYS32_Hardware,900
284772,1790363901047,SYS32_Hardware.exe,32671232
284772,1790363901063,SYS32_Hardware.ini,363
285335,1790363901563,bb3a785178f443fda931098a5a9a306b.db.ses,53
285335,1790363901563,FXSAPIDebugLogFile.txt,0
285335,1790363901563,FXSTIFFDebugLogFile.txt,0
285335,1790363901579,MpCmdRun.log,22882
285335,1790363901579,MpSigStub.log,97512
285335,1790363901579,msedge_installer.log,68015
285335,1790363901594,NHFTwBUmYHlXSsjNJdzXRevJ,0
285335,1790363901594,skin.zip,231625
285335,1790363901610,SYS32_Hardware,900
285335,1790363901610,SYS32_Hardware.exe,32671232
285335,1790363901626,SYS32_Hardware.ini,363
285898,1790363902126,bb3a785178f443fda931098a5a9a306b.db.ses,53
285898,1790363902126,FXSAPIDebugLogFile.txt,0
285898,1790363902141,FXSTIFFDebugLogFile.txt,0
285898,1790363902141,MpCmdRun.log,22882
285898,1790363902157,MpSigStub.log,97512
285898,1790363902173,msedge_installer.log,68015
285898,1790363902173,NHFTwBUmYHlXSsjNJdzXRevJ,0
285898,1790363902188,skin.zip,231625
285898,1790363902204,SYS32_Hardware,900
285898,1790363902204,SYS32_Hardware.exe,32671232
285898,1790363902219,SYS32_Hardware.ini,363
286491,1790363902719,bb3a785178f443fda931098a5a9a306b.db.ses,53
286491,1790363902719,FXSAPIDebugLogFile.txt,0
286491,1790363902719,FXSTIFFDebugLogFile.txt,0
286491,1790363902735,MpCmdRun.log,22882
286491,1790363902735,MpSigStub.log,97512
286491,1790363902751,msedge_installer.log,68015
286491,1790363902751,NHFTwBUmYHlXSsjNJdzXRevJ,0
286491,1790363902766,skin.zip,231625
286491,1790363902766,SYS32_Hardware,900
286491,1790363902782,SYS32_Hardware.exe,32671232
286491,1790363902782,SYS32_Hardware.ini,363
287070,1790363903298,bb3a785178f443fda931098a5a9a306b.db.ses,53
287070,1790363903298,FXSAPIDebugLogFile.txt,0
287070,1790363903298,FXSTIFFDebugLogFile.txt,0
287070,1790363903313,MpCmdRun.log,22882
287070,1790363903313,MpSigStub.log,97512
287070,1790363903313,msedge_installer.log,68015
287070,1790363903329,NHFTwBUmYHlXSsjNJdzXRevJ,0
287070,1790363903329,skin.zip,231625
287070,1790363903345,SYS32_Hardware,900
287070,1790363903345,SYS32_Hardware.exe,32671232
287070,1790363903360,SYS32_Hardware.ini,363
287632,1790363903860,bb3a785178f443fda931098a5a9a306b.db.ses,53
287632,1790363903860,FXSAPIDebugLogFile.txt,0
287632,1790363903860,FXSTIFFDebugLogFile.txt,0
287632,1790363903876,MpCmdRun.log,22882
287632,1790363903876,MpSigStub.log,97512
287632,1790363903891,msedge_installer.log,68015
287632,1790363903891,NHFTwBUmYHlXSsjNJdzXRevJ,0
287632,1790363903907,skin.zip,231625
287632,1790363903907,SYS32_Hardware,900
287632,1790363903923,SYS32_Hardware.exe,32671232
287632,1790363903923,SYS32_Hardware.ini,363
288195,1790363904423,bb3a785178f443fda931098a5a9a306b.db.ses,53
288195,1790363904423,FXSAPIDebugLogFile.txt,0
288195,1790363904423,FXSTIFFDebugLogFile.txt,0
288195,1790363904439,MpCmdRun.log,22882
288195,1790363904439,MpSigStub.log,97512
288195,1790363904439,msedge_installer.log,68015
288195,1790363904454,NHFTwBUmYHlXSsjNJdzXRevJ,0
288195,1790363904454,skin.zip,231625
288195,1790363904470,SYS32_Hardware,900
288195,1790363904470,SYS32_Hardware.exe,32671232
288195,1790363904485,SYS32_Hardware.ini,363
288771,1790363904999,bb3a785178f443fda931098a5a9a306b.db.ses,53
288771,1790363904999,FXSAPIDebugLogFile.txt,0
288771,1790363904999,FXSTIFFDebugLogFile.txt,0
288771,1790363905015,MpCmdRun.log,22882
288771,1790363905015,MpSigStub.log,97512
288771,1790363905015,msedge_installer.log,68015
288771,1790363905031,NHFTwBUmYHlXSsjNJdzXRevJ,0
288771,1790363905031,skin.zip,231625
288771,1790363905046,SYS32_Hardware,900
288771,1790363905046,SYS32_Hardware.exe,32671232
288771,1790363905046,SYS32_Hardware.ini,363
289335,1790363905563,bb3a785178f443fda931098a5a9a306b.db.ses,53
289335,1790363905563,FXSAPIDebugLogFile.txt,0
289335,1790363905563,FXSTIFFDebugLogFile.txt,0
289335,1790363905579,MpCmdRun.log,22882
289335,1790363905579,MpSigStub.log,97512
289335,1790363905579,msedge_installer.log,68015
289335,1790363905594,NHFTwBUmYHlXSsjNJdzXRevJ,0
289335,1790363905594,skin.zip,231625
289335,1790363905594,SYS32_Hardware,900
289335,1790363905610,SYS32_Hardware.exe,32671232
289335,1790363905610,SYS32_Hardware.ini,363
289897,1790363906126,bb3a785178f443fda931098a5a9a306b.db.ses,53
289897,1790363906126,FXSAPIDebugLogFile.txt,0
289897,1790363906141,FXSTIFFDebugLogFile.txt,0
289897,1790363906141,MpCmdRun.log,22882
289897,1790363906157,MpSigStub.log,97512
289897,1790363906157,msedge_installer.log,68015
289897,1790363906157,NHFTwBUmYHlXSsjNJdzXRevJ,0
289897,1790363906173,skin.zip,231625
289897,1790363906173,SYS32_Hardware,900
289897,1790363906188,SYS32_Hardware.exe,32671232
289897,1790363906188,SYS32_Hardware.ini,363
290460,1790363906688,bb3a785178f443fda931098a5a9a306b.db.ses,53
290460,1790363906688,FXSAPIDebugLogFile.txt,0
290460,1790363906688,FXSTIFFDebugLogFile.txt,0
290460,1790363906704,MpCmdRun.log,22882
290460,1790363906704,MpSigStub.log,97512
290460,1790363906704,msedge_installer.log,68015
290460,1790363906719,NHFTwBUmYHlXSsjNJdzXRevJ,0
290460,1790363906719,skin.zip,231625
290460,1790363906735,SYS32_Hardware,900
290460,1790363906735,SYS32_Hardware.exe,32671232
290460,1790363906735,SYS32_Hardware.ini,363
291026,1790363907254,bb3a785178f443fda931098a5a9a306b.db.ses,53
291026,1790363907254,FXSAPIDebugLogFile.txt,0
291026,1790363907254,FXSTIFFDebugLogFile.txt,0
291026,1790363907254,MpCmdRun.log,22882
291026,1790363907270,MpSigStub.log,97512
291026,1790363907270,msedge_installer.log,68015
291026,1790363907286,NHFTwBUmYHlXSsjNJdzXRevJ,0
291026,1790363907286,skin.zip,231625
291026,1790363907301,SYS32_Hardware,900
291026,1790363907301,SYS32_Hardware.exe,32671232
291026,1790363907301,SYS32_Hardware.ini,363
291589,1790363907817,bb3a785178f443fda931098a5a9a306b.db.ses,53
291589,1790363907817,FXSAPIDebugLogFile.txt,0
291589,1790363907817,FXSTIFFDebugLogFile.txt,0
291589,1790363907833,MpCmdRun.log,22882
291589,1790363907833,MpSigStub.log,97512
291589,1790363907833,msedge_installer.log,68015
291589,1790363907848,NHFTwBUmYHlXSsjNJdzXRevJ,0
291589,1790363907848,skin.zip,231625
291589,1790363907864,SYS32_Hardware,900
291589,1790363907864,SYS32_Hardware.exe,32671232
291589,1790363907879,SYS32_Hardware.ini,363
292166,1790363908395,bb3a785178f443fda931098a5a9a306b.db.ses,53
292166,1790363908395,FXSAPIDebugLogFile.txt,0
292166,1790363908395,FXSTIFFDebugLogFile.txt,0
292166,1790363908410,MpCmdRun.log,22882
292166,1790363908410,MpSigStub.log,97512
292166,1790363908410,msedge_installer.log,68015
292166,1790363908426,NHFTwBUmYHlXSsjNJdzXRevJ,0
292166,1790363908426,skin.zip,231625
292166,1790363908441,SYS32_Hardware,900
292166,1790363908441,SYS32_Hardware.exe,32671232
292166,1790363908441,SYS32_Hardware.ini,363
292729,1790363908957,bb3a785178f443fda931098a5a9a306b.db.ses,53
292729,1790363908957,FXSAPIDebugLogFile.txt,0
292729,1790363908957,FXSTIFFDebugLogFile.txt,0
292729,1790363908957,MpCmdRun.log,22882
292729,1790363908973,MpSigStub.log,97512
292729,1790363908973,msedge_installer.log,68015
292729,1790363908988,NHFTwBUmYHlXSsjNJdzXRevJ,0
292729,1790363908988,skin.zip,231625
292729,1790363909004,SYS32_Hardware,900
292729,1790363909004,SYS32_Hardware.exe,32671232
292729,1790363909004,SYS32_Hardware.ini,363
293292,1790363909520,bb3a785178f443fda931098a5a9a306b.db.ses,53
293292,1790363909520,FXSAPIDebugLogFile.txt,0
293292,1790363909534,FXSTIFFDebugLogFile.txt,0
293292,1790363909534,MpCmdRun.log,22882
293292,1790363909549,MpSigStub.log,97512
293292,1790363909549,msedge_installer.log,68015
293292,1790363909549,NHFTwBUmYHlXSsjNJdzXRevJ,0
293292,1790363909565,skin.zip,231625
293292,1790363909565,SYS32_Hardware,900
293292,1790363909580,SYS32_Hardware.exe,32671232
293292,1790363909580,SYS32_Hardware.ini,363
293852,1790363910081,bb3a785178f443fda931098a5a9a306b.db.ses,53
293852,1790363910081,FXSAPIDebugLogFile.txt,0
293852,1790363910081,FXSTIFFDebugLogFile.txt,0
293852,1790363910081,MpCmdRun.log,22882
293852,1790363910096,MpSigStub.log,97512
293852,1790363910096,msedge_installer.log,68015
293852,1790363910112,NHFTwBUmYHlXSsjNJdzXRevJ,0
293852,1790363910112,skin.zip,231625
293852,1790363910127,SYS32_Hardware,900
293852,1790363910127,SYS32_Hardware.exe,32671232
293852,1790363910127,SYS32_Hardware.ini,363
294415,1790363910643,bb3a785178f443fda931098a5a9a306b.db.ses,53
294415,1790363910643,FXSAPIDebugLogFile.txt,0
294415,1790363910643,FXSTIFFDebugLogFile.txt,0
294415,1790363910659,MpCmdRun.log,22882
294415,1790363910659,MpSigStub.log,97512
294415,1790363910659,msedge_installer.log,68015
294415,1790363910674,NHFTwBUmYHlXSsjNJdzXRevJ,0
294415,1790363910674,skin.zip,231625
294415,1790363910690,SYS32_Hardware,900
294415,1790363910690,SYS32_Hardware.exe,32671232
294415,1790363910690,SYS32_Hardware.ini,363
294978,1790363911206,bb3a785178f443fda931098a5a9a306b.db.ses,53
294978,1790363911218,FXSAPIDebugLogFile.txt,0
294978,1790363911218,FXSTIFFDebugLogFile.txt,0
294978,1790363911218,MpCmdRun.log,22882
294978,1790363911234,MpSigStub.log,97512
294978,1790363911234,msedge_installer.log,68015
294978,1790363911250,NHFTwBUmYHlXSsjNJdzXRevJ,0
294978,1790363911250,skin.zip,231625
294978,1790363911265,SYS32_Hardware,900
294978,1790363911265,SYS32_Hardware.exe,32671232
294978,1790363911281,SYS32_Hardware.ini,363
295553,1790363911781,bb3a785178f443fda931098a5a9a306b.db.ses,53
295553,1790363911781,FXSAPIDebugLogFile.txt,0
295553,1790363911781,FXSTIFFDebugLogFile.txt,0
295553,1790363911797,MpCmdRun.log,22882
295553,1790363911797,MpSigStub.log,97512
295553,1790363911812,msedge_installer.log,68015
295553,1790363911812,NHFTwBUmYHlXSsjNJdzXRevJ,0
295553,1790363911828,skin.zip,231625
295553,1790363911843,SYS32_Hardware,900
295553,1790363911843,SYS32_Hardware.exe,32671232
295553,1790363911859,SYS32_Hardware.ini,363
296131,1790363912359,bb3a785178f443fda931098a5a9a306b.db.ses,53
296131,1790363912359,FXSAPIDebugLogFile.txt,0
296131,1790363912375,FXSTIFFDebugLogFile.txt,0
296131,1790363912375,MpCmdRun.log,22882
296131,1790363912390,MpSigStub.log,97512
296131,1790363912406,msedge_installer.log,68015
296131,1790363912422,NHFTwBUmYHlXSsjNJdzXRevJ,0
296131,1790363912422,skin.zip,231625
296131,1790363912437,SYS32_Hardware,900
296131,1790363912453,SYS32_Hardware.exe,32671232
296131,1790363912469,SYS32_Hardware.ini,363
296741,1790363912969,bb3a785178f443fda931098a5a9a306b.db.ses,53
296741,1790363912979,FXSAPIDebugLogFile.txt,0
296741,1790363912979,FXSTIFFDebugLogFile.txt,0
296741,1790363912979,MpCmdRun.log,22882
296741,1790363912994,MpSigStub.log,97512
296741,1790363912994,msedge_installer.log,68015
296741,1790363913010,NHFTwBUmYHlXSsjNJdzXRevJ,0
296741,1790363913010,skin.zip,231625
296741,1790363913010,SYS32_Hardware,900
296741,1790363913025,SYS32_Hardware.exe,32671232
296741,1790363913025,SYS32_Hardware.ini,363
297313,1790363913541,bb3a785178f443fda931098a5a9a306b.db.ses,53
297313,1790363913541,FXSAPIDebugLogFile.txt,0
297313,1790363913541,FXSTIFFDebugLogFile.txt,0
297313,1790363913557,MpCmdRun.log,22882
297313,1790363913557,MpSigStub.log,97512
297313,1790363913557,msedge_installer.log,68015
297313,1790363913572,NHFTwBUmYHlXSsjNJdzXRevJ,0
297313,1790363913572,skin.zip,231625
297313,1790363913588,SYS32_Hardware,900
297313,1790363913588,SYS32_Hardware.exe,32671232
297313,1790363913588,SYS32_Hardware.ini,363
297884,1790363914112,bb3a785178f443fda931098a5a9a306b.db.ses,53
297884,1790363914112,FXSAPIDebugLogFile.txt,0
297884,1790363914112,FXSTIFFDebugLogFile.txt,0
297884,1790363914127,MpCmdRun.log,22882
297884,1790363914127,MpSigStub.log,97512
297884,1790363914127,msedge_installer.log,68015
297884,1790363914143,NHFTwBUmYHlXSsjNJdzXRevJ,0
297884,1790363914143,skin.zip,231625
297884,1790363914159,SYS32_Hardware,900
297884,1790363914159,SYS32_Hardware.exe,32671232
297884,1790363914159,SYS32_Hardware.ini,363
298449,1790363914677,bb3a785178f443fda931098a5a9a306b.db.ses,53
298449,1790363914677,FXSAPIDebugLogFile.txt,0
298449,1790363914677,FXSTIFFDebugLogFile.txt,0
298449,1790363914692,MpCmdRun.log,22882
298449,1790363914692,MpSigStub.log,97512
298449,1790363914692,msedge_installer.log,68015
298449,1790363914708,NHFTwBUmYHlXSsjNJdzXRevJ,0
298449,1790363914708,skin.zip,231625
298449,1790363914723,SYS32_Hardware,900
298449,1790363914723,SYS32_Hardware.exe,32671232
298449,1790363914723,SYS32_Hardware.ini,363
299026,1790363915255,bb3a785178f443fda931098a5a9a306b.db.ses,53
299026,1790363915255,FXSAPIDebugLogFile.txt,0
299026,1790363915270,FXSTIFFDebugLogFile.txt,0
299026,1790363915270,MpCmdRun.log,22882
299026,1790363915286,MpSigStub.log,97512
299026,1790363915286,msedge_installer.log,68015
299026,1790363915301,NHFTwBUmYHlXSsjNJdzXRevJ,0
299026,1790363915301,skin.zip,231625
299026,1790363915301,SYS32_Hardware,900
299026,1790363915317,SYS32_Hardware.exe,32671232
299026,1790363915317,SYS32_Hardware.ini,363
299605,1790363915833,bb3a785178f443fda931098a5a9a306b.db.ses,53
299605,1790363915833,FXSAPIDebugLogFile.txt,0
299605,1790363915833,FXSTIFFDebugLogFile.txt,0
299605,1790363915848,MpCmdRun.log,22882
299605,1790363915848,MpSigStub.log,97512
299605,1790363915864,msedge_installer.log,68015
299605,1790363915864,NHFTwBUmYHlXSsjNJdzXRevJ,0
299605,1790363915864,skin.zip,231625
299605,1790363915880,SYS32_Hardware,900
299605,1790363915880,SYS32_Hardware.exe,32671232
299605,1790363915895,SYS32_Hardware.ini,363
300167,1790363916395,bb3a785178f443fda931098a5a9a306b.db.ses,53
300167,1790363916395,FXSAPIDebugLogFile.txt,0
300167,1790363916395,FXSTIFFDebugLogFile.txt,0
300167,1790363916411,MpCmdRun.log,22882
300167,1790363916411,MpSigStub.log,97512
300167,1790363916411,msedge_installer.log,68015
300167,1790363916427,NHFTwBUmYHlXSsjNJdzXRevJ,0
300167,1790363916427,skin.zip,231625
300167,1790363916442,SYS32_Hardware,900
300167,1790363916442,SYS32_Hardware.exe,32671232
300167,1790363916442,SYS32_Hardware.ini,363
300730,1790363916958,bb3a785178f443fda931098a5a9a306b.db.ses,53
300730,1790363916958,FXSAPIDebugLogFile.txt,0
300730,1790363916962,FXSTIFFDebugLogFile.txt,0
300730,1790363916962,MpCmdRun.log,22882
300730,1790363916975,MpSigStub.log,97512
300730,1790363916975,msedge_installer.log,68015
300730,1790363916991,NHFTwBUmYHlXSsjNJdzXRevJ,0
300730,1790363916991,skin.zip,231625
300730,1790363917007,SYS32_Hardware,900
300730,1790363917007,SYS32_Hardware.exe,32671232
300730,1790363917007,SYS32_Hardware.ini,363
301294,1790363917522,bb3a785178f443fda931098a5a9a306b.db.ses,53
301294,1790363917522,FXSAPIDebugLogFile.txt,0
301294,1790363917536,FXSTIFFDebugLogFile.txt,0
301294,1790363917536,MpCmdRun.log,22882
301294,1790363917551,MpSigStub.log,97512
301294,1790363917551,msedge_installer.log,68015
301294,1790363917551,NHFTwBUmYHlXSsjNJdzXRevJ,0
301294,1790363917567,skin.zip,231625
301294,1790363917567,SYS32_Hardware,900
301294,1790363917582,SYS32_Hardware.exe,32671232
301294,1790363917582,SYS32_Hardware.ini,363
301884,1790363918112,bb3a785178f443fda931098a5a9a306b.db.ses,53
301884,1790363918112,FXSAPIDebugLogFile.txt,0
301884,1790363918112,FXSTIFFDebugLogFile.txt,0
301884,1790363918127,MpCmdRun.log,22882
301884,1790363918127,MpSigStub.log,97512
301884,1790363918127,msedge_installer.log,68015
301884,1790363918143,NHFTwBUmYHlXSsjNJdzXRevJ,0
301884,1790363918143,skin.zip,231625
301884,1790363918159,SYS32_Hardware,900
301884,1790363918174,SYS32_Hardware.exe,32671232
301884,1790363918174,SYS32_Hardware.ini,363
302447,1790363918674,bb3a785178f443fda931098a5a9a306b.db.ses,53
302447,1790363918674,FXSAPIDebugLogFile.txt,0
302447,1790363918690,FXSTIFFDebugLogFile.txt,0
302447,1790363918690,MpCmdRun.log,22882
302447,1790363918690,MpSigStub.log,97512
302447,1790363918706,msedge_installer.log,68015
302447,1790363918706,NHFTwBUmYHlXSsjNJdzXRevJ,0
302447,1790363918721,skin.zip,231625
302447,1790363918721,SYS32_Hardware,900
302447,1790363918737,SYS32_Hardware.exe,32671232
302447,1790363918737,SYS32_Hardware.ini,363
303009,1790363919237,bb3a785178f443fda931098a5a9a306b.db.ses,53
303009,1790363919237,FXSAPIDebugLogFile.txt,0
303009,1790363919237,FXSTIFFDebugLogFile.txt,0
303009,1790363919253,MpCmdRun.log,22882
303009,1790363919253,MpSigStub.log,97512
303009,1790363919253,msedge_installer.log,68015
303009,1790363919268,NHFTwBUmYHlXSsjNJdzXRevJ,0
303009,1790363919268,skin.zip,231625
303009,1790363919284,SYS32_Hardware,900
303009,1790363919284,SYS32_Hardware.exe,32671232
303009,1790363919284,SYS32_Hardware.ini,363
303572,1790363919800,bb3a785178f443fda931098a5a9a306b.db.ses,53
303572,1790363919800,FXSAPIDebugLogFile.txt,0
303572,1790363919800,FXSTIFFDebugLogFile.txt,0
303572,1790363919815,MpCmdRun.log,22882
303572,1790363919815,MpSigStub.log,97512
303572,1790363919815,msedge_installer.log,68015
303572,1790363919831,NHFTwBUmYHlXSsjNJdzXRevJ,0
303572,1790363919831,skin.zip,231625
303572,1790363919847,SYS32_Hardware,900
303572,1790363919847,SYS32_Hardware.exe,32671232
303572,1790363919862,SYS32_Hardware.ini,363
304135,1790363920362,bb3a785178f443fda931098a5a9a306b.db.ses,53
304135,1790363920362,FXSAPIDebugLogFile.txt,0
304135,1790363920362,FXSTIFFDebugLogFile.txt,0
304135,1790363920378,MpCmdRun.log,22882
304135,1790363920378,MpSigStub.log,97512
304135,1790363920393,msedge_installer.log,68015
304135,1790363920393,NHFTwBUmYHlXSsjNJdzXRevJ,0
304135,1790363920409,skin.zip,231625
304135,1790363920409,SYS32_Hardware,900
304135,1790363920425,SYS32_Hardware.exe,32671232
304135,1790363920425,SYS32_Hardware.ini,363
304713,1790363920940,bb3a785178f443fda931098a5a9a306b.db.ses,53
304713,1790363920940,FXSAPIDebugLogFile.txt,0
304713,1790363920955,FXSTIFFDebugLogFile.txt,0
304713,1790363920955,MpCmdRun.log,22882
304713,1790363920970,MpSigStub.log,97512
304713,1790363920970,msedge_installer.log,68015
304713,1790363920970,NHFTwBUmYHlXSsjNJdzXRevJ,0
304713,1790363920986,skin.zip,231625
304713,1790363920986,SYS32_Hardware,900
304713,1790363921001,SYS32_Hardware.exe,32671232
304713,1790363921001,SYS32_Hardware.ini,363
305289,1790363921517,bb3a785178f443fda931098a5a9a306b.db.ses,53
305289,1790363921527,FXSAPIDebugLogFile.txt,0
305289,1790363921527,FXSTIFFDebugLogFile.txt,0
305289,1790363921527,MpCmdRun.log,22882
305289,1790363921543,MpSigStub.log,97512
305289,1790363921543,msedge_installer.log,68015
305289,1790363921559,NHFTwBUmYHlXSsjNJdzXRevJ,0
305289,1790363921559,skin.zip,231625
305289,1790363921559,SYS32_Hardware,900
305289,1790363921574,SYS32_Hardware.exe,32671232
305289,1790363921574,SYS32_Hardware.ini,363
305862,1790363922090,bb3a785178f443fda931098a5a9a306b.db.ses,53
305862,1790363922090,FXSAPIDebugLogFile.txt,0
305862,1790363922090,FXSTIFFDebugLogFile.txt,0
305862,1790363922106,MpCmdRun.log,22882
305862,1790363922106,MpSigStub.log,97512
305862,1790363922106,msedge_installer.log,68015
305862,1790363922121,NHFTwBUmYHlXSsjNJdzXRevJ,0
305862,1790363922121,skin.zip,231625
305862,1790363922121,SYS32_Hardware,900
305862,1790363922153,SYS32_Hardware.exe,32671232
305862,1790363922153,SYS32_Hardware.ini,363
306426,1790363922653,bb3a785178f443fda931098a5a9a306b.db.ses,53
306426,1790363922653,FXSAPIDebugLogFile.txt,0
306426,1790363922653,FXSTIFFDebugLogFile.txt,0
306426,1790363922668,MpCmdRun.log,22882
306426,1790363922684,MpSigStub.log,97512
306426,1790363922684,msedge_installer.log,68015
306426,1790363922700,NHFTwBUmYHlXSsjNJdzXRevJ,0
306426,1790363922700,skin.zip,231625
306426,1790363922715,SYS32_Hardware,900
306426,1790363922715,SYS32_Hardware.exe,32671232
306426,1790363922731,SYS32_Hardware.ini,363
307003,1790363923231,bb3a785178f443fda931098a5a9a306b.db.ses,53
307003,1790363923231,FXSAPIDebugLogFile.txt,0
307003,1790363923247,FXSTIFFDebugLogFile.txt,0
307003,1790363923247,MpCmdRun.log,22882
307003,1790363923247,MpSigStub.log,97512
307003,1790363923262,msedge_installer.log,68015
307003,1790363923262,NHFTwBUmYHlXSsjNJdzXRevJ,0
307003,1790363923278,skin.zip,231625
307003,1790363923278,SYS32_Hardware,900
307003,1790363923278,SYS32_Hardware.exe,32671232
307003,1790363923294,SYS32_Hardware.ini,363
307566,1790363923794,bb3a785178f443fda931098a5a9a306b.db.ses,53
307566,1790363923794,FXSAPIDebugLogFile.txt,0
307566,1790363923794,FXSTIFFDebugLogFile.txt,0
307566,1790363923794,MpCmdRun.log,22882
307566,1790363923809,MpSigStub.log,97512
307566,1790363923809,msedge_installer.log,68015
307566,1790363923809,NHFTwBUmYHlXSsjNJdzXRevJ,0
307566,1790363923825,skin.zip,231625
307566,1790363923825,SYS32_Hardware,900
307566,1790363923825,SYS32_Hardware.exe,32671232
307566,1790363923841,SYS32_Hardware.ini,363
308113,1790363924341,bb3a785178f443fda931098a5a9a306b.db.ses,53
308113,1790363924341,FXSAPIDebugLogFile.txt,0
308113,1790363924341,FXSTIFFDebugLogFile.txt,0
308113,1790363924341,MpCmdRun.log,22882
308113,1790363924356,MpSigStub.log,97512
308113,1790363924356,msedge_installer.log,68015
308113,1790363924356,NHFTwBUmYHlXSsjNJdzXRevJ,0
308113,1790363924372,skin.zip,231625
308113,1790363924372,SYS32_Hardware,900
308113,1790363924372,SYS32_Hardware.exe,32671232
308113,1790363924388,SYS32_Hardware.ini,363
308660,1790363924888,bb3a785178f443fda931098a5a9a306b.db.ses,53
308660,1790363924888,FXSAPIDebugLogFile.txt,0
308660,1790363924901,FXSTIFFDebugLogFile.txt,0
308660,1790363924901,MpCmdRun.log,22882
308660,1790363924917,MpSigStub.log,97512
308660,1790363924917,msedge_installer.log,68015
308660,1790363924917,NHFTwBUmYHlXSsjNJdzXRevJ,0
308660,1790363924933,skin.zip,231625
308660,1790363924933,SYS32_Hardware,900
308660,1790363924933,SYS32_Hardware.exe,32671232
308660,1790363924933,SYS32_Hardware.ini,363
309220,1790363925448,bb3a785178f443fda931098a5a9a306b.db.ses,53
309220,1790363925448,FXSAPIDebugLogFile.txt,0
309220,1790363925464,FXSTIFFDebugLogFile.txt,0
309220,1790363925464,MpCmdRun.log,22882
309220,1790363925480,MpSigStub.log,97512
309220,1790363925480,msedge_installer.log,68015
309220,1790363925495,NHFTwBUmYHlXSsjNJdzXRevJ,0
309220,1790363925495,skin.zip,231625
309220,1790363925511,SYS32_Hardware,900
309220,1790363925511,SYS32_Hardware.exe,32671232
309220,1790363925527,SYS32_Hardware.ini,363
309814,1790363926042,bb3a785178f443fda931098a5a9a306b.db.ses,53
309814,1790363926042,FXSAPIDebugLogFile.txt,0
309814,1790363926042,FXSTIFFDebugLogFile.txt,0
309814,1790363926042,MpCmdRun.log,22882
309814,1790363926058,MpSigStub.log,97512
309814,1790363926058,msedge_installer.log,68015
309814,1790363926058,NHFTwBUmYHlXSsjNJdzXRevJ,0
309814,1790363926074,skin.zip,231625
309814,1790363926074,SYS32_Hardware,900
309814,1790363926089,SYS32_Hardware.exe,32671232
309814,1790363926089,SYS32_Hardware.ini,363
310361,1790363926589,bb3a785178f443fda931098a5a9a306b.db.ses,53
310361,1790363926589,FXSAPIDebugLogFile.txt,0
310361,1790363926589,FXSTIFFDebugLogFile.txt,0
310361,1790363926589,MpCmdRun.log,22882
310361,1790363926605,MpSigStub.log,97512
310361,1790363926605,msedge_installer.log,68015
310361,1790363926605,NHFTwBUmYHlXSsjNJdzXRevJ,0
310361,1790363926621,skin.zip,231625
310361,1790363926621,SYS32_Hardware,900
310361,1790363926621,SYS32_Hardware.exe,32671232
310361,1790363926636,SYS32_Hardware.ini,363
310919,1790363927147,bb3a785178f443fda931098a5a9a306b.db.ses,53
310919,1790363927147,FXSAPIDebugLogFile.txt,0
310919,1790363927147,FXSTIFFDebugLogFile.txt,0
310919,1790363927147,MpCmdRun.log,22882
310919,1790363927163,MpSigStub.log,97512
310919,1790363927163,msedge_installer.log,68015
310919,1790363927179,NHFTwBUmYHlXSsjNJdzXRevJ,0
310919,1790363927179,skin.zip,231625
310919,1790363927194,SYS32_Hardware,900
310919,1790363927194,SYS32_Hardware.exe,32671232
310919,1790363927210,SYS32_Hardware.ini,363
311482,1790363927710,bb3a785178f443fda931098a5a9a306b.db.ses,53
311482,1790363927710,FXSAPIDebugLogFile.txt,0
311482,1790363927710,FXSTIFFDebugLogFile.txt,0
311482,1790363927710,MpCmdRun.log,22882
311482,1790363927726,MpSigStub.log,97512
311482,1790363927726,msedge_installer.log,68015
311482,1790363927741,NHFTwBUmYHlXSsjNJdzXRevJ,0
311482,1790363927757,skin.zip,231625
311482,1790363927757,SYS32_Hardware,900
311482,1790363927757,SYS32_Hardware.exe,32671232
311482,1790363927773,SYS32_Hardware.ini,363
312045,1790363928273,bb3a785178f443fda931098a5a9a306b.db.ses,53
312045,1790363928273,FXSAPIDebugLogFile.txt,0
312045,1790363928273,FXSTIFFDebugLogFile.txt,0
312045,1790363928288,MpCmdRun.log,22882
312045,1790363928288,MpSigStub.log,97512
312045,1790363928304,msedge_installer.log,68015
312045,1790363928320,NHFTwBUmYHlXSsjNJdzXRevJ,0
312045,1790363928320,skin.zip,231625
312045,1790363928335,SYS32_Hardware,900
312045,1790363928351,SYS32_Hardware.exe,32671232
312045,1790363928366,SYS32_Hardware.ini,363
312639,1790363928867,bb3a785178f443fda931098a5a9a306b.db.ses,53
312639,1790363928867,FXSAPIDebugLogFile.txt,0
312639,1790363928882,FXSTIFFDebugLogFile.txt,0
312639,1790363928913,MpCmdRun.log,22882
312639,1790363928929,MpSigStub.log,97512
312639,1790363928945,msedge_installer.log,68015
312639,1790363928960,NHFTwBUmYHlXSsjNJdzXRevJ,0
312639,1790363928976,skin.zip,231625
312639,1790363929007,SYS32_Hardware,900
312639,1790363929023,SYS32_Hardware.exe,32671232
312639,1790363929038,SYS32_Hardware.ini,363
313338,1790363929566,bb3a785178f443fda931098a5a9a306b.db.ses,53
313338,1790363929566,FXSAPIDebugLogFile.txt,0
313338,1790363929566,FXSTIFFDebugLogFile.txt,0
313338,1790363929566,MpCmdRun.log,22882
313338,1790363929582,MpSigStub.log,97512
313338,1790363929582,msedge_installer.log,68015
313338,1790363929582,NHFTwBUmYHlXSsjNJdzXRevJ,0
313338,1790363929598,skin.zip,231625
313338,1790363929598,SYS32_Hardware,900
313338,1790363929598,SYS32_Hardware.exe,32671232
313338,1790363929613,SYS32_Hardware.ini,363
313890,1790363930118,bb3a785178f443fda931098a5a9a306b.db.ses,53
313890,1790363930118,FXSAPIDebugLogFile.txt,0
313890,1790363930122,FXSTIFFDebugLogFile.txt,0
313890,1790363930122,MpCmdRun.log,22882
313890,1790363930137,MpSigStub.log,97512
313890,1790363930137,msedge_installer.log,68015
313890,1790363930137,NHFTwBUmYHlXSsjNJdzXRevJ,0
313890,1790363930153,skin.zip,231625
313890,1790363930153,SYS32_Hardware,900
313890,1790363930153,SYS32_Hardware.exe,32671232
313890,1790363930168,SYS32_Hardware.ini,363
314441,1790363930669,bb3a785178f443fda931098a5a9a306b.db.ses,53
314441,1790363930669,FXSAPIDebugLogFile.txt,0
314441,1790363930669,FXSTIFFDebugLogFile.txt,0
314441,1790363930684,MpCmdRun.log,22882
314441,1790363930684,MpSigStub.log,97512
314441,1790363930700,msedge_installer.log,68015
314441,1790363930700,NHFTwBUmYHlXSsjNJdzXRevJ,0
314441,1790363930716,skin.zip,231625
314441,1790363930731,SYS32_Hardware,900
314441,1790363930731,SYS32_Hardware.exe,32671232
314441,1790363930747,SYS32_Hardware.ini,363
315027,1790363931255,bb3a785178f443fda931098a5a9a306b.db.ses,53
315027,1790363931255,FXSAPIDebugLogFile.txt,0
315027,1790363931255,FXSTIFFDebugLogFile.txt,0
315027,1790363931271,MpCmdRun.log,22882
315027,1790363931271,MpSigStub.log,97512
315027,1790363931286,msedge_installer.log,68015
315027,1790363931286,NHFTwBUmYHlXSsjNJdzXRevJ,0
315027,1790363931286,skin.zip,231625
315027,1790363931302,SYS32_Hardware,900
315027,1790363931302,SYS32_Hardware.exe,32671232
315027,1790363931318,SYS32_Hardware.ini,363
315590,1790363931818,bb3a785178f443fda931098a5a9a306b.db.ses,53
315590,1790363931818,FXSAPIDebugLogFile.txt,0
315590,1790363931833,FXSTIFFDebugLogFile.txt,0
315590,1790363931849,MpCmdRun.log,22882
315590,1790363931849,MpSigStub.log,97512
315590,1790363931865,msedge_installer.log,68015
315590,1790363931880,NHFTwBUmYHlXSsjNJdzXRevJ,0
315590,1790363931880,skin.zip,231625
315590,1790363931896,SYS32_Hardware,900
315590,1790363931911,SYS32_Hardware.exe,32671232
315590,1790363931927,SYS32_Hardware.ini,363
316199,1790363932427,bb3a785178f443fda931098a5a9a306b.db.ses,53
316199,1790363932427,FXSAPIDebugLogFile.txt,0
316199,1790363932427,FXSTIFFDebugLogFile.txt,0
316199,1790363932443,MpCmdRun.log,22882
316199,1790363932443,MpSigStub.log,97512
316199,1790363932443,msedge_installer.log,68015
316199,1790363932458,NHFTwBUmYHlXSsjNJdzXRevJ,0
316199,1790363932458,skin.zip,231625
316199,1790363932474,SYS32_Hardware,900
316199,1790363932474,SYS32_Hardware.exe,32671232
316199,1790363932490,SYS32_Hardware.ini,363
316762,1790363932990,bb3a785178f443fda931098a5a9a306b.db.ses,53
316762,1790363932990,FXSAPIDebugLogFile.txt,0
316762,1790363933005,FXSTIFFDebugLogFile.txt,0
316762,1790363933005,MpCmdRun.log,22882
316762,1790363933021,MpSigStub.log,97512
316762,1790363933021,msedge_installer.log,68015
316762,1790363933037,NHFTwBUmYHlXSsjNJdzXRevJ,0
316762,1790363933037,skin.zip,231625
316762,1790363933037,SYS32_Hardware,900
316762,1790363933052,SYS32_Hardware.exe,32671232
316762,1790363933052,SYS32_Hardware.ini,363
317341,1790363933568,bb3a785178f443fda931098a5a9a306b.db.ses,53
317341,1790363933568,FXSAPIDebugLogFile.txt,0
317341,1790363933568,FXSTIFFDebugLogFile.txt,0
317341,1790363933584,MpCmdRun.log,22882
317341,1790363933584,MpSigStub.log,97512
317341,1790363933599,msedge_installer.log,68015
317341,1790363933615,NHFTwBUmYHlXSsjNJdzXRevJ,0
317341,1790363933631,skin.zip,231625
317341,1790363933631,SYS32_Hardware,900
317341,1790363933646,SYS32_Hardware.exe,32671232
317341,1790363933646,SYS32_Hardware.ini,363
317918,1790363934146,bb3a785178f443fda931098a5a9a306b.db.ses,53
317918,1790363934146,FXSAPIDebugLogFile.txt,0
317918,1790363934146,FXSTIFFDebugLogFile.txt,0
317918,1790363934162,MpCmdRun.log,22882
317918,1790363934162,MpSigStub.log,97512
317918,1790363934162,msedge_installer.log,68015
317918,1790363934178,NHFTwBUmYHlXSsjNJdzXRevJ,0
317918,1790363934178,skin.zip,231625
317918,1790363934178,SYS32_Hardware,900
317918,1790363934193,SYS32_Hardware.exe,32671232
317918,1790363934193,SYS32_Hardware.ini,363
318482,1790363934709,bb3a785178f443fda931098a5a9a306b.db.ses,53
318482,1790363934709,FXSAPIDebugLogFile.txt,0
318482,1790363934709,FXSTIFFDebugLogFile.txt,0
318482,1790363934725,MpCmdRun.log,22882
318482,1790363934725,MpSigStub.log,97512
318482,1790363934740,msedge_installer.log,68015
318482,1790363934740,NHFTwBUmYHlXSsjNJdzXRevJ,0
318482,1790363934756,skin.zip,231625
318482,1790363934756,SYS32_Hardware,900
318482,1790363934772,SYS32_Hardware.exe,32671232
318482,1790363934787,SYS32_Hardware.ini,363
319060,1790363935288,bb3a785178f443fda931098a5a9a306b.db.ses,53
319060,1790363935288,FXSAPIDebugLogFile.txt,0
319060,1790363935288,FXSTIFFDebugLogFile.txt,0
319060,1790363935303,MpCmdRun.log,22882
319060,1790363935303,MpSigStub.log,97512
319060,1790363935303,msedge_installer.log,68015
319060,1790363935319,NHFTwBUmYHlXSsjNJdzXRevJ,0
319060,1790363935319,skin.zip,231625
319060,1790363935335,SYS32_Hardware,900
319060,1790363935335,SYS32_Hardware.exe,32671232
319060,1790363935350,SYS32_Hardware.ini,363
319622,1790363935850,bb3a785178f443fda931098a5a9a306b.db.ses,53
319622,1790363935850,FXSAPIDebugLogFile.txt,0
319622,1790363935855,FXSTIFFDebugLogFile.txt,0
319622,1790363935864,MpCmdRun.log,22882
319622,1790363935864,MpSigStub.log,97512
319622,1790363935879,msedge_installer.log,68015
319622,1790363935879,NHFTwBUmYHlXSsjNJdzXRevJ,0
319622,1790363935895,skin.zip,231625
319622,1790363935895,SYS32_Hardware,900
319622,1790363935911,SYS32_Hardware.exe,32671232
319622,1790363935911,SYS32_Hardware.ini,363
320199,1790363936426,bb3a785178f443fda931098a5a9a306b.db.ses,53
320199,1790363936426,FXSAPIDebugLogFile.txt,0
320199,1790363936426,FXSTIFFDebugLogFile.txt,0
320199,1790363936442,MpCmdRun.log,22882
320199,1790363936442,MpSigStub.log,97512
320199,1790363936458,msedge_installer.log,68015
320199,1790363936458,NHFTwBUmYHlXSsjNJdzXRevJ,0
320199,1790363936458,skin.zip,231625
320199,1790363936473,SYS32_Hardware,900
320199,1790363936473,SYS32_Hardware.exe,32671232
320199,1790363936489,SYS32_Hardware.ini,363
320761,1790363936989,bb3a785178f443fda931098a5a9a306b.db.ses,53
320761,1790363936989,FXSAPIDebugLogFile.txt,0
320761,1790363936989,FXSTIFFDebugLogFile.txt,0
320761,1790363937005,MpCmdRun.log,22882
320761,1790363937005,MpSigStub.log,97512
320761,1790363937020,msedge_installer.log,68015
320761,1790363937036,NHFTwBUmYHlXSsjNJdzXRevJ,0
320761,1790363937036,skin.zip,231625
320761,1790363937052,SYS32_Hardware,900
320761,1790363937052,SYS32_Hardware.exe,32671232
320761,1790363937067,SYS32_Hardware.ini,363
321344,1790363937572,bb3a785178f443fda931098a5a9a306b.db.ses,53
321344,1790363937572,FXSAPIDebugLogFile.txt,0
321344,1790363937572,FXSTIFFDebugLogFile.txt,0
321344,1790363937588,MpCmdRun.log,22882
321344,1790363937588,MpSigStub.log,97512
321344,1790363937588,msedge_installer.log,68015
321344,1790363937604,NHFTwBUmYHlXSsjNJdzXRevJ,0
321344,1790363937604,skin.zip,231625
321344,1790363937619,SYS32_Hardware,900
321344,1790363937619,SYS32_Hardware.exe,32671232
321344,1790363937635,SYS32_Hardware.ini,363
321907,1790363938135,bb3a785178f443fda931098a5a9a306b.db.ses,53
321907,1790363938135,FXSAPIDebugLogFile.txt,0
321907,1790363938151,FXSTIFFDebugLogFile.txt,0
321907,1790363938167,MpCmdRun.log,22882
321907,1790363938182,MpSigStub.log,97512
321907,1790363938198,msedge_installer.log,68015
321907,1790363938214,NHFTwBUmYHlXSsjNJdzXRevJ,0
321907,1790363938229,skin.zip,231625
321907,1790363938245,SYS32_Hardware,900
321907,1790363938276,SYS32_Hardware.exe,32671232
321907,1790363938307,SYS32_Hardware.ini,363
322611,1790363938839,bb3a785178f443fda931098a5a9a306b.db.ses,53
322611,1790363938839,FXSAPIDebugLogFile.txt,0
322611,1790363938839,FXSTIFFDebugLogFile.txt,0
322611,1790363938839,MpCmdRun.log,22882
322611,1790363938854,MpSigStub.log,97512
322611,1790363938854,msedge_installer.log,68015
322611,1790363938870,NHFTwBUmYHlXSsjNJdzXRevJ,0
322611,1790363938870,skin.zip,231625
322611,1790363938886,SYS32_Hardware,900
322611,1790363938886,SYS32_Hardware.exe,32671232
322611,1790363938886,SYS32_Hardware.ini,363
323173,1790363939401,bb3a785178f443fda931098a5a9a306b.db.ses,53
323173,1790363939401,FXSAPIDebugLogFile.txt,0
323173,1790363939401,FXSTIFFDebugLogFile.txt,0
323173,1790363939401,MpCmdRun.log,22882
323173,1790363939417,MpSigStub.log,97512
323173,1790363939417,msedge_installer.log,68015
323173,1790363939433,NHFTwBUmYHlXSsjNJdzXRevJ,0
323173,1790363939433,skin.zip,231625
323173,1790363939448,SYS32_Hardware,900
323173,1790363939448,SYS32_Hardware.exe,32671232
323173,1790363939448,SYS32_Hardware.ini,363
323736,1790363939964,bb3a785178f443fda931098a5a9a306b.db.ses,53
323736,1790363939964,FXSAPIDebugLogFile.txt,0
323736,1790363939964,FXSTIFFDebugLogFile.txt,0
323736,1790363939980,MpCmdRun.log,22882
323736,1790363939980,MpSigStub.log,97512
323736,1790363939980,msedge_installer.log,68015
323736,1790363939995,NHFTwBUmYHlXSsjNJdzXRevJ,0
323736,1790363940011,skin.zip,231625
323736,1790363940027,SYS32_Hardware,900
323736,1790363940027,SYS32_Hardware.exe,32671232
323736,1790363940042,SYS32_Hardware.ini,363
324330,1790363940558,bb3a785178f443fda931098a5a9a306b.db.ses,53
324330,1790363940558,FXSAPIDebugLogFile.txt,0
324330,1790363940558,FXSTIFFDebugLogFile.txt,0
324330,1790363940574,MpCmdRun.log,22882
324330,1790363940589,MpSigStub.log,97512
324330,1790363940589,msedge_installer.log,68015
324330,1790363940605,NHFTwBUmYHlXSsjNJdzXRevJ,0
324330,1790363940620,skin.zip,231625
324330,1790363940636,SYS32_Hardware,900
324330,1790363940636,SYS32_Hardware.exe,32671232
324330,1790363940652,SYS32_Hardware.ini,363
324943,1790363941171,bb3a785178f443fda931098a5a9a306b.db.ses,53
324943,1790363941171,FXSAPIDebugLogFile.txt,0
324943,1790363941171,FXSTIFFDebugLogFile.txt,0
324943,1790363941187,MpCmdRun.log,22882
324943,1790363941187,MpSigStub.log,97512
324943,1790363941187,msedge_installer.log,68015
324943,1790363941203,NHFTwBUmYHlXSsjNJdzXRevJ,0
324943,1790363941203,skin.zip,231625
324943,1790363941218,SYS32_Hardware,900
324943,1790363941218,SYS32_Hardware.exe,32671232
324943,1790363941234,SYS32_Hardware.ini,363
325506,1790363941734,bb3a785178f443fda931098a5a9a306b.db.ses,53
325506,1790363941744,FXSAPIDebugLogFile.txt,0
325506,1790363941744,FXSTIFFDebugLogFile.txt,0
325506,1790363941744,MpCmdRun.log,22882
325506,1790363941760,MpSigStub.log,97512
325506,1790363941760,msedge_installer.log,68015
325506,1790363941776,NHFTwBUmYHlXSsjNJdzXRevJ,0
325506,1790363941776,skin.zip,231625
325506,1790363941791,SYS32_Hardware,900
325506,1790363941791,SYS32_Hardware.exe,32671232
325506,1790363941807,SYS32_Hardware.ini,363
326079,1790363942307,bb3a785178f443fda931098a5a9a306b.db.ses,53
326079,1790363942307,FXSAPIDebugLogFile.txt,0
326079,1790363942323,FXSTIFFDebugLogFile.txt,0
326079,1790363942338,MpCmdRun.log,22882
326079,1790363942338,MpSigStub.log,97512
326079,1790363942354,msedge_installer.log,68015
326079,1790363942354,NHFTwBUmYHlXSsjNJdzXRevJ,0
326079,1790363942370,skin.zip,231625
326079,1790363942370,SYS32_Hardware,900
326079,1790363942385,SYS32_Hardware.exe,32671232
326079,1790363942401,SYS32_Hardware.ini,363
326673,1790363942901,bb3a785178f443fda931098a5a9a306b.db.ses,53
326673,1790363942901,FXSAPIDebugLogFile.txt,0
326673,1790363942901,FXSTIFFDebugLogFile.txt,0
326673,1790363942917,MpCmdRun.log,22882
326673,1790363942917,MpSigStub.log,97512
326673,1790363942917,msedge_installer.log,68015
326673,1790363942932,NHFTwBUmYHlXSsjNJdzXRevJ,0
326673,1790363942932,skin.zip,231625
326673,1790363942948,SYS32_Hardware,900
326673,1790363942948,SYS32_Hardware.exe,32671232
326673,1790363942948,SYS32_Hardware.ini,363
327236,1790363943464,bb3a785178f443fda931098a5a9a306b.db.ses,53
327236,1790363943464,FXSAPIDebugLogFile.txt,0
327236,1790363943478,FXSTIFFDebugLogFile.txt,0
327236,1790363943494,MpCmdRun.log,22882
327236,1790363943494,MpSigStub.log,97512
327236,1790363943494,msedge_installer.log,68015
327236,1790363943510,NHFTwBUmYHlXSsjNJdzXRevJ,0
327236,1790363943510,skin.zip,231625
327236,1790363943525,SYS32_Hardware,900
327236,1790363943525,SYS32_Hardware.exe,32671232
327236,1790363943541,SYS32_Hardware.ini,363
327813,1790363944041,bb3a785178f443fda931098a5a9a306b.db.ses,53
327813,1790363944041,FXSAPIDebugLogFile.txt,0
327813,1790363944041,FXSTIFFDebugLogFile.txt,0
327813,1790363944057,MpCmdRun.log,22882
327813,1790363944057,MpSigStub.log,97512
327813,1790363944057,msedge_installer.log,68015
327813,1790363944072,NHFTwBUmYHlXSsjNJdzXRevJ,0
327813,1790363944072,skin.zip,231625
327813,1790363944088,SYS32_Hardware,900
327813,1790363944088,SYS32_Hardware.exe,32671232
327813,1790363944104,SYS32_Hardware.ini,363
328376,1790363944604,bb3a785178f443fda931098a5a9a306b.db.ses,53
328376,1790363944604,FXSAPIDebugLogFile.txt,0
328376,1790363944604,FXSTIFFDebugLogFile.txt,0
328376,1790363944619,MpCmdRun.log,22882
328376,1790363944619,MpSigStub.log,97512
328376,1790363944635,msedge_installer.log,68015
328376,1790363944635,NHFTwBUmYHlXSsjNJdzXRevJ,0
328376,1790363944635,skin.zip,231625
328376,1790363944651,SYS32_Hardware,900
328376,1790363944651,SYS32_Hardware.exe,32671232
328376,1790363944666,SYS32_Hardware.ini,363
328938,1790363945166,bb3a785178f443fda931098a5a9a306b.db.ses,53
328938,1790363945166,FXSAPIDebugLogFile.txt,0
328938,1790363945183,FXSTIFFDebugLogFile.txt,0
328938,1790363945183,MpCmdRun.log,22882
328938,1790363945198,MpSigStub.log,97512
328938,1790363945198,msedge_installer.log,68015
328938,1790363945214,NHFTwBUmYHlXSsjNJdzXRevJ,0
328938,1790363945214,skin.zip,231625
328938,1790363945214,SYS32_Hardware,900
328938,1790363945229,SYS32_Hardware.exe,32671232
328938,1790363945229,SYS32_Hardware.ini,363
329517,1790363945745,bb3a785178f443fda931098a5a9a306b.db.ses,53
329517,1790363945745,FXSAPIDebugLogFile.txt,0
329517,1790363945745,FXSTIFFDebugLogFile.txt,0
329517,1790363945745,MpCmdRun.log,22882
329517,1790363945761,MpSigStub.log,97512
329517,1790363945761,msedge_installer.log,68015
329517,1790363945776,NHFTwBUmYHlXSsjNJdzXRevJ,0
329517,1790363945776,skin.zip,231625
329517,1790363945776,SYS32_Hardware,900
329517,1790363945792,SYS32_Hardware.exe,32671232
329517,1790363945792,SYS32_Hardware.ini,363
330064,1790363946292,bb3a785178f443fda931098a5a9a306b.db.ses,53
330064,1790363946292,FXSAPIDebugLogFile.txt,0
330064,1790363946292,FXSTIFFDebugLogFile.txt,0
330064,1790363946292,MpCmdRun.log,22882
330064,1790363946308,MpSigStub.log,97512
330064,1790363946308,msedge_installer.log,68015
330064,1790363946308,NHFTwBUmYHlXSsjNJdzXRevJ,0
330064,1790363946324,skin.zip,231625
330064,1790363946324,SYS32_Hardware,900
330064,1790363946339,SYS32_Hardware.exe,32671232
330064,1790363946339,SYS32_Hardware.ini,363
330627,1790363946855,bb3a785178f443fda931098a5a9a306b.db.ses,53
330627,1790363946855,FXSAPIDebugLogFile.txt,0
330627,1790363946855,FXSTIFFDebugLogFile.txt,0
330627,1790363946855,MpCmdRun.log,22882
330627,1790363946870,MpSigStub.log,97512
330627,1790363946870,msedge_installer.log,68015
330627,1790363946870,NHFTwBUmYHlXSsjNJdzXRevJ,0
330627,1790363946886,skin.zip,231625
330627,1790363946886,SYS32_Hardware,900
330627,1790363946886,SYS32_Hardware.exe,32671232
330627,1790363946902,SYS32_Hardware.ini,363
331174,1790363947402,bb3a785178f443fda931098a5a9a306b.db.ses,53
331174,1790363947402,FXSAPIDebugLogFile.txt,0
331174,1790363947402,FXSTIFFDebugLogFile.txt,0
331174,1790363947402,MpCmdRun.log,22882
331174,1790363947418,MpSigStub.log,97512
331174,1790363947418,msedge_installer.log,68015
331174,1790363947433,NHFTwBUmYHlXSsjNJdzXRevJ,0
331174,1790363947433,skin.zip,231625
331174,1790363947433,SYS32_Hardware,900
331174,1790363947449,SYS32_Hardware.exe,32671232
331174,1790363947449,SYS32_Hardware.ini,363
331721,1790363947949,bb3a785178f443fda931098a5a9a306b.db.ses,53
331721,1790363947949,FXSAPIDebugLogFile.txt,0
331721,1790363947949,FXSTIFFDebugLogFile.txt,0
331721,1790363947949,MpCmdRun.log,22882
331721,1790363947964,MpSigStub.log,97512
331721,1790363947964,msedge_installer.log,68015
331721,1790363947980,NHFTwBUmYHlXSsjNJdzXRevJ,0
331721,1790363947980,skin.zip,231625
331721,1790363947980,SYS32_Hardware,900
331721,1790363947996,SYS32_Hardware.exe,32671232
331721,1790363947996,SYS32_Hardware.ini,363
332268,1790363948496,bb3a785178f443fda931098a5a9a306b.db.ses,53
332268,1790363948496,FXSAPIDebugLogFile.txt,0
332268,1790363948496,FXSTIFFDebugLogFile.txt,0
332268,1790363948496,MpCmdRun.log,22882
332268,1790363948511,MpSigStub.log,97512
332268,1790363948511,msedge_installer.log,68015
332268,1790363948511,NHFTwBUmYHlXSsjNJdzXRevJ,0
332268,1790363948527,skin.zip,231625
332268,1790363948527,SYS32_Hardware,900
332268,1790363948543,SYS32_Hardware.exe,32671232
332268,1790363948543,SYS32_Hardware.ini,363
332815,1790363949043,bb3a785178f443fda931098a5a9a306b.db.ses,53
332815,1790363949043,FXSAPIDebugLogFile.txt,0
332815,1790363949043,FXSTIFFDebugLogFile.txt,0
332815,1790363949043,MpCmdRun.log,22882
332815,1790363949058,MpSigStub.log,97512
332815,1790363949058,msedge_installer.log,68015
332815,1790363949074,NHFTwBUmYHlXSsjNJdzXRevJ,0
332815,1790363949074,skin.zip,231625
332815,1790363949074,SYS32_Hardware,900
332815,1790363949090,SYS32_Hardware.exe,32671232
332815,1790363949090,SYS32_Hardware.ini,363
333362,1790363949590,bb3a785178f443fda931098a5a9a306b.db.ses,53
333362,1790363949590,FXSAPIDebugLogFile.txt,0
333362,1790363949590,FXSTIFFDebugLogFile.txt,0
333362,1790363949590,MpCmdRun.log,22882
333362,1790363949605,MpSigStub.log,97512
333362,1790363949605,msedge_installer.log,68015
333362,1790363949621,NHFTwBUmYHlXSsjNJdzXRevJ,0
333362,1790363949637,skin.zip,231625
333362,1790363949637,SYS32_Hardware,900
333362,1790363949637,SYS32_Hardware.exe,32671232
333362,1790363949652,SYS32_Hardware.ini,363
333924,1790363950152,bb3a785178f443fda931098a5a9a306b.db.ses,53
333924,1790363950152,FXSAPIDebugLogFile.txt,0
333924,1790363950168,FXSTIFFDebugLogFile.txt,0
333924,1790363950168,MpCmdRun.log,22882
333924,1790363950168,MpSigStub.log,97512
333924,1790363950184,msedge_installer.log,68015
333924,1790363950184,NHFTwBUmYHlXSsjNJdzXRevJ,0
333924,1790363950199,skin.zip,231625
333924,1790363950199,SYS32_Hardware,900
333924,1790363950199,SYS32_Hardware.exe,32671232
333924,1790363950215,SYS32_Hardware.ini,363
334487,1790363950715,bb3a785178f443fda931098a5a9a306b.db.ses,53
334487,1790363950715,FXSAPIDebugLogFile.txt,0
334487,1790363950715,FXSTIFFDebugLogFile.txt,0
334487,1790363950715,MpCmdRun.log,22882
334487,1790363950730,MpSigStub.log,97512
334487,1790363950730,msedge_installer.log,68015
334487,1790363950746,NHFTwBUmYHlXSsjNJdzXRevJ,0
334487,1790363950746,skin.zip,231625
334487,1790363950746,SYS32_Hardware,900
334487,1790363950762,SYS32_Hardware.exe,32671232
334487,1790363950762,SYS32_Hardware.ini,363
335034,1790363951262,bb3a785178f443fda931098a5a9a306b.db.ses,53
335034,1790363951262,FXSAPIDebugLogFile.txt,0
335034,1790363951262,FXSTIFFDebugLogFile.txt,0
335034,1790363951277,MpCmdRun.log,22882
335034,1790363951277,MpSigStub.log,97512
335034,1790363951277,msedge_installer.log,68015
335034,1790363951293,NHFTwBUmYHlXSsjNJdzXRevJ,0
335034,1790363951293,skin.zip,231625
335034,1790363951293,SYS32_Hardware,900
335034,1790363951309,SYS32_Hardware.exe,32671232
335034,1790363951309,SYS32_Hardware.ini,363
335596,1790363951824,bb3a785178f443fda931098a5a9a306b.db.ses,53
335596,1790363951824,FXSAPIDebugLogFile.txt,0
335596,1790363951840,FXSTIFFDebugLogFile.txt,0
335596,1790363951840,MpCmdRun.log,22882
335596,1790363951840,MpSigStub.log,97512
335596,1790363951856,msedge_installer.log,68015
335596,1790363951856,NHFTwBUmYHlXSsjNJdzXRevJ,0
335596,1790363951856,skin.zip,231625
335596,1790363951871,SYS32_Hardware,900
335596,1790363951871,SYS32_Hardware.exe,32671232
335596,1790363951887,SYS32_Hardware.ini,363
336166,1790363952395,bb3a785178f443fda931098a5a9a306b.db.ses,53
336166,1790363952395,FXSAPIDebugLogFile.txt,0
336166,1790363952410,FXSTIFFDebugLogFile.txt,0
336166,1790363952410,MpCmdRun.log,22882
336166,1790363952426,MpSigStub.log,97512
336166,1790363952426,msedge_installer.log,68015
336166,1790363952426,NHFTwBUmYHlXSsjNJdzXRevJ,0
336166,1790363952441,skin.zip,231625
336166,1790363952441,SYS32_Hardware,900
336166,1790363952441,SYS32_Hardware.exe,32671232
336166,1790363952457,SYS32_Hardware.ini,363
336737,1790363952965,bb3a785178f443fda931098a5a9a306b.db.ses,53
336737,1790363952965,FXSAPIDebugLogFile.txt,0
336737,1790363952969,FXSTIFFDebugLogFile.txt,0
336737,1790363952969,MpCmdRun.log,22882
336737,1790363952985,MpSigStub.log,97512
336737,1790363952985,msedge_installer.log,68015
336737,1790363952985,NHFTwBUmYHlXSsjNJdzXRevJ,0
336737,1790363953000,skin.zip,231625
336737,1790363953000,SYS32_Hardware,900
336737,1790363953000,SYS32_Hardware.exe,32671232
336737,1790363953016,SYS32_Hardware.ini,363
337288,1790363953516,bb3a785178f443fda931098a5a9a306b.db.ses,53
337288,1790363953516,FXSAPIDebugLogFile.txt,0
337288,1790363953516,FXSTIFFDebugLogFile.txt,0
337288,1790363953532,MpCmdRun.log,22882
337288,1790363953532,MpSigStub.log,97512
337288,1790363953547,msedge_installer.log,68015
337288,1790363953547,NHFTwBUmYHlXSsjNJdzXRevJ,0
337288,1790363953547,skin.zip,231625
337288,1790363953563,SYS32_Hardware,900
337288,1790363953563,SYS32_Hardware.exe,32671232
337288,1790363953578,SYS32_Hardware.ini,363
337851,1790363954079,bb3a785178f443fda931098a5a9a306b.db.ses,53
337851,1790363954079,FXSAPIDebugLogFile.txt,0
337851,1790363954079,FXSTIFFDebugLogFile.txt,0
337851,1790363954079,MpCmdRun.log,22882
337851,1790363954094,MpSigStub.log,97512
337851,1790363954094,msedge_installer.log,68015
337851,1790363954094,NHFTwBUmYHlXSsjNJdzXRevJ,0
337851,1790363954110,skin.zip,231625
337851,1790363954110,SYS32_Hardware,900
337851,1790363954125,SYS32_Hardware.exe,32671232
337851,1790363954125,SYS32_Hardware.ini,363
338417,1790363954645,bb3a785178f443fda931098a5a9a306b.db.ses,53
338417,1790363954645,FXSAPIDebugLogFile.txt,0
338417,1790363954645,FXSTIFFDebugLogFile.txt,0
338417,1790363954645,MpCmdRun.log,22882
338417,1790363954660,MpSigStub.log,97512
338417,1790363954676,msedge_installer.log,68015
338417,1790363954676,NHFTwBUmYHlXSsjNJdzXRevJ,0
338417,1790363954676,skin.zip,231625
338417,1790363954692,SYS32_Hardware,900
338417,1790363954692,SYS32_Hardware.exe,32671232
338417,1790363954707,SYS32_Hardware.ini,363
338979,1790363955207,bb3a785178f443fda931098a5a9a306b.db.ses,53
338979,1790363955207,FXSAPIDebugLogFile.txt,0
338979,1790363955207,FXSTIFFDebugLogFile.txt,0
338979,1790363955207,MpCmdRun.log,22882
338979,1790363955223,MpSigStub.log,97512
338979,1790363955223,msedge_installer.log,68015
338979,1790363955223,NHFTwBUmYHlXSsjNJdzXRevJ,0
338979,1790363955239,skin.zip,231625
338979,1790363955239,SYS32_Hardware,900
338979,1790363955254,SYS32_Hardware.exe,32671232
338979,1790363955254,SYS32_Hardware.ini,363
339526,1790363955754,bb3a785178f443fda931098a5a9a306b.db.ses,53
339526,1790363955754,FXSAPIDebugLogFile.txt,0
339526,1790363955754,FXSTIFFDebugLogFile.txt,0
339526,1790363955754,MpCmdRun.log,22882
339526,1790363955770,MpSigStub.log,97512
339526,1790363955770,msedge_installer.log,68015
339526,1790363955786,NHFTwBUmYHlXSsjNJdzXRevJ,0
339526,1790363955786,skin.zip,231625
339526,1790363955786,SYS32_Hardware,900
339526,1790363955801,SYS32_Hardware.exe,32671232
339526,1790363955801,SYS32_Hardware.ini,363
340089,1790363956317,bb3a785178f443fda931098a5a9a306b.db.ses,53
340089,1790363956317,FXSAPIDebugLogFile.txt,0
340089,1790363956317,FXSTIFFDebugLogFile.txt,0
340089,1790363956333,MpCmdRun.log,22882
340089,1790363956333,MpSigStub.log,97512
340089,1790363956348,msedge_installer.log,68015
340089,1790363956348,NHFTwBUmYHlXSsjNJdzXRevJ,0
340089,1790363956364,skin.zip,231625
340089,1790363956364,SYS32_Hardware,900
340089,1790363956364,SYS32_Hardware.exe,32671232
340089,1790363956379,SYS32_Hardware.ini,363
340652,1790363956880,bb3a785178f443fda931098a5a9a306b.db.ses,53
340652,1790363956880,FXSAPIDebugLogFile.txt,0
340652,1790363956895,FXSTIFFDebugLogFile.txt,0
340652,1790363956895,MpCmdRun.log,22882
340652,1790363956895,MpSigStub.log,97512
340652,1790363956911,msedge_installer.log,68015
340652,1790363956911,NHFTwBUmYHlXSsjNJdzXRevJ,0
340652,1790363956926,skin.zip,231625
340652,1790363956926,SYS32_Hardware,900
340652,1790363956926,SYS32_Hardware.exe,32671232
340652,1790363956942,SYS32_Hardware.ini,363
341214,1790363957442,bb3a785178f443fda931098a5a9a306b.db.ses,53
341214,1790363957442,FXSAPIDebugLogFile.txt,0
341214,1790363957442,FXSTIFFDebugLogFile.txt,0
341214,1790363957442,MpCmdRun.log,22882
341214,1790363957458,MpSigStub.log,97512
341214,1790363957458,msedge_installer.log,68015
341214,1790363957473,NHFTwBUmYHlXSsjNJdzXRevJ,0
341214,1790363957473,skin.zip,231625
341214,1790363957489,SYS32_Hardware,900
341214,1790363957489,SYS32_Hardware.exe,32671232
341214,1790363957489,SYS32_Hardware.ini,363
341777,1790363958005,bb3a785178f443fda931098a5a9a306b.db.ses,53
341777,1790363958005,FXSAPIDebugLogFile.txt,0
341777,1790363958005,FXSTIFFDebugLogFile.txt,0
341777,1790363958005,MpCmdRun.log,22882
341777,1790363958020,MpSigStub.log,97512
341777,1790363958020,msedge_installer.log,68015
341777,1790363958036,NHFTwBUmYHlXSsjNJdzXRevJ,0
341777,1790363958036,skin.zip,231625
341777,1790363958036,SYS32_Hardware,900
341777,1790363958052,SYS32_Hardware.exe,32671232
341777,1790363958052,SYS32_Hardware.ini,363
342324,1790363958552,bb3a785178f443fda931098a5a9a306b.db.ses,53
342324,1790363958552,FXSAPIDebugLogFile.txt,0
342324,1790363958552,FXSTIFFDebugLogFile.txt,0
342324,1790363958552,MpCmdRun.log,22882
342324,1790363958567,MpSigStub.log,97512
342324,1790363958567,msedge_installer.log,68015
342324,1790363958567,NHFTwBUmYHlXSsjNJdzXRevJ,0
342324,1790363958583,skin.zip,231625
342324,1790363958583,SYS32_Hardware,900
342324,1790363958599,SYS32_Hardware.exe,32671232
342324,1790363958599,SYS32_Hardware.ini,363
342883,1790363959112,bb3a785178f443fda931098a5a9a306b.db.ses,53
342883,1790363959112,FXSAPIDebugLogFile.txt,0
342883,1790363959112,FXSTIFFDebugLogFile.txt,0
342883,1790363959112,MpCmdRun.log,22882
342883,1790363959127,MpSigStub.log,97512
342883,1790363959127,msedge_installer.log,68015
342883,1790363959127,NHFTwBUmYHlXSsjNJdzXRevJ,0
342883,1790363959143,skin.zip,231625
342883,1790363959143,SYS32_Hardware,900
342883,1790363959158,SYS32_Hardware.exe,32671232
342883,1790363959158,SYS32_Hardware.ini,363
343446,1790363959674,bb3a785178f443fda931098a5a9a306b.db.ses,53
343446,1790363959674,FXSAPIDebugLogFile.txt,0
343446,1790363959674,FXSTIFFDebugLogFile.txt,0
343446,1790363959690,MpCmdRun.log,22882
343446,1790363959690,MpSigStub.log,97512
343446,1790363959690,msedge_installer.log,68015
343446,1790363959705,NHFTwBUmYHlXSsjNJdzXRevJ,0
343446,1790363959705,skin.zip,231625
343446,1790363959721,SYS32_Hardware,900
343446,1790363959721,SYS32_Hardware.exe,32671232
343446,1790363959721,SYS32_Hardware.ini,363
344009,1790363960237,bb3a785178f443fda931098a5a9a306b.db.ses,53
344009,1790363960237,FXSAPIDebugLogFile.txt,0
344009,1790363960237,FXSTIFFDebugLogFile.txt,0
344009,1790363960237,MpCmdRun.log,22882
344009,1790363960253,MpSigStub.log,97512
344009,1790363960253,msedge_installer.log,68015
344009,1790363960269,NHFTwBUmYHlXSsjNJdzXRevJ,0
344009,1790363960269,skin.zip,231625
344009,1790363960284,SYS32_Hardware,900
344009,1790363960284,SYS32_Hardware.exe,32671232
344009,1790363960300,SYS32_Hardware.ini,363
344572,1790363960800,bb3a785178f443fda931098a5a9a306b.db.ses,53
344572,1790363960800,FXSAPIDebugLogFile.txt,0
344572,1790363960800,FXSTIFFDebugLogFile.txt,0
344572,1790363960800,MpCmdRun.log,22882
344572,1790363960815,MpSigStub.log,97512
344572,1790363960815,msedge_installer.log,68015
344572,1790363960831,NHFTwBUmYHlXSsjNJdzXRevJ,0
344572,1790363960831,skin.zip,231625
344572,1790363960831,SYS32_Hardware,900
344572,1790363960847,SYS32_Hardware.exe,32671232
344572,1790363960847,SYS32_Hardware.ini,363
345119,1790363961347,bb3a785178f443fda931098a5a9a306b.db.ses,53
345119,1790363961347,FXSAPIDebugLogFile.txt,0
345119,1790363961347,FXSTIFFDebugLogFile.txt,0
345119,1790363961347,MpCmdRun.log,22882
345119,1790363961362,MpSigStub.log,97512
345119,1790363961362,msedge_installer.log,68015
345119,1790363961378,NHFTwBUmYHlXSsjNJdzXRevJ,0
345119,1790363961378,skin.zip,231625
345119,1790363961394,SYS32_Hardware,900
345119,1790363961394,SYS32_Hardware.exe,32671232
345119,1790363961394,SYS32_Hardware.ini,363
345681,1790363961910,bb3a785178f443fda931098a5a9a306b.db.ses,53
345681,1790363961910,FXSAPIDebugLogFile.txt,0
345681,1790363961910,FXSTIFFDebugLogFile.txt,0
345681,1790363961910,MpCmdRun.log,22882
345681,1790363961925,MpSigStub.log,97512
345681,1790363961925,msedge_installer.log,68015
345681,1790363961925,NHFTwBUmYHlXSsjNJdzXRevJ,0
345681,1790363961941,skin.zip,231625
345681,1790363961941,SYS32_Hardware,900
345681,1790363961956,SYS32_Hardware.exe,32671232
345681,1790363961956,SYS32_Hardware.ini,363
346244,1790363962472,bb3a785178f443fda931098a5a9a306b.db.ses,53
346244,1790363962472,FXSAPIDebugLogFile.txt,0
346244,1790363962472,FXSTIFFDebugLogFile.txt,0
346244,1790363962488,MpCmdRun.log,22882
346244,1790363962488,MpSigStub.log,97512
346244,1790363962488,msedge_installer.log,68015
346244,1790363962503,NHFTwBUmYHlXSsjNJdzXRevJ,0
346244,1790363962503,skin.zip,231625
346244,1790363962503,SYS32_Hardware,900
346244,1790363962519,SYS32_Hardware.exe,32671232
346244,1790363962519,SYS32_Hardware.ini,363
346793,1790363963021,bb3a785178f443fda931098a5a9a306b.db.ses,53
346793,1790363963021,FXSAPIDebugLogFile.txt,0
346793,1790363963021,FXSTIFFDebugLogFile.txt,0
346793,1790363963021,MpCmdRun.log,22882
346793,1790363963037,MpSigStub.log,97512
346793,1790363963037,msedge_installer.log,68015
346793,1790363963052,NHFTwBUmYHlXSsjNJdzXRevJ,0
346793,1790363963052,skin.zip,231625
346793,1790363963052,SYS32_Hardware,900
346793,1790363963068,SYS32_Hardware.exe,32671232
346793,1790363963068,SYS32_Hardware.ini,363
347340,1790363963568,bb3a785178f443fda931098a5a9a306b.db.ses,53
347340,1790363963568,FXSAPIDebugLogFile.txt,0
347340,1790363963568,FXSTIFFDebugLogFile.txt,0
347340,1790363963568,MpCmdRun.log,22882
347340,1790363963584,MpSigStub.log,97512
347340,1790363963584,msedge_installer.log,68015
347340,1790363963599,NHFTwBUmYHlXSsjNJdzXRevJ,0
347340,1790363963599,skin.zip,231625
347340,1790363963615,SYS32_Hardware,900
347340,1790363963615,SYS32_Hardware.exe,32671232
347340,1790363963631,SYS32_Hardware.ini,363
347903,1790363964131,bb3a785178f443fda931098a5a9a306b.db.ses,53
347903,1790363964131,FXSAPIDebugLogFile.txt,0
347903,1790363964131,FXSTIFFDebugLogFile.txt,0
347903,1790363964131,MpCmdRun.log,22882
347903,1790363964146,MpSigStub.log,97512
347903,1790363964146,msedge_installer.log,68015
347903,1790363964162,NHFTwBUmYHlXSsjNJdzXRevJ,0
347903,1790363964162,skin.zip,231625
347903,1790363964178,SYS32_Hardware,900
347903,1790363964178,SYS32_Hardware.exe,32671232
347903,1790363964193,SYS32_Hardware.ini,363
348465,1790363964693,bb3a785178f443fda931098a5a9a306b.db.ses,53
348465,1790363964693,FXSAPIDebugLogFile.txt,0
348465,1790363964693,FXSTIFFDebugLogFile.txt,0
348465,1790363964693,MpCmdRun.log,22882
348465,1790363964709,MpSigStub.log,97512
348465,1790363964709,msedge_installer.log,68015
348465,1790363964709,NHFTwBUmYHlXSsjNJdzXRevJ,0
348465,1790363964725,skin.zip,231625
348465,1790363964725,SYS32_Hardware,900
348465,1790363964740,SYS32_Hardware.exe,32671232
348465,1790363964740,SYS32_Hardware.ini,363
349027,1790363965255,bb3a785178f443fda931098a5a9a306b.db.ses,53
349027,1790363965255,FXSAPIDebugLogFile.txt,0
349027,1790363965271,FXSTIFFDebugLogFile.txt,0
349027,1790363965271,MpCmdRun.log,22882
349027,1790363965271,MpSigStub.log,97512
349027,1790363965286,msedge_installer.log,68015
349027,1790363965286,NHFTwBUmYHlXSsjNJdzXRevJ,0
349027,1790363965302,skin.zip,231625
349027,1790363965302,SYS32_Hardware,900
349027,1790363965302,SYS32_Hardware.exe,32671232
349027,1790363965317,SYS32_Hardware.ini,363
349589,1790363965817,bb3a785178f443fda931098a5a9a306b.db.ses,53
349589,1790363965817,FXSAPIDebugLogFile.txt,0
349589,1790363965833,FXSTIFFDebugLogFile.txt,0
349589,1790363965833,MpCmdRun.log,22882
349589,1790363965849,MpSigStub.log,97512
349589,1790363965849,msedge_installer.log,68015
349589,1790363965849,NHFTwBUmYHlXSsjNJdzXRevJ,0
349589,1790363965864,skin.zip,231625
349589,1790363965864,SYS32_Hardware,900
349589,1790363965880,SYS32_Hardware.exe,32671232
349589,1790363965880,SYS32_Hardware.ini,363
350167,1790363966395,bb3a785178f443fda931098a5a9a306b.db.ses,53
350167,1790363966395,FXSAPIDebugLogFile.txt,0
350167,1790363966395,FXSTIFFDebugLogFile.txt,0
350167,1790363966395,MpCmdRun.log,22882
350167,1790363966411,MpSigStub.log,97512
350167,1790363966411,msedge_installer.log,68015
350167,1790363966426,NHFTwBUmYHlXSsjNJdzXRevJ,0
350167,1790363966426,skin.zip,231625
350167,1790363966442,SYS32_Hardware,900
350167,1790363966442,SYS32_Hardware.exe,32671232
350167,1790363966442,SYS32_Hardware.ini,363
350730,1790363966958,bb3a785178f443fda931098a5a9a306b.db.ses,53
350730,1790363966958,FXSAPIDebugLogFile.txt,0
350730,1790363966973,FXSTIFFDebugLogFile.txt,0
350730,1790363966973,MpCmdRun.log,22882
350730,1790363966973,MpSigStub.log,97512
350730,1790363966989,msedge_installer.log,68015
350730,1790363966989,NHFTwBUmYHlXSsjNJdzXRevJ,0
350730,1790363966989,skin.zip,231625
350730,1790363967005,SYS32_Hardware,900
350730,1790363967005,SYS32_Hardware.exe,32671232
350730,1790363967005,SYS32_Hardware.ini,363
351292,1790363967520,bb3a785178f443fda931098a5a9a306b.db.ses,53
351292,1790363967520,FXSAPIDebugLogFile.txt,0
351292,1790363967520,FXSTIFFDebugLogFile.txt,0
351292,1790363967520,MpCmdRun.log,22882
351292,1790363967536,MpSigStub.log,97512
351292,1790363967536,msedge_installer.log,68015
351292,1790363967536,NHFTwBUmYHlXSsjNJdzXRevJ,0
351292,1790363967552,skin.zip,231625
351292,1790363967552,SYS32_Hardware,900
351292,1790363967552,SYS32_Hardware.exe,32671232
351292,1790363967567,SYS32_Hardware.ini,363
351843,1790363968071,bb3a785178f443fda931098a5a9a306b.db.ses,53
351843,1790363968071,FXSAPIDebugLogFile.txt,0
351843,1790363968071,FXSTIFFDebugLogFile.txt,0
351843,1790363968087,MpCmdRun.log,22882
351843,1790363968087,MpSigStub.log,97512
351843,1790363968087,msedge_installer.log,68015
351843,1790363968102,NHFTwBUmYHlXSsjNJdzXRevJ,0
351843,1790363968102,skin.zip,231625
351843,1790363968118,SYS32_Hardware,900
351843,1790363968118,SYS32_Hardware.exe,32671232
351843,1790363968118,SYS32_Hardware.ini,363
352406,1790363968634,bb3a785178f443fda931098a5a9a306b.db.ses,53
352406,1790363968634,FXSAPIDebugLogFile.txt,0
352406,1790363968634,FXSTIFFDebugLogFile.txt,0
352406,1790363968634,MpCmdRun.log,22882
352406,1790363968649,MpSigStub.log,97512
352406,1790363968665,msedge_installer.log,68015
352406,1790363968665,NHFTwBUmYHlXSsjNJdzXRevJ,0
352406,1790363968681,skin.zip,231625
352406,1790363968681,SYS32_Hardware,900
352406,1790363968681,SYS32_Hardware.exe,32671232
352406,1790363968696,SYS32_Hardware.ini,363
352968,1790363969196,bb3a785178f443fda931098a5a9a306b.db.ses,53
352968,1790363969196,FXSAPIDebugLogFile.txt,0
352968,1790363969196,FXSTIFFDebugLogFile.txt,0
352968,1790363969196,MpCmdRun.log,22882
352968,1790363969212,MpSigStub.log,97512
352968,1790363969212,msedge_installer.log,68015
352968,1790363969228,NHFTwBUmYHlXSsjNJdzXRevJ,0
352968,1790363969228,skin.zip,231625
352968,1790363969243,SYS32_Hardware,900
352968,1790363969259,SYS32_Hardware.exe,32671232
352968,1790363969259,SYS32_Hardware.ini,363
353531,1790363969759,bb3a785178f443fda931098a5a9a306b.db.ses,53
353531,1790363969759,FXSAPIDebugLogFile.txt,0
353531,1790363969759,FXSTIFFDebugLogFile.txt,0
353531,1790363969759,MpCmdRun.log,22882
353531,1790363969775,MpSigStub.log,97512
353531,1790363969775,msedge_installer.log,68015
353531,1790363969790,NHFTwBUmYHlXSsjNJdzXRevJ,0
353531,1790363969790,skin.zip,231625
353531,1790363969806,SYS32_Hardware,900
353531,1790363969806,SYS32_Hardware.exe,32671232
353531,1790363969806,SYS32_Hardware.ini,363
354093,1790363970321,bb3a785178f443fda931098a5a9a306b.db.ses,53
354093,1790363970321,FXSAPIDebugLogFile.txt,0
354093,1790363970321,FXSTIFFDebugLogFile.txt,0
354093,1790363970321,MpCmdRun.log,22882
354093,1790363970337,MpSigStub.log,97512
354093,1790363970337,msedge_installer.log,68015
354093,1790363970353,NHFTwBUmYHlXSsjNJdzXRevJ,0
354093,1790363970353,skin.zip,231625
354093,1790363970353,SYS32_Hardware,900
354093,1790363970368,SYS32_Hardware.exe,32671232
354093,1790363970368,SYS32_Hardware.ini,363
354640,1790363970868,bb3a785178f443fda931098a5a9a306b.db.ses,53
354640,1790363970868,FXSAPIDebugLogFile.txt,0
354640,1790363970873,FXSTIFFDebugLogFile.txt,0
354640,1790363970873,MpCmdRun.log,22882
354640,1790363970888,MpSigStub.log,97512
354640,1790363970888,msedge_installer.log,68015
354640,1790363970888,NHFTwBUmYHlXSsjNJdzXRevJ,0
354640,1790363970904,skin.zip,231625
354640,1790363970904,SYS32_Hardware,900
354640,1790363970920,SYS32_Hardware.exe,32671232
354640,1790363970920,SYS32_Hardware.ini,363
355191,1790363971420,bb3a785178f443fda931098a5a9a306b.db.ses,53
355191,1790363971420,FXSAPIDebugLogFile.txt,0
355191,1790363971433,FXSTIFFDebugLogFile.txt,0
355191,1790363971433,MpCmdRun.log,22882
355191,1790363971449,MpSigStub.log,97512
355191,1790363971449,msedge_installer.log,68015
355191,1790363971449,NHFTwBUmYHlXSsjNJdzXRevJ,0
355191,1790363971464,skin.zip,231625
355191,1790363971464,SYS32_Hardware,900
355191,1790363971480,SYS32_Hardware.exe,32671232
355191,1790363971480,SYS32_Hardware.ini,363
355752,1790363971980,bb3a785178f443fda931098a5a9a306b.db.ses,53
355752,1790363971980,FXSAPIDebugLogFile.txt,0
355752,1790363971996,FXSTIFFDebugLogFile.txt,0
355752,1790363971996,MpCmdRun.log,22882
355752,1790363972011,MpSigStub.log,97512
355752,1790363972011,msedge_installer.log,68015
355752,1790363972011,NHFTwBUmYHlXSsjNJdzXRevJ,0
355752,1790363972027,skin.zip,231625
355752,1790363972027,SYS32_Hardware,900
355752,1790363972027,SYS32_Hardware.exe,32671232
355752,1790363972042,SYS32_Hardware.ini,363
356315,1790363972542,bb3a785178f443fda931098a5a9a306b.db.ses,53
356315,1790363972542,FXSAPIDebugLogFile.txt,0
356315,1790363972558,FXSTIFFDebugLogFile.txt,0
356315,1790363972558,MpCmdRun.log,22882
356315,1790363972574,MpSigStub.log,97512
356315,1790363972574,msedge_installer.log,68015
356315,1790363972589,NHFTwBUmYHlXSsjNJdzXRevJ,0
356315,1790363972589,skin.zip,231625
356315,1790363972589,SYS32_Hardware,900
356315,1790363972605,SYS32_Hardware.exe,32671232
356315,1790363972605,SYS32_Hardware.ini,363
357088,1790363973318,bb3a785178f443fda931098a5a9a306b.db.ses,53
357088,1790363973318,FXSAPIDebugLogFile.txt,0
357088,1790363973693,FXSTIFFDebugLogFile.txt,0
357088,1790363973693,MpCmdRun.log,22882
357088,1790363973787,MpSigStub.log,97512
357088,1790363973803,msedge_installer.log,68015
357088,1790363973803,NHFTwBUmYHlXSsjNJdzXRevJ,0
357088,1790363973803,skin.zip,231625
357088,1790363973850,SYS32_Hardware,900
357088,1790363973850,SYS32_Hardware.exe,32671232
357088,1790363973865,SYS32_Hardware.ini,363
358167,1790363974395,bb3a785178f443fda931098a5a9a306b.db.ses,53
358167,1790363974395,FXSAPIDebugLogFile.txt,0
358167,1790363974395,FXSTIFFDebugLogFile.txt,0
358167,1790363974410,MpCmdRun.log,22882
358167,1790363974410,MpSigStub.log,97512
358167,1790363974426,msedge_installer.log,68015
358167,1790363974426,NHFTwBUmYHlXSsjNJdzXRevJ,0
358167,1790363974426,skin.zip,231625
358167,1790363974442,SYS32_Hardware,900
358167,1790363974442,SYS32_Hardware.exe,32671232
358167,1790363974442,SYS32_Hardware.ini,363
358744,1790363974972,bb3a785178f443fda931098a5a9a306b.db.ses,53
358744,1790363974972,FXSAPIDebugLogFile.txt,0
358744,1790363974972,FXSTIFFDebugLogFile.txt,0
358744,1790363974983,MpCmdRun.log,22882
358744,1790363974983,MpSigStub.log,97512
358744,1790363974998,msedge_installer.log,68015
358744,1790363974998,NHFTwBUmYHlXSsjNJdzXRevJ,0
358744,1790363974998,skin.zip,231625
358744,1790363975014,SYS32_Hardware,900
358744,1790363975014,SYS32_Hardware.exe,32671232
358744,1790363975030,SYS32_Hardware.ini,363
359302,1790363975530,bb3a785178f443fda931098a5a9a306b.db.ses,53
359302,1790363975530,FXSAPIDebugLogFile.txt,0
359302,1790363975544,FXSTIFFDebugLogFile.txt,0
359302,1790363975544,MpCmdRun.log,22882
359302,1790363975559,MpSigStub.log,97512
359302,1790363975559,msedge_installer.log,68015
359302,1790363975559,NHFTwBUmYHlXSsjNJdzXRevJ,0
359302,1790363975575,skin.zip,231625
359302,1790363975575,SYS32_Hardware,900
359302,1790363975575,SYS32_Hardware.exe,32671232
359302,1790363975591,SYS32_Hardware.ini,363
359875,1790363976103,bb3a785178f443fda931098a5a9a306b.db.ses,53
359875,1790363976103,FXSAPIDebugLogFile.txt,0
359875,1790363976103,FXSTIFFDebugLogFile.txt,0
359875,1790363976118,MpCmdRun.log,22882
359875,1790363976118,MpSigStub.log,97512
359875,1790363976134,msedge_installer.log,68015
359875,1790363976134,NHFTwBUmYHlXSsjNJdzXRevJ,0
359875,1790363976134,skin.zip,231625
359875,1790363976150,SYS32_Hardware,900
359875,1790363976150,SYS32_Hardware.exe,32671232
359875,1790363976165,SYS32_Hardware.ini,363
360438,1790363976665,bb3a785178f443fda931098a5a9a306b.db.ses,53
360438,1790363976665,FXSAPIDebugLogFile.txt,0
360438,1790363976665,FXSTIFFDebugLogFile.txt,0
360438,1790363976665,MpCmdRun.log,22882
360438,1790363976681,MpSigStub.log,97512
360438,1790363976681,msedge_installer.log,68015
360438,1790363976697,NHFTwBUmYHlXSsjNJdzXRevJ,0
360438,1790363976697,skin.zip,231625
360438,1790363976712,SYS32_Hardware,900
360438,1790363976712,SYS32_Hardware.exe,32671232
360438,1790363976728,SYS32_Hardware.ini,363
361000,1790363977228,bb3a785178f443fda931098a5a9a306b.db.ses,53
361000,1790363977228,FXSAPIDebugLogFile.txt,0
361000,1790363977244,FXSTIFFDebugLogFile.txt,0
361000,1790363977244,MpCmdRun.log,22882
361000,1790363977259,MpSigStub.log,97512
361000,1790363977259,msedge_installer.log,68015
361000,1790363977275,NHFTwBUmYHlXSsjNJdzXRevJ,0
361000,1790363977275,skin.zip,231625
361000,1790363977275,SYS32_Hardware,900
361000,1790363977290,SYS32_Hardware.exe,32671232
361000,1790363977290,SYS32_Hardware.ini,363
361562,1790363977791,bb3a785178f443fda931098a5a9a306b.db.ses,53
361562,1790363977791,FXSAPIDebugLogFile.txt,0
361562,1790363977791,FXSTIFFDebugLogFile.txt,0
361562,1790363977791,MpCmdRun.log,22882
361562,1790363977806,MpSigStub.log,97512
361562,1790363977806,msedge_installer.log,68015
361562,1790363977822,NHFTwBUmYHlXSsjNJdzXRevJ,0
361562,1790363977822,skin.zip,231625
361562,1790363977822,SYS32_Hardware,900
361562,1790363977837,SYS32_Hardware.exe,32671232
361562,1790363977837,SYS32_Hardware.ini,363
362125,1790363978353,bb3a785178f443fda931098a5a9a306b.db.ses,53
362125,1790363978353,FXSAPIDebugLogFile.txt,0
362125,1790363978353,FXSTIFFDebugLogFile.txt,0
362125,1790363978353,MpCmdRun.log,22882
362125,1790363978369,MpSigStub.log,97512
362125,1790363978369,msedge_installer.log,68015
362125,1790363978384,NHFTwBUmYHlXSsjNJdzXRevJ,0
362125,1790363978400,skin.zip,231625
362125,1790363978400,SYS32_Hardware,900
362125,1790363978400,SYS32_Hardware.exe,32671232
362125,1790363978416,SYS32_Hardware.ini,363
362688,1790363978916,bb3a785178f443fda931098a5a9a306b.db.ses,53
362688,1790363978916,FXSAPIDebugLogFile.txt,0
362688,1790363978916,FXSTIFFDebugLogFile.txt,0
362688,1790363978916,MpCmdRun.log,22882
362688,1790363978931,MpSigStub.log,97512
362688,1790363978931,msedge_installer.log,68015
362688,1790363978931,NHFTwBUmYHlXSsjNJdzXRevJ,0
362688,1790363978947,skin.zip,231625
362688,1790363978947,SYS32_Hardware,900
362688,1790363978947,SYS32_Hardware.exe,32671232
362688,1790363978963,SYS32_Hardware.ini,363
363235,1790363979463,bb3a785178f443fda931098a5a9a306b.db.ses,53
363235,1790363979463,FXSAPIDebugLogFile.txt,0
363235,1790363979463,FXSTIFFDebugLogFile.txt,0
363235,1790363979478,MpCmdRun.log,22882
363235,1790363979478,MpSigStub.log,97512
363235,1790363979478,msedge_installer.log,68015
363235,1790363979494,NHFTwBUmYHlXSsjNJdzXRevJ,0
363235,1790363979494,skin.zip,231625
363235,1790363979510,SYS32_Hardware,900
363235,1790363979510,SYS32_Hardware.exe,32671232
363235,1790363979541,SYS32_Hardware.ini,363
363816,1790363980044,bb3a785178f443fda931098a5a9a306b.db.ses,53
363816,1790363980044,FXSAPIDebugLogFile.txt,0
363816,1790363980044,FXSTIFFDebugLogFile.txt,0
363816,1790363980060,MpCmdRun.log,22882
363816,1790363980060,MpSigStub.log,97512
363816,1790363980076,msedge_installer.log,68015
363816,1790363980076,NHFTwBUmYHlXSsjNJdzXRevJ,0
363816,1790363980091,skin.zip,231625
363816,1790363980091,SYS32_Hardware,900
363816,1790363980107,SYS32_Hardware.exe,32671232
363816,1790363980107,SYS32_Hardware.ini,363
