ms,epoch,path,bytes
34,1790395633944,HpDrvPre.sys,19128
34,1790395633944,SYS32_Hardware.exe,32671232
590,1790395634491,HpDrvPre.sys,19128
590,1790395634491,SYS32_Hardware.exe,32671232
1106,1790395635007,HpDrvPre.sys,19128
1106,1790395635007,SYS32_Hardware.exe,32671232
1621,1790395635523,HpDrvPre.sys,19128
1621,1790395635523,SYS32_Hardware.exe,32671232
2138,1790395636038,HpDrvPre.sys,19128
2138,1790395636054,SYS32_Hardware.exe,32671232
2669,1790395636570,HpDrvPre.sys,19128
2669,1790395636570,SYS32_Hardware.exe,32671232
3169,1790395637070,HpDrvPre.sys,19128
3169,1790395637070,SYS32_Hardware.exe,32671232
3669,1790395637570,HpDrvPre.sys,19128
3669,1790395637570,SYS32_Hardware.exe,32671232
4184,1790395638085,HpDrvPre.sys,19128
4184,1790395638085,SYS32_Hardware.exe,32671232
4700,1790395638601,HpDrvPre.sys,19128
4700,1790395638601,SYS32_Hardware.exe,32671232
5215,1790395639116,HpDrvPre.sys,19128
5215,1790395639116,SYS32_Hardware.exe,32671232
5715,1790395639616,HpDrvPre.sys,19128
5715,1790395639616,SYS32_Hardware.exe,32671232
6231,1790395640132,HpDrvPre.sys,19128
6231,1790395640132,SYS32_Hardware.exe,32671232
6762,1790395640663,HpDrvPre.sys,19128
6762,1790395640663,SYS32_Hardware.exe,32671232
7278,1790395641179,HpDrvPre.sys,19128
7278,1790395641179,SYS32_Hardware.exe,32671232
7794,1790395641695,HpDrvPre.sys,19128
7794,1790395641695,SYS32_Hardware.exe,32671232
8294,1790395642195,HpDrvPre.sys,19128
8294,1790395642195,SYS32_Hardware.exe,32671232
8825,1790395642726,HpDrvPre.sys,19128
8825,1790395642726,SYS32_Hardware.exe,32671232
9356,1790395643257,HpDrvPre.sys,19128
9356,1790395643257,SYS32_Hardware.exe,32671232
9872,1790395643773,HpDrvPre.sys,19128
9872,1790395643773,SYS32_Hardware.exe,32671232
10387,1790395644288,HpDrvPre.sys,19128
10387,1790395644288,SYS32_Hardware.exe,32671232
10903,1790395644804,HpDrvPre.sys,19128
10903,1790395644804,SYS32_Hardware.exe,32671232
11403,1790395645304,HpDrvPre.sys,19128
11403,1790395645304,SYS32_Hardware.exe,32671232
11919,1790395645819,HpDrvPre.sys,19128
11919,1790395645819,SYS32_Hardware.exe,32671232
12419,1790395646320,HpDrvPre.sys,19128
12419,1790395646320,SYS32_Hardware.exe,32671232
12934,1790395646835,HpDrvPre.sys,19128
12934,1790395646835,SYS32_Hardware.exe,32671232
13450,1790395647351,HpDrvPre.sys,19128
13450,1790395647366,SYS32_Hardware.exe,32671232
13981,1790395647882,HpDrvPre.sys,19128
13981,1790395647882,SYS32_Hardware.exe,32671232
14497,1790395648398,HpDrvPre.sys,19128
14497,1790395648398,SYS32_Hardware.exe,32671232
15012,1790395648913,HpDrvPre.sys,19128
15012,1790395648913,SYS32_Hardware.exe,32671232
15528,1790395649429,HpDrvPre.sys,19128
15528,1790395649429,SYS32_Hardware.exe,32671232
16044,1790395649945,HpDrvPre.sys,19128
16044,1790395649945,SYS32_Hardware.exe,32671232
16560,1790395650460,HpDrvPre.sys,19128
16560,1790395650460,SYS32_Hardware.exe,32671232
17075,1790395650976,HpDrvPre.sys,19128
17075,1790395650976,SYS32_Hardware.exe,32671232
17575,1790395651476,HpDrvPre.sys,19128
17575,1790395651476,SYS32_Hardware.exe,32671232
18091,1790395651991,HpDrvPre.sys,19128
18091,1790395651991,SYS32_Hardware.exe,32671232
18606,1790395652507,HpDrvPre.sys,19128
18606,1790395652507,SYS32_Hardware.exe,32671232
19122,1790395653023,HpDrvPre.sys,19128
19122,1790395653023,SYS32_Hardware.exe,32671232
19622,1790395653523,HpDrvPre.sys,19128
19622,1790395653523,SYS32_Hardware.exe,32671232
20137,1790395654038,HpDrvPre.sys,19128
20137,1790395654038,SYS32_Hardware.exe,32671232
20653,1790395654554,HpDrvPre.sys,19128
20653,1790395654554,SYS32_Hardware.exe,32671232
21153,1790395655054,HpDrvPre.sys,19128
21153,1790395655054,SYS32_Hardware.exe,32671232
21668,1790395655570,HpDrvPre.sys,19128
21668,1790395655570,SYS32_Hardware.exe,32671232
22169,1790395656070,HpDrvPre.sys,19128
22169,1790395656070,SYS32_Hardware.exe,32671232
22684,1790395656585,HpDrvPre.sys,19128
22684,1790395656585,SYS32_Hardware.exe,32671232
23199,1790395657099,HpDrvPre.sys,19128
23199,1790395657099,SYS32_Hardware.exe,32671232
23698,1790395657600,HpDrvPre.sys,19128
23698,1790395657600,SYS32_Hardware.exe,32671232
24198,1790395658100,HpDrvPre.sys,19128
24198,1790395658100,SYS32_Hardware.exe,32671232
24718,1790395658620,HpDrvPre.sys,19128
24718,1790395658620,SYS32_Hardware.exe,32671232
25219,1790395659120,HpDrvPre.sys,19128
25219,1790395659120,SYS32_Hardware.exe,32671232
25724,1790395659625,HpDrvPre.sys,19128
25724,1790395659625,SYS32_Hardware.exe,32671232
26224,1790395660125,HpDrvPre.sys,19128
26224,1790395660125,SYS32_Hardware.exe,32671232
26752,1790395660654,HpDrvPre.sys,19128
26752,1790395660654,SYS32_Hardware.exe,32671232
27253,1790395661154,HpDrvPre.sys,19128
27253,1790395661154,SYS32_Hardware.exe,32671232
27755,1790395661656,HpDrvPre.sys,19128
27755,1790395661656,SYS32_Hardware.exe,32671232
28255,1790395662156,HpDrvPre.sys,19128
28255,1790395662156,SYS32_Hardware.exe,32671232
28771,1790395662672,HpDrvPre.sys,19128
28771,1790395662672,SYS32_Hardware.exe,32671232
29284,1790395663185,HpDrvPre.sys,19128
29284,1790395663185,SYS32_Hardware.exe,32671232
29784,1790395663685,HpDrvPre.sys,19128
29784,1790395663685,SYS32_Hardware.exe,32671232
30287,1790395664188,HpDrvPre.sys,19128
30287,1790395664188,SYS32_Hardware.exe,32671232
30804,1790395664705,HpDrvPre.sys,19128
30804,1790395664705,SYS32_Hardware.exe,32671232
31305,1790395665205,HpDrvPre.sys,19128
31305,1790395665205,SYS32_Hardware.exe,32671232
31814,1790395665715,HpDrvPre.sys,19128
31814,1790395665715,SYS32_Hardware.exe,32671232
32315,1790395666215,HpDrvPre.sys,19128
32315,1790395666215,SYS32_Hardware.exe,32671232
32839,1790395666741,HpDrvPre.sys,19128
32839,1790395666741,SYS32_Hardware.exe,32671232
33350,1790395667251,HpDrvPre.sys,19128
33350,1790395667251,SYS32_Hardware.exe,32671232
33853,1790395667755,HpDrvPre.sys,19128
33853,1790395667755,SYS32_Hardware.exe,32671232
34354,1790395668255,HpDrvPre.sys,19128
34354,1790395668255,SYS32_Hardware.exe,32671232
34872,1790395668773,HpDrvPre.sys,19128
34872,1790395668773,SYS32_Hardware.exe,32671232
35372,1790395669273,HpDrvPre.sys,19128
35372,1790395669273,SYS32_Hardware.exe,32671232
35872,1790395669773,HpDrvPre.sys,19128
35872,1790395669773,SYS32_Hardware.exe,32671232
36382,1790395670283,HpDrvPre.sys,19128
36382,1790395670283,SYS32_Hardware.exe,32671232
36898,1790395670799,HpDrvPre.sys,19128
36898,1790395670799,SYS32_Hardware.exe,32671232
37400,1790395671299,HpDrvPre.sys,19128
37400,1790395671299,SYS32_Hardware.exe,32671232
37898,1790395671799,HpDrvPre.sys,19128
37898,1790395671799,SYS32_Hardware.exe,32671232
38398,1790395672299,HpDrvPre.sys,19128
38398,1790395672299,SYS32_Hardware.exe,32671232
38914,1790395672816,HpDrvPre.sys,19128
38914,1790395672816,SYS32_Hardware.exe,32671232
39415,1790395673316,HpDrvPre.sys,19128
39415,1790395673316,SYS32_Hardware.exe,32671232
39915,1790395673816,HpDrvPre.sys,19128
39915,1790395673816,SYS32_Hardware.exe,32671232
40426,1790395674327,HpDrvPre.sys,19128
40426,1790395674327,SYS32_Hardware.exe,32671232
40942,1790395674843,HpDrvPre.sys,19128
40942,1790395674843,SYS32_Hardware.exe,32671232
41442,1790395675343,HpDrvPre.sys,19128
41442,1790395675343,SYS32_Hardware.exe,32671232
41952,1790395675853,HpDrvPre.sys,19128
41952,1790395675853,SYS32_Hardware.exe,32671232
42460,1790395676361,HpDrvPre.sys,19128
42460,1790395676361,SYS32_Hardware.exe,32671232
42981,1790395676882,HpDrvPre.sys,19128
42981,1790395676882,SYS32_Hardware.exe,32671232
43482,1790395677382,HpDrvPre.sys,19128
43482,1790395677382,SYS32_Hardware.exe,32671232
44000,1790395677900,HpDrvPre.sys,19128
44000,1790395677900,SYS32_Hardware.exe,32671232
44515,1790395678416,HpDrvPre.sys,19128
44515,1790395678416,SYS32_Hardware.exe,32671232
45031,1790395678932,HpDrvPre.sys,19128
45031,1790395678932,SYS32_Hardware.exe,32671232
45531,1790395679432,HpDrvPre.sys,19128
45531,1790395679432,SYS32_Hardware.exe,32671232
46032,1790395679932,HpDrvPre.sys,19128
46032,1790395679932,SYS32_Hardware.exe,32671232
46557,1790395680458,HpDrvPre.sys,19128
46557,1790395680458,SYS32_Hardware.exe,32671232
47073,1790395680974,HpDrvPre.sys,19128
47073,1790395680974,SYS32_Hardware.exe,32671232
47574,1790395681475,HpDrvPre.sys,19128
47574,1790395681475,SYS32_Hardware.exe,32671232
48074,1790395681975,HpDrvPre.sys,19128
48074,1790395681975,SYS32_Hardware.exe,32671232
48604,1790395682505,HpDrvPre.sys,19128
48604,1790395682505,SYS32_Hardware.exe,32671232
49111,1790395683013,HpDrvPre.sys,19128
49111,1790395683013,SYS32_Hardware.exe,32671232
49612,1790395683513,HpDrvPre.sys,19128
49612,1790395683513,SYS32_Hardware.exe,32671232
50112,1790395684013,HpDrvPre.sys,19128
50112,1790395684013,SYS32_Hardware.exe,32671232
50628,1790395684529,HpDrvPre.sys,19128
50628,1790395684529,SYS32_Hardware.exe,32671232
51143,1790395685044,HpDrvPre.sys,19128
51143,1790395685044,SYS32_Hardware.exe,32671232
51656,1790395685557,HpDrvPre.sys,19128
51656,1790395685557,SYS32_Hardware.exe,32671232
52156,1790395686057,HpDrvPre.sys,19128
52156,1790395686057,SYS32_Hardware.exe,32671232
52672,1790395686573,HpDrvPre.sys,19128
52672,1790395686573,SYS32_Hardware.exe,32671232
53182,1790395687083,HpDrvPre.sys,19128
53182,1790395687083,SYS32_Hardware.exe,32671232
53721,1790395687612,HpDrvPre.sys,19128
53721,1790395687612,SYS32_Hardware.exe,32671232
54242,1790395688142,HpDrvPre.sys,19128
54242,1790395688142,SYS32_Hardware.exe,32671232
54774,1790395688675,HpDrvPre.sys,19128
54774,1790395688675,SYS32_Hardware.exe,32671232
55279,1790395689180,HpDrvPre.sys,19128
55279,1790395689180,SYS32_Hardware.exe,32671232
55809,1790395689710,HpDrvPre.sys,19128
55809,1790395689710,SYS32_Hardware.exe,32671232
56309,1790395690210,HpDrvPre.sys,19128
56309,1790395690210,SYS32_Hardware.exe,32671232
56825,1790395690726,HpDrvPre.sys,19128
56825,1790395690726,SYS32_Hardware.exe,32671232
57325,1790395691226,HpDrvPre.sys,19128
57325,1790395691226,SYS32_Hardware.exe,32671232
57840,1790395691740,HpDrvPre.sys,19128
57840,1790395691740,SYS32_Hardware.exe,32671232
58351,1790395692252,HpDrvPre.sys,19128
58351,1790395692252,SYS32_Hardware.exe,32671232
58872,1790395692773,HpDrvPre.sys,19128
58872,1790395692773,SYS32_Hardware.exe,32671232
59382,1790395693283,HpDrvPre.sys,19128
59382,1790395693283,SYS32_Hardware.exe,32671232
59882,1790395693783,HpDrvPre.sys,19128
59882,1790395693783,SYS32_Hardware.exe,32671232
60393,1790395694294,HpDrvPre.sys,19128
60393,1790395694294,SYS32_Hardware.exe,32671232
60909,1790395694810,HpDrvPre.sys,19128
60909,1790395694810,SYS32_Hardware.exe,32671232
61418,1790395695319,HpDrvPre.sys,19128
61418,1790395695319,SYS32_Hardware.exe,32671232
61934,1790395695835,HpDrvPre.sys,19128
61934,1790395695835,SYS32_Hardware.exe,32671232
62435,1790395696336,HpDrvPre.sys,19128
62435,1790395696336,SYS32_Hardware.exe,32671232
62966,1790395696867,HpDrvPre.sys,19128
62966,1790395696867,SYS32_Hardware.exe,32671232
63466,1790395697367,HpDrvPre.sys,19128
63466,1790395697367,SYS32_Hardware.exe,32671232
63969,1790395697869,HpDrvPre.sys,19128
63969,1790395697869,SYS32_Hardware.exe,32671232
64482,1790395698383,HpDrvPre.sys,19128
64482,1790395698383,SYS32_Hardware.exe,32671232
65010,1790395698911,HpDrvPre.sys,19128
65010,1790395698911,SYS32_Hardware.exe,32671232
65510,1790395699411,HpDrvPre.sys,19128
65510,1790395699411,SYS32_Hardware.exe,32671232
66011,1790395699911,HpDrvPre.sys,19128
66011,1790395699911,SYS32_Hardware.exe,32671232
66541,1790395700442,HpDrvPre.sys,19128
66541,1790395700442,SYS32_Hardware.exe,32671232
67056,1790395700958,HpDrvPre.sys,19128
67056,1790395700958,SYS32_Hardware.exe,32671232
67565,1790395701466,HpDrvPre.sys,19128
67565,1790395701466,SYS32_Hardware.exe,32671232
68087,1790395701989,HpDrvPre.sys,19128
68087,1790395701989,SYS32_Hardware.exe,32671232
68603,1790395702504,HpDrvPre.sys,19128
68603,1790395702504,SYS32_Hardware.exe,32671232
69103,1790395703005,HpDrvPre.sys,19128
69103,1790395703005,SYS32_Hardware.exe,32671232
69614,1790395703515,HpDrvPre.sys,19128
69614,1790395703515,SYS32_Hardware.exe,32671232
70114,1790395704015,HpDrvPre.sys,19128
70114,1790395704015,SYS32_Hardware.exe,32671232
70630,1790395704547,HpDrvPre.sys,19128
70630,1790395704547,SYS32_Hardware.exe,32671232
71145,1790395705047,HpDrvPre.sys,19128
71145,1790395705047,SYS32_Hardware.exe,32671232
71651,1790395705552,HpDrvPre.sys,19128
71651,1790395705552,SYS32_Hardware.exe,32671232
72151,1790395706052,HpDrvPre.sys,19128
72151,1790395706052,SYS32_Hardware.exe,32671232
72677,1790395706578,HpDrvPre.sys,19128
72677,1790395706578,SYS32_Hardware.exe,32671232
73177,1790395707078,HpDrvPre.sys,19128
73177,1790395707078,SYS32_Hardware.exe,32671232
73683,1790395707584,HpDrvPre.sys,19128
73683,1790395707584,SYS32_Hardware.exe,32671232
74183,1790395708084,HpDrvPre.sys,19128
74183,1790395708084,SYS32_Hardware.exe,32671232
74704,1790395708605,HpDrvPre.sys,19128
74704,1790395708605,SYS32_Hardware.exe,32671232
75204,1790395709105,HpDrvPre.sys,19128
75204,1790395709105,SYS32_Hardware.exe,32671232
75708,1790395709609,HpDrvPre.sys,19128
75708,1790395709609,SYS32_Hardware.exe,32671232
76210,1790395710112,HpDrvPre.sys,19128
76210,1790395710112,SYS32_Hardware.exe,32671232
76727,1790395710627,HpDrvPre.sys,19128
76727,1790395710627,SYS32_Hardware.exe,32671232
77237,1790395711138,HpDrvPre.sys,19128
77237,1790395711138,SYS32_Hardware.exe,32671232
77743,1790395711644,HpDrvPre.sys,19128
77743,1790395711644,SYS32_Hardware.exe,32671232
78242,1790395712144,HpDrvPre.sys,19128
78242,1790395712144,SYS32_Hardware.exe,32671232
78768,1790395712669,HpDrvPre.sys,19128
78768,1790395712669,SYS32_Hardware.exe,32671232
79276,1790395713177,HpDrvPre.sys,19128
79276,1790395713177,SYS32_Hardware.exe,32671232
79791,1790395713692,HpDrvPre.sys,19128
79791,1790395713692,SYS32_Hardware.exe,32671232
80292,1790395714193,HpDrvPre.sys,19128
80292,1790395714193,SYS32_Hardware.exe,32671232
80808,1790395714708,HpDrvPre.sys,19128
80808,1790395714708,SYS32_Hardware.exe,32671232
81323,1790395715224,HpDrvPre.sys,19128
81323,1790395715224,SYS32_Hardware.exe,32671232
81831,1790395715732,HpDrvPre.sys,19128
81831,1790395715732,SYS32_Hardware.exe,32671232
82331,1790395716232,HpDrvPre.sys,19128
82331,1790395716232,SYS32_Hardware.exe,32671232
82871,1790395716772,HpDrvPre.sys,19128
82871,1790395716772,SYS32_Hardware.exe,32671232
83384,1790395717285,HpDrvPre.sys,19128
83384,1790395717285,SYS32_Hardware.exe,32671232
83883,1790395717785,HpDrvPre.sys,19128
83883,1790395717785,SYS32_Hardware.exe,32671232
84399,1790395718298,HpDrvPre.sys,19128
84399,1790395718298,SYS32_Hardware.exe,32671232
84923,1790395718824,HpDrvPre.sys,19128
84923,1790395718824,SYS32_Hardware.exe,32671232
85427,1790395719328,HpDrvPre.sys,19128
85427,1790395719328,SYS32_Hardware.exe,32671232
85931,1790395719832,HpDrvPre.sys,19128
85931,1790395719832,SYS32_Hardware.exe,32671232
86443,1790395720344,HpDrvPre.sys,19128
86443,1790395720344,SYS32_Hardware.exe,32671232
86958,1790395720859,HpDrvPre.sys,19128
86958,1790395720859,SYS32_Hardware.exe,32671232
87459,1790395721360,HpDrvPre.sys,19128
87459,1790395721360,SYS32_Hardware.exe,32671232
87959,1790395721860,HpDrvPre.sys,19128
87959,1790395721860,SYS32_Hardware.exe,32671232
88459,1790395722360,HpDrvPre.sys,19128
88459,1790395722360,SYS32_Hardware.exe,32671232
88988,1790395722889,HpDrvPre.sys,19128
88988,1790395722889,SYS32_Hardware.exe,32671232
89489,1790395723389,HpDrvPre.sys,19128
89489,1790395723389,SYS32_Hardware.exe,32671232
89995,1790395723896,HpDrvPre.sys,19128
89995,1790395723896,SYS32_Hardware.exe,32671232
90521,1790395724422,HpDrvPre.sys,19128
90521,1790395724422,SYS32_Hardware.exe,32671232
91037,1790395724938,HpDrvPre.sys,19128
91037,1790395724938,SYS32_Hardware.exe,32671232
91541,1790395725441,HpDrvPre.sys,19128
91541,1790395725441,SYS32_Hardware.exe,32671232
92041,1790395725942,HpDrvPre.sys,19128
92041,1790395725942,SYS32_Hardware.exe,32671232
92562,1790395726463,HpDrvPre.sys,19128
92562,1790395726463,SYS32_Hardware.exe,32671232
93091,1790395726992,HpDrvPre.sys,19128
93091,1790395726992,SYS32_Hardware.exe,32671232
93606,1790395727507,HpDrvPre.sys,19128
93606,1790395727507,SYS32_Hardware.exe,32671232
94114,1790395728015,HpDrvPre.sys,19128
94114,1790395728015,SYS32_Hardware.exe,32671232
94630,1790395728531,HpDrvPre.sys,19128
94630,1790395728531,SYS32_Hardware.exe,32671232
95149,1790395729050,HpDrvPre.sys,19128
95149,1790395729050,SYS32_Hardware.exe,32671232
95663,1790395729564,HpDrvPre.sys,19128
95663,1790395729564,SYS32_Hardware.exe,32671232
96164,1790395730065,HpDrvPre.sys,19128
96164,1790395730065,SYS32_Hardware.exe,32671232
96693,1790395730594,HpDrvPre.sys,19128
96693,1790395730594,SYS32_Hardware.exe,32671232
97195,1790395731096,HpDrvPre.sys,19128
97195,1790395731096,SYS32_Hardware.exe,32671232
97703,1790395731604,HpDrvPre.sys,19128
97703,1790395731604,SYS32_Hardware.exe,32671232
98203,1790395732104,HpDrvPre.sys,19128
98203,1790395732104,SYS32_Hardware.exe,32671232
98728,1790395732629,HpDrvPre.sys,19128
98728,1790395732629,SYS32_Hardware.exe,32671232
99238,1790395733139,HpDrvPre.sys,19128
99238,1790395733139,SYS32_Hardware.exe,32671232
99745,1790395733646,HpDrvPre.sys,19128
99745,1790395733646,SYS32_Hardware.exe,32671232
100245,1790395734146,HpDrvPre.sys,19128
100245,1790395734146,SYS32_Hardware.exe,32671232
100763,1790395734664,HpDrvPre.sys,19128
100763,1790395734664,SYS32_Hardware.exe,32671232
101263,1790395735164,HpDrvPre.sys,19128
101263,1790395735164,SYS32_Hardware.exe,32671232
101765,1790395735666,HpDrvPre.sys,19128
101765,1790395735666,SYS32_Hardware.exe,32671232
102265,1790395736166,HpDrvPre.sys,19128
102265,1790395736166,SYS32_Hardware.exe,32671232
102790,1790395736690,HpDrvPre.sys,19128
102790,1790395736690,SYS32_Hardware.exe,32671232
103298,1790395737199,HpDrvPre.sys,19128
103298,1790395737199,SYS32_Hardware.exe,32671232
103809,1790395737710,HpDrvPre.sys,19128
103809,1790395737710,SYS32_Hardware.exe,32671232
104309,1790395738210,HpDrvPre.sys,19128
104309,1790395738210,SYS32_Hardware.exe,32671232
104840,1790395738741,HpDrvPre.sys,19128
104840,1790395738741,SYS32_Hardware.exe,32671232
105344,1790395739245,HpDrvPre.sys,19128
105344,1790395739245,SYS32_Hardware.exe,32671232
105860,1790395739761,HpDrvPre.sys,19128
105860,1790395739761,SYS32_Hardware.exe,32671232
106360,1790395740261,HpDrvPre.sys,19128
106360,1790395740261,SYS32_Hardware.exe,32671232
106891,1790395740792,HpDrvPre.sys,19128
106891,1790395740792,SYS32_Hardware.exe,32671232
107391,1790395741293,HpDrvPre.sys,19128
107391,1790395741293,SYS32_Hardware.exe,32671232
107903,1790395741804,HpDrvPre.sys,19128
107903,1790395741804,SYS32_Hardware.exe,32671232
108403,1790395742304,HpDrvPre.sys,19128
108403,1790395742304,SYS32_Hardware.exe,32671232
108919,1790395742820,HpDrvPre.sys,19128
108919,1790395742820,SYS32_Hardware.exe,32671232
109427,1790395743328,HpDrvPre.sys,19128
109427,1790395743328,SYS32_Hardware.exe,32671232
109934,1790395743835,HpDrvPre.sys,19128
109934,1790395743835,SYS32_Hardware.exe,32671232
110443,1790395744345,HpDrvPre.sys,19128
110443,1790395744345,SYS32_Hardware.exe,32671232
110964,1790395744865,HpDrvPre.sys,19128
110964,1790395744865,SYS32_Hardware.exe,32671232
111464,1790395745366,HpDrvPre.sys,19128
111464,1790395745366,SYS32_Hardware.exe,32671232
111964,1790395745866,HpDrvPre.sys,19128
111964,1790395745866,SYS32_Hardware.exe,32671232
112493,1790395746394,HpDrvPre.sys,19128
112493,1790395746394,SYS32_Hardware.exe,32671232
113012,1790395746913,HpDrvPre.sys,19128
113012,1790395746913,SYS32_Hardware.exe,32671232
113554,1790395747455,HpDrvPre.sys,19128
113554,1790395747455,SYS32_Hardware.exe,32671232
114061,1790395747962,HpDrvPre.sys,19128
114061,1790395747962,SYS32_Hardware.exe,32671232
114584,1790395748485,HpDrvPre.sys,19128
114584,1790395748485,SYS32_Hardware.exe,32671232
115108,1790395749009,HpDrvPre.sys,19128
115108,1790395749009,SYS32_Hardware.exe,32671232
115612,1790395749513,HpDrvPre.sys,19128
115612,1790395749513,SYS32_Hardware.exe,32671232
116112,1790395750013,HpDrvPre.sys,19128
116112,1790395750013,SYS32_Hardware.exe,32671232
116628,1790395750529,HpDrvPre.sys,19128
116628,1790395750529,SYS32_Hardware.exe,32671232
117144,1790395751045,HpDrvPre.sys,19128
117144,1790395751045,SYS32_Hardware.exe,32671232
117644,1790395751545,HpDrvPre.sys,19128
117644,1790395751545,SYS32_Hardware.exe,32671232
118162,1790395752061,HpDrvPre.sys,19128
118162,1790395752077,SYS32_Hardware.exe,32671232
118707,1790395752608,HpDrvPre.sys,19128
118707,1790395752608,SYS32_Hardware.exe,32671232
119222,1790395753123,HpDrvPre.sys,19128
119222,1790395753123,SYS32_Hardware.exe,32671232
119727,1790395753628,HpDrvPre.sys,19128
119727,1790395753628,SYS32_Hardware.exe,32671232
120236,1790395754137,HpDrvPre.sys,19128
120236,1790395754137,SYS32_Hardware.exe,32671232
120758,1790395754659,HpDrvPre.sys,19128
120758,1790395754659,SYS32_Hardware.exe,32671232
121274,1790395755175,HpDrvPre.sys,19128
121274,1790395755175,SYS32_Hardware.exe,32671232
121780,1790395755681,HpDrvPre.sys,19128
121780,1790395755681,SYS32_Hardware.exe,32671232
122286,1790395756188,HpDrvPre.sys,19128
122286,1790395756188,SYS32_Hardware.exe,32671232
122813,1790395756714,HpDrvPre.sys,19128
122813,1790395756714,SYS32_Hardware.exe,32671232
123328,1790395757229,HpDrvPre.sys,19128
123328,1790395757229,SYS32_Hardware.exe,32671232
123848,1790395757749,HpDrvPre.sys,19128
123848,1790395757749,SYS32_Hardware.exe,32671232
124355,1790395758256,HpDrvPre.sys,19128
124355,1790395758272,SYS32_Hardware.exe,32671232
124902,1790395758803,HpDrvPre.sys,19128
124902,1790395758803,SYS32_Hardware.exe,32671232
125418,1790395759319,HpDrvPre.sys,19128
125418,1790395759319,SYS32_Hardware.exe,32671232
125933,1790395759834,HpDrvPre.sys,19128
125933,1790395759844,SYS32_Hardware.exe,32671232
126443,1790395760344,HpDrvPre.sys,19128
126443,1790395760344,SYS32_Hardware.exe,32671232
126959,1790395760860,HpDrvPre.sys,19128
126959,1790395760860,SYS32_Hardware.exe,32671232
127467,1790395761368,HpDrvPre.sys,19128
127467,1790395761368,SYS32_Hardware.exe,32671232
127987,1790395761889,HpDrvPre.sys,19128
127987,1790395761889,SYS32_Hardware.exe,32671232
128495,1790395762397,HpDrvPre.sys,19128
128495,1790395762397,SYS32_Hardware.exe,32671232
129027,1790395762928,HpDrvPre.sys,19128
129027,1790395762928,SYS32_Hardware.exe,32671232
129543,1790395763444,HpDrvPre.sys,19128
129543,1790395763444,SYS32_Hardware.exe,32671232
130042,1790395763944,HpDrvPre.sys,19128
130042,1790395763944,SYS32_Hardware.exe,32671232
130559,1790395764459,HpDrvPre.sys,19128
130559,1790395764459,SYS32_Hardware.exe,32671232
131089,1790395764991,HpDrvPre.sys,19128
131089,1790395764991,SYS32_Hardware.exe,32671232
131605,1790395765506,HpDrvPre.sys,19128
131605,1790395765506,SYS32_Hardware.exe,32671232
132126,1790395766028,HpDrvPre.sys,19128
132126,1790395766028,SYS32_Hardware.exe,32671232
132645,1790395766543,HpDrvPre.sys,19128
132645,1790395766559,SYS32_Hardware.exe,32671232
133158,1790395767059,HpDrvPre.sys,19128
133158,1790395767059,SYS32_Hardware.exe,32671232
133659,1790395767559,HpDrvPre.sys,19128
133659,1790395767559,SYS32_Hardware.exe,32671232
134158,1790395768059,HpDrvPre.sys,19128
134158,1790395768059,SYS32_Hardware.exe,32671232
134686,1790395768586,HpDrvPre.sys,19128
134686,1790395768586,SYS32_Hardware.exe,32671232
135201,1790395769102,HpDrvPre.sys,19128
135201,1790395769102,SYS32_Hardware.exe,32671232
135732,1790395769633,HpDrvPre.sys,19128
135732,1790395769633,SYS32_Hardware.exe,32671232
136247,1790395770149,HpDrvPre.sys,19128
136247,1790395770149,SYS32_Hardware.exe,32671232
136779,1790395770680,HpDrvPre.sys,19128
136779,1790395770680,SYS32_Hardware.exe,32671232
137310,1790395771211,HpDrvPre.sys,19128
137310,1790395771211,SYS32_Hardware.exe,32671232
137826,1790395771727,HpDrvPre.sys,19128
137826,1790395771742,SYS32_Hardware.exe,32671232
138343,1790395772242,HpDrvPre.sys,19128
138343,1790395772242,SYS32_Hardware.exe,32671232
138888,1790395772789,HpDrvPre.sys,19128
138888,1790395772805,SYS32_Hardware.exe,32671232
139419,1790395773321,HpDrvPre.sys,19128
139419,1790395773336,SYS32_Hardware.exe,32671232
139951,1790395773852,HpDrvPre.sys,19128
139951,1790395773867,SYS32_Hardware.exe,32671232
140466,1790395774368,HpDrvPre.sys,19128
140466,1790395774368,SYS32_Hardware.exe,32671232
141007,1790395774899,HpDrvPre.sys,19128
141007,1790395774914,SYS32_Hardware.exe,32671232
141544,1790395775446,HpDrvPre.sys,19128
141544,1790395775461,SYS32_Hardware.exe,32671232
142075,1790395775977,HpDrvPre.sys,19128
142075,1790395775977,SYS32_Hardware.exe,32671232
142607,1790395776508,HpDrvPre.sys,19128
142607,1790395776524,SYS32_Hardware.exe,32671232
143138,1790395777039,HpDrvPre.sys,19128
143138,1790395777055,SYS32_Hardware.exe,32671232
143685,1790395777586,HpDrvPre.sys,19128
143685,1790395777602,SYS32_Hardware.exe,32671232
144201,1790395778102,HpDrvPre.sys,19128
144201,1790395778117,SYS32_Hardware.exe,32671232
144716,1790395778617,HpDrvPre.sys,19128
144716,1790395778617,SYS32_Hardware.exe,32671232
145232,1790395779133,HpDrvPre.sys,19128
145232,1790395779149,SYS32_Hardware.exe,32671232
145769,1790395779664,HpDrvPre.sys,19128
145769,1790395779680,SYS32_Hardware.exe,32671232
146310,1790395780211,HpDrvPre.sys,19128
146310,1790395780211,SYS32_Hardware.exe,32671232
146841,1790395780742,HpDrvPre.sys,19128
146841,1790395780742,SYS32_Hardware.exe,32671232
147357,1790395781258,HpDrvPre.sys,19128
147357,1790395781258,SYS32_Hardware.exe,32671232
147873,1790395781774,HpDrvPre.sys,19128
147873,1790395781774,SYS32_Hardware.exe,32671232
148389,1790395782289,HpDrvPre.sys,19128
148389,1790395782289,SYS32_Hardware.exe,32671232
148941,1790395782836,HpDrvPre.sys,19128
148941,1790395782852,SYS32_Hardware.exe,32671232
149466,1790395783367,HpDrvPre.sys,19128
149466,1790395783367,SYS32_Hardware.exe,32671232
149982,1790395783883,HpDrvPre.sys,19128
149982,1790395783899,SYS32_Hardware.exe,32671232
150521,1790395784414,HpDrvPre.sys,19128
150521,1790395784414,SYS32_Hardware.exe,32671232
151029,1790395784930,HpDrvPre.sys,19128
151029,1790395784930,SYS32_Hardware.exe,32671232
151576,1790395785477,HpDrvPre.sys,19128
151576,1790395785477,SYS32_Hardware.exe,32671232
152093,1790395785992,HpDrvPre.sys,19128
152093,1790395786008,SYS32_Hardware.exe,32671232
152638,1790395786539,HpDrvPre.sys,19128
152638,1790395786539,SYS32_Hardware.exe,32671232
153169,1790395787071,HpDrvPre.sys,19128
153169,1790395787071,SYS32_Hardware.exe,32671232
153690,1790395787586,HpDrvPre.sys,19128
153690,1790395787586,SYS32_Hardware.exe,32671232
154217,1790395788117,HpDrvPre.sys,19128
154217,1790395788133,SYS32_Hardware.exe,32671232
154764,1790395788664,HpDrvPre.sys,19128
154764,1790395788664,SYS32_Hardware.exe,32671232
155279,1790395789180,HpDrvPre.sys,19128
155279,1790395789180,SYS32_Hardware.exe,32671232
155810,1790395789711,HpDrvPre.sys,19128
155810,1790395789711,SYS32_Hardware.exe,32671232
156341,1790395790242,HpDrvPre.sys,19128
156341,1790395790258,SYS32_Hardware.exe,32671232
156912,1790395790805,HpDrvPre.sys,19128
156912,1790395790805,SYS32_Hardware.exe,32671232
157419,1790395791321,HpDrvPre.sys,19128
157419,1790395791321,SYS32_Hardware.exe,32671232
157950,1790395791852,HpDrvPre.sys,19128
157950,1790395791867,SYS32_Hardware.exe,32671232
158467,1790395792367,HpDrvPre.sys,19128
158467,1790395792383,SYS32_Hardware.exe,32671232
159008,1790395792899,HpDrvPre.sys,19128
159008,1790395792914,SYS32_Hardware.exe,32671232
159561,1790395793461,HpDrvPre.sys,19128
159561,1790395793477,SYS32_Hardware.exe,32671232
160100,1790395793992,HpDrvPre.sys,19128
160100,1790395794008,SYS32_Hardware.exe,32671232
160639,1790395794539,HpDrvPre.sys,19128
160639,1790395794539,SYS32_Hardware.exe,32671232
161154,1790395795055,HpDrvPre.sys,19128
161154,1790395795055,SYS32_Hardware.exe,32671232
161685,1790395795586,HpDrvPre.sys,19128
161685,1790395795602,SYS32_Hardware.exe,32671232
162222,1790395796117,HpDrvPre.sys,19128
162222,1790395796133,SYS32_Hardware.exe,32671232
162782,1790395796680,HpDrvPre.sys,19128
162782,1790395796680,SYS32_Hardware.exe,32671232
163294,1790395797196,HpDrvPre.sys,19128
163294,1790395797211,SYS32_Hardware.exe,32671232
163825,1790395797727,HpDrvPre.sys,19128
163825,1790395797727,SYS32_Hardware.exe,32671232
164344,1790395798242,HpDrvPre.sys,19128
164344,1790395798242,SYS32_Hardware.exe,32671232
164912,1790395798805,HpDrvPre.sys,19128
164912,1790395798821,SYS32_Hardware.exe,32671232
165435,1790395799336,HpDrvPre.sys,19128
165435,1790395799352,SYS32_Hardware.exe,32671232
165950,1790395799852,HpDrvPre.sys,19128
165950,1790395799867,SYS32_Hardware.exe,32671232
166482,1790395800383,HpDrvPre.sys,19128
166482,1790395800399,SYS32_Hardware.exe,32671232
167034,1790395800930,HpDrvPre.sys,19128
167034,1790395800946,SYS32_Hardware.exe,32671232
167575,1790395801477,HpDrvPre.sys,19128
167575,1790395801492,SYS32_Hardware.exe,32671232
168092,1790395801993,HpDrvPre.sys,19128
168092,1790395801993,SYS32_Hardware.exe,32671232
168627,1790395802524,HpDrvPre.sys,19128
168627,1790395802524,SYS32_Hardware.exe,32671232
169140,1790395803040,HpDrvPre.sys,19128
169140,1790395803040,SYS32_Hardware.exe,32671232
169670,1790395803571,HpDrvPre.sys,19128
169670,1790395803587,SYS32_Hardware.exe,32671232
170185,1790395804087,HpDrvPre.sys,19128
170185,1790395804087,SYS32_Hardware.exe,32671232
170733,1790395804634,HpDrvPre.sys,19128
170733,1790395804634,SYS32_Hardware.exe,32671232
171248,1790395805149,HpDrvPre.sys,19128
171248,1790395805149,SYS32_Hardware.exe,32671232
171764,1790395805665,HpDrvPre.sys,19128
171764,1790395805665,SYS32_Hardware.exe,32671232
172280,1790395806181,HpDrvPre.sys,19128
172280,1790395806181,SYS32_Hardware.exe,32671232
172820,1790395806712,HpDrvPre.sys,19128
172820,1790395806712,SYS32_Hardware.exe,32671232
173342,1790395807243,HpDrvPre.sys,19128
173342,1790395807243,SYS32_Hardware.exe,32671232
173873,1790395807774,HpDrvPre.sys,19128
173873,1790395807790,SYS32_Hardware.exe,32671232
174404,1790395808306,HpDrvPre.sys,19128
174404,1790395808321,SYS32_Hardware.exe,32671232
174940,1790395808837,HpDrvPre.sys,19128
174940,1790395808837,SYS32_Hardware.exe,32671232
175467,1790395809368,HpDrvPre.sys,19128
175467,1790395809368,SYS32_Hardware.exe,32671232
175983,1790395809884,HpDrvPre.sys,19128
175983,1790395809899,SYS32_Hardware.exe,32671232
176529,1790395810431,HpDrvPre.sys,19128
176529,1790395810431,SYS32_Hardware.exe,32671232
177077,1790395810972,HpDrvPre.sys,19128
177077,1790395810972,SYS32_Hardware.exe,32671232
177619,1790395811519,HpDrvPre.sys,19128
177619,1790395811535,SYS32_Hardware.exe,32671232
178150,1790395812051,HpDrvPre.sys,19128
178150,1790395812066,SYS32_Hardware.exe,32671232
178730,1790395812629,HpDrvPre.sys,19128
178730,1790395812629,SYS32_Hardware.exe,32671232
179259,1790395813160,HpDrvPre.sys,19128
179259,1790395813176,SYS32_Hardware.exe,32671232
179790,1790395813691,HpDrvPre.sys,19128
179790,1790395813691,SYS32_Hardware.exe,32671232
180308,1790395814207,HpDrvPre.sys,19128
180308,1790395814222,SYS32_Hardware.exe,32671232
180872,1790395814769,HpDrvPre.sys,19128
180872,1790395814785,SYS32_Hardware.exe,32671232
181399,1790395815301,HpDrvPre.sys,19128
181399,1790395815316,SYS32_Hardware.exe,32671232
181930,1790395815832,HpDrvPre.sys,19128
181930,1790395815832,SYS32_Hardware.exe,32671232
182446,1790395816347,HpDrvPre.sys,19128
182446,1790395816347,SYS32_Hardware.exe,32671232
183009,1790395816910,HpDrvPre.sys,19128
183009,1790395816926,SYS32_Hardware.exe,32671232
183525,1790395817426,HpDrvPre.sys,19128
183525,1790395817441,SYS32_Hardware.exe,32671232
184040,1790395817941,HpDrvPre.sys,19128
184040,1790395817957,SYS32_Hardware.exe,32671232
184571,1790395818472,HpDrvPre.sys,19128
184571,1790395818472,SYS32_Hardware.exe,32671232
185107,1790395819004,HpDrvPre.sys,19128
185107,1790395819019,SYS32_Hardware.exe,32671232
185634,1790395819535,HpDrvPre.sys,19128
185634,1790395819535,SYS32_Hardware.exe,32671232
186151,1790395820051,HpDrvPre.sys,19128
186151,1790395820066,SYS32_Hardware.exe,32671232
186729,1790395820629,HpDrvPre.sys,19128
186729,1790395820629,SYS32_Hardware.exe,32671232
187259,1790395821160,HpDrvPre.sys,19128
187259,1790395821160,SYS32_Hardware.exe,32671232
187783,1790395821676,HpDrvPre.sys,19128
187783,1790395821676,SYS32_Hardware.exe,32671232
188291,1790395822191,HpDrvPre.sys,19128
188291,1790395822207,SYS32_Hardware.exe,32671232
188837,1790395822738,HpDrvPre.sys,19128
188837,1790395822754,SYS32_Hardware.exe,32671232
189392,1790395823285,HpDrvPre.sys,19128
189392,1790395823285,SYS32_Hardware.exe,32671232
189931,1790395823832,HpDrvPre.sys,19128
189931,1790395823832,SYS32_Hardware.exe,32671232
190446,1790395824347,HpDrvPre.sys,19128
190446,1790395824347,SYS32_Hardware.exe,32671232
190993,1790395824894,HpDrvPre.sys,19128
190993,1790395824894,SYS32_Hardware.exe,32671232
191525,1790395825426,HpDrvPre.sys,19128
191525,1790395825441,SYS32_Hardware.exe,32671232
192056,1790395825957,HpDrvPre.sys,19128
192056,1790395825972,SYS32_Hardware.exe,32671232
192604,1790395826519,HpDrvPre.sys,19128
192604,1790395826519,SYS32_Hardware.exe,32671232
193165,1790395827066,HpDrvPre.sys,19128
193165,1790395827082,SYS32_Hardware.exe,32671232
193719,1790395827613,HpDrvPre.sys,19128
193719,1790395827613,SYS32_Hardware.exe,32671232
194234,1790395828129,HpDrvPre.sys,19128
194234,1790395828144,SYS32_Hardware.exe,32671232
194759,1790395828660,HpDrvPre.sys,19128
194759,1790395828676,SYS32_Hardware.exe,32671232
195281,1790395829176,HpDrvPre.sys,19128
195281,1790395829176,SYS32_Hardware.exe,32671232
195828,1790395829722,HpDrvPre.sys,19128
195828,1790395829738,SYS32_Hardware.exe,32671232
196384,1790395830285,HpDrvPre.sys,19128
196384,1790395830301,SYS32_Hardware.exe,32671232
196923,1790395830816,HpDrvPre.sys,19128
196923,1790395830832,SYS32_Hardware.exe,32671232
197462,1790395831363,HpDrvPre.sys,19128
197462,1790395831363,SYS32_Hardware.exe,32671232
197977,1790395831879,HpDrvPre.sys,19128
197977,1790395831894,SYS32_Hardware.exe,32671232
198495,1790395832394,HpDrvPre.sys,19128
198495,1790395832394,SYS32_Hardware.exe,32671232
199024,1790395832926,HpDrvPre.sys,19128
199024,1790395832926,SYS32_Hardware.exe,32671232
199555,1790395833457,HpDrvPre.sys,19128
199555,1790395833457,SYS32_Hardware.exe,32671232
200087,1790395833988,HpDrvPre.sys,19128
200087,1790395833988,SYS32_Hardware.exe,32671232
200634,1790395834535,HpDrvPre.sys,19128
200634,1790395834551,SYS32_Hardware.exe,32671232
201165,1790395835066,HpDrvPre.sys,19128
201165,1790395835066,SYS32_Hardware.exe,32671232
201680,1790395835582,HpDrvPre.sys,19128
201680,1790395835597,SYS32_Hardware.exe,32671232
202213,1790395836113,HpDrvPre.sys,19128
202213,1790395836113,SYS32_Hardware.exe,32671232
202774,1790395836676,HpDrvPre.sys,19128
202774,1790395836691,SYS32_Hardware.exe,32671232
203291,1790395837191,HpDrvPre.sys,19128
203291,1790395837191,SYS32_Hardware.exe,32671232
203823,1790395837722,HpDrvPre.sys,19128
203823,1790395837722,SYS32_Hardware.exe,32671232
204368,1790395838269,HpDrvPre.sys,19128
204368,1790395838269,SYS32_Hardware.exe,32671232
204899,1790395838801,HpDrvPre.sys,19128
204899,1790395838801,SYS32_Hardware.exe,32671232
205415,1790395839316,HpDrvPre.sys,19128
205415,1790395839332,SYS32_Hardware.exe,32671232
205962,1790395839863,HpDrvPre.sys,19128
205962,1790395839879,SYS32_Hardware.exe,32671232
206477,1790395840379,HpDrvPre.sys,19128
206477,1790395840379,SYS32_Hardware.exe,32671232
207024,1790395840926,HpDrvPre.sys,19128
207024,1790395840941,SYS32_Hardware.exe,32671232
207556,1790395841457,HpDrvPre.sys,19128
207556,1790395841472,SYS32_Hardware.exe,32671232
208087,1790395841988,HpDrvPre.sys,19128
208087,1790395841988,SYS32_Hardware.exe,32671232
208650,1790395842551,HpDrvPre.sys,19128
208650,1790395842551,SYS32_Hardware.exe,32671232
209167,1790395843066,HpDrvPre.sys,19128
209167,1790395843066,SYS32_Hardware.exe,32671232
209698,1790395843598,HpDrvPre.sys,19128
209698,1790395843613,SYS32_Hardware.exe,32671232
210212,1790395844113,HpDrvPre.sys,19128
210212,1790395844129,SYS32_Hardware.exe,32671232
210774,1790395844676,HpDrvPre.sys,19128
210774,1790395844691,SYS32_Hardware.exe,32671232
211306,1790395845207,HpDrvPre.sys,19128
211306,1790395845207,SYS32_Hardware.exe,32671232
211837,1790395845738,HpDrvPre.sys,19128
211837,1790395845754,SYS32_Hardware.exe,32671232
212368,1790395846269,HpDrvPre.sys,19128
212368,1790395846285,SYS32_Hardware.exe,32671232
212915,1790395846816,HpDrvPre.sys,19128
212915,1790395846816,SYS32_Hardware.exe,32671232
213438,1790395847332,HpDrvPre.sys,19128
213438,1790395847332,SYS32_Hardware.exe,32671232
213978,1790395847879,HpDrvPre.sys,19128
213978,1790395847894,SYS32_Hardware.exe,32671232
214500,1790395848394,HpDrvPre.sys,19128
214500,1790395848394,SYS32_Hardware.exe,32671232
215040,1790395848941,HpDrvPre.sys,19128
215040,1790395848957,SYS32_Hardware.exe,32671232
215571,1790395849472,HpDrvPre.sys,19128
215571,1790395849488,SYS32_Hardware.exe,32671232
216118,1790395850019,HpDrvPre.sys,19128
216118,1790395850035,SYS32_Hardware.exe,32671232
216649,1790395850551,HpDrvPre.sys,19128
216649,1790395850566,SYS32_Hardware.exe,32671232
217189,1790395851082,HpDrvPre.sys,19128
217189,1790395851082,SYS32_Hardware.exe,32671232
217696,1790395851597,HpDrvPre.sys,19128
217696,1790395851613,SYS32_Hardware.exe,32671232
218212,1790395852113,HpDrvPre.sys,19128
218212,1790395852113,SYS32_Hardware.exe,32671232
218743,1790395852644,HpDrvPre.sys,19128
218743,1790395852660,SYS32_Hardware.exe,32671232
219279,1790395853176,HpDrvPre.sys,19128
219279,1790395853191,SYS32_Hardware.exe,32671232
219809,1790395853707,HpDrvPre.sys,19128
219809,1790395853707,SYS32_Hardware.exe,32671232
220321,1790395854222,HpDrvPre.sys,19128
220321,1790395854222,SYS32_Hardware.exe,32671232
220884,1790395854785,HpDrvPre.sys,19128
220884,1790395854785,SYS32_Hardware.exe,32671232
221415,1790395855316,HpDrvPre.sys,19128
221415,1790395855316,SYS32_Hardware.exe,32671232
221931,1790395855832,HpDrvPre.sys,19128
221931,1790395855832,SYS32_Hardware.exe,32671232
222446,1790395856347,HpDrvPre.sys,19128
222446,1790395856363,SYS32_Hardware.exe,32671232
223009,1790395856910,HpDrvPre.sys,19128
223009,1790395856926,SYS32_Hardware.exe,32671232
223540,1790395857441,HpDrvPre.sys,19128
223540,1790395857441,SYS32_Hardware.exe,32671232
224087,1790395857988,HpDrvPre.sys,19128
224087,1790395857988,SYS32_Hardware.exe,32671232
224623,1790395858519,HpDrvPre.sys,19128
224623,1790395858535,SYS32_Hardware.exe,32671232
225165,1790395859066,HpDrvPre.sys,19128
225165,1790395859082,SYS32_Hardware.exe,32671232
225686,1790395859582,HpDrvPre.sys,19128
225686,1790395859582,SYS32_Hardware.exe,32671232
226213,1790395860113,HpDrvPre.sys,19128
226213,1790395860113,SYS32_Hardware.exe,32671232
226759,1790395860660,HpDrvPre.sys,19128
226759,1790395860676,SYS32_Hardware.exe,32671232
227315,1790395861207,HpDrvPre.sys,19128
227315,1790395861222,SYS32_Hardware.exe,32671232
227840,1790395861741,HpDrvPre.sys,19128
227840,1790395861741,SYS32_Hardware.exe,32671232
228356,1790395862257,HpDrvPre.sys,19128
228356,1790395862272,SYS32_Hardware.exe,32671232
228887,1790395862788,HpDrvPre.sys,19128
228887,1790395862804,SYS32_Hardware.exe,32671232
229418,1790395863319,HpDrvPre.sys,19128
229418,1790395863335,SYS32_Hardware.exe,32671232
229934,1790395863835,HpDrvPre.sys,19128
229934,1790395863835,SYS32_Hardware.exe,32671232
230449,1790395864351,HpDrvPre.sys,19128
230449,1790395864351,SYS32_Hardware.exe,32671232
230981,1790395864882,HpDrvPre.sys,19128
230981,1790395864897,SYS32_Hardware.exe,32671232
231520,1790395865413,HpDrvPre.sys,19128
231520,1790395865413,SYS32_Hardware.exe,32671232
232043,1790395865944,HpDrvPre.sys,19128
232043,1790395865960,SYS32_Hardware.exe,32671232
232576,1790395866476,HpDrvPre.sys,19128
232576,1790395866476,SYS32_Hardware.exe,32671232
233122,1790395867022,HpDrvPre.sys,19128
233122,1790395867054,SYS32_Hardware.exe,32671232
233692,1790395867585,HpDrvPre.sys,19128
233692,1790395867616,SYS32_Hardware.exe,32671232
234230,1790395868132,HpDrvPre.sys,19128
234230,1790395868147,SYS32_Hardware.exe,32671232
234797,1790395868694,HpDrvPre.sys,19128
234797,1790395868694,SYS32_Hardware.exe,32671232
235309,1790395869210,HpDrvPre.sys,19128
235309,1790395869210,SYS32_Hardware.exe,32671232
235840,1790395869741,HpDrvPre.sys,19128
235840,1790395869741,SYS32_Hardware.exe,32671232
236371,1790395870272,HpDrvPre.sys,19128
236371,1790395870272,SYS32_Hardware.exe,32671232
236902,1790395870804,HpDrvPre.sys,19128
236902,1790395870804,SYS32_Hardware.exe,32671232
237418,1790395871320,HpDrvPre.sys,19128
237418,1790395871320,SYS32_Hardware.exe,32671232
237957,1790395871851,HpDrvPre.sys,19128
237957,1790395871851,SYS32_Hardware.exe,32671232
238466,1790395872366,HpDrvPre.sys,19128
238466,1790395872366,SYS32_Hardware.exe,32671232
238988,1790395872885,HpDrvPre.sys,19128
238988,1790395872885,SYS32_Hardware.exe,32671232
239517,1790395873416,HpDrvPre.sys,19128
239517,1790395873432,SYS32_Hardware.exe,32671232
240031,1790395873932,HpDrvPre.sys,19128
240031,1790395873932,SYS32_Hardware.exe,32671232
240562,1790395874463,HpDrvPre.sys,19128
240562,1790395874463,SYS32_Hardware.exe,32671232
241093,1790395874994,HpDrvPre.sys,19128
241093,1790395874994,SYS32_Hardware.exe,32671232
241611,1790395875510,HpDrvPre.sys,19128
241611,1790395875510,SYS32_Hardware.exe,32671232
242113,1790395876010,HpDrvPre.sys,19128
242113,1790395876026,SYS32_Hardware.exe,32671232
242643,1790395876541,HpDrvPre.sys,19128
242643,1790395876541,SYS32_Hardware.exe,32671232
243171,1790395877073,HpDrvPre.sys,19128
243171,1790395877088,SYS32_Hardware.exe,32671232
243705,1790395877604,HpDrvPre.sys,19128
243705,1790395877604,SYS32_Hardware.exe,32671232
244218,1790395878119,HpDrvPre.sys,19128
244218,1790395878119,SYS32_Hardware.exe,32671232
244741,1790395878635,HpDrvPre.sys,19128
244741,1790395878651,SYS32_Hardware.exe,32671232
245265,1790395879166,HpDrvPre.sys,19128
245265,1790395879182,SYS32_Hardware.exe,32671232
245796,1790395879698,HpDrvPre.sys,19128
245796,1790395879698,SYS32_Hardware.exe,32671232
246328,1790395880229,HpDrvPre.sys,19128
246328,1790395880229,SYS32_Hardware.exe,32671232
246843,1790395880744,HpDrvPre.sys,19128
246843,1790395880760,SYS32_Hardware.exe,32671232
247380,1790395881276,HpDrvPre.sys,19128
247380,1790395881276,SYS32_Hardware.exe,32671232
247890,1790395881791,HpDrvPre.sys,19128
247890,1790395881791,SYS32_Hardware.exe,32671232
248405,1790395882307,HpDrvPre.sys,19128
248405,1790395882307,SYS32_Hardware.exe,32671232
248937,1790395882838,HpDrvPre.sys,19128
248937,1790395882838,SYS32_Hardware.exe,32671232
249468,1790395883369,HpDrvPre.sys,19128
249468,1790395883385,SYS32_Hardware.exe,32671232
249984,1790395883885,HpDrvPre.sys,19128
249984,1790395883885,SYS32_Hardware.exe,32671232
250546,1790395884448,HpDrvPre.sys,19128
250546,1790395884463,SYS32_Hardware.exe,32671232
251062,1790395884963,HpDrvPre.sys,19128
251062,1790395884979,SYS32_Hardware.exe,32671232
251593,1790395885494,HpDrvPre.sys,19128
251593,1790395885510,SYS32_Hardware.exe,32671232
252109,1790395886010,HpDrvPre.sys,19128
252109,1790395886010,SYS32_Hardware.exe,32671232
252640,1790395886541,HpDrvPre.sys,19128
252640,1790395886541,SYS32_Hardware.exe,32671232
253156,1790395887057,HpDrvPre.sys,19128
253156,1790395887057,SYS32_Hardware.exe,32671232
253688,1790395887588,HpDrvPre.sys,19128
253688,1790395887604,SYS32_Hardware.exe,32671232
254218,1790395888119,HpDrvPre.sys,19128
254218,1790395888119,SYS32_Hardware.exe,32671232
254743,1790395888635,HpDrvPre.sys,19128
254743,1790395888635,SYS32_Hardware.exe,32671232
255280,1790395889182,HpDrvPre.sys,19128
255280,1790395889182,SYS32_Hardware.exe,32671232
255813,1790395889713,HpDrvPre.sys,19128
255813,1790395889713,SYS32_Hardware.exe,32671232
256343,1790395890244,HpDrvPre.sys,19128
256343,1790395890244,SYS32_Hardware.exe,32671232
256874,1790395890776,HpDrvPre.sys,19128
256874,1790395890791,SYS32_Hardware.exe,32671232
257394,1790395891291,HpDrvPre.sys,19128
257394,1790395891291,SYS32_Hardware.exe,32671232
257906,1790395891807,HpDrvPre.sys,19128
257906,1790395891823,SYS32_Hardware.exe,32671232
258437,1790395892338,HpDrvPre.sys,19128
258437,1790395892354,SYS32_Hardware.exe,32671232
258968,1790395892869,HpDrvPre.sys,19128
258968,1790395892869,SYS32_Hardware.exe,32671232
259499,1790395893401,HpDrvPre.sys,19128
259499,1790395893401,SYS32_Hardware.exe,32671232
260037,1790395893932,HpDrvPre.sys,19128
260037,1790395893932,SYS32_Hardware.exe,32671232
260562,1790395894463,HpDrvPre.sys,19128
260562,1790395894463,SYS32_Hardware.exe,32671232
261097,1790395894997,HpDrvPre.sys,19128
261097,1790395894997,SYS32_Hardware.exe,32671232
261627,1790395895528,HpDrvPre.sys,19128
261627,1790395895528,SYS32_Hardware.exe,32671232
262158,1790395896060,HpDrvPre.sys,19128
262158,1790395896060,SYS32_Hardware.exe,32671232
262721,1790395896622,HpDrvPre.sys,19128
262721,1790395896638,SYS32_Hardware.exe,32671232
263268,1790395897169,HpDrvPre.sys,19128
263268,1790395897169,SYS32_Hardware.exe,32671232
263799,1790395897700,HpDrvPre.sys,19128
263799,1790395897700,SYS32_Hardware.exe,32671232
264315,1790395898216,HpDrvPre.sys,19128
264315,1790395898216,SYS32_Hardware.exe,32671232
264846,1790395898747,HpDrvPre.sys,19128
264846,1790395898763,SYS32_Hardware.exe,32671232
265361,1790395899263,HpDrvPre.sys,19128
265361,1790395899278,SYS32_Hardware.exe,32671232
265893,1790395899794,HpDrvPre.sys,19128
265893,1790395899794,SYS32_Hardware.exe,32671232
266407,1790395900309,HpDrvPre.sys,19128
266407,1790395900309,SYS32_Hardware.exe,32671232
266941,1790395900840,HpDrvPre.sys,19128
266941,1790395900840,SYS32_Hardware.exe,32671232
267470,1790395901371,HpDrvPre.sys,19128
267470,1790395901371,SYS32_Hardware.exe,32671232
268001,1790395901903,HpDrvPre.sys,19128
268001,1790395901903,SYS32_Hardware.exe,32671232
268532,1790395902434,HpDrvPre.sys,19128
268532,1790395902434,SYS32_Hardware.exe,32671232
269064,1790395902965,HpDrvPre.sys,19128
269064,1790395902965,SYS32_Hardware.exe,32671232
269601,1790395903496,HpDrvPre.sys,19128
269601,1790395903496,SYS32_Hardware.exe,32671232
270126,1790395904028,HpDrvPre.sys,19128
270126,1790395904043,SYS32_Hardware.exe,32671232
270643,1790395904543,HpDrvPre.sys,19128
270643,1790395904543,SYS32_Hardware.exe,32671232
271173,1790395905074,HpDrvPre.sys,19128
271173,1790395905090,SYS32_Hardware.exe,32671232
271704,1790395905606,HpDrvPre.sys,19128
271704,1790395905621,SYS32_Hardware.exe,32671232
272221,1790395906121,HpDrvPre.sys,19128
272221,1790395906137,SYS32_Hardware.exe,32671232
272752,1790395906653,HpDrvPre.sys,19128
272752,1790395906668,SYS32_Hardware.exe,32671232
273282,1790395907184,HpDrvPre.sys,19128
273282,1790395907184,SYS32_Hardware.exe,32671232
273798,1790395907699,HpDrvPre.sys,19128
273798,1790395907699,SYS32_Hardware.exe,32671232
274314,1790395908215,HpDrvPre.sys,19128
274314,1790395908231,SYS32_Hardware.exe,32671232
274852,1790395908746,HpDrvPre.sys,19128
274852,1790395908746,SYS32_Hardware.exe,32671232
275376,1790395909278,HpDrvPre.sys,19128
275376,1790395909293,SYS32_Hardware.exe,32671232
275892,1790395909793,HpDrvPre.sys,19128
275892,1790395909793,SYS32_Hardware.exe,32671232
276423,1790395910324,HpDrvPre.sys,19128
276423,1790395910324,SYS32_Hardware.exe,32671232
276975,1790395910871,HpDrvPre.sys,19128
276975,1790395910871,SYS32_Hardware.exe,32671232
277517,1790395911418,HpDrvPre.sys,19128
277517,1790395911434,SYS32_Hardware.exe,32671232
278048,1790395911949,HpDrvPre.sys,19128
278048,1790395911949,SYS32_Hardware.exe,32671232
278599,1790395912496,HpDrvPre.sys,19128
278599,1790395912496,SYS32_Hardware.exe,32671232
279126,1790395913028,HpDrvPre.sys,19128
279126,1790395913043,SYS32_Hardware.exe,32671232
279658,1790395913559,HpDrvPre.sys,19128
279658,1790395913574,SYS32_Hardware.exe,32671232
280189,1790395914090,HpDrvPre.sys,19128
280189,1790395914090,SYS32_Hardware.exe,32671232
280720,1790395914621,HpDrvPre.sys,19128
280720,1790395914621,SYS32_Hardware.exe,32671232
281267,1790395915168,HpDrvPre.sys,19128
281267,1790395915184,SYS32_Hardware.exe,32671232
281798,1790395915699,HpDrvPre.sys,19128
281798,1790395915715,SYS32_Hardware.exe,32671232
282314,1790395916215,HpDrvPre.sys,19128
282314,1790395916215,SYS32_Hardware.exe,32671232
282876,1790395916778,HpDrvPre.sys,19128
282876,1790395916778,SYS32_Hardware.exe,32671232
283408,1790395917309,HpDrvPre.sys,19128
283408,1790395917309,SYS32_Hardware.exe,32671232
283939,1790395917840,HpDrvPre.sys,19128
283939,1790395917856,SYS32_Hardware.exe,32671232
284454,1790395918356,HpDrvPre.sys,19128
284454,1790395918356,SYS32_Hardware.exe,32671232
284985,1790395918887,HpDrvPre.sys,19128
284985,1790395918887,SYS32_Hardware.exe,32671232
285501,1790395919403,HpDrvPre.sys,19128
285501,1790395919418,SYS32_Hardware.exe,32671232
286017,1790395919918,HpDrvPre.sys,19128
286017,1790395919934,SYS32_Hardware.exe,32671232
286533,1790395920434,HpDrvPre.sys,19128
286533,1790395920449,SYS32_Hardware.exe,32671232
287079,1790395920981,HpDrvPre.sys,19128
287079,1790395920996,SYS32_Hardware.exe,32671232
287611,1790395921512,HpDrvPre.sys,19128
287611,1790395921527,SYS32_Hardware.exe,32671232
288126,1790395922028,HpDrvPre.sys,19128
288126,1790395922028,SYS32_Hardware.exe,32671232
288658,1790395922559,HpDrvPre.sys,19128
288658,1790395922574,SYS32_Hardware.exe,32671232
289173,1790395923074,HpDrvPre.sys,19128
289173,1790395923090,SYS32_Hardware.exe,32671232
289704,1790395923606,HpDrvPre.sys,19128
289704,1790395923621,SYS32_Hardware.exe,32671232
290235,1790395924137,HpDrvPre.sys,19128
290235,1790395924152,SYS32_Hardware.exe,32671232
290767,1790395924668,HpDrvPre.sys,19128
290767,1790395924668,SYS32_Hardware.exe,32671232
291298,1790395925199,HpDrvPre.sys,19128
291298,1790395925215,SYS32_Hardware.exe,32671232
291814,1790395925715,HpDrvPre.sys,19128
291814,1790395925731,SYS32_Hardware.exe,32671232
292330,1790395926231,HpDrvPre.sys,19128
292330,1790395926231,SYS32_Hardware.exe,32671232
292892,1790395926793,HpDrvPre.sys,19128
292892,1790395926793,SYS32_Hardware.exe,32671232
293407,1790395927309,HpDrvPre.sys,19128
293407,1790395927309,SYS32_Hardware.exe,32671232
293923,1790395927824,HpDrvPre.sys,19128
293923,1790395927840,SYS32_Hardware.exe,32671232
294454,1790395928356,HpDrvPre.sys,19128
294454,1790395928356,SYS32_Hardware.exe,32671232
294970,1790395928871,HpDrvPre.sys,19128
294970,1790395928887,SYS32_Hardware.exe,32671232
295501,1790395929403,HpDrvPre.sys,19128
295501,1790395929418,SYS32_Hardware.exe,32671232
296032,1790395929934,HpDrvPre.sys,19128
296032,1790395929949,SYS32_Hardware.exe,32671232
296564,1790395930465,HpDrvPre.sys,19128
296564,1790395930481,SYS32_Hardware.exe,32671232
297112,1790395931012,HpDrvPre.sys,19128
297112,1790395931012,SYS32_Hardware.exe,32671232
297642,1790395931543,HpDrvPre.sys,19128
297642,1790395931543,SYS32_Hardware.exe,32671232
298173,1790395932074,HpDrvPre.sys,19128
298173,1790395932074,SYS32_Hardware.exe,32671232
298691,1790395932590,HpDrvPre.sys,19128
298691,1790395932590,SYS32_Hardware.exe,32671232
299221,1790395933121,HpDrvPre.sys,19128
299221,1790395933137,SYS32_Hardware.exe,32671232
299767,1790395933668,HpDrvPre.sys,19128
299767,1790395933684,SYS32_Hardware.exe,32671232
300282,1790395934184,HpDrvPre.sys,19128
300282,1790395934184,SYS32_Hardware.exe,32671232
300799,1790395934699,HpDrvPre.sys,19128
300799,1790395934715,SYS32_Hardware.exe,32671232
301329,1790395935231,HpDrvPre.sys,19128
301329,1790395935231,SYS32_Hardware.exe,32671232
301861,1790395935762,HpDrvPre.sys,19128
301861,1790395935762,SYS32_Hardware.exe,32671232
302377,1790395936278,HpDrvPre.sys,19128
302377,1790395936278,SYS32_Hardware.exe,32671232
302908,1790395936809,HpDrvPre.sys,19128
302908,1790395936809,SYS32_Hardware.exe,32671232
303423,1790395937324,HpDrvPre.sys,19128
303423,1790395937324,SYS32_Hardware.exe,32671232
303955,1790395937856,HpDrvPre.sys,19128
303955,1790395937871,SYS32_Hardware.exe,32671232
304486,1790395938387,HpDrvPre.sys,19128
304486,1790395938387,SYS32_Hardware.exe,32671232
305017,1790395938918,HpDrvPre.sys,19128
305017,1790395938934,SYS32_Hardware.exe,32671232
305532,1790395939434,HpDrvPre.sys,19128
305532,1790395939449,SYS32_Hardware.exe,32671232
306064,1790395939965,HpDrvPre.sys,19128
306064,1790395939981,SYS32_Hardware.exe,32671232
306615,1790395940512,HpDrvPre.sys,19128
306615,1790395940512,SYS32_Hardware.exe,32671232
307159,1790395941059,HpDrvPre.sys,19128
307159,1790395941059,SYS32_Hardware.exe,32671232
307689,1790395941590,HpDrvPre.sys,19128
307689,1790395941590,SYS32_Hardware.exe,32671232
308220,1790395942121,HpDrvPre.sys,19128
308220,1790395942121,SYS32_Hardware.exe,32671232
308768,1790395942668,HpDrvPre.sys,19128
308768,1790395942668,SYS32_Hardware.exe,32671232
309298,1790395943199,HpDrvPre.sys,19128
309298,1790395943199,SYS32_Hardware.exe,32671232
309814,1790395943715,HpDrvPre.sys,19128
309814,1790395943715,SYS32_Hardware.exe,32671232
310329,1790395944231,HpDrvPre.sys,19128
310329,1790395944231,SYS32_Hardware.exe,32671232
310861,1790395944762,HpDrvPre.sys,19128
310861,1790395944762,SYS32_Hardware.exe,32671232
311394,1790395945293,HpDrvPre.sys,19128
311394,1790395945293,SYS32_Hardware.exe,32671232
311923,1790395945824,HpDrvPre.sys,19128
311923,1790395945824,SYS32_Hardware.exe,32671232
312439,1790395946340,HpDrvPre.sys,19128
312439,1790395946340,SYS32_Hardware.exe,32671232
312971,1790395946871,HpDrvPre.sys,19128
312971,1790395946871,SYS32_Hardware.exe,32671232
313485,1790395947387,HpDrvPre.sys,19128
313485,1790395947387,SYS32_Hardware.exe,32671232
314001,1790395947903,HpDrvPre.sys,19128
314001,1790395947918,SYS32_Hardware.exe,32671232
314532,1790395948434,HpDrvPre.sys,19128
314532,1790395948449,SYS32_Hardware.exe,32671232
315048,1790395948949,HpDrvPre.sys,19128
315048,1790395948949,SYS32_Hardware.exe,32671232
315583,1790395949481,HpDrvPre.sys,19128
315583,1790395949481,SYS32_Hardware.exe,32671232
316111,1790395950012,HpDrvPre.sys,19128
316111,1790395950012,SYS32_Hardware.exe,32671232
316642,1790395950543,HpDrvPre.sys,19128
316642,1790395950543,SYS32_Hardware.exe,32671232
317157,1790395951059,HpDrvPre.sys,19128
317157,1790395951074,SYS32_Hardware.exe,32671232
317673,1790395951574,HpDrvPre.sys,19128
317673,1790395951590,SYS32_Hardware.exe,32671232
318204,1790395952106,HpDrvPre.sys,19128
318204,1790395952106,SYS32_Hardware.exe,32671232
318736,1790395952637,HpDrvPre.sys,19128
318736,1790395952652,SYS32_Hardware.exe,32671232
319251,1790395953153,HpDrvPre.sys,19128
319251,1790395953168,SYS32_Hardware.exe,32671232
319782,1790395953684,HpDrvPre.sys,19128
319782,1790395953684,SYS32_Hardware.exe,32671232
320314,1790395954215,HpDrvPre.sys,19128
320314,1790395954231,SYS32_Hardware.exe,32671232
320876,1790395954778,HpDrvPre.sys,19128
320876,1790395954778,SYS32_Hardware.exe,32671232
321399,1790395955293,HpDrvPre.sys,19128
321399,1790395955293,SYS32_Hardware.exe,32671232
321908,1790395955809,HpDrvPre.sys,19128
321908,1790395955809,SYS32_Hardware.exe,32671232
322423,1790395956324,HpDrvPre.sys,19128
322423,1790395956340,SYS32_Hardware.exe,32671232
322939,1790395956840,HpDrvPre.sys,19128
322939,1790395956856,SYS32_Hardware.exe,32671232
323470,1790395957371,HpDrvPre.sys,19128
323470,1790395957371,SYS32_Hardware.exe,32671232
324001,1790395957903,HpDrvPre.sys,19128
324001,1790395957903,SYS32_Hardware.exe,32671232
324552,1790395958449,HpDrvPre.sys,19128
324552,1790395958449,SYS32_Hardware.exe,32671232
325086,1790395958981,HpDrvPre.sys,19128
325086,1790395958981,SYS32_Hardware.exe,32671232
325633,1790395959527,HpDrvPre.sys,19128
325633,1790395959543,SYS32_Hardware.exe,32671232
326173,1790395960074,HpDrvPre.sys,19128
326173,1790395960090,SYS32_Hardware.exe,32671232
326742,1790395960637,HpDrvPre.sys,19128
326742,1790395960668,SYS32_Hardware.exe,32671232
327282,1790395961184,HpDrvPre.sys,19128
327282,1790395961199,SYS32_Hardware.exe,32671232
327798,1790395961699,HpDrvPre.sys,19128
327798,1790395961715,SYS32_Hardware.exe,32671232
328332,1790395962231,HpDrvPre.sys,19128
328332,1790395962231,SYS32_Hardware.exe,32671232
328861,1790395962762,HpDrvPre.sys,19128
328861,1790395962762,SYS32_Hardware.exe,32671232
329376,1790395963278,HpDrvPre.sys,19128
329376,1790395963278,SYS32_Hardware.exe,32671232
329892,1790395963793,HpDrvPre.sys,19128
329892,1790395963793,SYS32_Hardware.exe,32671232
330407,1790395964309,HpDrvPre.sys,19128
330407,1790395964324,SYS32_Hardware.exe,32671232
330955,1790395964856,HpDrvPre.sys,19128
330955,1790395964856,SYS32_Hardware.exe,32671232
331470,1790395965371,HpDrvPre.sys,19128
331470,1790395965371,SYS32_Hardware.exe,32671232
332004,1790395965902,HpDrvPre.sys,19128
332004,1790395965902,SYS32_Hardware.exe,32671232
332548,1790395966449,HpDrvPre.sys,19128
332548,1790395966449,SYS32_Hardware.exe,32671232
333064,1790395966965,HpDrvPre.sys,19128
333064,1790395966965,SYS32_Hardware.exe,32671232
333588,1790395967481,HpDrvPre.sys,19128
333588,1790395967496,SYS32_Hardware.exe,32671232
334110,1790395968012,HpDrvPre.sys,19128
334110,1790395968027,SYS32_Hardware.exe,32671232
334642,1790395968543,HpDrvPre.sys,19128
334642,1790395968543,SYS32_Hardware.exe,32671232
335157,1790395969059,HpDrvPre.sys,19128
335157,1790395969074,SYS32_Hardware.exe,32671232
335673,1790395969574,HpDrvPre.sys,19128
335673,1790395969590,SYS32_Hardware.exe,32671232
336205,1790395970106,HpDrvPre.sys,19128
336205,1790395970106,SYS32_Hardware.exe,32671232
336736,1790395970637,HpDrvPre.sys,19128
336736,1790395970637,SYS32_Hardware.exe,32671232
337251,1790395971153,HpDrvPre.sys,19128
337251,1790395971153,SYS32_Hardware.exe,32671232
337767,1790395971668,HpDrvPre.sys,19128
337767,1790395971668,SYS32_Hardware.exe,32671232
338282,1790395972184,HpDrvPre.sys,19128
338282,1790395972199,SYS32_Hardware.exe,32671232
338799,1790395972699,HpDrvPre.sys,19128
338799,1790395972699,SYS32_Hardware.exe,32671232
339329,1790395973231,HpDrvPre.sys,19128
339329,1790395973231,SYS32_Hardware.exe,32671232
339845,1790395973746,HpDrvPre.sys,19128
339845,1790395973746,SYS32_Hardware.exe,32671232
340361,1790395974262,HpDrvPre.sys,19128
340361,1790395974262,SYS32_Hardware.exe,32671232
340877,1790395974777,HpDrvPre.sys,19128
340877,1790395974793,SYS32_Hardware.exe,32671232
341400,1790395975293,HpDrvPre.sys,19128
341400,1790395975293,SYS32_Hardware.exe,32671232
341929,1790395975824,HpDrvPre.sys,19128
341929,1790395975840,SYS32_Hardware.exe,32671232
342486,1790395976387,HpDrvPre.sys,19128
342486,1790395976387,SYS32_Hardware.exe,32671232
343032,1790395976934,HpDrvPre.sys,19128
343032,1790395976934,SYS32_Hardware.exe,32671232
343564,1790395977465,HpDrvPre.sys,19128
343564,1790395977481,SYS32_Hardware.exe,32671232
344095,1790395977996,HpDrvPre.sys,19128
344095,1790395978012,SYS32_Hardware.exe,32671232
344628,1790395978527,HpDrvPre.sys,19128
344628,1790395978527,SYS32_Hardware.exe,32671232
345143,1790395979043,HpDrvPre.sys,19128
345143,1790395979043,SYS32_Hardware.exe,32671232
345682,1790395979574,HpDrvPre.sys,19128
345682,1790395979574,SYS32_Hardware.exe,32671232
346213,1790395980121,HpDrvPre.sys,19128
346213,1790395980137,SYS32_Hardware.exe,32671232
346782,1790395980684,HpDrvPre.sys,19128
346782,1790395980699,SYS32_Hardware.exe,32671232
347318,1790395981215,HpDrvPre.sys,19128
347318,1790395981215,SYS32_Hardware.exe,32671232
347860,1790395981762,HpDrvPre.sys,19128
347860,1790395981762,SYS32_Hardware.exe,32671232
348376,1790395982278,HpDrvPre.sys,19128
348376,1790395982293,SYS32_Hardware.exe,32671232
348923,1790395982824,HpDrvPre.sys,19128
348923,1790395982840,SYS32_Hardware.exe,32671232
349454,1790395983356,HpDrvPre.sys,19128
349454,1790395983371,SYS32_Hardware.exe,32671232
349970,1790395983871,HpDrvPre.sys,19128
349970,1790395983871,SYS32_Hardware.exe,32671232
350486,1790395984387,HpDrvPre.sys,19128
350486,1790395984402,SYS32_Hardware.exe,32671232
351032,1790395984934,HpDrvPre.sys,19128
351032,1790395984949,SYS32_Hardware.exe,32671232
351564,1790395985465,HpDrvPre.sys,19128
351564,1790395985465,SYS32_Hardware.exe,32671232
352110,1790395986012,HpDrvPre.sys,19128
352110,1790395986027,SYS32_Hardware.exe,32671232
352664,1790395986559,HpDrvPre.sys,19128
352664,1790395986559,SYS32_Hardware.exe,32671232
353189,1790395987090,HpDrvPre.sys,19128
353189,1790395987106,SYS32_Hardware.exe,32671232
353720,1790395987621,HpDrvPre.sys,19128
353720,1790395987621,SYS32_Hardware.exe,32671232
354256,1790395988152,HpDrvPre.sys,19128
354256,1790395988152,SYS32_Hardware.exe,32671232
354799,1790395988699,HpDrvPre.sys,19128
354799,1790395988715,SYS32_Hardware.exe,32671232
355350,1790395989246,HpDrvPre.sys,19128
355350,1790395989246,SYS32_Hardware.exe,32671232
355898,1790395989793,HpDrvPre.sys,19128
355898,1790395989793,SYS32_Hardware.exe,32671232
356423,1790395990324,HpDrvPre.sys,19128
356423,1790395990324,SYS32_Hardware.exe,32671232
356954,1790395990856,HpDrvPre.sys,19128
356954,1790395990856,SYS32_Hardware.exe,32671232
357485,1790395991387,HpDrvPre.sys,19128
357485,1790395991402,SYS32_Hardware.exe,32671232
358001,1790395991903,HpDrvPre.sys,19128
358001,1790395991903,SYS32_Hardware.exe,32671232
358532,1790395992434,HpDrvPre.sys,19128
358532,1790395992449,SYS32_Hardware.exe,32671232
359080,1790395992981,HpDrvPre.sys,19128
359080,1790395992996,SYS32_Hardware.exe,32671232
359615,1790395993512,HpDrvPre.sys,19128
359615,1790395993512,SYS32_Hardware.exe,32671232
360139,1790395994043,HpDrvPre.sys,19128
360139,1790395994059,SYS32_Hardware.exe,32671232
360704,1790395994606,HpDrvPre.sys,19128
360704,1790395994606,SYS32_Hardware.exe,32671232
361236,1790395995137,HpDrvPre.sys,19128
361236,1790395995152,SYS32_Hardware.exe,32671232
361751,1790395995653,HpDrvPre.sys,19128
361751,1790395995668,SYS32_Hardware.exe,32671232
362282,1790395996184,HpDrvPre.sys,19128
362282,1790395996199,SYS32_Hardware.exe,32671232
362814,1790395996715,HpDrvPre.sys,19128
362814,1790395996715,SYS32_Hardware.exe,32671232
363345,1790395997246,HpDrvPre.sys,19128
363345,1790395997246,SYS32_Hardware.exe,32671232
363898,1790395997793,HpDrvPre.sys,19128
363898,1790395997824,SYS32_Hardware.exe,32671232
364454,1790395998356,HpDrvPre.sys,19128
364454,1790395998356,SYS32_Hardware.exe,32671232
365017,1790395998918,HpDrvPre.sys,19128
365017,1790395998934,SYS32_Hardware.exe,32671232
365548,1790395999449,HpDrvPre.sys,19128
365548,1790395999449,SYS32_Hardware.exe,32671232
366082,1790395999981,HpDrvPre.sys,19128
366082,1790395999981,SYS32_Hardware.exe,32671232
366611,1790396000512,HpDrvPre.sys,19128
366611,1790396000512,SYS32_Hardware.exe,32671232
367126,1790396001028,HpDrvPre.sys,19128
367126,1790396001028,SYS32_Hardware.exe,32671232
367657,1790396001559,HpDrvPre.sys,19128
367657,1790396001559,SYS32_Hardware.exe,32671232
368196,1790396002090,HpDrvPre.sys,19128
368196,1790396002106,SYS32_Hardware.exe,32671232
368736,1790396002637,HpDrvPre.sys,19128
368736,1790396002652,SYS32_Hardware.exe,32671232
369252,1790396003152,HpDrvPre.sys,19128
369252,1790396003152,SYS32_Hardware.exe,32671232
369782,1790396003684,HpDrvPre.sys,19128
369782,1790396003699,SYS32_Hardware.exe,32671232
370298,1790396004199,HpDrvPre.sys,19128
370298,1790396004215,SYS32_Hardware.exe,32671232
370830,1790396004731,HpDrvPre.sys,19128
370830,1790396004746,SYS32_Hardware.exe,32671232
371376,1790396005278,HpDrvPre.sys,19128
371376,1790396005293,SYS32_Hardware.exe,32671232
371908,1790396005809,HpDrvPre.sys,19128
371908,1790396005824,SYS32_Hardware.exe,32671232
372426,1790396006324,HpDrvPre.sys,19128
372426,1790396006324,SYS32_Hardware.exe,32671232
372955,1790396006856,HpDrvPre.sys,19128
372955,1790396006871,SYS32_Hardware.exe,32671232
373486,1790396007387,HpDrvPre.sys,19128
373486,1790396007387,SYS32_Hardware.exe,32671232
374001,1790396007903,HpDrvPre.sys,19128
374001,1790396007918,SYS32_Hardware.exe,32671232
374548,1790396008449,HpDrvPre.sys,19128
374548,1790396008449,SYS32_Hardware.exe,32671232
375080,1790396008981,HpDrvPre.sys,19128
375080,1790396008996,SYS32_Hardware.exe,32671232
375595,1790396009496,HpDrvPre.sys,19128
375595,1790396009496,SYS32_Hardware.exe,32671232
376133,1790396010027,HpDrvPre.sys,19128
376133,1790396010027,SYS32_Hardware.exe,32671232
376657,1790396010559,HpDrvPre.sys,19128
376657,1790396010574,SYS32_Hardware.exe,32671232
377204,1790396011106,HpDrvPre.sys,19128
377204,1790396011106,SYS32_Hardware.exe,32671232
377736,1790396011637,HpDrvPre.sys,19128
377736,1790396011652,SYS32_Hardware.exe,32671232
378251,1790396012153,HpDrvPre.sys,19128
378251,1790396012168,SYS32_Hardware.exe,32671232
378767,1790396012668,HpDrvPre.sys,19128
378767,1790396012668,SYS32_Hardware.exe,32671232
379282,1790396013184,HpDrvPre.sys,19128
379282,1790396013199,SYS32_Hardware.exe,32671232
379819,1790396013715,HpDrvPre.sys,19128
379819,1790396013731,SYS32_Hardware.exe,32671232
380329,1790396014231,HpDrvPre.sys,19128
380329,1790396014246,SYS32_Hardware.exe,32671232
380861,1790396014762,HpDrvPre.sys,19128
380861,1790396014777,SYS32_Hardware.exe,32671232
381378,1790396015277,HpDrvPre.sys,19128
381378,1790396015277,SYS32_Hardware.exe,32671232
381907,1790396015809,HpDrvPre.sys,19128
381907,1790396015824,SYS32_Hardware.exe,32671232
382439,1790396016340,HpDrvPre.sys,19128
382439,1790396016356,SYS32_Hardware.exe,32671232
382978,1790396016871,HpDrvPre.sys,19128
382978,1790396016871,SYS32_Hardware.exe,32671232
383501,1790396017402,HpDrvPre.sys,19128
383501,1790396017402,SYS32_Hardware.exe,32671232
384036,1790396017934,HpDrvPre.sys,19128
384036,1790396017934,SYS32_Hardware.exe,32671232
384581,1790396018481,HpDrvPre.sys,19128
384581,1790396018496,SYS32_Hardware.exe,32671232
385134,1790396019028,HpDrvPre.sys,19128
385134,1790396019028,SYS32_Hardware.exe,32671232
385673,1790396019574,HpDrvPre.sys,19128
385673,1790396019590,SYS32_Hardware.exe,32671232
386189,1790396020090,HpDrvPre.sys,19128
386189,1790396020106,SYS32_Hardware.exe,32671232
386720,1790396020621,HpDrvPre.sys,19128
386720,1790396020637,SYS32_Hardware.exe,32671232
387236,1790396021152,HpDrvPre.sys,19128
387236,1790396021152,SYS32_Hardware.exe,32671232
387798,1790396021699,HpDrvPre.sys,19128
387798,1790396021715,SYS32_Hardware.exe,32671232
388317,1790396022215,HpDrvPre.sys,19128
388317,1790396022215,SYS32_Hardware.exe,32671232
388865,1790396022762,HpDrvPre.sys,19128
388865,1790396022762,SYS32_Hardware.exe,32671232
389400,1790396023293,HpDrvPre.sys,19128
389400,1790396023293,SYS32_Hardware.exe,32671232
389939,1790396023840,HpDrvPre.sys,19128
389939,1790396023840,SYS32_Hardware.exe,32671232
390470,1790396024371,HpDrvPre.sys,19128
390470,1790396024371,SYS32_Hardware.exe,32671232
391007,1790396024902,HpDrvPre.sys,19128
391007,1790396024902,SYS32_Hardware.exe,32671232
391537,1790396025434,HpDrvPre.sys,19128
391537,1790396025434,SYS32_Hardware.exe,32671232
392084,1790396025981,HpDrvPre.sys,19128
392084,1790396025996,SYS32_Hardware.exe,32671232
392616,1790396026512,HpDrvPre.sys,19128
392616,1790396026528,SYS32_Hardware.exe,32671232
393147,1790396027043,HpDrvPre.sys,19128
393147,1790396027043,SYS32_Hardware.exe,32671232
393693,1790396027590,HpDrvPre.sys,19128
393693,1790396027590,SYS32_Hardware.exe,32671232
394236,1790396028137,HpDrvPre.sys,19128
394236,1790396028137,SYS32_Hardware.exe,32671232
394767,1790396028668,HpDrvPre.sys,19128
394767,1790396028668,SYS32_Hardware.exe,32671232
395286,1790396029184,HpDrvPre.sys,19128
395286,1790396029199,SYS32_Hardware.exe,32671232
395829,1790396029731,HpDrvPre.sys,19128
395829,1790396029746,SYS32_Hardware.exe,32671232
396347,1790396030246,HpDrvPre.sys,19128
396347,1790396030246,SYS32_Hardware.exe,32671232
396881,1790396030777,HpDrvPre.sys,19128
396881,1790396030777,SYS32_Hardware.exe,32671232
397407,1790396031309,HpDrvPre.sys,19128
397407,1790396031324,SYS32_Hardware.exe,32671232
397923,1790396031824,HpDrvPre.sys,19128
397923,1790396031840,SYS32_Hardware.exe,32671232
398439,1790396032340,HpDrvPre.sys,19128
398439,1790396032340,SYS32_Hardware.exe,32671232
398992,1790396032887,HpDrvPre.sys,19128
398992,1790396032887,SYS32_Hardware.exe,32671232
399517,1790396033418,HpDrvPre.sys,19128
399517,1790396033418,SYS32_Hardware.exe,32671232
400048,1790396033949,HpDrvPre.sys,19128
400048,1790396033949,SYS32_Hardware.exe,32671232
400568,1790396034465,HpDrvPre.sys,19128
400568,1790396034465,SYS32_Hardware.exe,32671232
401095,1790396034996,HpDrvPre.sys,19128
401095,1790396034996,SYS32_Hardware.exe,32671232
401626,1790396035528,HpDrvPre.sys,19128
401626,1790396035543,SYS32_Hardware.exe,32671232
402142,1790396036043,HpDrvPre.sys,19128
402142,1790396036059,SYS32_Hardware.exe,32671232
402657,1790396036559,HpDrvPre.sys,19128
402657,1790396036574,SYS32_Hardware.exe,32671232
403189,1790396037090,HpDrvPre.sys,19128
403189,1790396037090,SYS32_Hardware.exe,32671232
403704,1790396037606,HpDrvPre.sys,19128
403704,1790396037606,SYS32_Hardware.exe,32671232
404237,1790396038137,HpDrvPre.sys,19128
404237,1790396038152,SYS32_Hardware.exe,32671232
404802,1790396038699,HpDrvPre.sys,19128
404802,1790396038715,SYS32_Hardware.exe,32671232
405329,1790396039231,HpDrvPre.sys,19128
405329,1790396039246,SYS32_Hardware.exe,32671232
405861,1790396039762,HpDrvPre.sys,19128
405861,1790396039777,SYS32_Hardware.exe,32671232
406376,1790396040278,HpDrvPre.sys,19128
406376,1790396040278,SYS32_Hardware.exe,32671232
406907,1790396040809,HpDrvPre.sys,19128
406907,1790396040809,SYS32_Hardware.exe,32671232
407423,1790396041324,HpDrvPre.sys,19128
407423,1790396041340,SYS32_Hardware.exe,32671232
407939,1790396041840,HpDrvPre.sys,19128
407939,1790396041856,SYS32_Hardware.exe,32671232
408454,1790396042356,HpDrvPre.sys,19128
408454,1790396042356,SYS32_Hardware.exe,32671232
408986,1790396042887,HpDrvPre.sys,19128
408986,1790396042887,SYS32_Hardware.exe,32671232
409508,1790396043402,HpDrvPre.sys,19128
409508,1790396043402,SYS32_Hardware.exe,32671232
410032,1790396043934,HpDrvPre.sys,19128
410032,1790396043934,SYS32_Hardware.exe,32671232
410566,1790396044465,HpDrvPre.sys,19128
410566,1790396044496,SYS32_Hardware.exe,32671232
411095,1790396044996,HpDrvPre.sys,19128
411095,1790396045012,SYS32_Hardware.exe,32671232
411626,1790396045528,HpDrvPre.sys,19128
411626,1790396045543,SYS32_Hardware.exe,32671232
412158,1790396046059,HpDrvPre.sys,19128
412158,1790396046059,SYS32_Hardware.exe,32671232
412705,1790396046606,HpDrvPre.sys,19128
412705,1790396046621,SYS32_Hardware.exe,32671232
413243,1790396047137,HpDrvPre.sys,19128
413243,1790396047137,SYS32_Hardware.exe,32671232
413772,1790396047668,HpDrvPre.sys,19128
413772,1790396047668,SYS32_Hardware.exe,32671232
414299,1790396048199,HpDrvPre.sys,19128
414299,1790396048199,SYS32_Hardware.exe,32671232
414861,1790396048762,HpDrvPre.sys,19128
414861,1790396048777,SYS32_Hardware.exe,32671232
415376,1790396049278,HpDrvPre.sys,19128
415376,1790396049278,SYS32_Hardware.exe,32671232
415892,1790396049793,HpDrvPre.sys,19128
415892,1790396049793,SYS32_Hardware.exe,32671232
416409,1790396050309,HpDrvPre.sys,19128
416409,1790396050309,SYS32_Hardware.exe,32671232
416954,1790396050856,HpDrvPre.sys,19128
416954,1790396050856,SYS32_Hardware.exe,32671232
417501,1790396051402,HpDrvPre.sys,19128
417501,1790396051402,SYS32_Hardware.exe,32671232
418017,1790396051918,HpDrvPre.sys,19128
418017,1790396051918,SYS32_Hardware.exe,32671232
418532,1790396052434,HpDrvPre.sys,19128
418532,1790396052434,SYS32_Hardware.exe,32671232
419064,1790396052965,HpDrvPre.sys,19128
419064,1790396052965,SYS32_Hardware.exe,32671232
419599,1790396053496,HpDrvPre.sys,19128
419599,1790396053496,SYS32_Hardware.exe,32671232
420126,1790396054028,HpDrvPre.sys,19128
420126,1790396054043,SYS32_Hardware.exe,32671232
420663,1790396054559,HpDrvPre.sys,19128
420663,1790396054574,SYS32_Hardware.exe,32671232
421191,1790396055090,HpDrvPre.sys,19128
421191,1790396055090,SYS32_Hardware.exe,32671232
421704,1790396055606,HpDrvPre.sys,19128
421704,1790396055621,SYS32_Hardware.exe,32671232
422220,1790396056121,HpDrvPre.sys,19128
422220,1790396056121,SYS32_Hardware.exe,32671232
422783,1790396056684,HpDrvPre.sys,19128
422783,1790396056684,SYS32_Hardware.exe,32671232
423323,1790396057215,HpDrvPre.sys,19128
423323,1790396057231,SYS32_Hardware.exe,32671232
423846,1790396057746,HpDrvPre.sys,19128
423846,1790396057762,SYS32_Hardware.exe,32671232
424377,1790396058277,HpDrvPre.sys,19128
424377,1790396058293,SYS32_Hardware.exe,32671232
424925,1790396058824,HpDrvPre.sys,19128
424925,1790396058824,SYS32_Hardware.exe,32671232
425454,1790396059356,HpDrvPre.sys,19128
425454,1790396059371,SYS32_Hardware.exe,32671232
425990,1790396059887,HpDrvPre.sys,19128
425990,1790396059902,SYS32_Hardware.exe,32671232
426517,1790396060418,HpDrvPre.sys,19128
426517,1790396060434,SYS32_Hardware.exe,32671232
427048,1790396060949,HpDrvPre.sys,19128
427048,1790396060949,SYS32_Hardware.exe,32671232
427601,1790396061496,HpDrvPre.sys,19128
427601,1790396061496,SYS32_Hardware.exe,32671232
428129,1790396062027,HpDrvPre.sys,19128
428129,1790396062027,SYS32_Hardware.exe,32671232
428678,1790396062574,HpDrvPre.sys,19128
428678,1790396062574,SYS32_Hardware.exe,32671232
429204,1790396063106,HpDrvPre.sys,19128
429204,1790396063121,SYS32_Hardware.exe,32671232
429720,1790396063621,HpDrvPre.sys,19128
429720,1790396063652,SYS32_Hardware.exe,32671232
430267,1790396064168,HpDrvPre.sys,19128
430267,1790396064184,SYS32_Hardware.exe,32671232
430815,1790396064715,HpDrvPre.sys,19128
430815,1790396064715,SYS32_Hardware.exe,32671232
431329,1790396065231,HpDrvPre.sys,19128
431329,1790396065231,SYS32_Hardware.exe,32671232
431845,1790396065746,HpDrvPre.sys,19128
431845,1790396065746,SYS32_Hardware.exe,32671232
432361,1790396066262,HpDrvPre.sys,19128
432361,1790396066277,SYS32_Hardware.exe,32671232
432892,1790396066793,HpDrvPre.sys,19128
432892,1790396066809,SYS32_Hardware.exe,32671232
433425,1790396067324,HpDrvPre.sys,19128
433425,1790396067340,SYS32_Hardware.exe,32671232
433954,1790396067856,HpDrvPre.sys,19128
433954,1790396067871,SYS32_Hardware.exe,32671232
434486,1790396068387,HpDrvPre.sys,19128
434486,1790396068387,SYS32_Hardware.exe,32671232
435025,1790396068918,HpDrvPre.sys,19128
435025,1790396068918,SYS32_Hardware.exe,32671232
435554,1790396069449,HpDrvPre.sys,19128
435554,1790396069449,SYS32_Hardware.exe,32671232
436095,1790396069996,HpDrvPre.sys,19128
436095,1790396070012,SYS32_Hardware.exe,32671232
436657,1790396070559,HpDrvPre.sys,19128
436657,1790396070574,SYS32_Hardware.exe,32671232
437179,1790396071074,HpDrvPre.sys,19128
437179,1790396071074,SYS32_Hardware.exe,32671232
437708,1790396071606,HpDrvPre.sys,19128
437708,1790396071606,SYS32_Hardware.exe,32671232
438241,1790396072137,HpDrvPre.sys,19128
438241,1790396072137,SYS32_Hardware.exe,32671232
438783,1790396072684,HpDrvPre.sys,19128
438783,1790396072699,SYS32_Hardware.exe,32671232
439298,1790396073199,HpDrvPre.sys,19128
439298,1790396073199,SYS32_Hardware.exe,32671232
439845,1790396073746,HpDrvPre.sys,19128
439845,1790396073762,SYS32_Hardware.exe,32671232
440361,1790396074262,HpDrvPre.sys,19128
440361,1790396074293,SYS32_Hardware.exe,32671232
440923,1790396074824,HpDrvPre.sys,19128
440923,1790396074840,SYS32_Hardware.exe,32671232
441486,1790396075387,HpDrvPre.sys,19128
441486,1790396075402,SYS32_Hardware.exe,32671232
442007,1790396075902,HpDrvPre.sys,19128
442007,1790396075902,SYS32_Hardware.exe,32671232
442533,1790396076434,HpDrvPre.sys,19128
442533,1790396076434,SYS32_Hardware.exe,32671232
443087,1790396076981,HpDrvPre.sys,19128
443087,1790396076981,SYS32_Hardware.exe,32671232
443611,1790396077512,HpDrvPre.sys,19128
443611,1790396077527,SYS32_Hardware.exe,32671232
444143,1790396078043,HpDrvPre.sys,19128
444143,1790396078059,SYS32_Hardware.exe,32671232
444689,1790396078590,HpDrvPre.sys,19128
444689,1790396078606,SYS32_Hardware.exe,32671232
445204,1790396079106,HpDrvPre.sys,19128
445204,1790396079106,SYS32_Hardware.exe,32671232
445720,1790396079621,HpDrvPre.sys,19128
445720,1790396079637,SYS32_Hardware.exe,32671232
446236,1790396080137,HpDrvPre.sys,19128
446236,1790396080137,SYS32_Hardware.exe,32671232
446799,1790396080699,HpDrvPre.sys,19128
446799,1790396080715,SYS32_Hardware.exe,32671232
447329,1790396081231,HpDrvPre.sys,19128
447329,1790396081231,SYS32_Hardware.exe,32671232
447861,1790396081762,HpDrvPre.sys,19128
447861,1790396081762,SYS32_Hardware.exe,32671232
448388,1790396082290,HpDrvPre.sys,19128
448388,1790396082290,SYS32_Hardware.exe,32671232
448937,1790396082837,HpDrvPre.sys,19128
448937,1790396082837,SYS32_Hardware.exe,32671232
449453,1790396083352,HpDrvPre.sys,19128
449453,1790396083368,SYS32_Hardware.exe,32671232
449983,1790396083884,HpDrvPre.sys,19128
449983,1790396083899,SYS32_Hardware.exe,32671232
450515,1790396084415,HpDrvPre.sys,19128
450515,1790396084415,SYS32_Hardware.exe,32671232
451045,1790396084946,HpDrvPre.sys,19128
451045,1790396084946,SYS32_Hardware.exe,32671232
451582,1790396085477,HpDrvPre.sys,19128
451582,1790396085477,SYS32_Hardware.exe,32671232
452107,1790396086009,HpDrvPre.sys,19128
452107,1790396086009,SYS32_Hardware.exe,32671232
452638,1790396086540,HpDrvPre.sys,19128
452638,1790396086555,SYS32_Hardware.exe,32671232
453154,1790396087055,HpDrvPre.sys,19128
453154,1790396087055,SYS32_Hardware.exe,32671232
453685,1790396087587,HpDrvPre.sys,19128
453685,1790396087587,SYS32_Hardware.exe,32671232
454232,1790396088134,HpDrvPre.sys,19128
454232,1790396088149,SYS32_Hardware.exe,32671232
454780,1790396088680,HpDrvPre.sys,19128
454780,1790396088696,SYS32_Hardware.exe,32671232
455295,1790396089196,HpDrvPre.sys,19128
455295,1790396089196,SYS32_Hardware.exe,32671232
455810,1790396089712,HpDrvPre.sys,19128
455810,1790396089727,SYS32_Hardware.exe,32671232
456326,1790396090227,HpDrvPre.sys,19128
456326,1790396090243,SYS32_Hardware.exe,32671232
456904,1790396090805,HpDrvPre.sys,19128
456904,1790396090821,SYS32_Hardware.exe,32671232
457420,1790396091321,HpDrvPre.sys,19128
457420,1790396091321,SYS32_Hardware.exe,32671232
457967,1790396091868,HpDrvPre.sys,19128
457967,1790396091868,SYS32_Hardware.exe,32671232
458482,1790396092384,HpDrvPre.sys,19128
458482,1790396092399,SYS32_Hardware.exe,32671232
459051,1790396092946,HpDrvPre.sys,19128
459051,1790396092962,SYS32_Hardware.exe,32671232
459576,1790396093477,HpDrvPre.sys,19128
459576,1790396093477,SYS32_Hardware.exe,32671232
460092,1790396093993,HpDrvPre.sys,19128
460092,1790396093993,SYS32_Hardware.exe,32671232
460615,1790396094509,HpDrvPre.sys,19128
460615,1790396094524,SYS32_Hardware.exe,32671232
461138,1790396095040,HpDrvPre.sys,19128
461138,1790396095055,SYS32_Hardware.exe,32671232
461654,1790396095555,HpDrvPre.sys,19128
461654,1790396095555,SYS32_Hardware.exe,32671232
462185,1790396096087,HpDrvPre.sys,19128
462185,1790396096087,SYS32_Hardware.exe,32671232
462733,1790396096634,HpDrvPre.sys,19128
462733,1790396096649,SYS32_Hardware.exe,32671232
463248,1790396097149,HpDrvPre.sys,19128
463248,1790396097165,SYS32_Hardware.exe,32671232
463779,1790396097680,HpDrvPre.sys,19128
463779,1790396097696,SYS32_Hardware.exe,32671232
464310,1790396098212,HpDrvPre.sys,19128
464310,1790396098212,SYS32_Hardware.exe,32671232
464861,1790396098759,HpDrvPre.sys,19128
464861,1790396098774,SYS32_Hardware.exe,32671232
465388,1790396099290,HpDrvPre.sys,19128
465388,1790396099305,SYS32_Hardware.exe,32671232
465920,1790396099821,HpDrvPre.sys,19128
465920,1790396099837,SYS32_Hardware.exe,32671232
466435,1790396100337,HpDrvPre.sys,19128
466435,1790396100337,SYS32_Hardware.exe,32671232
466982,1790396100884,HpDrvPre.sys,19128
466982,1790396100884,SYS32_Hardware.exe,32671232
467514,1790396101415,HpDrvPre.sys,19128
467514,1790396101430,SYS32_Hardware.exe,32671232
468045,1790396101946,HpDrvPre.sys,19128
468045,1790396101962,SYS32_Hardware.exe,32671232
468592,1790396102493,HpDrvPre.sys,19128
468592,1790396102509,SYS32_Hardware.exe,32671232
469107,1790396103009,HpDrvPre.sys,19128
469107,1790396103009,SYS32_Hardware.exe,32671232
469624,1790396103524,HpDrvPre.sys,19128
469624,1790396103540,SYS32_Hardware.exe,32671232
470138,1790396104040,HpDrvPre.sys,19128
470138,1790396104055,SYS32_Hardware.exe,32671232
470694,1790396104587,HpDrvPre.sys,19128
470694,1790396104587,SYS32_Hardware.exe,32671232
471219,1790396105118,HpDrvPre.sys,19128
471219,1790396105118,SYS32_Hardware.exe,32671232
471748,1790396105649,HpDrvPre.sys,19128
471748,1790396105649,SYS32_Hardware.exe,32671232
472263,1790396106165,HpDrvPre.sys,19128
472263,1790396106197,SYS32_Hardware.exe,32671232
472843,1790396106743,HpDrvPre.sys,19128
472843,1790396106743,SYS32_Hardware.exe,32671232
473358,1790396107259,HpDrvPre.sys,19128
473358,1790396107259,SYS32_Hardware.exe,32671232
473890,1790396107799,HpDrvPre.sys,19128
473890,1790396107799,SYS32_Hardware.exe,32671232
474420,1790396108315,HpDrvPre.sys,19128
474420,1790396108315,SYS32_Hardware.exe,32671232
474961,1790396108862,HpDrvPre.sys,19128
474961,1790396108862,SYS32_Hardware.exe,32671232
475509,1790396109409,HpDrvPre.sys,19128
475509,1790396109409,SYS32_Hardware.exe,32671232
476039,1790396109940,HpDrvPre.sys,19128
476039,1790396109940,SYS32_Hardware.exe,32671232
476571,1790396110471,HpDrvPre.sys,19128
476571,1790396110487,SYS32_Hardware.exe,32671232
477102,1790396111002,HpDrvPre.sys,19128
477102,1790396111002,SYS32_Hardware.exe,32671232
477632,1790396111534,HpDrvPre.sys,19128
477632,1790396111549,SYS32_Hardware.exe,32671232
478158,1790396112049,HpDrvPre.sys,19128
478158,1790396112049,SYS32_Hardware.exe,32671232
478699,1790396112600,HpDrvPre.sys,19128
478699,1790396112616,SYS32_Hardware.exe,32671232
479230,1790396113131,HpDrvPre.sys,19128
479230,1790396113147,SYS32_Hardware.exe,32671232
479762,1790396113663,HpDrvPre.sys,19128
479762,1790396113678,SYS32_Hardware.exe,32671232
480308,1790396114210,HpDrvPre.sys,19128
480308,1790396114225,SYS32_Hardware.exe,32671232
480846,1790396114741,HpDrvPre.sys,19128
480846,1790396114741,SYS32_Hardware.exe,32671232
481387,1790396115288,HpDrvPre.sys,19128
481387,1790396115303,SYS32_Hardware.exe,32671232
481950,1790396115850,HpDrvPre.sys,19128
481950,1790396115866,SYS32_Hardware.exe,32671232
482480,1790396116381,HpDrvPre.sys,19128
482480,1790396116413,SYS32_Hardware.exe,32671232
483058,1790396116960,HpDrvPre.sys,19128
483058,1790396116975,SYS32_Hardware.exe,32671232
483589,1790396117491,HpDrvPre.sys,19128
483589,1790396117506,SYS32_Hardware.exe,32671232
484123,1790396118022,HpDrvPre.sys,19128
484123,1790396118022,SYS32_Hardware.exe,32671232
484652,1790396118553,HpDrvPre.sys,19128
484652,1790396118553,SYS32_Hardware.exe,32671232
485168,1790396119069,HpDrvPre.sys,19128
485168,1790396119085,SYS32_Hardware.exe,32671232
485686,1790396119585,HpDrvPre.sys,19128
485686,1790396119600,SYS32_Hardware.exe,32671232
486199,1790396120100,HpDrvPre.sys,19128
486199,1790396120116,SYS32_Hardware.exe,32671232
486746,1790396120647,HpDrvPre.sys,19128
486746,1790396120647,SYS32_Hardware.exe,32671232
487277,1790396121178,HpDrvPre.sys,19128
487277,1790396121194,SYS32_Hardware.exe,32671232
487794,1790396121694,HpDrvPre.sys,19128
487794,1790396121710,SYS32_Hardware.exe,32671232
488355,1790396122256,HpDrvPre.sys,19128
488355,1790396122272,SYS32_Hardware.exe,32671232
488921,1790396122819,HpDrvPre.sys,19128
488921,1790396122819,SYS32_Hardware.exe,32671232
489449,1790396123350,HpDrvPre.sys,19128
489449,1790396123366,SYS32_Hardware.exe,32671232
489985,1790396123881,HpDrvPre.sys,19128
489985,1790396123913,SYS32_Hardware.exe,32671232
490558,1790396124460,HpDrvPre.sys,19128
490558,1790396124460,SYS32_Hardware.exe,32671232
491105,1790396125006,HpDrvPre.sys,19128
491105,1790396125022,SYS32_Hardware.exe,32671232
491636,1790396125538,HpDrvPre.sys,19128
491636,1790396125553,SYS32_Hardware.exe,32671232
492176,1790396126069,HpDrvPre.sys,19128
492176,1790396126085,SYS32_Hardware.exe,32671232
492730,1790396126631,HpDrvPre.sys,19128
492730,1790396126647,SYS32_Hardware.exe,32671232
493251,1790396127147,HpDrvPre.sys,19128
493251,1790396127147,SYS32_Hardware.exe,32671232
493777,1790396127678,HpDrvPre.sys,19128
493777,1790396127710,SYS32_Hardware.exe,32671232
494346,1790396128241,HpDrvPre.sys,19128
494346,1790396128256,SYS32_Hardware.exe,32671232
494919,1790396128819,HpDrvPre.sys,19128
494919,1790396128850,SYS32_Hardware.exe,32671232
495483,1790396129381,HpDrvPre.sys,19128
495483,1790396129381,SYS32_Hardware.exe,32671232
496027,1790396129928,HpDrvPre.sys,19128
496027,1790396129944,SYS32_Hardware.exe,32671232
496574,1790396130475,HpDrvPre.sys,19128
496574,1790396130491,SYS32_Hardware.exe,32671232
497105,1790396131006,HpDrvPre.sys,19128
497105,1790396131006,SYS32_Hardware.exe,32671232
497673,1790396131569,HpDrvPre.sys,19128
497673,1790396131569,SYS32_Hardware.exe,32671232
498201,1790396132100,HpDrvPre.sys,19128
498201,1790396132116,SYS32_Hardware.exe,32671232
498766,1790396132663,HpDrvPre.sys,19128
498766,1790396132663,SYS32_Hardware.exe,32671232
499293,1790396133194,HpDrvPre.sys,19128
499293,1790396133194,SYS32_Hardware.exe,32671232
499843,1790396133741,HpDrvPre.sys,19128
499843,1790396133756,SYS32_Hardware.exe,32671232
500371,1790396134272,HpDrvPre.sys,19128
500371,1790396134272,SYS32_Hardware.exe,32671232
500893,1790396134788,HpDrvPre.sys,19128
500893,1790396134819,SYS32_Hardware.exe,32671232
501433,1790396135335,HpDrvPre.sys,19128
501433,1790396135335,SYS32_Hardware.exe,32671232
501955,1790396135850,HpDrvPre.sys,19128
501955,1790396135850,SYS32_Hardware.exe,32671232
502496,1790396136397,HpDrvPre.sys,19128
502496,1790396136413,SYS32_Hardware.exe,32671232
503043,1790396136944,HpDrvPre.sys,19128
503043,1790396136960,SYS32_Hardware.exe,32671232
503559,1790396137460,HpDrvPre.sys,19128
503559,1790396137460,SYS32_Hardware.exe,32671232
504094,1790396137991,HpDrvPre.sys,19128
504094,1790396137991,SYS32_Hardware.exe,32671232
504636,1790396138538,HpDrvPre.sys,19128
504636,1790396138538,SYS32_Hardware.exe,32671232
505153,1790396139053,HpDrvPre.sys,19128
505153,1790396139053,SYS32_Hardware.exe,32671232
505666,1790396139566,HpDrvPre.sys,19128
505666,1790396139566,SYS32_Hardware.exe,32671232
506196,1790396140097,HpDrvPre.sys,19128
506196,1790396140113,SYS32_Hardware.exe,32671232
506758,1790396140660,HpDrvPre.sys,19128
506758,1790396140675,SYS32_Hardware.exe,32671232
507325,1790396141221,HpDrvPre.sys,19128
507325,1790396141221,SYS32_Hardware.exe,32671232
507851,1790396141752,HpDrvPre.sys,19128
507851,1790396141768,SYS32_Hardware.exe,32671232
508432,1790396142330,HpDrvPre.sys,19128
508432,1790396142330,SYS32_Hardware.exe,32671232
509023,1790396142924,HpDrvPre.sys,19128
509023,1790396142939,SYS32_Hardware.exe,32671232
509554,1790396143455,HpDrvPre.sys,19128
509554,1790396143471,SYS32_Hardware.exe,32671232
510085,1790396143986,HpDrvPre.sys,19128
510085,1790396144002,SYS32_Hardware.exe,32671232
510616,1790396144518,HpDrvPre.sys,19128
510616,1790396144518,SYS32_Hardware.exe,32671232
511116,1790396145018,HpDrvPre.sys,19128
511116,1790396145033,SYS32_Hardware.exe,32671232
511632,1790396145533,HpDrvPre.sys,19128
511632,1790396145549,SYS32_Hardware.exe,32671232
512170,1790396146064,HpDrvPre.sys,19128
512170,1790396146064,SYS32_Hardware.exe,32671232
512712,1790396146611,HpDrvPre.sys,19128
512712,1790396146627,SYS32_Hardware.exe,32671232
513242,1790396147143,HpDrvPre.sys,19128
513242,1790396147158,SYS32_Hardware.exe,32671232
513788,1790396147690,HpDrvPre.sys,19128
513788,1790396147690,SYS32_Hardware.exe,32671232
514335,1790396148236,HpDrvPre.sys,19128
514335,1790396148252,SYS32_Hardware.exe,32671232
514897,1790396148798,HpDrvPre.sys,19128
514897,1790396148814,SYS32_Hardware.exe,32671232
515431,1790396149330,HpDrvPre.sys,19128
515431,1790396149330,SYS32_Hardware.exe,32671232
515960,1790396149861,HpDrvPre.sys,19128
515960,1790396149861,SYS32_Hardware.exe,32671232
516498,1790396150392,HpDrvPre.sys,19128
516498,1790396150392,SYS32_Hardware.exe,32671232
517040,1790396150939,HpDrvPre.sys,19128
517040,1790396150939,SYS32_Hardware.exe,32671232
517539,1790396151439,HpDrvPre.sys,19128
517539,1790396151455,SYS32_Hardware.exe,32671232
518072,1790396151970,HpDrvPre.sys,19128
518072,1790396152017,SYS32_Hardware.exe,32671232
518671,1790396152564,HpDrvPre.sys,19128
518671,1790396152564,SYS32_Hardware.exe,32671232
519210,1790396153111,HpDrvPre.sys,19128
519210,1790396153127,SYS32_Hardware.exe,32671232
519725,1790396153627,HpDrvPre.sys,19128
519725,1790396153627,SYS32_Hardware.exe,32671232
520264,1790396154158,HpDrvPre.sys,19128
520264,1790396154158,SYS32_Hardware.exe,32671232
520841,1790396154736,HpDrvPre.sys,19128
520841,1790396154752,SYS32_Hardware.exe,32671232
521366,1790396155267,HpDrvPre.sys,19128
521366,1790396155267,SYS32_Hardware.exe,32671232
521897,1790396155798,HpDrvPre.sys,19128
521897,1790396155798,SYS32_Hardware.exe,32671232
522436,1790396156330,HpDrvPre.sys,19128
522436,1790396156345,SYS32_Hardware.exe,32671232
522991,1790396156892,HpDrvPre.sys,19128
522991,1790396156892,SYS32_Hardware.exe,32671232
523510,1790396157408,HpDrvPre.sys,19128
523510,1790396157408,SYS32_Hardware.exe,32671232
524038,1790396157939,HpDrvPre.sys,19128
524038,1790396157939,SYS32_Hardware.exe,32671232
524569,1790396158470,HpDrvPre.sys,19128
524569,1790396158486,SYS32_Hardware.exe,32671232
525103,1790396159002,HpDrvPre.sys,19128
525103,1790396159017,SYS32_Hardware.exe,32671232
525632,1790396159533,HpDrvPre.sys,19128
525632,1790396159548,SYS32_Hardware.exe,32671232
526172,1790396160064,HpDrvPre.sys,19128
526172,1790396160064,SYS32_Hardware.exe,32671232
526725,1790396160627,HpDrvPre.sys,19128
526725,1790396160642,SYS32_Hardware.exe,32671232
527245,1790396161142,HpDrvPre.sys,19128
527245,1790396161158,SYS32_Hardware.exe,32671232
527773,1790396161673,HpDrvPre.sys,19128
527773,1790396161673,SYS32_Hardware.exe,32671232
528307,1790396162205,HpDrvPre.sys,19128
528307,1790396162205,SYS32_Hardware.exe,32671232
528855,1790396162752,HpDrvPre.sys,19128
528855,1790396162767,SYS32_Hardware.exe,32671232
529397,1790396163298,HpDrvPre.sys,19128
529397,1790396163298,SYS32_Hardware.exe,32671232
529946,1790396163845,HpDrvPre.sys,19128
529946,1790396163845,SYS32_Hardware.exe,32671232
530460,1790396164361,HpDrvPre.sys,19128
530460,1790396164361,SYS32_Hardware.exe,32671232
530991,1790396164892,HpDrvPre.sys,19128
530991,1790396164892,SYS32_Hardware.exe,32671232
531522,1790396165423,HpDrvPre.sys,19128
531522,1790396165439,SYS32_Hardware.exe,32671232
532053,1790396165955,HpDrvPre.sys,19128
532053,1790396165955,SYS32_Hardware.exe,32671232
532585,1790396166486,HpDrvPre.sys,19128
532585,1790396166486,SYS32_Hardware.exe,32671232
533108,1790396167002,HpDrvPre.sys,19128
533108,1790396167002,SYS32_Hardware.exe,32671232
533665,1790396167564,HpDrvPre.sys,19128
533665,1790396167564,SYS32_Hardware.exe,32671232
534210,1790396168111,HpDrvPre.sys,19128
534210,1790396168111,SYS32_Hardware.exe,32671232
534757,1790396168658,HpDrvPre.sys,19128
534757,1790396168658,SYS32_Hardware.exe,32671232
535295,1790396169189,HpDrvPre.sys,19128
535295,1790396169189,SYS32_Hardware.exe,32671232
535819,1790396169720,HpDrvPre.sys,19128
535819,1790396169736,SYS32_Hardware.exe,32671232
536366,1790396170267,HpDrvPre.sys,19128
536366,1790396170267,SYS32_Hardware.exe,32671232
536882,1790396170783,HpDrvPre.sys,19128
536882,1790396170798,SYS32_Hardware.exe,32671232
537397,1790396171298,HpDrvPre.sys,19128
537397,1790396171314,SYS32_Hardware.exe,32671232
537928,1790396171830,HpDrvPre.sys,19128
537928,1790396171845,SYS32_Hardware.exe,32671232
538444,1790396172345,HpDrvPre.sys,19128
538444,1790396172345,SYS32_Hardware.exe,32671232
538991,1790396172892,HpDrvPre.sys,19128
538991,1790396172908,SYS32_Hardware.exe,32671232
539508,1790396173408,HpDrvPre.sys,19128
539508,1790396173408,SYS32_Hardware.exe,32671232
540038,1790396173939,HpDrvPre.sys,19128
540038,1790396173939,SYS32_Hardware.exe,32671232
540585,1790396174486,HpDrvPre.sys,19128
540585,1790396174486,SYS32_Hardware.exe,32671232
541117,1790396175017,HpDrvPre.sys,19128
541117,1790396175017,SYS32_Hardware.exe,32671232
541647,1790396175548,HpDrvPre.sys,19128
541647,1790396175564,SYS32_Hardware.exe,32671232
542178,1790396176080,HpDrvPre.sys,19128
542178,1790396176095,SYS32_Hardware.exe,32671232
542741,1790396176642,HpDrvPre.sys,19128
542741,1790396176658,SYS32_Hardware.exe,32671232
543257,1790396177158,HpDrvPre.sys,19128
543257,1790396177158,SYS32_Hardware.exe,32671232
543788,1790396177689,HpDrvPre.sys,19128
543788,1790396177689,SYS32_Hardware.exe,32671232
544319,1790396178220,HpDrvPre.sys,19128
544319,1790396178236,SYS32_Hardware.exe,32671232
544866,1790396178767,HpDrvPre.sys,19128
544866,1790396178783,SYS32_Hardware.exe,32671232
545399,1790396179298,HpDrvPre.sys,19128
545399,1790396179298,SYS32_Hardware.exe,32671232
545930,1790396179830,HpDrvPre.sys,19128
545930,1790396179830,SYS32_Hardware.exe,32671232
546460,1790396180361,HpDrvPre.sys,19128
546460,1790396180361,SYS32_Hardware.exe,32671232
547006,1790396180908,HpDrvPre.sys,19128
547006,1790396180908,SYS32_Hardware.exe,32671232
547522,1790396181423,HpDrvPre.sys,19128
547522,1790396181423,SYS32_Hardware.exe,32671232
548038,1790396181939,HpDrvPre.sys,19128
548038,1790396181939,SYS32_Hardware.exe,32671232
548600,1790396182502,HpDrvPre.sys,19128
548600,1790396182517,SYS32_Hardware.exe,32671232
549117,1790396183017,HpDrvPre.sys,19128
549117,1790396183017,SYS32_Hardware.exe,32671232
549651,1790396183548,HpDrvPre.sys,19128
549651,1790396183548,SYS32_Hardware.exe,32671232
550163,1790396184064,HpDrvPre.sys,19128
550163,1790396184064,SYS32_Hardware.exe,32671232
550710,1790396184611,HpDrvPre.sys,19128
550710,1790396184627,SYS32_Hardware.exe,32671232
551241,1790396185142,HpDrvPre.sys,19128
551241,1790396185158,SYS32_Hardware.exe,32671232
551773,1790396185673,HpDrvPre.sys,19128
551773,1790396185673,SYS32_Hardware.exe,32671232
552288,1790396186189,HpDrvPre.sys,19128
552288,1790396186189,SYS32_Hardware.exe,32671232
552836,1790396186736,HpDrvPre.sys,19128
552836,1790396186736,SYS32_Hardware.exe,32671232
553367,1790396187267,HpDrvPre.sys,19128
553367,1790396187267,SYS32_Hardware.exe,32671232
553897,1790396187798,HpDrvPre.sys,19128
553897,1790396187814,SYS32_Hardware.exe,32671232
554445,1790396188345,HpDrvPre.sys,19128
554445,1790396188345,SYS32_Hardware.exe,32671232
554992,1790396188892,HpDrvPre.sys,19128
554992,1790396188892,SYS32_Hardware.exe,32671232
555522,1790396189423,HpDrvPre.sys,19128
555522,1790396189439,SYS32_Hardware.exe,32671232
556038,1790396189939,HpDrvPre.sys,19128
556038,1790396189939,SYS32_Hardware.exe,32671232
556569,1790396190470,HpDrvPre.sys,19128
556569,1790396190470,SYS32_Hardware.exe,32671232
557105,1790396191002,HpDrvPre.sys,19128
557105,1790396191017,SYS32_Hardware.exe,32671232
557648,1790396191548,HpDrvPre.sys,19128
557648,1790396191548,SYS32_Hardware.exe,32671232
558164,1790396192064,HpDrvPre.sys,19128
558164,1790396192064,SYS32_Hardware.exe,32671232
558680,1790396192580,HpDrvPre.sys,19128
558680,1790396192580,SYS32_Hardware.exe,32671232
559210,1790396193111,HpDrvPre.sys,19128
559210,1790396193127,SYS32_Hardware.exe,32671232
559726,1790396193627,HpDrvPre.sys,19128
559726,1790396193627,SYS32_Hardware.exe,32671232
560241,1790396194142,HpDrvPre.sys,19128
560241,1790396194158,SYS32_Hardware.exe,32671232
560788,1790396194689,HpDrvPre.sys,19128
560788,1790396194689,SYS32_Hardware.exe,32671232
561319,1790396195220,HpDrvPre.sys,19128
561319,1790396195220,SYS32_Hardware.exe,32671232
561835,1790396195736,HpDrvPre.sys,19128
561835,1790396195736,SYS32_Hardware.exe,32671232
562350,1790396196252,HpDrvPre.sys,19128
562350,1790396196252,SYS32_Hardware.exe,32671232
562897,1790396196798,HpDrvPre.sys,19128
562897,1790396196798,SYS32_Hardware.exe,32671232
563413,1790396197314,HpDrvPre.sys,19128
563413,1790396197314,SYS32_Hardware.exe,32671232
563929,1790396197830,HpDrvPre.sys,19128
563929,1790396197845,SYS32_Hardware.exe,32671232
564491,1790396198392,HpDrvPre.sys,19128
564491,1790396198392,SYS32_Hardware.exe,32671232
565022,1790396198923,HpDrvPre.sys,19128
565022,1790396198939,SYS32_Hardware.exe,32671232
565540,1790396199439,HpDrvPre.sys,19128
565540,1790396199439,SYS32_Hardware.exe,32671232
566075,1790396199970,HpDrvPre.sys,19128
566075,1790396199986,SYS32_Hardware.exe,32671232
566600,1790396200502,HpDrvPre.sys,19128
566600,1790396200517,SYS32_Hardware.exe,32671232
567132,1790396201033,HpDrvPre.sys,19128
567132,1790396201033,SYS32_Hardware.exe,32671232
567664,1790396201564,HpDrvPre.sys,19128
567664,1790396201564,SYS32_Hardware.exe,32671232
568194,1790396202095,HpDrvPre.sys,19128
568194,1790396202095,SYS32_Hardware.exe,32671232
568726,1790396202627,HpDrvPre.sys,19128
568726,1790396202627,SYS32_Hardware.exe,32671232
569272,1790396203173,HpDrvPre.sys,19128
569272,1790396203173,SYS32_Hardware.exe,32671232
569804,1790396203705,HpDrvPre.sys,19128
569804,1790396203720,SYS32_Hardware.exe,32671232
570351,1790396204252,HpDrvPre.sys,19128
570351,1790396204252,SYS32_Hardware.exe,32671232
570901,1790396204798,HpDrvPre.sys,19128
570901,1790396204798,SYS32_Hardware.exe,32671232
571444,1790396205345,HpDrvPre.sys,19128
571444,1790396205345,SYS32_Hardware.exe,32671232
571962,1790396205861,HpDrvPre.sys,19128
571962,1790396205861,SYS32_Hardware.exe,32671232
572493,1790396206392,HpDrvPre.sys,19128
572493,1790396206392,SYS32_Hardware.exe,32671232
573022,1790396206923,HpDrvPre.sys,19128
573022,1790396206939,SYS32_Hardware.exe,32671232
573553,1790396207455,HpDrvPre.sys,19128
573553,1790396207455,SYS32_Hardware.exe,32671232
574074,1790396207970,HpDrvPre.sys,19128
574074,1790396207970,SYS32_Hardware.exe,32671232
574631,1790396208533,HpDrvPre.sys,19128
574631,1790396208548,SYS32_Hardware.exe,32671232
575163,1790396209064,HpDrvPre.sys,19128
575163,1790396209064,SYS32_Hardware.exe,32671232
575678,1790396209580,HpDrvPre.sys,19128
575678,1790396209580,SYS32_Hardware.exe,32671232
576210,1790396210111,HpDrvPre.sys,19128
576210,1790396210111,SYS32_Hardware.exe,32671232
576741,1790396210642,HpDrvPre.sys,19128
576741,1790396210658,SYS32_Hardware.exe,32671232
577274,1790396211173,HpDrvPre.sys,19128
577274,1790396211173,SYS32_Hardware.exe,32671232
577804,1790396211705,HpDrvPre.sys,19128
577804,1790396211720,SYS32_Hardware.exe,32671232
578335,1790396212236,HpDrvPre.sys,19128
578335,1790396212236,SYS32_Hardware.exe,32671232
578866,1790396212767,HpDrvPre.sys,19128
578866,1790396212767,SYS32_Hardware.exe,32671232
579382,1790396213283,HpDrvPre.sys,19128
579382,1790396213283,SYS32_Hardware.exe,32671232
579913,1790396213814,HpDrvPre.sys,19128
579913,1790396213830,SYS32_Hardware.exe,32671232
580444,1790396214345,HpDrvPre.sys,19128
580444,1790396214345,SYS32_Hardware.exe,32671232
580981,1790396214877,HpDrvPre.sys,19128
580981,1790396214877,SYS32_Hardware.exe,32671232
581525,1790396215424,HpDrvPre.sys,19128
581525,1790396215424,SYS32_Hardware.exe,32671232
582038,1790396215939,HpDrvPre.sys,19128
582038,1790396215955,SYS32_Hardware.exe,32671232
582585,1790396216486,HpDrvPre.sys,19128
582585,1790396216486,SYS32_Hardware.exe,32671232
583116,1790396217017,HpDrvPre.sys,19128
583116,1790396217017,SYS32_Hardware.exe,32671232
583647,1790396217548,HpDrvPre.sys,19128
583647,1790396217548,SYS32_Hardware.exe,32671232
584184,1790396218080,HpDrvPre.sys,19128
584184,1790396218080,SYS32_Hardware.exe,32671232
584710,1790396218611,HpDrvPre.sys,19128
584710,1790396218627,SYS32_Hardware.exe,32671232
585244,1790396219142,HpDrvPre.sys,19128
585244,1790396219142,SYS32_Hardware.exe,32671232
585748,1790396219642,HpDrvPre.sys,19128
585748,1790396219673,SYS32_Hardware.exe,32671232
586288,1790396220189,HpDrvPre.sys,19128
586288,1790396220189,SYS32_Hardware.exe,32671232
586835,1790396220736,HpDrvPre.sys,19128
586835,1790396220736,SYS32_Hardware.exe,32671232
587350,1790396221252,HpDrvPre.sys,19128
587350,1790396221267,SYS32_Hardware.exe,32671232
587881,1790396221783,HpDrvPre.sys,19128
587881,1790396221783,SYS32_Hardware.exe,32671232
588397,1790396222299,HpDrvPre.sys,19128
588397,1790396222299,SYS32_Hardware.exe,32671232
588949,1790396222845,HpDrvPre.sys,19128
588949,1790396222845,SYS32_Hardware.exe,32671232
589475,1790396223377,HpDrvPre.sys,19128
589475,1790396223392,SYS32_Hardware.exe,32671232
589996,1790396223892,HpDrvPre.sys,19128
589996,1790396223892,SYS32_Hardware.exe,32671232
590553,1790396224455,HpDrvPre.sys,19128
590553,1790396224470,SYS32_Hardware.exe,32671232
591117,1790396225017,HpDrvPre.sys,19128
591117,1790396225017,SYS32_Hardware.exe,32671232
591634,1790396225533,HpDrvPre.sys,19128
591634,1790396225548,SYS32_Hardware.exe,32671232
592163,1790396226064,HpDrvPre.sys,19128
592163,1790396226080,SYS32_Hardware.exe,32671232
592694,1790396226595,HpDrvPre.sys,19128
592694,1790396226611,SYS32_Hardware.exe,32671232
593225,1790396227127,HpDrvPre.sys,19128
593225,1790396227127,SYS32_Hardware.exe,32671232
593757,1790396227658,HpDrvPre.sys,19128
593757,1790396227658,SYS32_Hardware.exe,32671232
594288,1790396228189,HpDrvPre.sys,19128
594288,1790396228205,SYS32_Hardware.exe,32671232
594804,1790396228705,HpDrvPre.sys,19128
594804,1790396228720,SYS32_Hardware.exe,32671232
595320,1790396229220,HpDrvPre.sys,19128
595320,1790396229236,SYS32_Hardware.exe,32671232
595850,1790396229752,HpDrvPre.sys,19128
595850,1790396229752,SYS32_Hardware.exe,32671232
596382,1790396230283,HpDrvPre.sys,19128
596382,1790396230298,SYS32_Hardware.exe,32671232
596913,1790396230814,HpDrvPre.sys,19128
596913,1790396230814,SYS32_Hardware.exe,32671232
597444,1790396231345,HpDrvPre.sys,19128
597444,1790396231361,SYS32_Hardware.exe,32671232
597960,1790396231861,HpDrvPre.sys,19128
597960,1790396231861,SYS32_Hardware.exe,32671232
598522,1790396232423,HpDrvPre.sys,19128
598522,1790396232439,SYS32_Hardware.exe,32671232
599069,1790396232970,HpDrvPre.sys,19128
599069,1790396232986,SYS32_Hardware.exe,32671232
599585,1790396233486,HpDrvPre.sys,19128
599585,1790396233486,SYS32_Hardware.exe,32671232
600116,1790396234017,HpDrvPre.sys,19128
600116,1790396234033,SYS32_Hardware.exe,32671232
600663,1790396234564,HpDrvPre.sys,19128
600663,1790396234580,SYS32_Hardware.exe,32671232
601186,1790396235080,HpDrvPre.sys,19128
601186,1790396235080,SYS32_Hardware.exe,32671232
601725,1790396235627,HpDrvPre.sys,19128
601725,1790396235627,SYS32_Hardware.exe,32671232
602258,1790396236158,HpDrvPre.sys,19128
602258,1790396236173,SYS32_Hardware.exe,32671232
602788,1790396236689,HpDrvPre.sys,19128
602788,1790396236689,SYS32_Hardware.exe,32671232
603323,1790396237220,HpDrvPre.sys,19128
603323,1790396237220,SYS32_Hardware.exe,32671232
603866,1790396237767,HpDrvPre.sys,19128
603866,1790396237767,SYS32_Hardware.exe,32671232
604397,1790396238298,HpDrvPre.sys,19128
604397,1790396238314,SYS32_Hardware.exe,32671232
604944,1790396238845,HpDrvPre.sys,19128
604944,1790396238861,SYS32_Hardware.exe,32671232
605475,1790396239377,HpDrvPre.sys,19128
605475,1790396239377,SYS32_Hardware.exe,32671232
605997,1790396239892,HpDrvPre.sys,19128
605997,1790396239892,SYS32_Hardware.exe,32671232
606538,1790396240439,HpDrvPre.sys,19128
606538,1790396240439,SYS32_Hardware.exe,32671232
607053,1790396240955,HpDrvPre.sys,19128
607053,1790396240970,SYS32_Hardware.exe,32671232
607569,1790396241470,HpDrvPre.sys,19128
607569,1790396241486,SYS32_Hardware.exe,32671232
608100,1790396242002,HpDrvPre.sys,19128
608100,1790396242017,SYS32_Hardware.exe,32671232
608663,1790396242564,HpDrvPre.sys,19128
608663,1790396242564,SYS32_Hardware.exe,32671232
609184,1790396243080,HpDrvPre.sys,19128
609184,1790396243095,SYS32_Hardware.exe,32671232
609710,1790396243611,HpDrvPre.sys,19128
609710,1790396243627,SYS32_Hardware.exe,32671232
610225,1790396244127,HpDrvPre.sys,19128
610225,1790396244127,SYS32_Hardware.exe,32671232
610790,1790396244689,HpDrvPre.sys,19128
610790,1790396244689,SYS32_Hardware.exe,32671232
611323,1790396245220,HpDrvPre.sys,19128
611323,1790396245236,SYS32_Hardware.exe,32671232
611869,1790396245767,HpDrvPre.sys,19128
611869,1790396245783,SYS32_Hardware.exe,32671232
612397,1790396246298,HpDrvPre.sys,19128
612397,1790396246298,SYS32_Hardware.exe,32671232
612944,1790396246845,HpDrvPre.sys,19128
612944,1790396246861,SYS32_Hardware.exe,32671232
613475,1790396247377,HpDrvPre.sys,19128
613475,1790396247377,SYS32_Hardware.exe,32671232
614007,1790396247908,HpDrvPre.sys,19128
614007,1790396247908,SYS32_Hardware.exe,32671232
614538,1790396248439,HpDrvPre.sys,19128
614538,1790396248439,SYS32_Hardware.exe,32671232
615069,1790396248970,HpDrvPre.sys,19128
615069,1790396248970,SYS32_Hardware.exe,32671232
615601,1790396249502,HpDrvPre.sys,19128
615601,1790396249517,SYS32_Hardware.exe,32671232
616132,1790396250033,HpDrvPre.sys,19128
616132,1790396250033,SYS32_Hardware.exe,32671232
616663,1790396250564,HpDrvPre.sys,19128
616663,1790396250580,SYS32_Hardware.exe,32671232
617182,1790396251080,HpDrvPre.sys,19128
617182,1790396251127,SYS32_Hardware.exe,32671232
617741,1790396251642,HpDrvPre.sys,19128
617741,1790396251689,SYS32_Hardware.exe,32671232
618292,1790396252193,HpDrvPre.sys,19128
618292,1790396252224,SYS32_Hardware.exe,32671232
618855,1790396252755,HpDrvPre.sys,19128
618855,1790396252771,SYS32_Hardware.exe,32671232
619370,1790396253271,HpDrvPre.sys,19128
619370,1790396253287,SYS32_Hardware.exe,32671232
619886,1790396253787,HpDrvPre.sys,19128
619886,1790396253787,SYS32_Hardware.exe,32671232
620432,1790396254334,HpDrvPre.sys,19128
620432,1790396254334,SYS32_Hardware.exe,32671232
620980,1790396254880,HpDrvPre.sys,19128
620980,1790396254880,SYS32_Hardware.exe,32671232
621497,1790396255396,HpDrvPre.sys,19128
621497,1790396255412,SYS32_Hardware.exe,32671232
622049,1790396255943,HpDrvPre.sys,19128
622049,1790396255943,SYS32_Hardware.exe,32671232
622592,1790396256490,HpDrvPre.sys,19128
622592,1790396256490,SYS32_Hardware.exe,32671232
623120,1790396257021,HpDrvPre.sys,19128
623120,1790396257037,SYS32_Hardware.exe,32671232
623651,1790396257552,HpDrvPre.sys,19128
623651,1790396257568,SYS32_Hardware.exe,32671232
624198,1790396258099,HpDrvPre.sys,19128
624198,1790396258115,SYS32_Hardware.exe,32671232
624746,1790396258646,HpDrvPre.sys,19128
624746,1790396258646,SYS32_Hardware.exe,32671232
625292,1790396259193,HpDrvPre.sys,19128
625292,1790396259193,SYS32_Hardware.exe,32671232
625809,1790396259709,HpDrvPre.sys,19128
625809,1790396259724,SYS32_Hardware.exe,32671232
626323,1790396260224,HpDrvPre.sys,19128
626323,1790396260224,SYS32_Hardware.exe,32671232
626870,1790396260771,HpDrvPre.sys,19128
626870,1790396260771,SYS32_Hardware.exe,32671232
627386,1790396261287,HpDrvPre.sys,19128
627386,1790396261302,SYS32_Hardware.exe,32671232
627901,1790396261802,HpDrvPre.sys,19128
627901,1790396261802,SYS32_Hardware.exe,32671232
628432,1790396262334,HpDrvPre.sys,19128
628432,1790396262349,SYS32_Hardware.exe,32671232
628964,1790396262865,HpDrvPre.sys,19128
628964,1790396262880,SYS32_Hardware.exe,32671232
629495,1790396263396,HpDrvPre.sys,19128
629495,1790396263396,SYS32_Hardware.exe,32671232
630026,1790396263927,HpDrvPre.sys,19128
630026,1790396263927,SYS32_Hardware.exe,32671232
630542,1790396264443,HpDrvPre.sys,19128
630542,1790396264459,SYS32_Hardware.exe,32671232
631088,1790396264990,HpDrvPre.sys,19128
631088,1790396265006,SYS32_Hardware.exe,32671232
631620,1790396265521,HpDrvPre.sys,19128
631620,1790396265521,SYS32_Hardware.exe,32671232
632157,1790396266052,HpDrvPre.sys,19128
632157,1790396266068,SYS32_Hardware.exe,32671232
632734,1790396266630,HpDrvPre.sys,19128
632734,1790396266630,SYS32_Hardware.exe,32671232
633245,1790396267146,HpDrvPre.sys,19128
633245,1790396267146,SYS32_Hardware.exe,32671232
633779,1790396267680,HpDrvPre.sys,19128
633779,1790396267695,SYS32_Hardware.exe,32671232
634313,1790396268211,HpDrvPre.sys,19128
634313,1790396268211,SYS32_Hardware.exe,32671232
634863,1790396268758,HpDrvPre.sys,19128
634863,1790396268758,SYS32_Hardware.exe,32671232
635388,1790396269290,HpDrvPre.sys,19128
635388,1790396269305,SYS32_Hardware.exe,32671232
635943,1790396269836,HpDrvPre.sys,19128
635943,1790396269836,SYS32_Hardware.exe,32671232
636452,1790396270352,HpDrvPre.sys,19128
636452,1790396270368,SYS32_Hardware.exe,32671232
636998,1790396270899,HpDrvPre.sys,19128
636998,1790396270914,SYS32_Hardware.exe,32671232
637560,1790396271461,HpDrvPre.sys,19128
637560,1790396271477,SYS32_Hardware.exe,32671232
638091,1790396271993,HpDrvPre.sys,19128
638091,1790396272008,SYS32_Hardware.exe,32671232
638670,1790396272571,HpDrvPre.sys,19128
638670,1790396272571,SYS32_Hardware.exe,32671232
639216,1790396273118,HpDrvPre.sys,19128
639216,1790396273133,SYS32_Hardware.exe,32671232
639732,1790396273633,HpDrvPre.sys,19128
639732,1790396273633,SYS32_Hardware.exe,32671232
640266,1790396274166,HpDrvPre.sys,19128
640266,1790396274166,SYS32_Hardware.exe,32671232
640812,1790396274713,HpDrvPre.sys,19128
640812,1790396274728,SYS32_Hardware.exe,32671232
641335,1790396275228,HpDrvPre.sys,19128
641335,1790396275228,SYS32_Hardware.exe,32671232
641874,1790396275775,HpDrvPre.sys,19128
641874,1790396275791,SYS32_Hardware.exe,32671232
642390,1790396276291,HpDrvPre.sys,19128
642390,1790396276291,SYS32_Hardware.exe,32671232
642942,1790396276838,HpDrvPre.sys,19128
642942,1790396276838,SYS32_Hardware.exe,32671232
643485,1790396277385,HpDrvPre.sys,19128
643485,1790396277400,SYS32_Hardware.exe,32671232
644030,1790396277931,HpDrvPre.sys,19128
644030,1790396277947,SYS32_Hardware.exe,32671232
644582,1790396278478,HpDrvPre.sys,19128
644582,1790396278478,SYS32_Hardware.exe,32671232
645124,1790396279025,HpDrvPre.sys,19128
645124,1790396279041,SYS32_Hardware.exe,32671232
645640,1790396279541,HpDrvPre.sys,19128
645640,1790396279556,SYS32_Hardware.exe,32671232
646171,1790396280072,HpDrvPre.sys,19128
646171,1790396280088,SYS32_Hardware.exe,32671232
646718,1790396280619,HpDrvPre.sys,19128
646718,1790396280635,SYS32_Hardware.exe,32671232
647253,1790396281150,HpDrvPre.sys,19128
647253,1790396281150,SYS32_Hardware.exe,32671232
647780,1790396281681,HpDrvPre.sys,19128
647780,1790396281697,SYS32_Hardware.exe,32671232
648329,1790396282228,HpDrvPre.sys,19128
648329,1790396282228,SYS32_Hardware.exe,32671232
648890,1790396282791,HpDrvPre.sys,19128
648890,1790396282806,SYS32_Hardware.exe,32671232
649421,1790396283322,HpDrvPre.sys,19128
649421,1790396283322,SYS32_Hardware.exe,32671232
649952,1790396283853,HpDrvPre.sys,19128
649952,1790396283853,SYS32_Hardware.exe,32671232
650483,1790396284385,HpDrvPre.sys,19128
650483,1790396284400,SYS32_Hardware.exe,32671232
651022,1790396284916,HpDrvPre.sys,19128
651022,1790396284916,SYS32_Hardware.exe,32671232
651546,1790396285447,HpDrvPre.sys,19128
651546,1790396285447,SYS32_Hardware.exe,32671232
652077,1790396285978,HpDrvPre.sys,19128
652077,1790396285994,SYS32_Hardware.exe,32671232
652640,1790396286541,HpDrvPre.sys,19128
652640,1790396286556,SYS32_Hardware.exe,32671232
653165,1790396287056,HpDrvPre.sys,19128
653165,1790396287072,SYS32_Hardware.exe,32671232
653687,1790396287588,HpDrvPre.sys,19128
653687,1790396287588,SYS32_Hardware.exe,32671232
654219,1790396288119,HpDrvPre.sys,19128
654219,1790396288135,SYS32_Hardware.exe,32671232
654771,1790396288666,HpDrvPre.sys,19128
654771,1790396288666,SYS32_Hardware.exe,32671232
655297,1790396289198,HpDrvPre.sys,19128
655297,1790396289198,SYS32_Hardware.exe,32671232
655844,1790396289745,HpDrvPre.sys,19128
655844,1790396289760,SYS32_Hardware.exe,32671232
656376,1790396290276,HpDrvPre.sys,19128
656376,1790396290276,SYS32_Hardware.exe,32671232
656908,1790396290807,HpDrvPre.sys,19128
656908,1790396290823,SYS32_Hardware.exe,32671232
657439,1790396291338,HpDrvPre.sys,19128
657439,1790396291354,SYS32_Hardware.exe,32671232
657985,1790396291885,HpDrvPre.sys,19128
657985,1790396291885,SYS32_Hardware.exe,32671232
658532,1790396292432,HpDrvPre.sys,19128
658532,1790396292432,SYS32_Hardware.exe,32671232
659102,1790396292995,HpDrvPre.sys,19128
659102,1790396293010,SYS32_Hardware.exe,32671232
659625,1790396293526,HpDrvPre.sys,19128
659625,1790396293526,SYS32_Hardware.exe,32671232
660149,1790396294042,HpDrvPre.sys,19128
660149,1790396294042,SYS32_Hardware.exe,32671232
660687,1790396294589,HpDrvPre.sys,19128
660687,1790396294604,SYS32_Hardware.exe,32671232
661218,1790396295120,HpDrvPre.sys,19128
661218,1790396295135,SYS32_Hardware.exe,32671232
661750,1790396295651,HpDrvPre.sys,19128
661750,1790396295667,SYS32_Hardware.exe,32671232
662281,1790396296182,HpDrvPre.sys,19128
662281,1790396296198,SYS32_Hardware.exe,32671232
662812,1790396296714,HpDrvPre.sys,19128
662812,1790396296714,SYS32_Hardware.exe,32671232
663359,1790396297260,HpDrvPre.sys,19128
663359,1790396297276,SYS32_Hardware.exe,32671232
663875,1790396297776,HpDrvPre.sys,19128
663875,1790396297776,SYS32_Hardware.exe,32671232
664390,1790396298292,HpDrvPre.sys,19128
664390,1790396298307,SYS32_Hardware.exe,32671232
664937,1790396298839,HpDrvPre.sys,19128
664937,1790396298839,SYS32_Hardware.exe,32671232
665469,1790396299370,HpDrvPre.sys,19128
665469,1790396299370,SYS32_Hardware.exe,32671232
666005,1790396299901,HpDrvPre.sys,19128
666005,1790396299917,SYS32_Hardware.exe,32671232
666551,1790396300448,HpDrvPre.sys,19128
666551,1790396300464,SYS32_Hardware.exe,32671232
667078,1790396300979,HpDrvPre.sys,19128
667078,1790396300979,SYS32_Hardware.exe,32671232
667610,1790396301510,HpDrvPre.sys,19128
667610,1790396301526,SYS32_Hardware.exe,32671232
668125,1790396302026,HpDrvPre.sys,19128
668125,1790396302026,SYS32_Hardware.exe,32671232
668672,1790396302573,HpDrvPre.sys,19128
668672,1790396302589,SYS32_Hardware.exe,32671232
669208,1790396303104,HpDrvPre.sys,19128
669208,1790396303104,SYS32_Hardware.exe,32671232
669734,1790396303635,HpDrvPre.sys,19128
669734,1790396303635,SYS32_Hardware.exe,32671232
670250,1790396304151,HpDrvPre.sys,19128
670250,1790396304151,SYS32_Hardware.exe,32671232
670781,1790396304682,HpDrvPre.sys,19128
670781,1790396304698,SYS32_Hardware.exe,32671232
671297,1790396305198,HpDrvPre.sys,19128
671297,1790396305198,SYS32_Hardware.exe,32671232
671831,1790396305729,HpDrvPre.sys,19128
671831,1790396305729,SYS32_Hardware.exe,32671232
672375,1790396306276,HpDrvPre.sys,19128
672375,1790396306292,SYS32_Hardware.exe,32671232
672906,1790396306807,HpDrvPre.sys,19128
672906,1790396306807,SYS32_Hardware.exe,32671232
673444,1790396307339,HpDrvPre.sys,19128
673444,1790396307354,SYS32_Hardware.exe,32671232
673968,1790396307870,HpDrvPre.sys,19128
673968,1790396307870,SYS32_Hardware.exe,32671232
674484,1790396308385,HpDrvPre.sys,19128
674484,1790396308401,SYS32_Hardware.exe,32671232
675015,1790396308917,HpDrvPre.sys,19128
675015,1790396308917,SYS32_Hardware.exe,32671232
675547,1790396309448,HpDrvPre.sys,19128
675547,1790396309448,SYS32_Hardware.exe,32671232
676062,1790396309964,HpDrvPre.sys,19128
676062,1790396309964,SYS32_Hardware.exe,32671232
676599,1790396310495,HpDrvPre.sys,19128
676599,1790396310495,SYS32_Hardware.exe,32671232
677125,1790396311026,HpDrvPre.sys,19128
677125,1790396311026,SYS32_Hardware.exe,32671232
677640,1790396311542,HpDrvPre.sys,19128
677640,1790396311557,SYS32_Hardware.exe,32671232
678172,1790396312073,HpDrvPre.sys,19128
678172,1790396312088,SYS32_Hardware.exe,32671232
678710,1790396312604,HpDrvPre.sys,19128
678710,1790396312604,SYS32_Hardware.exe,32671232
679234,1790396313135,HpDrvPre.sys,19128
679234,1790396313135,SYS32_Hardware.exe,32671232
679765,1790396313667,HpDrvPre.sys,19128
679765,1790396313667,SYS32_Hardware.exe,32671232
680302,1790396314198,HpDrvPre.sys,19128
680302,1790396314213,SYS32_Hardware.exe,32671232
680829,1790396314729,HpDrvPre.sys,19128
680829,1790396314729,SYS32_Hardware.exe,32671232
681343,1790396315245,HpDrvPre.sys,19128
681343,1790396315245,SYS32_Hardware.exe,32671232
681875,1790396315776,HpDrvPre.sys,19128
681875,1790396315792,SYS32_Hardware.exe,32671232
682406,1790396316307,HpDrvPre.sys,19128
682406,1790396316307,SYS32_Hardware.exe,32671232
682953,1790396316854,HpDrvPre.sys,19128
682953,1790396316854,SYS32_Hardware.exe,32671232
683468,1790396317370,HpDrvPre.sys,19128
683468,1790396317370,SYS32_Hardware.exe,32671232
684007,1790396317901,HpDrvPre.sys,19128
684007,1790396317901,SYS32_Hardware.exe,32671232
684547,1790396318448,HpDrvPre.sys,19128
684547,1790396318448,SYS32_Hardware.exe,32671232
685093,1790396318995,HpDrvPre.sys,19128
685093,1790396319010,SYS32_Hardware.exe,32671232
685609,1790396319510,HpDrvPre.sys,19128
685609,1790396319510,SYS32_Hardware.exe,32671232
686134,1790396320026,HpDrvPre.sys,19128
686134,1790396320042,SYS32_Hardware.exe,32671232
686656,1790396320557,HpDrvPre.sys,19128
686656,1790396320573,SYS32_Hardware.exe,32671232
687187,1790396321089,HpDrvPre.sys,19128
687187,1790396321089,SYS32_Hardware.exe,32671232
687718,1790396321620,HpDrvPre.sys,19128
687718,1790396321620,SYS32_Hardware.exe,32671232
688250,1790396322151,HpDrvPre.sys,19128
688250,1790396322167,SYS32_Hardware.exe,32671232
688804,1790396322698,HpDrvPre.sys,19128
688804,1790396322698,SYS32_Hardware.exe,32671232
689335,1790396323229,HpDrvPre.sys,19128
689335,1790396323229,SYS32_Hardware.exe,32671232
689875,1790396323776,HpDrvPre.sys,19128
689875,1790396323776,SYS32_Hardware.exe,32671232
690390,1790396324292,HpDrvPre.sys,19128
690390,1790396324307,SYS32_Hardware.exe,32671232
690926,1790396324823,HpDrvPre.sys,19128
690926,1790396324823,SYS32_Hardware.exe,32671232
691468,1790396325370,HpDrvPre.sys,19128
691468,1790396325385,SYS32_Hardware.exe,32671232
692031,1790396325932,HpDrvPre.sys,19128
692031,1790396325948,SYS32_Hardware.exe,32671232
692562,1790396326464,HpDrvPre.sys,19128
692562,1790396326464,SYS32_Hardware.exe,32671232
693093,1790396326995,HpDrvPre.sys,19128
693093,1790396326995,SYS32_Hardware.exe,32671232
693609,1790396327510,HpDrvPre.sys,19128
693609,1790396327526,SYS32_Hardware.exe,32671232
694142,1790396328042,HpDrvPre.sys,19128
694142,1790396328042,SYS32_Hardware.exe,32671232
694690,1790396328588,HpDrvPre.sys,19128
694690,1790396328588,SYS32_Hardware.exe,32671232
695218,1790396329120,HpDrvPre.sys,19128
695218,1790396329120,SYS32_Hardware.exe,32671232
695759,1790396329651,HpDrvPre.sys,19128
695759,1790396329667,SYS32_Hardware.exe,32671232
696281,1790396330182,HpDrvPre.sys,19128
696281,1790396330182,SYS32_Hardware.exe,32671232
696820,1790396330713,HpDrvPre.sys,19128
696820,1790396330713,SYS32_Hardware.exe,32671232
697328,1790396331229,HpDrvPre.sys,19128
697328,1790396331245,SYS32_Hardware.exe,32671232
697849,1790396331745,HpDrvPre.sys,19128
697849,1790396331745,SYS32_Hardware.exe,32671232
698375,1790396332276,HpDrvPre.sys,19128
698375,1790396332276,SYS32_Hardware.exe,32671232
698906,1790396332807,HpDrvPre.sys,19128
698906,1790396332823,SYS32_Hardware.exe,32671232
699423,1790396333323,HpDrvPre.sys,19128
699423,1790396333323,SYS32_Hardware.exe,32671232
699937,1790396333839,HpDrvPre.sys,19128
699937,1790396333839,SYS32_Hardware.exe,32671232
700468,1790396334370,HpDrvPre.sys,19128
700468,1790396334385,SYS32_Hardware.exe,32671232
701015,1790396334917,HpDrvPre.sys,19128
701015,1790396334932,SYS32_Hardware.exe,32671232
701546,1790396335448,HpDrvPre.sys,19128
701546,1790396335463,SYS32_Hardware.exe,32671232
702081,1790396335979,HpDrvPre.sys,19128
702081,1790396335979,SYS32_Hardware.exe,32671232
702610,1790396336510,HpDrvPre.sys,19128
702610,1790396336510,SYS32_Hardware.exe,32671232
703125,1790396337026,HpDrvPre.sys,19128
703125,1790396337026,SYS32_Hardware.exe,32671232
703656,1790396337557,HpDrvPre.sys,19128
703656,1790396337557,SYS32_Hardware.exe,32671232
704194,1790396338088,HpDrvPre.sys,19128
704194,1790396338088,SYS32_Hardware.exe,32671232
704756,1790396338651,HpDrvPre.sys,19128
704756,1790396338651,SYS32_Hardware.exe,32671232
705281,1790396339182,HpDrvPre.sys,19128
705281,1790396339182,SYS32_Hardware.exe,32671232
705820,1790396339714,HpDrvPre.sys,19128
705820,1790396339714,SYS32_Hardware.exe,32671232
706346,1790396340245,HpDrvPre.sys,19128
706346,1790396340245,SYS32_Hardware.exe,32671232
706906,1790396340807,HpDrvPre.sys,19128
706906,1790396340823,SYS32_Hardware.exe,32671232
707425,1790396341323,HpDrvPre.sys,19128
707425,1790396341323,SYS32_Hardware.exe,32671232
707957,1790396341854,HpDrvPre.sys,19128
707957,1790396341854,SYS32_Hardware.exe,32671232
708486,1790396342385,HpDrvPre.sys,19128
708486,1790396342385,SYS32_Hardware.exe,32671232
709036,1790396342932,HpDrvPre.sys,19128
709036,1790396342932,SYS32_Hardware.exe,32671232
709562,1790396343464,HpDrvPre.sys,19128
709562,1790396343464,SYS32_Hardware.exe,32671232
710109,1790396344010,HpDrvPre.sys,19128
710109,1790396344010,SYS32_Hardware.exe,32671232
710625,1790396344526,HpDrvPre.sys,19128
710625,1790396344526,SYS32_Hardware.exe,32671232
711140,1790396345042,HpDrvPre.sys,19128
711140,1790396345042,SYS32_Hardware.exe,32671232
711656,1790396345557,HpDrvPre.sys,19128
711656,1790396345573,SYS32_Hardware.exe,32671232
712187,1790396346089,HpDrvPre.sys,19128
712187,1790396346089,SYS32_Hardware.exe,32671232
712734,1790396346635,HpDrvPre.sys,19128
712734,1790396346635,SYS32_Hardware.exe,32671232
713251,1790396347151,HpDrvPre.sys,19128
713251,1790396347151,SYS32_Hardware.exe,32671232
713797,1790396347698,HpDrvPre.sys,19128
713797,1790396347713,SYS32_Hardware.exe,32671232
714343,1790396348245,HpDrvPre.sys,19128
714343,1790396348245,SYS32_Hardware.exe,32671232
714890,1790396348792,HpDrvPre.sys,19128
714890,1790396348792,SYS32_Hardware.exe,32671232
715408,1790396349307,HpDrvPre.sys,19128
715408,1790396349307,SYS32_Hardware.exe,32671232
715937,1790396349839,HpDrvPre.sys,19128
715937,1790396349854,SYS32_Hardware.exe,32671232
716469,1790396350370,HpDrvPre.sys,19128
716469,1790396350385,SYS32_Hardware.exe,32671232
717008,1790396350901,HpDrvPre.sys,19128
717008,1790396350917,SYS32_Hardware.exe,32671232
717515,1790396351417,HpDrvPre.sys,19128
717515,1790396351432,SYS32_Hardware.exe,32671232
718047,1790396351948,HpDrvPre.sys,19128
718047,1790396351948,SYS32_Hardware.exe,32671232
718593,1790396352495,HpDrvPre.sys,19128
718593,1790396352510,SYS32_Hardware.exe,32671232
719109,1790396353010,HpDrvPre.sys,19128
719109,1790396353026,SYS32_Hardware.exe,32671232
719665,1790396353557,HpDrvPre.sys,19128
719665,1790396353588,SYS32_Hardware.exe,32671232
720187,1790396354089,HpDrvPre.sys,19128
720187,1790396354104,SYS32_Hardware.exe,32671232
720720,1790396354620,HpDrvPre.sys,19128
720720,1790396354635,SYS32_Hardware.exe,32671232
721234,1790396355135,HpDrvPre.sys,19128
721234,1790396355135,SYS32_Hardware.exe,32671232
721781,1790396355682,HpDrvPre.sys,19128
721781,1790396355698,SYS32_Hardware.exe,32671232
722328,1790396356229,HpDrvPre.sys,19128
722328,1790396356229,SYS32_Hardware.exe,32671232
722875,1790396356776,HpDrvPre.sys,19128
722875,1790396356792,SYS32_Hardware.exe,32671232
723390,1790396357292,HpDrvPre.sys,19128
723390,1790396357307,SYS32_Hardware.exe,32671232
723945,1790396357839,HpDrvPre.sys,19128
723945,1790396357839,SYS32_Hardware.exe,32671232
724469,1790396358370,HpDrvPre.sys,19128
724469,1790396358385,SYS32_Hardware.exe,32671232
725023,1790396358917,HpDrvPre.sys,19128
725023,1790396358917,SYS32_Hardware.exe,32671232
725548,1790396359448,HpDrvPre.sys,19128
725548,1790396359463,SYS32_Hardware.exe,32671232
726064,1790396359964,HpDrvPre.sys,19128
726064,1790396359964,SYS32_Hardware.exe,32671232
726609,1790396360510,HpDrvPre.sys,19128
726609,1790396360526,SYS32_Hardware.exe,32671232
727156,1790396361057,HpDrvPre.sys,19128
727156,1790396361073,SYS32_Hardware.exe,32671232
727687,1790396361589,HpDrvPre.sys,19128
727687,1790396361604,SYS32_Hardware.exe,32671232
728203,1790396362104,HpDrvPre.sys,19128
728203,1790396362120,SYS32_Hardware.exe,32671232
728734,1790396362635,HpDrvPre.sys,19128
728734,1790396362651,SYS32_Hardware.exe,32671232
729250,1790396363151,HpDrvPre.sys,19128
729250,1790396363151,SYS32_Hardware.exe,32671232
729781,1790396363682,HpDrvPre.sys,19128
729781,1790396363698,SYS32_Hardware.exe,32671232
730297,1790396364198,HpDrvPre.sys,19128
730297,1790396364214,SYS32_Hardware.exe,32671232
730844,1790396364745,HpDrvPre.sys,19128
730844,1790396364760,SYS32_Hardware.exe,32671232
731359,1790396365260,HpDrvPre.sys,19128
731359,1790396365260,SYS32_Hardware.exe,32671232
731898,1790396365792,HpDrvPre.sys,19128
731898,1790396365792,SYS32_Hardware.exe,32671232
732423,1790396366323,HpDrvPre.sys,19128
732423,1790396366323,SYS32_Hardware.exe,32671232
732974,1790396366872,HpDrvPre.sys,19128
732974,1790396366872,SYS32_Hardware.exe,32671232
733502,1790396367403,HpDrvPre.sys,19128
733502,1790396367419,SYS32_Hardware.exe,32671232
734018,1790396367919,HpDrvPre.sys,19128
734018,1790396367919,SYS32_Hardware.exe,32671232
734565,1790396368466,HpDrvPre.sys,19128
734565,1790396368481,SYS32_Hardware.exe,32671232
735112,1790396369013,HpDrvPre.sys,19128
735112,1790396369028,SYS32_Hardware.exe,32671232
735627,1790396369528,HpDrvPre.sys,19128
735627,1790396369528,SYS32_Hardware.exe,32671232
736158,1790396370060,HpDrvPre.sys,19128
736158,1790396370060,SYS32_Hardware.exe,32671232
736693,1790396370591,HpDrvPre.sys,19128
736693,1790396370591,SYS32_Hardware.exe,32671232
737222,1790396371122,HpDrvPre.sys,19128
737222,1790396371138,SYS32_Hardware.exe,32671232
737736,1790396371638,HpDrvPre.sys,19128
737736,1790396371653,SYS32_Hardware.exe,32671232
738269,1790396372169,HpDrvPre.sys,19128
738269,1790396372169,SYS32_Hardware.exe,32671232
738799,1790396372700,HpDrvPre.sys,19128
738799,1790396372716,SYS32_Hardware.exe,32671232
739330,1790396373231,HpDrvPre.sys,19128
739330,1790396373247,SYS32_Hardware.exe,32671232
739870,1790396373771,HpDrvPre.sys,19128
739870,1790396373771,SYS32_Hardware.exe,32671232
740400,1790396374301,HpDrvPre.sys,19128
740400,1790396374301,SYS32_Hardware.exe,32671232
740927,1790396374829,HpDrvPre.sys,19128
740927,1790396374829,SYS32_Hardware.exe,32671232
741448,1790396375350,HpDrvPre.sys,19128
741448,1790396375350,SYS32_Hardware.exe,32671232
741971,1790396375872,HpDrvPre.sys,19128
741971,1790396375872,SYS32_Hardware.exe,32671232
742494,1790396376396,HpDrvPre.sys,19128
742494,1790396376396,SYS32_Hardware.exe,32671232
743018,1790396376919,HpDrvPre.sys,19128
743018,1790396376919,SYS32_Hardware.exe,32671232
743521,1790396377422,HpDrvPre.sys,19128
743521,1790396377422,SYS32_Hardware.exe,32671232
744044,1790396377946,HpDrvPre.sys,19128
744044,1790396377946,SYS32_Hardware.exe,32671232
744566,1790396378468,HpDrvPre.sys,19128
744566,1790396378468,SYS32_Hardware.exe,32671232
745092,1790396378994,HpDrvPre.sys,19128
745092,1790396379009,SYS32_Hardware.exe,32671232
745636,1790396379536,HpDrvPre.sys,19128
745636,1790396379536,SYS32_Hardware.exe,32671232
746159,1790396380060,HpDrvPre.sys,19128
746159,1790396380060,SYS32_Hardware.exe,32671232
746681,1790396380583,HpDrvPre.sys,19128
746681,1790396380583,SYS32_Hardware.exe,32671232
747208,1790396381109,HpDrvPre.sys,19128
747208,1790396381109,SYS32_Hardware.exe,32671232
747731,1790396381632,HpDrvPre.sys,19128
747731,1790396381632,SYS32_Hardware.exe,32671232
748262,1790396382163,HpDrvPre.sys,19128
748262,1790396382163,SYS32_Hardware.exe,32671232
748786,1790396382687,HpDrvPre.sys,19128
748786,1790396382687,SYS32_Hardware.exe,32671232
749313,1790396383214,HpDrvPre.sys,19128
749313,1790396383214,SYS32_Hardware.exe,32671232
749833,1790396383735,HpDrvPre.sys,19128
749833,1790396383735,SYS32_Hardware.exe,32671232
750361,1790396384261,HpDrvPre.sys,19128
750361,1790396384261,SYS32_Hardware.exe,32671232
750886,1790396384786,HpDrvPre.sys,19128
750886,1790396384786,SYS32_Hardware.exe,32671232
751392,1790396385294,HpDrvPre.sys,19128
751392,1790396385294,SYS32_Hardware.exe,32671232
751918,1790396385819,HpDrvPre.sys,19128
751918,1790396385819,SYS32_Hardware.exe,32671232
752438,1790396386340,HpDrvPre.sys,19128
752438,1790396386340,SYS32_Hardware.exe,32671232
752963,1790396386862,HpDrvPre.sys,19128
752963,1790396386862,SYS32_Hardware.exe,32671232
753487,1790396387388,HpDrvPre.sys,19128
753487,1790396387388,SYS32_Hardware.exe,32671232
754011,1790396387912,HpDrvPre.sys,19128
754011,1790396387912,SYS32_Hardware.exe,32671232
754538,1790396388439,HpDrvPre.sys,19128
754538,1790396388439,SYS32_Hardware.exe,32671232
755055,1790396388956,HpDrvPre.sys,19128
755055,1790396388956,SYS32_Hardware.exe,32671232
755570,1790396389471,HpDrvPre.sys,19128
755570,1790396389471,SYS32_Hardware.exe,32671232
756098,1790396390000,HpDrvPre.sys,19128
756098,1790396390000,SYS32_Hardware.exe,32671232
756629,1790396390531,HpDrvPre.sys,19128
756629,1790396390531,SYS32_Hardware.exe,32671232
757155,1790396391056,HpDrvPre.sys,19128
757155,1790396391056,SYS32_Hardware.exe,32671232
757664,1790396391565,HpDrvPre.sys,19128
757664,1790396391565,SYS32_Hardware.exe,32671232
758192,1790396392093,HpDrvPre.sys,19128
758192,1790396392093,SYS32_Hardware.exe,32671232
758712,1790396392613,HpDrvPre.sys,19128
758712,1790396392613,SYS32_Hardware.exe,32671232
759240,1790396393141,HpDrvPre.sys,19128
759240,1790396393141,SYS32_Hardware.exe,32671232
759746,1790396393647,HpDrvPre.sys,19128
759746,1790396393647,SYS32_Hardware.exe,32671232
760262,1790396394163,HpDrvPre.sys,19128
760262,1790396394163,SYS32_Hardware.exe,32671232
760786,1790396394687,HpDrvPre.sys,19128
760786,1790396394687,SYS32_Hardware.exe,32671232
761317,1790396395216,HpDrvPre.sys,19128
761317,1790396395216,SYS32_Hardware.exe,32671232
761834,1790396395736,HpDrvPre.sys,19128
761834,1790396395736,SYS32_Hardware.exe,32671232
762351,1790396396252,HpDrvPre.sys,19128
762351,1790396396252,SYS32_Hardware.exe,32671232
762898,1790396396799,HpDrvPre.sys,19128
762898,1790396396799,SYS32_Hardware.exe,32671232
763422,1790396397323,HpDrvPre.sys,19128
763422,1790396397323,SYS32_Hardware.exe,32671232
763943,1790396397844,HpDrvPre.sys,19128
763943,1790396397844,SYS32_Hardware.exe,32671232
764471,1790396398372,HpDrvPre.sys,19128
764471,1790396398372,SYS32_Hardware.exe,32671232
764990,1790396398890,HpDrvPre.sys,19128
764990,1790396398890,SYS32_Hardware.exe,32671232
765518,1790396399419,HpDrvPre.sys,19128
765518,1790396399419,SYS32_Hardware.exe,32671232
766039,1790396399940,HpDrvPre.sys,19128
766039,1790396399940,SYS32_Hardware.exe,32671232
766566,1790396400467,HpDrvPre.sys,19128
766566,1790396400467,SYS32_Hardware.exe,32671232
767095,1790396400996,HpDrvPre.sys,19128
767095,1790396400996,SYS32_Hardware.exe,32671232
767621,1790396401522,HpDrvPre.sys,19128
767621,1790396401522,SYS32_Hardware.exe,32671232
768132,1790396402034,HpDrvPre.sys,19128
768132,1790396402034,SYS32_Hardware.exe,32671232
768661,1790396402562,HpDrvPre.sys,19128
768661,1790396402562,SYS32_Hardware.exe,32671232
769186,1790396403087,HpDrvPre.sys,19128
769186,1790396403087,SYS32_Hardware.exe,32671232
769710,1790396403612,HpDrvPre.sys,19128
769710,1790396403612,SYS32_Hardware.exe,32671232
770238,1790396404139,HpDrvPre.sys,19128
770238,1790396404139,SYS32_Hardware.exe,32671232
770769,1790396404670,HpDrvPre.sys,19128
770769,1790396404670,SYS32_Hardware.exe,32671232
771284,1790396405185,HpDrvPre.sys,19128
771284,1790396405185,SYS32_Hardware.exe,32671232
771809,1790396405709,HpDrvPre.sys,19128
771809,1790396405709,SYS32_Hardware.exe,32671232
772329,1790396406230,HpDrvPre.sys,19128
772329,1790396406230,SYS32_Hardware.exe,32671232
772866,1790396406767,HpDrvPre.sys,19128
772866,1790396406767,SYS32_Hardware.exe,32671232
773391,1790396407292,HpDrvPre.sys,19128
773391,1790396407292,SYS32_Hardware.exe,32671232
773918,1790396407819,HpDrvPre.sys,19128
773918,1790396407819,SYS32_Hardware.exe,32671232
774442,1790396408343,HpDrvPre.sys,19128
774442,1790396408343,SYS32_Hardware.exe,32671232
774974,1790396408874,HpDrvPre.sys,19128
774974,1790396408874,SYS32_Hardware.exe,32671232
775486,1790396409387,HpDrvPre.sys,19128
775486,1790396409387,SYS32_Hardware.exe,32671232
775994,1790396409896,HpDrvPre.sys,19128
775994,1790396409896,SYS32_Hardware.exe,32671232
776519,1790396410421,HpDrvPre.sys,19128
776519,1790396410421,SYS32_Hardware.exe,32671232
777043,1790396410944,HpDrvPre.sys,19128
777043,1790396410944,SYS32_Hardware.exe,32671232
777551,1790396411452,HpDrvPre.sys,19128
777551,1790396411452,SYS32_Hardware.exe,32671232
778068,1790396411969,HpDrvPre.sys,19128
778068,1790396411969,SYS32_Hardware.exe,32671232
778584,1790396412486,HpDrvPre.sys,19128
778584,1790396412486,SYS32_Hardware.exe,32671232
779107,1790396413008,HpDrvPre.sys,19128
779107,1790396413008,SYS32_Hardware.exe,32671232
779607,1790396413508,HpDrvPre.sys,19128
779607,1790396413508,SYS32_Hardware.exe,32671232
780113,1790396414015,HpDrvPre.sys,19128
780113,1790396414015,SYS32_Hardware.exe,32671232
780641,1790396414542,HpDrvPre.sys,19128
780641,1790396414542,SYS32_Hardware.exe,32671232
781142,1790396415042,HpDrvPre.sys,19128
781142,1790396415042,SYS32_Hardware.exe,32671232
781675,1790396415576,HpDrvPre.sys,19128
781675,1790396415576,SYS32_Hardware.exe,32671232
782200,1790396416101,HpDrvPre.sys,19128
782200,1790396416101,SYS32_Hardware.exe,32671232
782727,1790396416628,HpDrvPre.sys,19128
782727,1790396416628,SYS32_Hardware.exe,32671232
783235,1790396417136,HpDrvPre.sys,19128
783235,1790396417136,SYS32_Hardware.exe,32671232
783759,1790396417660,HpDrvPre.sys,19128
783759,1790396417660,SYS32_Hardware.exe,32671232
784268,1790396418170,HpDrvPre.sys,19128
784268,1790396418170,SYS32_Hardware.exe,32671232
784785,1790396418686,HpDrvPre.sys,19128
784785,1790396418686,SYS32_Hardware.exe,32671232
785314,1790396419215,HpDrvPre.sys,19128
785314,1790396419215,SYS32_Hardware.exe,32671232
785822,1790396419723,HpDrvPre.sys,19128
785822,1790396419723,SYS32_Hardware.exe,32671232
786351,1790396420252,HpDrvPre.sys,19128
786351,1790396420252,SYS32_Hardware.exe,32671232
786876,1790396420777,HpDrvPre.sys,19128
786876,1790396420777,SYS32_Hardware.exe,32671232
787392,1790396421293,HpDrvPre.sys,19128
787392,1790396421293,SYS32_Hardware.exe,32671232
787918,1790396421819,HpDrvPre.sys,19128
787918,1790396421819,SYS32_Hardware.exe,32671232
788419,1790396422319,HpDrvPre.sys,19128
788419,1790396422319,SYS32_Hardware.exe,32671232
788946,1790396422847,HpDrvPre.sys,19128
788946,1790396422847,SYS32_Hardware.exe,32671232
789463,1790396423365,HpDrvPre.sys,19128
789463,1790396423365,SYS32_Hardware.exe,32671232
789987,1790396423888,HpDrvPre.sys,19128
789987,1790396423888,SYS32_Hardware.exe,32671232
790522,1790396424423,HpDrvPre.sys,19128
790522,1790396424423,SYS32_Hardware.exe,32671232
791048,1790396424948,HpDrvPre.sys,19128
791048,1790396424948,SYS32_Hardware.exe,32671232
791573,1790396425474,HpDrvPre.sys,19128
791573,1790396425474,SYS32_Hardware.exe,32671232
792083,1790396425985,HpDrvPre.sys,19128
792083,1790396425985,SYS32_Hardware.exe,32671232
792612,1790396426511,HpDrvPre.sys,19128
792612,1790396426511,SYS32_Hardware.exe,32671232
793141,1790396427042,HpDrvPre.sys,19128
793141,1790396427042,SYS32_Hardware.exe,32671232
793657,1790396427558,HpDrvPre.sys,19128
793657,1790396427558,SYS32_Hardware.exe,32671232
794172,1790396428074,HpDrvPre.sys,19128
794172,1790396428074,SYS32_Hardware.exe,32671232
794693,1790396428594,HpDrvPre.sys,19128
794693,1790396428594,SYS32_Hardware.exe,32671232
795204,1790396429105,HpDrvPre.sys,19128
795204,1790396429105,SYS32_Hardware.exe,32671232
795705,1790396429606,HpDrvPre.sys,19128
795705,1790396429606,SYS32_Hardware.exe,32671232
796226,1790396430127,HpDrvPre.sys,19128
796226,1790396430127,SYS32_Hardware.exe,32671232
796742,1790396430644,HpDrvPre.sys,19128
796742,1790396430644,SYS32_Hardware.exe,32671232
797253,1790396431155,HpDrvPre.sys,19128
797253,1790396431155,SYS32_Hardware.exe,32671232
797761,1790396431662,HpDrvPre.sys,19128
797761,1790396431662,SYS32_Hardware.exe,32671232
798272,1790396432173,HpDrvPre.sys,19128
798272,1790396432173,SYS32_Hardware.exe,32671232
798796,1790396432698,HpDrvPre.sys,19128
798796,1790396432698,SYS32_Hardware.exe,32671232
799321,1790396433222,HpDrvPre.sys,19128
799321,1790396433222,SYS32_Hardware.exe,32671232
799825,1790396433727,HpDrvPre.sys,19128
799825,1790396433727,SYS32_Hardware.exe,32671232
800326,1790396434227,HpDrvPre.sys,19128
800326,1790396434227,SYS32_Hardware.exe,32671232
800857,1790396434758,HpDrvPre.sys,19128
800857,1790396434758,SYS32_Hardware.exe,32671232
801368,1790396435269,HpDrvPre.sys,19128
801368,1790396435269,SYS32_Hardware.exe,32671232
801875,1790396435777,HpDrvPre.sys,19128
801875,1790396435777,SYS32_Hardware.exe,32671232
802382,1790396436283,HpDrvPre.sys,19128
802382,1790396436283,SYS32_Hardware.exe,32671232
802905,1790396436807,HpDrvPre.sys,19128
802905,1790396436807,SYS32_Hardware.exe,32671232
803411,1790396437312,HpDrvPre.sys,19128
803411,1790396437312,SYS32_Hardware.exe,32671232
803915,1790396437817,HpDrvPre.sys,19128
803915,1790396437817,SYS32_Hardware.exe,32671232
804425,1790396438326,HpDrvPre.sys,19128
804425,1790396438326,SYS32_Hardware.exe,32671232
804953,1790396438855,HpDrvPre.sys,19128
804953,1790396438855,SYS32_Hardware.exe,32671232
805464,1790396439365,HpDrvPre.sys,19128
805464,1790396439365,SYS32_Hardware.exe,32671232
805974,1790396439875,HpDrvPre.sys,19128
805974,1790396439875,SYS32_Hardware.exe,32671232
806477,1790396440379,HpDrvPre.sys,19128
806477,1790396440379,SYS32_Hardware.exe,32671232
807002,1790396440904,HpDrvPre.sys,19128
807002,1790396440904,SYS32_Hardware.exe,32671232
807524,1790396441425,HpDrvPre.sys,19128
807524,1790396441425,SYS32_Hardware.exe,32671232
808032,1790396441933,HpDrvPre.sys,19128
808032,1790396441933,SYS32_Hardware.exe,32671232
808557,1790396442458,HpDrvPre.sys,19128
808557,1790396442458,SYS32_Hardware.exe,32671232
809083,1790396442984,HpDrvPre.sys,19128
809083,1790396442984,SYS32_Hardware.exe,32671232
809591,1790396443493,HpDrvPre.sys,19128
809591,1790396443493,SYS32_Hardware.exe,32671232
810100,1790396444002,HpDrvPre.sys,19128
810100,1790396444002,SYS32_Hardware.exe,32671232
810624,1790396444526,HpDrvPre.sys,19128
810624,1790396444526,SYS32_Hardware.exe,32671232
811151,1790396445053,HpDrvPre.sys,19128
811151,1790396445053,SYS32_Hardware.exe,32671232
811653,1790396445554,HpDrvPre.sys,19128
811653,1790396445554,SYS32_Hardware.exe,32671232
812160,1790396446061,HpDrvPre.sys,19128
812160,1790396446061,SYS32_Hardware.exe,32671232
812677,1790396446578,HpDrvPre.sys,19128
812677,1790396446578,SYS32_Hardware.exe,32671232
813204,1790396447106,HpDrvPre.sys,19128
813204,1790396447106,SYS32_Hardware.exe,32671232
813720,1790396447621,HpDrvPre.sys,19128
813720,1790396447621,SYS32_Hardware.exe,32671232
814220,1790396448122,HpDrvPre.sys,19128
814220,1790396448122,SYS32_Hardware.exe,32671232
814751,1790396448652,HpDrvPre.sys,19128
814751,1790396448652,SYS32_Hardware.exe,32671232
815264,1790396449165,HpDrvPre.sys,19128
815264,1790396449165,SYS32_Hardware.exe,32671232
815767,1790396449667,HpDrvPre.sys,19128
815767,1790396449667,SYS32_Hardware.exe,32671232
816275,1790396450176,HpDrvPre.sys,19128
816275,1790396450176,SYS32_Hardware.exe,32671232
816792,1790396450694,HpDrvPre.sys,19128
816792,1790396450694,SYS32_Hardware.exe,32671232
817318,1790396451219,HpDrvPre.sys,19128
817318,1790396451219,SYS32_Hardware.exe,32671232
817833,1790396451735,HpDrvPre.sys,19128
817833,1790396451735,SYS32_Hardware.exe,32671232
818341,1790396452243,HpDrvPre.sys,19128
818341,1790396452243,SYS32_Hardware.exe,32671232
818865,1790396452767,HpDrvPre.sys,19128
818865,1790396452767,SYS32_Hardware.exe,32671232
819392,1790396453293,HpDrvPre.sys,19128
819392,1790396453293,SYS32_Hardware.exe,32671232
819923,1790396453824,HpDrvPre.sys,19128
819923,1790396453824,SYS32_Hardware.exe,32671232
820427,1790396454327,HpDrvPre.sys,19128
820427,1790396454327,SYS32_Hardware.exe,32671232
820944,1790396454845,HpDrvPre.sys,19128
820944,1790396454845,SYS32_Hardware.exe,32671232
821470,1790396455371,HpDrvPre.sys,19128
821470,1790396455371,SYS32_Hardware.exe,32671232
821978,1790396455880,HpDrvPre.sys,19128
821978,1790396455880,SYS32_Hardware.exe,32671232
822486,1790396456388,HpDrvPre.sys,19128
822486,1790396456388,SYS32_Hardware.exe,32671232
823008,1790396456910,HpDrvPre.sys,19128
823008,1790396456910,SYS32_Hardware.exe,32671232
823516,1790396457418,HpDrvPre.sys,19128
823516,1790396457418,SYS32_Hardware.exe,32671232
824027,1790396457929,HpDrvPre.sys,19128
824027,1790396457929,SYS32_Hardware.exe,32671232
824555,1790396458456,HpDrvPre.sys,19128
824555,1790396458456,SYS32_Hardware.exe,32671232
825077,1790396458978,HpDrvPre.sys,19128
825077,1790396458978,SYS32_Hardware.exe,32671232
825592,1790396459493,HpDrvPre.sys,19128
825592,1790396459493,SYS32_Hardware.exe,32671232
826108,1790396460005,HpDrvPre.sys,19128
826108,1790396460005,SYS32_Hardware.exe,32671232
826634,1790396460535,HpDrvPre.sys,19128
826634,1790396460535,SYS32_Hardware.exe,32671232
827134,1790396461035,HpDrvPre.sys,19128
827134,1790396461035,SYS32_Hardware.exe,32671232
827645,1790396461546,HpDrvPre.sys,19128
827645,1790396461546,SYS32_Hardware.exe,32671232
828163,1790396462064,HpDrvPre.sys,19128
828163,1790396462064,SYS32_Hardware.exe,32671232
828694,1790396462595,HpDrvPre.sys,19128
828694,1790396462595,SYS32_Hardware.exe,32671232
829200,1790396463101,HpDrvPre.sys,19128
829200,1790396463101,SYS32_Hardware.exe,32671232
829708,1790396463610,HpDrvPre.sys,19128
829708,1790396463610,SYS32_Hardware.exe,32671232
830219,1790396464120,HpDrvPre.sys,19128
830219,1790396464120,SYS32_Hardware.exe,32671232
830747,1790396464648,HpDrvPre.sys,19128
830747,1790396464648,SYS32_Hardware.exe,32671232
831257,1790396465158,HpDrvPre.sys,19128
831257,1790396465158,SYS32_Hardware.exe,32671232
831769,1790396465670,HpDrvPre.sys,19128
831769,1790396465670,SYS32_Hardware.exe,32671232
832279,1790396466181,HpDrvPre.sys,19128
832279,1790396466181,SYS32_Hardware.exe,32671232
832807,1790396466708,HpDrvPre.sys,19128
832807,1790396466708,SYS32_Hardware.exe,32671232
833332,1790396467233,HpDrvPre.sys,19128
833332,1790396467233,SYS32_Hardware.exe,32671232
833843,1790396467744,HpDrvPre.sys,19128
833843,1790396467744,SYS32_Hardware.exe,32671232
834373,1790396468275,HpDrvPre.sys,19128
834373,1790396468275,SYS32_Hardware.exe,32671232
834904,1790396468805,HpDrvPre.sys,19128
834904,1790396468805,SYS32_Hardware.exe,32671232
835432,1790396469333,HpDrvPre.sys,19128
835432,1790396469333,SYS32_Hardware.exe,32671232
835959,1790396469861,HpDrvPre.sys,19128
835959,1790396469861,SYS32_Hardware.exe,32671232
836476,1790396470377,HpDrvPre.sys,19128
836476,1790396470377,SYS32_Hardware.exe,32671232
837010,1790396470911,HpDrvPre.sys,19128
837010,1790396470911,SYS32_Hardware.exe,32671232
837539,1790396471440,HpDrvPre.sys,19128
837539,1790396471440,SYS32_Hardware.exe,32671232
838043,1790396471944,HpDrvPre.sys,19128
838043,1790396471944,SYS32_Hardware.exe,32671232
838589,1790396472490,HpDrvPre.sys,19128
838589,1790396472490,SYS32_Hardware.exe,32671232
839107,1790396473007,HpDrvPre.sys,19128
839107,1790396473007,SYS32_Hardware.exe,32671232
839617,1790396473518,HpDrvPre.sys,19128
839617,1790396473518,SYS32_Hardware.exe,32671232
840124,1790396474025,HpDrvPre.sys,19128
840124,1790396474025,SYS32_Hardware.exe,32671232
840647,1790396474548,HpDrvPre.sys,19128
840647,1790396474548,SYS32_Hardware.exe,32671232
841177,1790396475079,HpDrvPre.sys,19128
841177,1790396475079,SYS32_Hardware.exe,32671232
841684,1790396475585,HpDrvPre.sys,19128
841684,1790396475600,SYS32_Hardware.exe,32671232
842217,1790396476118,HpDrvPre.sys,19128
842217,1790396476118,SYS32_Hardware.exe,32671232
842737,1790396476639,HpDrvPre.sys,19128
842737,1790396476639,SYS32_Hardware.exe,32671232
843254,1790396477155,HpDrvPre.sys,19128
843254,1790396477155,SYS32_Hardware.exe,32671232
843755,1790396477656,HpDrvPre.sys,19128
843755,1790396477656,SYS32_Hardware.exe,32671232
844255,1790396478157,HpDrvPre.sys,19128
844255,1790396478157,SYS32_Hardware.exe,32671232
844776,1790396478677,HpDrvPre.sys,19128
844776,1790396478677,SYS32_Hardware.exe,32671232
845284,1790396479185,HpDrvPre.sys,19128
845284,1790396479185,SYS32_Hardware.exe,32671232
845809,1790396479710,HpDrvPre.sys,19128
845809,1790396479710,SYS32_Hardware.exe,32671232
846324,1790396480225,HpDrvPre.sys,19128
846324,1790396480225,SYS32_Hardware.exe,32671232
846842,1790396480743,HpDrvPre.sys,19128
846842,1790396480743,SYS32_Hardware.exe,32671232
847370,1790396481271,HpDrvPre.sys,19128
847370,1790396481271,SYS32_Hardware.exe,32671232
847880,1790396481781,HpDrvPre.sys,19128
847880,1790396481781,SYS32_Hardware.exe,32671232
848411,1790396482312,HpDrvPre.sys,19128
848411,1790396482312,SYS32_Hardware.exe,32671232
848934,1790396482835,HpDrvPre.sys,19128
848934,1790396482835,SYS32_Hardware.exe,32671232
849460,1790396483361,HpDrvPre.sys,19128
849460,1790396483361,SYS32_Hardware.exe,32671232
849966,1790396483868,HpDrvPre.sys,19128
849966,1790396483868,SYS32_Hardware.exe,32671232
850467,1790396484368,HpDrvPre.sys,19128
850467,1790396484368,SYS32_Hardware.exe,32671232
850986,1790396484888,HpDrvPre.sys,19128
850986,1790396484888,SYS32_Hardware.exe,32671232
851503,1790396485404,HpDrvPre.sys,19128
851503,1790396485404,SYS32_Hardware.exe,32671232
852028,1790396485929,HpDrvPre.sys,19128
852028,1790396485929,SYS32_Hardware.exe,32671232
852550,1790396486451,HpDrvPre.sys,19128
852550,1790396486451,SYS32_Hardware.exe,32671232
853070,1790396486971,HpDrvPre.sys,19128
853070,1790396486971,SYS32_Hardware.exe,32671232
853577,1790396487478,HpDrvPre.sys,19128
853577,1790396487478,SYS32_Hardware.exe,32671232
854084,1790396487986,HpDrvPre.sys,19128
854084,1790396487986,SYS32_Hardware.exe,32671232
854613,1790396488515,HpDrvPre.sys,19128
854613,1790396488515,SYS32_Hardware.exe,32671232
855116,1790396489017,HpDrvPre.sys,19128
855116,1790396489017,SYS32_Hardware.exe,32671232
855644,1790396489545,HpDrvPre.sys,19128
855644,1790396489545,SYS32_Hardware.exe,32671232
856169,1790396490070,HpDrvPre.sys,19128
856169,1790396490070,SYS32_Hardware.exe,32671232
856696,1790396490597,HpDrvPre.sys,19128
856696,1790396490597,SYS32_Hardware.exe,32671232
857227,1790396491128,HpDrvPre.sys,19128
857227,1790396491128,SYS32_Hardware.exe,32671232
857734,1790396491635,HpDrvPre.sys,19128
857734,1790396491635,SYS32_Hardware.exe,32671232
858254,1790396492155,HpDrvPre.sys,19128
858254,1790396492155,SYS32_Hardware.exe,32671232
858777,1790396492679,HpDrvPre.sys,19128
858777,1790396492679,SYS32_Hardware.exe,32671232
859278,1790396493179,HpDrvPre.sys,19128
859278,1790396493179,SYS32_Hardware.exe,32671232
859798,1790396493699,HpDrvPre.sys,19128
859798,1790396493699,SYS32_Hardware.exe,32671232
860303,1790396494204,HpDrvPre.sys,19128
860303,1790396494204,SYS32_Hardware.exe,32671232
860832,1790396494733,HpDrvPre.sys,19128
860832,1790396494733,SYS32_Hardware.exe,32671232
861364,1790396495264,HpDrvPre.sys,19128
861364,1790396495264,SYS32_Hardware.exe,32671232
861887,1790396495788,HpDrvPre.sys,19128
861887,1790396495788,SYS32_Hardware.exe,32671232
862408,1790396496310,HpDrvPre.sys,19128
862408,1790396496310,SYS32_Hardware.exe,32671232
862944,1790396496845,HpDrvPre.sys,19128
862944,1790396496845,SYS32_Hardware.exe,32671232
863461,1790396497362,HpDrvPre.sys,19128
863461,1790396497362,SYS32_Hardware.exe,32671232
863976,1790396497877,HpDrvPre.sys,19128
863976,1790396497877,SYS32_Hardware.exe,32671232
864490,1790396498391,HpDrvPre.sys,19128
864490,1790396498391,SYS32_Hardware.exe,32671232
865016,1790396498917,HpDrvPre.sys,19128
865016,1790396498917,SYS32_Hardware.exe,32671232
865525,1790396499426,HpDrvPre.sys,19128
865525,1790396499426,SYS32_Hardware.exe,32671232
866038,1790396499939,HpDrvPre.sys,19128
866038,1790396499939,SYS32_Hardware.exe,32671232
866561,1790396500462,HpDrvPre.sys,19128
866561,1790396500462,SYS32_Hardware.exe,32671232
867092,1790396500993,HpDrvPre.sys,19128
867092,1790396500993,SYS32_Hardware.exe,32671232
867605,1790396501506,HpDrvPre.sys,19128
867605,1790396501506,SYS32_Hardware.exe,32671232
868128,1790396502029,HpDrvPre.sys,19128
868128,1790396502029,SYS32_Hardware.exe,32671232
868672,1790396502573,HpDrvPre.sys,19128
868672,1790396502573,SYS32_Hardware.exe,32671232
869173,1790396503075,HpDrvPre.sys,19128
869173,1790396503075,SYS32_Hardware.exe,32671232
869683,1790396503584,HpDrvPre.sys,19128
869683,1790396503584,SYS32_Hardware.exe,32671232
870201,1790396504102,HpDrvPre.sys,19128
870201,1790396504102,SYS32_Hardware.exe,32671232
870722,1790396504624,HpDrvPre.sys,19128
870722,1790396504624,SYS32_Hardware.exe,32671232
871225,1790396505126,HpDrvPre.sys,19128
871225,1790396505126,SYS32_Hardware.exe,32671232
871740,1790396505641,HpDrvPre.sys,19128
871740,1790396505641,SYS32_Hardware.exe,32671232
872267,1790396506168,HpDrvPre.sys,19128
872267,1790396506168,SYS32_Hardware.exe,32671232
872790,1790396506691,HpDrvPre.sys,19128
872790,1790396506691,SYS32_Hardware.exe,32671232
873302,1790396507203,HpDrvPre.sys,19128
873302,1790396507203,SYS32_Hardware.exe,32671232
873813,1790396507714,HpDrvPre.sys,19128
873813,1790396507714,SYS32_Hardware.exe,32671232
874328,1790396508229,HpDrvPre.sys,19128
874328,1790396508229,SYS32_Hardware.exe,32671232
874846,1790396508747,HpDrvPre.sys,19128
874846,1790396508747,SYS32_Hardware.exe,32671232
875375,1790396509276,HpDrvPre.sys,19128
875375,1790396509276,SYS32_Hardware.exe,32671232
875886,1790396509787,HpDrvPre.sys,19128
875886,1790396509787,SYS32_Hardware.exe,32671232
876416,1790396510317,HpDrvPre.sys,19128
876416,1790396510317,SYS32_Hardware.exe,32671232
876959,1790396510860,HpDrvPre.sys,19128
876959,1790396510860,SYS32_Hardware.exe,32671232
877465,1790396511366,HpDrvPre.sys,19128
877465,1790396511366,SYS32_Hardware.exe,32671232
877986,1790396511888,HpDrvPre.sys,19128
877986,1790396511888,SYS32_Hardware.exe,32671232
878522,1790396512423,HpDrvPre.sys,19128
878522,1790396512423,SYS32_Hardware.exe,32671232
879051,1790396512952,HpDrvPre.sys,19128
879051,1790396512952,SYS32_Hardware.exe,32671232
879561,1790396513462,HpDrvPre.sys,19128
879561,1790396513462,SYS32_Hardware.exe,32671232
880071,1790396513972,HpDrvPre.sys,19128
880071,1790396513972,SYS32_Hardware.exe,32671232
880602,1790396514503,HpDrvPre.sys,19128
880602,1790396514503,SYS32_Hardware.exe,32671232
881128,1790396515028,HpDrvPre.sys,19128
881128,1790396515028,SYS32_Hardware.exe,32671232
881659,1790396515560,HpDrvPre.sys,19128
881659,1790396515560,SYS32_Hardware.exe,32671232
882190,1790396516091,HpDrvPre.sys,19128
882190,1790396516091,SYS32_Hardware.exe,32671232
882748,1790396516649,HpDrvPre.sys,19128
882748,1790396516649,SYS32_Hardware.exe,32671232
883279,1790396517179,HpDrvPre.sys,19128
883279,1790396517179,SYS32_Hardware.exe,32671232
883798,1790396517699,HpDrvPre.sys,19128
883798,1790396517699,SYS32_Hardware.exe,32671232
884299,1790396518200,HpDrvPre.sys,19128
884299,1790396518200,SYS32_Hardware.exe,32671232
884823,1790396518724,HpDrvPre.sys,19128
884823,1790396518724,SYS32_Hardware.exe,32671232
885337,1790396519239,HpDrvPre.sys,19128
885337,1790396519239,SYS32_Hardware.exe,32671232
885844,1790396519745,HpDrvPre.sys,19128
885844,1790396519745,SYS32_Hardware.exe,32671232
886368,1790396520268,HpDrvPre.sys,19128
886368,1790396520268,SYS32_Hardware.exe,32671232
886911,1790396520812,HpDrvPre.sys,19128
886911,1790396520812,SYS32_Hardware.exe,32671232
887438,1790396521339,HpDrvPre.sys,19128
887438,1790396521339,SYS32_Hardware.exe,32671232
887943,1790396521844,HpDrvPre.sys,19128
887943,1790396521844,SYS32_Hardware.exe,32671232
888462,1790396522362,HpDrvPre.sys,19128
888462,1790396522362,SYS32_Hardware.exe,32671232
888989,1790396522889,HpDrvPre.sys,19128
888989,1790396522889,SYS32_Hardware.exe,32671232
889513,1790396523414,HpDrvPre.sys,19128
889513,1790396523414,SYS32_Hardware.exe,32671232
890021,1790396523921,HpDrvPre.sys,19128
890021,1790396523921,SYS32_Hardware.exe,32671232
890559,1790396524460,HpDrvPre.sys,19128
890559,1790396524460,SYS32_Hardware.exe,32671232
891100,1790396525001,HpDrvPre.sys,19128
891100,1790396525001,SYS32_Hardware.exe,32671232
891618,1790396525520,HpDrvPre.sys,19128
891618,1790396525520,SYS32_Hardware.exe,32671232
892145,1790396526046,HpDrvPre.sys,19128
892145,1790396526046,SYS32_Hardware.exe,32671232
892664,1790396526564,HpDrvPre.sys,19128
892664,1790396526564,SYS32_Hardware.exe,32671232
893187,1790396527088,HpDrvPre.sys,19128
893187,1790396527088,SYS32_Hardware.exe,32671232
893706,1790396527606,HpDrvPre.sys,19128
893706,1790396527606,SYS32_Hardware.exe,32671232
894232,1790396528133,HpDrvPre.sys,19128
894232,1790396528133,SYS32_Hardware.exe,32671232
894749,1790396528650,HpDrvPre.sys,19128
894749,1790396528650,SYS32_Hardware.exe,32671232
895274,1790396529175,HpDrvPre.sys,19128
895274,1790396529175,SYS32_Hardware.exe,32671232
895792,1790396529693,HpDrvPre.sys,19128
895792,1790396529693,SYS32_Hardware.exe,32671232
896310,1790396530211,HpDrvPre.sys,19128
896310,1790396530211,SYS32_Hardware.exe,32671232
896837,1790396530738,HpDrvPre.sys,19128
896837,1790396530738,SYS32_Hardware.exe,32671232
897362,1790396531263,HpDrvPre.sys,19128
897362,1790396531263,SYS32_Hardware.exe,32671232
897867,1790396531769,HpDrvPre.sys,19128
897867,1790396531769,SYS32_Hardware.exe,32671232
898397,1790396532299,HpDrvPre.sys,19128
898397,1790396532299,SYS32_Hardware.exe,32671232
898925,1790396532826,HpDrvPre.sys,19128
898925,1790396532826,SYS32_Hardware.exe,32671232
899450,1790396533351,HpDrvPre.sys,19128
899450,1790396533351,SYS32_Hardware.exe,32671232
899979,1790396533880,HpDrvPre.sys,19128
899979,1790396533880,SYS32_Hardware.exe,32671232
900492,1790396534393,HpDrvPre.sys,19128
900492,1790396534393,SYS32_Hardware.exe,32671232
901009,1790396534911,HpDrvPre.sys,19128
901009,1790396534911,SYS32_Hardware.exe,32671232
901519,1790396535420,HpDrvPre.sys,19128
901519,1790396535420,SYS32_Hardware.exe,32671232
902040,1790396535940,HpDrvPre.sys,19128
902040,1790396535940,SYS32_Hardware.exe,32671232
902566,1790396536467,HpDrvPre.sys,19128
902566,1790396536467,SYS32_Hardware.exe,32671232
903087,1790396536987,HpDrvPre.sys,19128
903087,1790396536987,SYS32_Hardware.exe,32671232
903612,1790396537514,HpDrvPre.sys,19128
903612,1790396537514,SYS32_Hardware.exe,32671232
904116,1790396538017,HpDrvPre.sys,19128
904116,1790396538017,SYS32_Hardware.exe,32671232
904661,1790396538562,HpDrvPre.sys,19128
904661,1790396538562,SYS32_Hardware.exe,32671232
905185,1790396539086,HpDrvPre.sys,19128
905185,1790396539086,SYS32_Hardware.exe,32671232
905706,1790396539607,HpDrvPre.sys,19128
905706,1790396539607,SYS32_Hardware.exe,32671232
906230,1790396540130,HpDrvPre.sys,19128
906230,1790396540130,SYS32_Hardware.exe,32671232
906762,1790396540663,HpDrvPre.sys,19128
906762,1790396540663,SYS32_Hardware.exe,32671232
907285,1790396541186,HpDrvPre.sys,19128
907285,1790396541186,SYS32_Hardware.exe,32671232
907816,1790396541717,HpDrvPre.sys,19128
907816,1790396541717,SYS32_Hardware.exe,32671232
908317,1790396542218,HpDrvPre.sys,19128
908317,1790396542218,SYS32_Hardware.exe,32671232
908834,1790396542735,HpDrvPre.sys,19128
908834,1790396542735,SYS32_Hardware.exe,32671232
909336,1790396543237,HpDrvPre.sys,19128
909336,1790396543237,SYS32_Hardware.exe,32671232
909857,1790396543759,HpDrvPre.sys,19128
909857,1790396543759,SYS32_Hardware.exe,32671232
910358,1790396544259,HpDrvPre.sys,19128
910358,1790396544259,SYS32_Hardware.exe,32671232
910879,1790396544779,HpDrvPre.sys,19128
910879,1790396544779,SYS32_Hardware.exe,32671232
911406,1790396545307,HpDrvPre.sys,19128
911406,1790396545307,SYS32_Hardware.exe,32671232
911917,1790396545818,HpDrvPre.sys,19128
911917,1790396545818,SYS32_Hardware.exe,32671232
912419,1790396546320,HpDrvPre.sys,19128
912419,1790396546320,SYS32_Hardware.exe,32671232
912947,1790396546848,HpDrvPre.sys,19128
912947,1790396546848,SYS32_Hardware.exe,32671232
913460,1790396547361,HpDrvPre.sys,19128
913460,1790396547361,SYS32_Hardware.exe,32671232
913961,1790396547862,HpDrvPre.sys,19128
913961,1790396547862,SYS32_Hardware.exe,32671232
914461,1790396548362,HpDrvPre.sys,19128
914461,1790396548362,SYS32_Hardware.exe,32671232
914987,1790396548888,HpDrvPre.sys,19128
914987,1790396548888,SYS32_Hardware.exe,32671232
915500,1790396549401,HpDrvPre.sys,19128
915500,1790396549401,SYS32_Hardware.exe,32671232
916030,1790396549931,HpDrvPre.sys,19128
916030,1790396549931,SYS32_Hardware.exe,32671232
916559,1790396550460,HpDrvPre.sys,19128
916559,1790396550460,SYS32_Hardware.exe,32671232
917087,1790396550988,HpDrvPre.sys,19128
917087,1790396550988,SYS32_Hardware.exe,32671232
917616,1790396551517,HpDrvPre.sys,19128
917616,1790396551517,SYS32_Hardware.exe,32671232
918131,1790396552032,HpDrvPre.sys,19128
918131,1790396552032,SYS32_Hardware.exe,32671232
918661,1790396552562,HpDrvPre.sys,19128
918661,1790396552562,SYS32_Hardware.exe,32671232
919174,1790396553075,HpDrvPre.sys,19128
919174,1790396553075,SYS32_Hardware.exe,32671232
919689,1790396553590,HpDrvPre.sys,19128
919689,1790396553590,SYS32_Hardware.exe,32671232
920199,1790396554100,HpDrvPre.sys,19128
920199,1790396554100,SYS32_Hardware.exe,32671232
920724,1790396554626,HpDrvPre.sys,19128
920724,1790396554626,SYS32_Hardware.exe,32671232
921251,1790396555152,HpDrvPre.sys,19128
921251,1790396555152,SYS32_Hardware.exe,32671232
921778,1790396555679,HpDrvPre.sys,19128
921778,1790396555679,SYS32_Hardware.exe,32671232
922291,1790396556193,HpDrvPre.sys,19128
922291,1790396556193,SYS32_Hardware.exe,32671232
922820,1790396556721,HpDrvPre.sys,19128
922820,1790396556721,SYS32_Hardware.exe,32671232
923334,1790396557234,HpDrvPre.sys,19128
923334,1790396557234,SYS32_Hardware.exe,32671232
923859,1790396557761,HpDrvPre.sys,19128
923859,1790396557761,SYS32_Hardware.exe,32671232
924376,1790396558276,HpDrvPre.sys,19128
924376,1790396558276,SYS32_Hardware.exe,32671232
924897,1790396558798,HpDrvPre.sys,19128
924897,1790396558798,SYS32_Hardware.exe,32671232
925418,1790396559319,HpDrvPre.sys,19128
925418,1790396559319,SYS32_Hardware.exe,32671232
925920,1790396559821,HpDrvPre.sys,19128
925920,1790396559821,SYS32_Hardware.exe,32671232
926434,1790396560334,HpDrvPre.sys,19128
926434,1790396560334,SYS32_Hardware.exe,32671232
926976,1790396560877,HpDrvPre.sys,19128
926976,1790396560877,SYS32_Hardware.exe,32671232
927497,1790396561399,HpDrvPre.sys,19128
927497,1790396561399,SYS32_Hardware.exe,32671232
928027,1790396561928,HpDrvPre.sys,19128
928027,1790396561928,SYS32_Hardware.exe,32671232
928545,1790396562446,HpDrvPre.sys,19128
928545,1790396562446,SYS32_Hardware.exe,32671232
929069,1790396562970,HpDrvPre.sys,19128
929069,1790396562970,SYS32_Hardware.exe,32671232
929578,1790396563478,HpDrvPre.sys,19128
929578,1790396563478,SYS32_Hardware.exe,32671232
930103,1790396564005,HpDrvPre.sys,19128
930103,1790396564005,SYS32_Hardware.exe,32671232
930630,1790396564531,HpDrvPre.sys,19128
930630,1790396564531,SYS32_Hardware.exe,32671232
931148,1790396565049,HpDrvPre.sys,19128
931148,1790396565049,SYS32_Hardware.exe,32671232
931651,1790396565552,HpDrvPre.sys,19128
931651,1790396565552,SYS32_Hardware.exe,32671232
932158,1790396566059,HpDrvPre.sys,19128
932158,1790396566059,SYS32_Hardware.exe,32671232
932691,1790396566594,HpDrvPre.sys,19128
932691,1790396566594,SYS32_Hardware.exe,32671232
933217,1790396567118,HpDrvPre.sys,19128
933217,1790396567118,SYS32_Hardware.exe,32671232
933717,1790396567618,HpDrvPre.sys,19128
933717,1790396567618,SYS32_Hardware.exe,32671232
934217,1790396568118,HpDrvPre.sys,19128
934217,1790396568118,SYS32_Hardware.exe,32671232
934734,1790396568634,HpDrvPre.sys,19128
934734,1790396568634,SYS32_Hardware.exe,32671232
935233,1790396569134,HpDrvPre.sys,19128
935233,1790396569134,SYS32_Hardware.exe,32671232
935738,1790396569638,HpDrvPre.sys,19128
935738,1790396569638,SYS32_Hardware.exe,32671232
936253,1790396570154,HpDrvPre.sys,19128
936253,1790396570154,SYS32_Hardware.exe,32671232
936800,1790396570701,HpDrvPre.sys,19128
936800,1790396570701,SYS32_Hardware.exe,32671232
937344,1790396571245,HpDrvPre.sys,19128
937344,1790396571245,SYS32_Hardware.exe,32671232
937862,1790396571764,HpDrvPre.sys,19128
937862,1790396571764,SYS32_Hardware.exe,32671232
