ms,epoch,path,bytes
141,1790365117372,bb3a785178f443fda931098a5a9a306b.db.ses,53
141,1790365117387,FXSAPIDebugLogFile.txt,0
141,1790365117387,FXSTIFFDebugLogFile.txt,0
141,1790365117403,MpCmdRun.log,22882
141,1790365117403,MpSigStub.log,97512
141,1790365117403,msedge_installer.log,68015
141,1790365117419,skin.zip,231625
141,1790365117434,SYS32_Hardware.exe,32671232
746,1790365117934,bb3a785178f443fda931098a5a9a306b.db.ses,53
746,1790365117934,FXSAPIDebugLogFile.txt,0
746,1790365117934,FXSTIFFDebugLogFile.txt,0
746,1790365117966,MpCmdRun.log,22882
746,1790365117966,MpSigStub.log,97512
746,1790365117981,msedge_installer.log,68015
746,1790365117981,skin.zip,231625
746,1790365118012,SYS32_Hardware.exe,32671232
1339,1790365118528,bb3a785178f443fda931098a5a9a306b.db.ses,53
1339,1790365118528,FXSAPIDebugLogFile.txt,0
1339,1790365118544,FXSTIFFDebugLogFile.txt,0
1339,1790365118544,MpCmdRun.log,22882
1339,1790365118559,MpSigStub.log,97512
1339,1790365118575,msedge_installer.log,68015
1339,1790365118591,skin.zip,231625
1339,1790365118591,SYS32_Hardware.exe,32671232
1902,1790365119091,bb3a785178f443fda931098a5a9a306b.db.ses,53
1902,1790365119091,FXSAPIDebugLogFile.txt,0
1902,1790365119091,FXSTIFFDebugLogFile.txt,0
1902,1790365119106,MpCmdRun.log,22882
1902,1790365119106,MpSigStub.log,97512
1902,1790365119106,msedge_installer.log,68015
1902,1790365119122,skin.zip,231625
1902,1790365119122,SYS32_Hardware.exe,32671232
2448,1790365119637,bb3a785178f443fda931098a5a9a306b.db.ses,53
2448,1790365119637,FXSAPIDebugLogFile.txt,0
2448,1790365119653,FXSTIFFDebugLogFile.txt,0
2448,1790365119669,MpCmdRun.log,22882
2448,1790365119684,MpSigStub.log,97512
2448,1790365119684,msedge_installer.log,68015
2448,1790365119700,skin.zip,231625
2448,1790365119716,SYS32_Hardware.exe,32671232
3042,1790365120231,bb3a785178f443fda931098a5a9a306b.db.ses,53
3042,1790365120231,FXSAPIDebugLogFile.txt,0
3042,1790365120231,FXSTIFFDebugLogFile.txt,0
3042,1790365120231,MpCmdRun.log,22882
3042,1790365120247,MpSigStub.log,97512
3042,1790365120247,msedge_installer.log,68015
3042,1790365120247,skin.zip,231625
3042,1790365120262,SYS32_Hardware.exe,32671232
3573,1790365120762,bb3a785178f443fda931098a5a9a306b.db.ses,53
3573,1790365120762,FXSAPIDebugLogFile.txt,0
3573,1790365120762,FXSTIFFDebugLogFile.txt,0
3573,1790365120762,MpCmdRun.log,22882
3573,1790365120778,MpSigStub.log,97512
3573,1790365120778,msedge_installer.log,68015
3573,1790365120778,skin.zip,231625
3573,1790365120794,SYS32_Hardware.exe,32671232
4104,1790365121294,bb3a785178f443fda931098a5a9a306b.db.ses,53
4104,1790365121294,FXSAPIDebugLogFile.txt,0
4104,1790365121294,FXSTIFFDebugLogFile.txt,0
4104,1790365121309,MpCmdRun.log,22882
4104,1790365121309,MpSigStub.log,97512
4104,1790365121309,msedge_installer.log,68015
4104,1790365121309,skin.zip,231625
4104,1790365121325,SYS32_Hardware.exe,32671232
4636,1790365121825,bb3a785178f443fda931098a5a9a306b.db.ses,53
4636,1790365121825,FXSAPIDebugLogFile.txt,0
4636,1790365121825,FXSTIFFDebugLogFile.txt,0
4636,1790365121841,MpCmdRun.log,22882
4636,1790365121841,MpSigStub.log,97512
4636,1790365121856,msedge_installer.log,68015
4636,1790365121856,skin.zip,231625
4636,1790365121872,SYS32_Hardware.exe,32671232
5183,1790365122372,bb3a785178f443fda931098a5a9a306b.db.ses,53
5183,1790365122372,FXSAPIDebugLogFile.txt,0
5183,1790365122372,FXSTIFFDebugLogFile.txt,0
5183,1790365122372,MpCmdRun.log,22882
5183,1790365122388,MpSigStub.log,97512
5183,1790365122403,msedge_installer.log,68015
5183,1790365122403,skin.zip,231625
5183,1790365122403,SYS32_Hardware.exe,32671232
5730,1790365122919,bb3a785178f443fda931098a5a9a306b.db.ses,53
5730,1790365122919,FXSAPIDebugLogFile.txt,0
5730,1790365122919,FXSTIFFDebugLogFile.txt,0
5730,1790365122934,MpCmdRun.log,22882
5730,1790365122950,MpSigStub.log,97512
5730,1790365122966,msedge_installer.log,68015
5730,1790365122966,skin.zip,231625
5730,1790365122981,SYS32_Hardware.exe,32671232
6308,1790365123497,bb3a785178f443fda931098a5a9a306b.db.ses,53
6308,1790365123497,FXSAPIDebugLogFile.txt,0
6308,1790365123512,FXSTIFFDebugLogFile.txt,0
6308,1790365123544,MpCmdRun.log,22882
6308,1790365123559,MpSigStub.log,97512
6308,1790365123575,msedge_installer.log,68015
6308,1790365123606,skin.zip,231625
6308,1790365123622,SYS32_Hardware.exe,32671232
6949,1790365124137,bb3a785178f443fda931098a5a9a306b.db.ses,53
6949,1790365124137,FXSAPIDebugLogFile.txt,0
6949,1790365124137,FXSTIFFDebugLogFile.txt,0
6949,1790365124153,MpCmdRun.log,22882
6949,1790365124169,MpSigStub.log,97512
6949,1790365124184,msedge_installer.log,68015
6949,1790365124200,skin.zip,231625
6949,1790365124231,SYS32_Hardware.exe,32671232
7594,1790365124778,bb3a785178f443fda931098a5a9a306b.db.ses,53
7594,1790365124778,FXSAPIDebugLogFile.txt,0
7594,1790365124778,FXSTIFFDebugLogFile.txt,0
7594,1790365124794,MpCmdRun.log,22882
7594,1790365124794,MpSigStub.log,97512
7594,1790365124794,msedge_installer.log,68015
7594,1790365124809,skin.zip,231625
7594,1790365124809,SYS32_Hardware.exe,32671232
8136,1790365125325,bb3a785178f443fda931098a5a9a306b.db.ses,53
8136,1790365125325,FXSAPIDebugLogFile.txt,0
8136,1790365125325,FXSTIFFDebugLogFile.txt,0
8136,1790365125341,MpCmdRun.log,22882
8136,1790365125341,MpSigStub.log,97512
8136,1790365125356,msedge_installer.log,68015
8136,1790365125356,skin.zip,231625
8136,1790365125372,SYS32_Hardware.exe,32671232
8700,1790365125888,bb3a785178f443fda931098a5a9a306b.db.ses,53
8700,1790365125888,FXSAPIDebugLogFile.txt,0
8700,1790365125903,FXSTIFFDebugLogFile.txt,0
8700,1790365125919,MpCmdRun.log,22882
8700,1790365125934,MpSigStub.log,97512
8700,1790365125950,msedge_installer.log,68015
8700,1790365125950,skin.zip,231625
8700,1790365125966,SYS32_Hardware.exe,32671232
9292,1790365126481,bb3a785178f443fda931098a5a9a306b.db.ses,53
9292,1790365126513,FXSAPIDebugLogFile.txt,0
9292,1790365126528,FXSTIFFDebugLogFile.txt,0
9292,1790365126544,MpCmdRun.log,22882
9292,1790365126559,MpSigStub.log,97512
9292,1790365126575,msedge_installer.log,68015
9292,1790365126575,skin.zip,231625
9292,1790365126591,SYS32_Hardware.exe,32671232
9917,1790365127106,bb3a785178f443fda931098a5a9a306b.db.ses,53
9917,1790365127106,FXSAPIDebugLogFile.txt,0
9917,1790365127122,FXSTIFFDebugLogFile.txt,0
9917,1790365127153,MpCmdRun.log,22882
9917,1790365127169,MpSigStub.log,97512
9917,1790365127184,msedge_installer.log,68015
9917,1790365127247,skin.zip,231625
9917,1790365127309,SYS32_Hardware.exe,32671232
10667,1790365127856,bb3a785178f443fda931098a5a9a306b.db.ses,53
10667,1790365127856,FXSAPIDebugLogFile.txt,0
10667,1790365127856,FXSTIFFDebugLogFile.txt,0
10667,1790365127872,MpCmdRun.log,22882
10667,1790365127872,MpSigStub.log,97512
10667,1790365127887,msedge_installer.log,68015
10667,1790365127887,skin.zip,231625
10667,1790365127903,SYS32_Hardware.exe,32671232
11214,1790365128403,bb3a785178f443fda931098a5a9a306b.db.ses,53
11214,1790365128403,FXSAPIDebugLogFile.txt,0
11214,1790365128419,FXSTIFFDebugLogFile.txt,0
11214,1790365128419,MpCmdRun.log,22882
11214,1790365128434,MpSigStub.log,97512
11214,1790365128434,msedge_installer.log,68015
11214,1790365128450,skin.zip,231625
11214,1790365128466,SYS32_Hardware.exe,32671232
11776,1790365128966,bb3a785178f443fda931098a5a9a306b.db.ses,53
11776,1790365128966,FXSAPIDebugLogFile.txt,0
11776,1790365128966,FXSTIFFDebugLogFile.txt,0
11776,1790365128981,MpCmdRun.log,22882
11776,1790365128981,MpSigStub.log,97512
11776,1790365128981,msedge_installer.log,68015
11776,1790365128997,skin.zip,231625
11776,1790365128997,SYS32_Hardware.exe,32671232
12323,1790365129512,bb3a785178f443fda931098a5a9a306b.db.ses,53
12323,1790365129512,FXSAPIDebugLogFile.txt,0
12323,1790365129528,FXSTIFFDebugLogFile.txt,0
12323,1790365129528,MpCmdRun.log,22882
12323,1790365129544,MpSigStub.log,97512
12323,1790365129544,msedge_installer.log,68015
12323,1790365129544,skin.zip,231625
12323,1790365129559,SYS32_Hardware.exe,32671232
12870,1790365130059,bb3a785178f443fda931098a5a9a306b.db.ses,53
12870,1790365130059,FXSAPIDebugLogFile.txt,0
12870,1790365130059,FXSTIFFDebugLogFile.txt,0
12870,1790365130075,MpCmdRun.log,22882
12870,1790365130075,MpSigStub.log,97512
12870,1790365130091,msedge_installer.log,68015
12870,1790365130091,skin.zip,231625
12870,1790365130106,SYS32_Hardware.exe,32671232
13417,1790365130606,bb3a785178f443fda931098a5a9a306b.db.ses,53
13417,1790365130606,FXSAPIDebugLogFile.txt,0
13417,1790365130606,FXSTIFFDebugLogFile.txt,0
13417,1790365130622,MpCmdRun.log,22882
13417,1790365130622,MpSigStub.log,97512
13417,1790365130637,msedge_installer.log,68015
13417,1790365130637,skin.zip,231625
13417,1790365130637,SYS32_Hardware.exe,32671232
14052,1790365131231,bb3a785178f443fda931098a5a9a306b.db.ses,53
14052,1790365131231,FXSAPIDebugLogFile.txt,0
14052,1790365131419,FXSTIFFDebugLogFile.txt,0
14052,1790365131512,MpCmdRun.log,22882
14052,1790365131528,MpSigStub.log,97512
14052,1790365131528,msedge_installer.log,68015
14052,1790365131544,skin.zip,231625
14052,1790365131544,SYS32_Hardware.exe,32671232
14870,1790365132059,bb3a785178f443fda931098a5a9a306b.db.ses,53
14870,1790365132059,FXSAPIDebugLogFile.txt,0
14870,1790365132059,FXSTIFFDebugLogFile.txt,0
14870,1790365132075,MpCmdRun.log,22882
14870,1790365132075,MpSigStub.log,97512
14870,1790365132091,msedge_installer.log,68015
14870,1790365132091,skin.zip,231625
14870,1790365132091,SYS32_Hardware.exe,32671232
15422,1790365132606,bb3a785178f443fda931098a5a9a306b.db.ses,53
15422,1790365132606,FXSAPIDebugLogFile.txt,0
15422,1790365132622,FXSTIFFDebugLogFile.txt,0
15422,1790365132622,MpCmdRun.log,22882
15422,1790365132637,MpSigStub.log,97512
15422,1790365132637,msedge_installer.log,68015
15422,1790365132653,skin.zip,231625
15422,1790365132653,SYS32_Hardware.exe,32671232
15981,1790365133169,bb3a785178f443fda931098a5a9a306b.db.ses,53
15981,1790365133169,FXSAPIDebugLogFile.txt,0
15981,1790365133184,FXSTIFFDebugLogFile.txt,0
15981,1790365133184,MpCmdRun.log,22882
15981,1790365133200,MpSigStub.log,97512
15981,1790365133200,msedge_installer.log,68015
15981,1790365133216,skin.zip,231625
15981,1790365133231,SYS32_Hardware.exe,32671232
16677,1790365133874,bb3a785178f443fda931098a5a9a306b.db.ses,53
16677,1790365133903,FXSAPIDebugLogFile.txt,0
16677,1790365133958,FXSTIFFDebugLogFile.txt,0
16677,1790365133981,MpCmdRun.log,22882
16677,1790365133997,MpSigStub.log,97512
16677,1790365134012,msedge_installer.log,68015
16677,1790365134012,skin.zip,231625
16677,1790365134028,SYS32_Hardware.exe,32671232
17386,1790365134575,bb3a785178f443fda931098a5a9a306b.db.ses,53
17386,1790365134575,FXSAPIDebugLogFile.txt,0
17386,1790365134575,FXSTIFFDebugLogFile.txt,0
17386,1790365134591,MpCmdRun.log,22882
17386,1790365134606,MpSigStub.log,97512
17386,1790365134622,msedge_installer.log,68015
17386,1790365134622,skin.zip,231625
17386,1790365134622,SYS32_Hardware.exe,32671232
17948,1790365135137,bb3a785178f443fda931098a5a9a306b.db.ses,53
17948,1790365135137,FXSAPIDebugLogFile.txt,0
17948,1790365135153,FXSTIFFDebugLogFile.txt,0
17948,1790365135153,MpCmdRun.log,22882
17948,1790365135169,MpSigStub.log,97512
17948,1790365135184,msedge_installer.log,68015
17948,1790365135184,skin.zip,231625
17948,1790365135200,SYS32_Hardware.exe,32671232
18529,1790365135718,bb3a785178f443fda931098a5a9a306b.db.ses,53
18529,1790365135718,FXSAPIDebugLogFile.txt,0
18529,1790365135718,FXSTIFFDebugLogFile.txt,0
18529,1790365135734,MpCmdRun.log,22882
18529,1790365135734,MpSigStub.log,97512
18529,1790365135749,msedge_installer.log,68015
18529,1790365135749,skin.zip,231625
18529,1790365135765,SYS32_Hardware.exe,32671232
19076,1790365136265,bb3a785178f443fda931098a5a9a306b.db.ses,53
19076,1790365136265,FXSAPIDebugLogFile.txt,0
19076,1790365136265,FXSTIFFDebugLogFile.txt,0
19076,1790365136281,MpCmdRun.log,22882
19076,1790365136281,MpSigStub.log,97512
19076,1790365136296,msedge_installer.log,68015
19076,1790365136296,skin.zip,231625
19076,1790365136312,SYS32_Hardware.exe,32671232
19623,1790365136812,bb3a785178f443fda931098a5a9a306b.db.ses,53
19623,1790365136812,FXSAPIDebugLogFile.txt,0
19623,1790365136812,FXSTIFFDebugLogFile.txt,0
19623,1790365136828,MpCmdRun.log,22882
19623,1790365136828,MpSigStub.log,97512
19623,1790365136843,msedge_installer.log,68015
19623,1790365136843,skin.zip,231625
19623,1790365136843,SYS32_Hardware.exe,32671232
20183,1790365137372,bb3a785178f443fda931098a5a9a306b.db.ses,53
20183,1790365137372,FXSAPIDebugLogFile.txt,0
20183,1790365137372,FXSTIFFDebugLogFile.txt,0
20183,1790365137388,MpCmdRun.log,22882
20183,1790365137388,MpSigStub.log,97512
20183,1790365137388,msedge_installer.log,68015
20183,1790365137403,skin.zip,231625
20183,1790365137403,SYS32_Hardware.exe,32671232
20734,1790365137924,bb3a785178f443fda931098a5a9a306b.db.ses,53
20734,1790365137924,FXSAPIDebugLogFile.txt,0
20734,1790365137924,FXSTIFFDebugLogFile.txt,0
20734,1790365137939,MpCmdRun.log,22882
20734,1790365137939,MpSigStub.log,97512
20734,1790365137939,msedge_installer.log,68015
20734,1790365137955,skin.zip,231625
20734,1790365137955,SYS32_Hardware.exe,32671232
21281,1790365138470,bb3a785178f443fda931098a5a9a306b.db.ses,53
21281,1790365138470,FXSAPIDebugLogFile.txt,0
21281,1790365138470,FXSTIFFDebugLogFile.txt,0
21281,1790365138470,MpCmdRun.log,22882
21281,1790365138486,MpSigStub.log,97512
21281,1790365138486,msedge_installer.log,68015
21281,1790365138502,skin.zip,231625
21281,1790365138502,SYS32_Hardware.exe,32671232
21828,1790365139017,bb3a785178f443fda931098a5a9a306b.db.ses,53
21828,1790365139017,FXSAPIDebugLogFile.txt,0
21828,1790365139017,FXSTIFFDebugLogFile.txt,0
21828,1790365139033,MpCmdRun.log,22882
21828,1790365139033,MpSigStub.log,97512
21828,1790365139049,msedge_installer.log,68015
21828,1790365139049,skin.zip,231625
21828,1790365139064,SYS32_Hardware.exe,32671232
22385,1790365139574,bb3a785178f443fda931098a5a9a306b.db.ses,53
22385,1790365139574,FXSAPIDebugLogFile.txt,0
22385,1790365139574,FXSTIFFDebugLogFile.txt,0
22385,1790365139574,MpCmdRun.log,22882
22385,1790365139590,MpSigStub.log,97512
22385,1790365139590,msedge_installer.log,68015
22385,1790365139606,skin.zip,231625
22385,1790365139606,SYS32_Hardware.exe,32671232
22917,1790365140106,bb3a785178f443fda931098a5a9a306b.db.ses,53
22917,1790365140106,FXSAPIDebugLogFile.txt,0
22917,1790365140106,FXSTIFFDebugLogFile.txt,0
22917,1790365140121,MpCmdRun.log,22882
22917,1790365140121,MpSigStub.log,97512
22917,1790365140121,msedge_installer.log,68015
22917,1790365140137,skin.zip,231625
22917,1790365140137,SYS32_Hardware.exe,32671232
23454,1790365140643,bb3a785178f443fda931098a5a9a306b.db.ses,53
23454,1790365140643,FXSAPIDebugLogFile.txt,0
23454,1790365140643,FXSTIFFDebugLogFile.txt,0
23454,1790365140658,MpCmdRun.log,22882
23454,1790365140658,MpSigStub.log,97512
23454,1790365140674,msedge_installer.log,68015
23454,1790365140674,skin.zip,231625
23454,1790365140674,SYS32_Hardware.exe,32671232
24001,1790365141189,bb3a785178f443fda931098a5a9a306b.db.ses,53
24001,1790365141189,FXSAPIDebugLogFile.txt,0
24001,1790365141189,FXSTIFFDebugLogFile.txt,0
24001,1790365141205,MpCmdRun.log,22882
24001,1790365141205,MpSigStub.log,97512
24001,1790365141205,msedge_installer.log,68015
24001,1790365141221,skin.zip,231625
24001,1790365141221,SYS32_Hardware.exe,32671232
24548,1790365141736,bb3a785178f443fda931098a5a9a306b.db.ses,53
24548,1790365141736,FXSAPIDebugLogFile.txt,0
24548,1790365141736,FXSTIFFDebugLogFile.txt,0
24548,1790365141752,MpCmdRun.log,22882
24548,1790365141752,MpSigStub.log,97512
24548,1790365141752,msedge_installer.log,68015
24548,1790365141768,skin.zip,231625
24548,1790365141768,SYS32_Hardware.exe,32671232
25094,1790365142283,bb3a785178f443fda931098a5a9a306b.db.ses,53
25094,1790365142283,FXSAPIDebugLogFile.txt,0
25094,1790365142283,FXSTIFFDebugLogFile.txt,0
25094,1790365142299,MpCmdRun.log,22882
25094,1790365142299,MpSigStub.log,97512
25094,1790365142315,msedge_installer.log,68015
25094,1790365142315,skin.zip,231625
25094,1790365142330,SYS32_Hardware.exe,32671232
25641,1790365142830,bb3a785178f443fda931098a5a9a306b.db.ses,53
25641,1790365142830,FXSAPIDebugLogFile.txt,0
25641,1790365142830,FXSTIFFDebugLogFile.txt,0
25641,1790365142846,MpCmdRun.log,22882
25641,1790365142846,MpSigStub.log,97512
25641,1790365142846,msedge_installer.log,68015
25641,1790365142862,skin.zip,231625
25641,1790365142862,SYS32_Hardware.exe,32671232
26173,1790365143362,bb3a785178f443fda931098a5a9a306b.db.ses,53
26173,1790365143362,FXSAPIDebugLogFile.txt,0
26173,1790365143362,FXSTIFFDebugLogFile.txt,0
26173,1790365143377,MpCmdRun.log,22882
26173,1790365143377,MpSigStub.log,97512
26173,1790365143393,msedge_installer.log,68015
26173,1790365143393,skin.zip,231625
26173,1790365143409,SYS32_Hardware.exe,32671232
26723,1790365143912,bb3a785178f443fda931098a5a9a306b.db.ses,53
26723,1790365143912,FXSAPIDebugLogFile.txt,0
26723,1790365143912,FXSTIFFDebugLogFile.txt,0
26723,1790365143928,MpCmdRun.log,22882
26723,1790365143928,MpSigStub.log,97512
26723,1790365143943,msedge_installer.log,68015
26723,1790365143943,skin.zip,231625
26723,1790365143943,SYS32_Hardware.exe,32671232
27277,1790365144465,bb3a785178f443fda931098a5a9a306b.db.ses,53
27277,1790365144465,FXSAPIDebugLogFile.txt,0
27277,1790365144465,FXSTIFFDebugLogFile.txt,0
27277,1790365144481,MpCmdRun.log,22882
27277,1790365144481,MpSigStub.log,97512
27277,1790365144481,msedge_installer.log,68015
27277,1790365144497,skin.zip,231625
27277,1790365144497,SYS32_Hardware.exe,32671232
27832,1790365145021,bb3a785178f443fda931098a5a9a306b.db.ses,53
27832,1790365145021,FXSAPIDebugLogFile.txt,0
27832,1790365145021,FXSTIFFDebugLogFile.txt,0
27832,1790365145037,MpCmdRun.log,22882
27832,1790365145037,MpSigStub.log,97512
27832,1790365145053,msedge_installer.log,68015
27832,1790365145053,skin.zip,231625
27832,1790365145053,SYS32_Hardware.exe,32671232
28379,1790365145569,bb3a785178f443fda931098a5a9a306b.db.ses,53
28379,1790365145569,FXSAPIDebugLogFile.txt,0
28379,1790365145569,FXSTIFFDebugLogFile.txt,0
28379,1790365145584,MpCmdRun.log,22882
28379,1790365145584,MpSigStub.log,97512
28379,1790365145600,msedge_installer.log,68015
28379,1790365145600,skin.zip,231625
28379,1790365145600,SYS32_Hardware.exe,32671232
28926,1790365146116,bb3a785178f443fda931098a5a9a306b.db.ses,53
28926,1790365146116,FXSAPIDebugLogFile.txt,0
28926,1790365146116,FXSTIFFDebugLogFile.txt,0
28926,1790365146116,MpCmdRun.log,22882
28926,1790365146131,MpSigStub.log,97512
28926,1790365146131,msedge_installer.log,68015
28926,1790365146147,skin.zip,231625
28926,1790365146147,SYS32_Hardware.exe,32671232
29475,1790365146662,bb3a785178f443fda931098a5a9a306b.db.ses,53
29475,1790365146662,FXSAPIDebugLogFile.txt,0
29475,1790365146678,FXSTIFFDebugLogFile.txt,0
29475,1790365146694,MpCmdRun.log,22882
29475,1790365146709,MpSigStub.log,97512
29475,1790365146725,msedge_installer.log,68015
29475,1790365146725,skin.zip,231625
29475,1790365146741,SYS32_Hardware.exe,32671232
30067,1790365147256,bb3a785178f443fda931098a5a9a306b.db.ses,53
30067,1790365147256,FXSAPIDebugLogFile.txt,0
30067,1790365147256,FXSTIFFDebugLogFile.txt,0
30067,1790365147272,MpCmdRun.log,22882
30067,1790365147272,MpSigStub.log,97512
30067,1790365147288,msedge_installer.log,68015
30067,1790365147288,skin.zip,231625
30067,1790365147303,SYS32_Hardware.exe,32671232
30614,1790365147803,bb3a785178f443fda931098a5a9a306b.db.ses,53
30614,1790365147803,FXSAPIDebugLogFile.txt,0
30614,1790365147803,FXSTIFFDebugLogFile.txt,0
30614,1790365147819,MpCmdRun.log,22882
30614,1790365147819,MpSigStub.log,97512
30614,1790365147835,msedge_installer.log,68015
30614,1790365147835,skin.zip,231625
30614,1790365147835,SYS32_Hardware.exe,32671232
31175,1790365148364,bb3a785178f443fda931098a5a9a306b.db.ses,53
31175,1790365148364,FXSAPIDebugLogFile.txt,0
31175,1790365148364,FXSTIFFDebugLogFile.txt,0
31175,1790365148380,MpCmdRun.log,22882
31175,1790365148380,MpSigStub.log,97512
31175,1790365148380,msedge_installer.log,68015
31175,1790365148395,skin.zip,231625
31175,1790365148395,SYS32_Hardware.exe,32671232
31707,1790365148895,bb3a785178f443fda931098a5a9a306b.db.ses,53
31707,1790365148895,FXSAPIDebugLogFile.txt,0
31707,1790365148911,FXSTIFFDebugLogFile.txt,0
31707,1790365148911,MpCmdRun.log,22882
31707,1790365148927,MpSigStub.log,97512
31707,1790365148927,msedge_installer.log,68015
31707,1790365148927,skin.zip,231625
31707,1790365148942,SYS32_Hardware.exe,32671232
32261,1790365149450,bb3a785178f443fda931098a5a9a306b.db.ses,53
32261,1790365149450,FXSAPIDebugLogFile.txt,0
32261,1790365149450,FXSTIFFDebugLogFile.txt,0
32261,1790365149466,MpCmdRun.log,22882
32261,1790365149466,MpSigStub.log,97512
32261,1790365149466,msedge_installer.log,68015
32261,1790365149481,skin.zip,231625
32261,1790365149481,SYS32_Hardware.exe,32671232
32816,1790365150005,bb3a785178f443fda931098a5a9a306b.db.ses,53
32816,1790365150005,FXSAPIDebugLogFile.txt,0
32816,1790365150005,FXSTIFFDebugLogFile.txt,0
32816,1790365150005,MpCmdRun.log,22882
32816,1790365150021,MpSigStub.log,97512
32816,1790365150021,msedge_installer.log,68015
32816,1790365150036,skin.zip,231625
32816,1790365150036,SYS32_Hardware.exe,32671232
33371,1790365150560,bb3a785178f443fda931098a5a9a306b.db.ses,53
33371,1790365150560,FXSAPIDebugLogFile.txt,0
33371,1790365150560,FXSTIFFDebugLogFile.txt,0
33371,1790365150576,MpCmdRun.log,22882
33371,1790365150576,MpSigStub.log,97512
33371,1790365150576,msedge_installer.log,68015
33371,1790365150591,skin.zip,231625
33371,1790365150591,SYS32_Hardware.exe,32671232
33932,1790365151121,bb3a785178f443fda931098a5a9a306b.db.ses,53
33932,1790365151121,FXSAPIDebugLogFile.txt,0
33932,1790365151121,FXSTIFFDebugLogFile.txt,0
33932,1790365151137,MpCmdRun.log,22882
33932,1790365151137,MpSigStub.log,97512
33932,1790365151137,msedge_installer.log,68015
33932,1790365151152,skin.zip,231625
33932,1790365151152,SYS32_Hardware.exe,32671232
34464,1790365151653,bb3a785178f443fda931098a5a9a306b.db.ses,53
34464,1790365151653,FXSAPIDebugLogFile.txt,0
34464,1790365151653,FXSTIFFDebugLogFile.txt,0
34464,1790365151668,MpCmdRun.log,22882
34464,1790365151668,MpSigStub.log,97512
34464,1790365151668,msedge_installer.log,68015
34464,1790365151684,skin.zip,231625
34464,1790365151684,SYS32_Hardware.exe,32671232
35000,1790365152189,bb3a785178f443fda931098a5a9a306b.db.ses,53
35000,1790365152189,FXSAPIDebugLogFile.txt,0
35000,1790365152189,FXSTIFFDebugLogFile.txt,0
35000,1790365152205,MpCmdRun.log,22882
35000,1790365152205,MpSigStub.log,97512
35000,1790365152205,msedge_installer.log,68015
35000,1790365152220,skin.zip,231625
35000,1790365152220,SYS32_Hardware.exe,32671232
35550,1790365152740,bb3a785178f443fda931098a5a9a306b.db.ses,53
35550,1790365152740,FXSAPIDebugLogFile.txt,0
35550,1790365152740,FXSTIFFDebugLogFile.txt,0
35550,1790365152755,MpCmdRun.log,22882
35550,1790365152755,MpSigStub.log,97512
35550,1790365152771,msedge_installer.log,68015
35550,1790365152771,skin.zip,231625
35550,1790365152771,SYS32_Hardware.exe,32671232
36100,1790365153289,bb3a785178f443fda931098a5a9a306b.db.ses,53
36100,1790365153289,FXSAPIDebugLogFile.txt,0
36100,1790365153305,FXSTIFFDebugLogFile.txt,0
36100,1790365153305,MpCmdRun.log,22882
36100,1790365153320,MpSigStub.log,97512
36100,1790365153320,msedge_installer.log,68015
36100,1790365153336,skin.zip,231625
36100,1790365153336,SYS32_Hardware.exe,32671232
36677,1790365153880,bb3a785178f443fda931098a5a9a306b.db.ses,53
36677,1790365153880,FXSAPIDebugLogFile.txt,0
36677,1790365153895,FXSTIFFDebugLogFile.txt,0
36677,1790365153911,MpCmdRun.log,22882
36677,1790365153942,MpSigStub.log,97512
36677,1790365153974,msedge_installer.log,68015
36677,1790365154005,skin.zip,231625
36677,1790365154005,SYS32_Hardware.exe,32671232
37335,1790365154524,bb3a785178f443fda931098a5a9a306b.db.ses,53
37335,1790365154524,FXSAPIDebugLogFile.txt,0
37335,1790365154524,FXSTIFFDebugLogFile.txt,0
37335,1790365154540,MpCmdRun.log,22882
37335,1790365154556,MpSigStub.log,97512
37335,1790365154556,msedge_installer.log,68015
37335,1790365154571,skin.zip,231625
37335,1790365154587,SYS32_Hardware.exe,32671232
37898,1790365155087,bb3a785178f443fda931098a5a9a306b.db.ses,53
37898,1790365155087,FXSAPIDebugLogFile.txt,0
37898,1790365155087,FXSTIFFDebugLogFile.txt,0
37898,1790365155103,MpCmdRun.log,22882
37898,1790365155103,MpSigStub.log,97512
37898,1790365155103,msedge_installer.log,68015
37898,1790365155118,skin.zip,231625
37898,1790365155134,SYS32_Hardware.exe,32671232
38445,1790365155634,bb3a785178f443fda931098a5a9a306b.db.ses,53
38445,1790365155634,FXSAPIDebugLogFile.txt,0
38445,1790365155634,FXSTIFFDebugLogFile.txt,0
38445,1790365155650,MpCmdRun.log,22882
38445,1790365155665,MpSigStub.log,97512
38445,1790365155665,msedge_installer.log,68015
38445,1790365155681,skin.zip,231625
38445,1790365155681,SYS32_Hardware.exe,32671232
39007,1790365156196,bb3a785178f443fda931098a5a9a306b.db.ses,53
39007,1790365156196,FXSAPIDebugLogFile.txt,0
39007,1790365156196,FXSTIFFDebugLogFile.txt,0
39007,1790365156212,MpCmdRun.log,22882
39007,1790365156212,MpSigStub.log,97512
39007,1790365156228,msedge_installer.log,68015
39007,1790365156228,skin.zip,231625
39007,1790365156228,SYS32_Hardware.exe,32671232
39556,1790365156745,bb3a785178f443fda931098a5a9a306b.db.ses,53
39556,1790365156745,FXSAPIDebugLogFile.txt,0
39556,1790365156745,FXSTIFFDebugLogFile.txt,0
39556,1790365156761,MpCmdRun.log,22882
39556,1790365156776,MpSigStub.log,97512
39556,1790365156807,msedge_installer.log,68015
39556,1790365156823,skin.zip,231625
39556,1790365156823,SYS32_Hardware.exe,32671232
40149,1790365157339,bb3a785178f443fda931098a5a9a306b.db.ses,53
40149,1790365157339,FXSAPIDebugLogFile.txt,0
40149,1790365157339,FXSTIFFDebugLogFile.txt,0
40149,1790365157354,MpCmdRun.log,22882
40149,1790365157354,MpSigStub.log,97512
40149,1790365157370,msedge_installer.log,68015
40149,1790365157370,skin.zip,231625
40149,1790365157386,SYS32_Hardware.exe,32671232
40712,1790365157901,bb3a785178f443fda931098a5a9a306b.db.ses,53
40712,1790365157901,FXSAPIDebugLogFile.txt,0
40712,1790365157901,FXSTIFFDebugLogFile.txt,0
40712,1790365157917,MpCmdRun.log,22882
40712,1790365157917,MpSigStub.log,97512
40712,1790365157917,msedge_installer.log,68015
40712,1790365157933,skin.zip,231625
40712,1790365157933,SYS32_Hardware.exe,32671232
41265,1790365158455,bb3a785178f443fda931098a5a9a306b.db.ses,53
41265,1790365158455,FXSAPIDebugLogFile.txt,0
41265,1790365158455,FXSTIFFDebugLogFile.txt,0
41265,1790365158470,MpCmdRun.log,22882
41265,1790365158470,MpSigStub.log,97512
41265,1790365158470,msedge_installer.log,68015
41265,1790365158486,skin.zip,231625
41265,1790365158486,SYS32_Hardware.exe,32671232
41813,1790365159002,bb3a785178f443fda931098a5a9a306b.db.ses,53
41813,1790365159017,FXSAPIDebugLogFile.txt,0
41813,1790365159017,FXSTIFFDebugLogFile.txt,0
41813,1790365159017,MpCmdRun.log,22882
41813,1790365159033,MpSigStub.log,97512
41813,1790365159033,msedge_installer.log,68015
41813,1790365159049,skin.zip,231625
41813,1790365159064,SYS32_Hardware.exe,32671232
42375,1790365159564,bb3a785178f443fda931098a5a9a306b.db.ses,53
42375,1790365159564,FXSAPIDebugLogFile.txt,0
42375,1790365159564,FXSTIFFDebugLogFile.txt,0
42375,1790365159580,MpCmdRun.log,22882
42375,1790365159580,MpSigStub.log,97512
42375,1790365159580,msedge_installer.log,68015
42375,1790365159596,skin.zip,231625
42375,1790365159611,SYS32_Hardware.exe,32671232
42926,1790365160115,bb3a785178f443fda931098a5a9a306b.db.ses,53
42926,1790365160115,FXSAPIDebugLogFile.txt,0
42926,1790365160115,FXSTIFFDebugLogFile.txt,0
42926,1790365160131,MpCmdRun.log,22882
42926,1790365160131,MpSigStub.log,97512
42926,1790365160131,msedge_installer.log,68015
42926,1790365160146,skin.zip,231625
42926,1790365160146,SYS32_Hardware.exe,32671232
43479,1790365160668,bb3a785178f443fda931098a5a9a306b.db.ses,53
43479,1790365160668,FXSAPIDebugLogFile.txt,0
43479,1790365160683,FXSTIFFDebugLogFile.txt,0
43479,1790365160699,MpCmdRun.log,22882
43479,1790365160699,MpSigStub.log,97512
43479,1790365160699,msedge_installer.log,68015
43479,1790365160715,skin.zip,231625
43479,1790365160730,SYS32_Hardware,900
43479,1790365160730,SYS32_Hardware.exe,32671232
44057,1790365161246,bb3a785178f443fda931098a5a9a306b.db.ses,53
44057,1790365161246,FXSAPIDebugLogFile.txt,0
44057,1790365161246,FXSTIFFDebugLogFile.txt,0
44057,1790365161246,MpCmdRun.log,22882
44057,1790365161262,MpSigStub.log,97512
44057,1790365161262,msedge_installer.log,68015
44057,1790365161277,skin.zip,231625
44057,1790365161277,SYS32_Hardware,900
44057,1790365161293,SYS32_Hardware.exe,32671232
44604,1790365161793,bb3a785178f443fda931098a5a9a306b.db.ses,53
44604,1790365161793,FXSAPIDebugLogFile.txt,0
44604,1790365161793,FXSTIFFDebugLogFile.txt,0
44604,1790365161809,MpCmdRun.log,22882
44604,1790365161809,MpSigStub.log,97512
44604,1790365161809,msedge_installer.log,68015
44604,1790365161824,skin.zip,231625
44604,1790365161824,SYS32_Hardware,900
44604,1790365161840,SYS32_Hardware.exe,32671232
45151,1790365162340,bb3a785178f443fda931098a5a9a306b.db.ses,53
45151,1790365162340,FXSAPIDebugLogFile.txt,0
45151,1790365162340,FXSTIFFDebugLogFile.txt,0
45151,1790365162340,MpCmdRun.log,22882
45151,1790365162356,MpSigStub.log,97512
45151,1790365162356,msedge_installer.log,68015
45151,1790365162371,skin.zip,231625
45151,1790365162371,SYS32_Hardware,900
45151,1790365162387,SYS32_Hardware.exe,32671232
45698,1790365162887,bb3a785178f443fda931098a5a9a306b.db.ses,53
45698,1790365162887,FXSAPIDebugLogFile.txt,0
45698,1790365162887,FXSTIFFDebugLogFile.txt,0
45698,1790365162887,MpCmdRun.log,22882
45698,1790365162903,MpSigStub.log,97512
45698,1790365162903,msedge_installer.log,68015
45698,1790365162918,skin.zip,231625
45698,1790365162934,SYS32_Hardware,900
45698,1790365162934,SYS32_Hardware.exe,32671232
46266,1790365163455,bb3a785178f443fda931098a5a9a306b.db.ses,53
46266,1790365163455,FXSAPIDebugLogFile.txt,0
46266,1790365163455,FXSTIFFDebugLogFile.txt,0
46266,1790365163470,MpCmdRun.log,22882
46266,1790365163470,MpSigStub.log,97512
46266,1790365163486,msedge_installer.log,68015
46266,1790365163486,skin.zip,231625
46266,1790365163486,SYS32_Hardware,900
46266,1790365163502,SYS32_Hardware.exe,32671232
46812,1790365164002,bb3a785178f443fda931098a5a9a306b.db.ses,53
46812,1790365164002,FXSAPIDebugLogFile.txt,0
46812,1790365164002,FXSTIFFDebugLogFile.txt,0
46812,1790365164017,MpCmdRun.log,22882
46812,1790365164017,MpSigStub.log,97512
46812,1790365164033,msedge_installer.log,68015
46812,1790365164033,skin.zip,231625
46812,1790365164049,SYS32_Hardware,900
46812,1790365164049,SYS32_Hardware.exe,32671232
47375,1790365164564,bb3a785178f443fda931098a5a9a306b.db.ses,53
47375,1790365164564,FXSAPIDebugLogFile.txt,0
47375,1790365164564,FXSTIFFDebugLogFile.txt,0
47375,1790365164580,MpCmdRun.log,22882
47375,1790365164596,MpSigStub.log,97512
47375,1790365164611,msedge_installer.log,68015
47375,1790365164643,skin.zip,231625
47375,1790365164674,SYS32_Hardware,900
47375,1790365164674,SYS32_Hardware.exe,32671232
48016,1790365165205,bb3a785178f443fda931098a5a9a306b.db.ses,53
48016,1790365165205,FXSAPIDebugLogFile.txt,0
48016,1790365165205,FXSTIFFDebugLogFile.txt,0
48016,1790365165221,MpCmdRun.log,22882
48016,1790365165221,MpSigStub.log,97512
48016,1790365165221,msedge_installer.log,68015
48016,1790365165236,skin.zip,231625
48016,1790365165236,SYS32_Hardware,900
48016,1790365165252,SYS32_Hardware.exe,32671232
48576,1790365165765,bb3a785178f443fda931098a5a9a306b.db.ses,53
48576,1790365165765,FXSAPIDebugLogFile.txt,0
48576,1790365165765,FXSTIFFDebugLogFile.txt,0
48576,1790365165781,MpCmdRun.log,22882
48576,1790365165781,MpSigStub.log,97512
48576,1790365165781,msedge_installer.log,68015
48576,1790365165796,skin.zip,231625
48576,1790365165796,SYS32_Hardware,900
48576,1790365165812,SYS32_Hardware.exe,32671232
49123,1790365166312,bb3a785178f443fda931098a5a9a306b.db.ses,53
49123,1790365166312,FXSAPIDebugLogFile.txt,0
49123,1790365166312,FXSTIFFDebugLogFile.txt,0
49123,1790365166328,MpCmdRun.log,22882
49123,1790365166328,MpSigStub.log,97512
49123,1790365166328,msedge_installer.log,68015
49123,1790365166343,skin.zip,231625
49123,1790365166343,SYS32_Hardware,900
49123,1790365166359,SYS32_Hardware.exe,32671232
49670,1790365166859,bb3a785178f443fda931098a5a9a306b.db.ses,53
49670,1790365166859,FXSAPIDebugLogFile.txt,0
49670,1790365166859,FXSTIFFDebugLogFile.txt,0
49670,1790365166875,MpCmdRun.log,22882
49670,1790365166875,MpSigStub.log,97512
49670,1790365166891,msedge_installer.log,68015
49670,1790365166891,skin.zip,231625
49670,1790365166906,SYS32_Hardware,900
49670,1790365166906,SYS32_Hardware.exe,32671232
50217,1790365167406,bb3a785178f443fda931098a5a9a306b.db.ses,53
50217,1790365167406,FXSAPIDebugLogFile.txt,0
50217,1790365167406,FXSTIFFDebugLogFile.txt,0
50217,1790365167422,MpCmdRun.log,22882
50217,1790365167422,MpSigStub.log,97512
50217,1790365167438,msedge_installer.log,68015
50217,1790365167438,skin.zip,231625
50217,1790365167453,SYS32_Hardware,900
50217,1790365167469,SYS32_Hardware.exe,32671232
50789,1790365167977,bb3a785178f443fda931098a5a9a306b.db.ses,53
50789,1790365167977,FXSAPIDebugLogFile.txt,0
50789,1790365167977,FXSTIFFDebugLogFile.txt,0
50789,1790365167993,MpCmdRun.log,22882
50789,1790365168009,MpSigStub.log,97512
50789,1790365168009,msedge_installer.log,68015
50789,1790365168024,skin.zip,231625
50789,1790365168040,SYS32_Hardware,900
50789,1790365168040,SYS32_Hardware.exe,32671232
51382,1790365168571,bb3a785178f443fda931098a5a9a306b.db.ses,53
51382,1790365168571,FXSAPIDebugLogFile.txt,0
51382,1790365168587,FXSTIFFDebugLogFile.txt,0
51382,1790365168587,MpCmdRun.log,22882
51382,1790365168587,MpSigStub.log,97512
51382,1790365168602,msedge_installer.log,68015
51382,1790365168602,skin.zip,231625
51382,1790365168618,SYS32_Hardware,900
51382,1790365168634,SYS32_Hardware.exe,32671232
51382,1790365168634,SYS32_Hardware.ini,169
51961,1790365169149,bb3a785178f443fda931098a5a9a306b.db.ses,53
51961,1790365169149,FXSAPIDebugLogFile.txt,0
51961,1790365169149,FXSTIFFDebugLogFile.txt,0
51961,1790365169165,MpCmdRun.log,22882
51961,1790365169180,MpSigStub.log,97512
51961,1790365169180,msedge_installer.log,68015
51961,1790365169196,skin.zip,231625
51961,1790365169196,SYS32_Hardware,900
51961,1790365169212,SYS32_Hardware.exe,32671232
51961,1790365169212,SYS32_Hardware.ini,286
52538,1790365169727,bb3a785178f443fda931098a5a9a306b.db.ses,53
52538,1790365169727,FXSAPIDebugLogFile.txt,0
52538,1790365169743,FXSTIFFDebugLogFile.txt,0
52538,1790365169743,HpDrvedwB3EvKtschKK4uHZ.sys,0
52538,1790365169743,MpCmdRun.log,22882
52538,1790365169759,MpSigStub.log,97512
52538,1790365169774,msedge_installer.log,68015
52538,1790365169774,skin.zip,231625
52538,1790365169790,SYS32_Hardware,900
52538,1790365169790,SYS32_Hardware.exe,32671232
52538,1790365169805,SYS32_Hardware.ini,363
53116,1790365170305,bb3a785178f443fda931098a5a9a306b.db.ses,53
53116,1790365170305,FXSAPIDebugLogFile.txt,0
53116,1790365170321,FXSTIFFDebugLogFile.txt,0
53116,1790365170321,HpDrvFcxEpVRmqwdnUkLcOx.sys,19128
53116,1790365170337,MpCmdRun.log,22882
53116,1790365170337,MpSigStub.log,97512
53116,1790365170352,msedge_installer.log,68015
53116,1790365170352,skin.zip,231625
53116,1790365170352,SYS32_Hardware,900
53116,1790365170368,SYS32_Hardware.exe,32671232
53116,1790365170368,SYS32_Hardware.ini,363
53695,1790365170884,bb3a785178f443fda931098a5a9a306b.db.ses,53
53695,1790365170884,FXSAPIDebugLogFile.txt,0
53695,1790365170899,FXSTIFFDebugLogFile.txt,0
53695,1790365170899,MpCmdRun.log,22882
53695,1790365170899,MpSigStub.log,97512
53695,1790365170915,msedge_installer.log,68015
53695,1790365170915,skin.zip,231625
53695,1790365170930,SYS32_Hardware,900
53695,1790365170930,SYS32_Hardware.exe,32671232
53695,1790365170946,SYS32_Hardware.ini,363
54257,1790365171446,bb3a785178f443fda931098a5a9a306b.db.ses,53
54257,1790365171446,FXSAPIDebugLogFile.txt,0
54257,1790365171446,FXSTIFFDebugLogFile.txt,0
54257,1790365171462,MpCmdRun.log,22882
54257,1790365171462,MpSigStub.log,97512
54257,1790365171477,msedge_installer.log,68015
54257,1790365171493,skin.zip,231625
54257,1790365171493,UPFyBwHhrPLQcIjxXyg,0
54257,1790365171509,SYS32_Hardware,900
54257,1790365171524,SYS32_Hardware.exe,32671232
54257,1790365171540,SYS32_Hardware.ini,363
54851,1790365172040,bb3a785178f443fda931098a5a9a306b.db.ses,53
54851,1790365172040,FXSAPIDebugLogFile.txt,0
54851,1790365172040,FXSTIFFDebugLogFile.txt,0
54851,1790365172055,MpCmdRun.log,22882
54851,1790365172055,MpSigStub.log,97512
54851,1790365172071,msedge_installer.log,68015
54851,1790365172071,skin.zip,231625
54851,1790365172087,UPFyBwHhrPLQcIjxXyg,7967576
54851,1790365172087,SYS32_Hardware,900
54851,1790365172102,SYS32_Hardware.exe,32671232
54851,1790365172102,SYS32_Hardware.ini,363
55413,1790365172602,bb3a785178f443fda931098a5a9a306b.db.ses,53
55413,1790365172602,FXSAPIDebugLogFile.txt,0
55413,1790365172618,FXSTIFFDebugLogFile.txt,0
55413,1790365172618,MpCmdRun.log,22882
55413,1790365172618,MpSigStub.log,97512
55413,1790365172634,msedge_installer.log,68015
55413,1790365172649,skin.zip,231625
55413,1790365172665,UPFyBwHhrPLQcIjxXyg,7967576
55413,1790365172727,SYS32_Hardware,900
55413,1790365173352,SYS32_Hardware.exe,32671232
55413,1790365173462,SYS32_Hardware.ini,363
56885,1790365174071,bb3a785178f443fda931098a5a9a306b.db.ses,53
56885,1790365174071,FXSAPIDebugLogFile.txt,0
56885,1790365174087,FXSTIFFDebugLogFile.txt,0
56885,1790365174087,MpCmdRun.log,24074
56885,1790365174102,MpSigStub.log,97512
56885,1790365174102,msedge_installer.log,68015
56885,1790365174118,skin.zip,231625
56885,1790365174118,UPFyBwHhrPLQcIjxXyg,7967576
56885,1790365174134,SYS32_Hardware,900
56885,1790365174134,SYS32_Hardware.exe,32671232
56885,1790365174149,SYS32_Hardware.ini,363
57460,1790365174649,bb3a785178f443fda931098a5a9a306b.db.ses,53
57460,1790365174649,FXSAPIDebugLogFile.txt,0
57460,1790365174649,FXSTIFFDebugLogFile.txt,0
57460,1790365174665,MpCmdRun.log,24074
57460,1790365174665,MpSigStub.log,97512
57460,1790365174681,msedge_installer.log,68015
57460,1790365174681,skin.zip,231625
57460,1790365174696,UPFyBwHhrPLQcIjxXyg,7967576
57460,1790365174696,SYS32_Hardware,900
57460,1790365174712,SYS32_Hardware.exe,32671232
57460,1790365174712,SYS32_Hardware.ini,363
58028,1790365175212,bb3a785178f443fda931098a5a9a306b.db.ses,53
58028,1790365175212,FXSAPIDebugLogFile.txt,0
58028,1790365175259,FXSTIFFDebugLogFile.txt,0
58028,1790365175259,MpCmdRun.log,24074
58028,1790365175274,MpSigStub.log,97512
58028,1790365175274,msedge_installer.log,68015
58028,1790365175290,skin.zip,231625
58028,1790365175290,UPFyBwHhrPLQcIjxXyg,7967576
58028,1790365175306,SYS32_Hardware,900
58028,1790365175306,SYS32_Hardware.exe,32671232
58028,1790365175321,SYS32_Hardware.ini,363
58648,1790365175837,bb3a785178f443fda931098a5a9a306b.db.ses,53
58648,1790365175837,FXSAPIDebugLogFile.txt,0
58648,1790365175852,FXSTIFFDebugLogFile.txt,0
58648,1790365175852,MpCmdRun.log,24074
58648,1790365175868,MpSigStub.log,97512
58648,1790365175868,msedge_installer.log,68015
58648,1790365175884,skin.zip,231625
58648,1790365175884,UPFyBwHhrPLQcIjxXyg,7967576
58648,1790365175899,SYS32_Hardware,900
58648,1790365175899,SYS32_Hardware.exe,32671232
58648,1790365175915,SYS32_Hardware.ini,363
59226,1790365176415,bb3a785178f443fda931098a5a9a306b.db.ses,53
59226,1790365176415,FXSAPIDebugLogFile.txt,0
59226,1790365176415,FXSTIFFDebugLogFile.txt,0
59226,1790365176431,MpCmdRun.log,24074
59226,1790365176431,MpSigStub.log,97512
59226,1790365176446,msedge_installer.log,68015
59226,1790365176446,skin.zip,231625
59226,1790365176462,UPFyBwHhrPLQcIjxXyg,7967576
59226,1790365176478,SYS32_Hardware,900
59226,1790365176493,SYS32_Hardware.exe,32671232
59226,1790365176493,SYS32_Hardware.ini,363
59820,1790365177009,bb3a785178f443fda931098a5a9a306b.db.ses,53
59820,1790365177009,FXSAPIDebugLogFile.txt,0
59820,1790365177009,FXSTIFFDebugLogFile.txt,0
59820,1790365177024,MpCmdRun.log,24074
59820,1790365177024,MpSigStub.log,97512
59820,1790365177024,msedge_installer.log,68015
59820,1790365177040,skin.zip,231625
59820,1790365177056,UPFyBwHhrPLQcIjxXyg,7967576
59820,1790365177056,SYS32_Hardware,900
59820,1790365177071,SYS32_Hardware.exe,32671232
59820,1790365177071,SYS32_Hardware.ini,363
60395,1790365177584,bb3a785178f443fda931098a5a9a306b.db.ses,53
60395,1790365177584,FXSAPIDebugLogFile.txt,0
60395,1790365177584,FXSTIFFDebugLogFile.txt,0
60395,1790365177599,MpCmdRun.log,24074
60395,1790365177599,MpSigStub.log,97512
60395,1790365177615,msedge_installer.log,68015
60395,1790365177615,skin.zip,231625
60395,1790365177630,UPFyBwHhrPLQcIjxXyg,7967576
60395,1790365177630,SYS32_Hardware,900
60395,1790365177646,SYS32_Hardware.exe,32671232
60395,1790365177646,SYS32_Hardware.ini,363
60973,1790365178162,bb3a785178f443fda931098a5a9a306b.db.ses,53
60973,1790365178162,FXSAPIDebugLogFile.txt,0
60973,1790365178162,FXSTIFFDebugLogFile.txt,0
60973,1790365178177,MpCmdRun.log,24074
60973,1790365178177,MpSigStub.log,97512
60973,1790365178177,msedge_installer.log,68015
60973,1790365178193,skin.zip,231625
60973,1790365178193,UPFyBwHhrPLQcIjxXyg,7967576
60973,1790365178209,SYS32_Hardware,900
60973,1790365178209,SYS32_Hardware.exe,32671232
60973,1790365178224,SYS32_Hardware.ini,363
61535,1790365178724,bb3a785178f443fda931098a5a9a306b.db.ses,53
61535,1790365178724,FXSAPIDebugLogFile.txt,0
61535,1790365178724,FXSTIFFDebugLogFile.txt,0
61535,1790365178740,MpCmdRun.log,24074
61535,1790365178740,MpSigStub.log,97512
61535,1790365178740,msedge_installer.log,68015
61535,1790365178756,skin.zip,231625
61535,1790365178756,UPFyBwHhrPLQcIjxXyg,7967576
61535,1790365178771,SYS32_Hardware,900
61535,1790365178771,SYS32_Hardware.exe,32671232
61535,1790365178787,SYS32_Hardware.ini,363
62103,1790365179292,bb3a785178f443fda931098a5a9a306b.db.ses,53
62103,1790365179292,FXSAPIDebugLogFile.txt,0
62103,1790365179292,FXSTIFFDebugLogFile.txt,0
62103,1790365179307,MpCmdRun.log,24074
62103,1790365179307,MpSigStub.log,97512
62103,1790365179323,msedge_installer.log,68015
62103,1790365179323,skin.zip,231625
62103,1790365179338,UPFyBwHhrPLQcIjxXyg,7967576
62103,1790365179338,SYS32_Hardware,900
62103,1790365179354,SYS32_Hardware.exe,32671232
62103,1790365179354,SYS32_Hardware.ini,363
62688,1790365179877,bb3a785178f443fda931098a5a9a306b.db.ses,53
62688,1790365179877,FXSAPIDebugLogFile.txt,0
62688,1790365179877,FXSTIFFDebugLogFile.txt,0
62688,1790365179893,MpCmdRun.log,24074
62688,1790365179893,MpSigStub.log,97512
62688,1790365179909,msedge_installer.log,68015
62688,1790365179909,skin.zip,231625
62688,1790365179924,UPFyBwHhrPLQcIjxXyg,7967576
62688,1790365179924,SYS32_Hardware,900
62688,1790365179940,SYS32_Hardware.exe,32671232
62688,1790365179940,SYS32_Hardware.ini,363
63267,1790365180456,bb3a785178f443fda931098a5a9a306b.db.ses,53
63267,1790365180456,FXSAPIDebugLogFile.txt,0
63267,1790365180456,FXSTIFFDebugLogFile.txt,0
63267,1790365180471,MpCmdRun.log,24074
63267,1790365180471,MpSigStub.log,97512
63267,1790365180487,msedge_installer.log,68015
63267,1790365180487,skin.zip,231625
63267,1790365180487,UPFyBwHhrPLQcIjxXyg,7967576
63267,1790365180503,SYS32_Hardware,900
63267,1790365180518,SYS32_Hardware.exe,32671232
63267,1790365180534,SYS32_Hardware.ini,363
63923,1790365181112,bb3a785178f443fda931098a5a9a306b.db.ses,53
63923,1790365181112,FXSAPIDebugLogFile.txt,0
63923,1790365181128,FXSTIFFDebugLogFile.txt,0
63923,1790365181143,MpCmdRun.log,24074
63923,1790365181159,MpSigStub.log,97512
63923,1790365181159,msedge_installer.log,68015
63923,1790365181159,skin.zip,231625
63923,1790365181174,UDD380.tmp,7967576
63923,1790365181174,UPFyBwHhrPLQcIjxXyg,0
63923,1790365181206,SYS32_Hardware,900
63923,1790365181206,SYS32_Hardware.exe,32671232
63923,1790365181221,SYS32_Hardware.ini,363
64536,1790365181726,bb3a785178f443fda931098a5a9a306b.db.ses,53
64536,1790365181726,FXSAPIDebugLogFile.txt,0
64536,1790365181726,FXSTIFFDebugLogFile.txt,0
64536,1790365181741,MpCmdRun.log,24074
64536,1790365181741,MpSigStub.log,97512
64536,1790365181757,msedge_installer.log,68015
64536,1790365181757,skin.zip,231625
64536,1790365181772,UDD380.tmp,7967576
64536,1790365181788,UPFyBwHhrPLQcIjxXyg,0
64536,1790365181804,SYS32_Hardware,900
64536,1790365181804,SYS32_Hardware.exe,32671232
64536,1790365181804,SYS32_Hardware.ini,363
65139,1790365182328,bb3a785178f443fda931098a5a9a306b.db.ses,53
65139,1790365182328,FXSAPIDebugLogFile.txt,0
65139,1790365182328,FXSTIFFDebugLogFile.txt,0
65139,1790365182343,MpCmdRun.log,24074
65139,1790365182343,MpSigStub.log,97512
65139,1790365182359,msedge_installer.log,68015
65139,1790365182374,skin.zip,231625
65139,1790365182374,UDD380.tmp,7967576
65139,1790365182390,UPFyBwHhrPLQcIjxXyg,0
65139,1790365182406,SYS32_Hardware,900
65139,1790365182406,SYS32_Hardware.exe,32671232
65139,1790365182406,SYS32_Hardware.ini,363
65747,1790365182934,bb3a785178f443fda931098a5a9a306b.db.ses,53
65747,1790365182950,FXSAPIDebugLogFile.txt,0
65747,1790365182966,FXSTIFFDebugLogFile.txt,0
65747,1790365182997,HpDrvUsbXNPPSffywUhbqeD.sys,19128
65747,1790365183013,MpCmdRun.log,24074
65747,1790365183029,MpSigStub.log,97512
65747,1790365183059,msedge_installer.log,68015
65747,1790365183091,skin.zip,231625
65747,1790365183153,UPFyBwHhrPLQcIjxXyg,0
65747,1790365183184,SYS32_Hardware,900
65747,1790365183231,SYS32_Hardware.exe,32671232
65747,1790365183231,SYS32_Hardware.ini,363
66573,1790365183763,bb3a785178f443fda931098a5a9a306b.db.ses,53
66573,1790365183763,FXSAPIDebugLogFile.txt,0
66573,1790365183778,FXSTIFFDebugLogFile.txt,0
66573,1790365183778,HpDrvUsbXNPPSffywUhbqeD.sys,19128
66573,1790365183794,MpCmdRun.log,24074
66573,1790365183809,MpSigStub.log,97512
66573,1790365183809,msedge_installer.log,68015
66573,1790365183825,skin.zip,231625
66573,1790365183825,UPFyBwHhrPLQcIjxXyg,0
66573,1790365183841,SYS32_Hardware,900
66573,1790365183856,SYS32_Hardware.exe,32671232
66573,1790365183856,SYS32_Hardware.ini,363
67170,1790365184360,bb3a785178f443fda931098a5a9a306b.db.ses,53
67170,1790365184360,FXSAPIDebugLogFile.txt,0
67170,1790365184360,FXSTIFFDebugLogFile.txt,0
67170,1790365184375,MpCmdRun.log,24074
67170,1790365184391,MpSigStub.log,97512
67170,1790365184391,msedge_installer.log,68015
67170,1790365184406,skin.zip,231625
67170,1790365184406,UPFyBwHhrPLQcIjxXyg,0
67170,1790365184422,SYS32_Hardware,900
67170,1790365184438,SYS32_Hardware.exe,32671232
67170,1790365184438,SYS32_Hardware.ini,363
67760,1790365184949,bb3a785178f443fda931098a5a9a306b.db.ses,53
67760,1790365184949,FXSAPIDebugLogFile.txt,0
67760,1790365184964,FXSTIFFDebugLogFile.txt,0
67760,1790365184964,MpCmdRun.log,24074
67760,1790365184980,MpSigStub.log,97512
67760,1790365184980,msedge_installer.log,68015
67760,1790365184980,skin.zip,231625
67760,1790365184996,UPFyBwHhrPLQcIjxXyg,0
67760,1790365184996,SYS32_Hardware,900
67760,1790365185027,SYS32_Hardware.exe,32671232
67760,1790365185027,SYS32_Hardware.ini,363
68343,1790365185530,bb3a785178f443fda931098a5a9a306b.db.ses,53
68343,1790365185577,FXSAPIDebugLogFile.txt,0
68343,1790365185596,FXSTIFFDebugLogFile.txt,0
68343,1790365185624,MpCmdRun.log,24074
68343,1790365185624,MpSigStub.log,97512
68343,1790365185671,msedge_installer.log,68015
68343,1790365185702,skin.zip,231625
68343,1790365185719,UPFyBwHhrPLQcIjxXyg,0
68343,1790365185734,SYS32_Hardware,900
68343,1790365185734,SYS32_Hardware.exe,32671232
68343,1790365185749,SYS32_Hardware.ini,363
69076,1790365186265,bb3a785178f443fda931098a5a9a306b.db.ses,53
69076,1790365186265,FXSAPIDebugLogFile.txt,0
69076,1790365186265,FXSTIFFDebugLogFile.txt,0
69076,1790365186280,MpCmdRun.log,24074
69076,1790365186280,MpSigStub.log,97512
69076,1790365186280,msedge_installer.log,68015
69076,1790365186296,skin.zip,231625
69076,1790365186296,UPFyBwHhrPLQcIjxXyg,0
69076,1790365186312,SYS32_Hardware,900
69076,1790365186312,SYS32_Hardware.exe,32671232
69076,1790365186327,SYS32_Hardware.ini,363
69638,1790365186827,bb3a785178f443fda931098a5a9a306b.db.ses,53
69638,1790365186827,FXSAPIDebugLogFile.txt,0
69638,1790365186827,FXSTIFFDebugLogFile.txt,0
69638,1790365186843,MpCmdRun.log,24074
69638,1790365186843,MpSigStub.log,97512
69638,1790365186843,msedge_installer.log,68015
69638,1790365186859,skin.zip,231625
69638,1790365186859,UPFyBwHhrPLQcIjxXyg,0
69638,1790365186874,SYS32_Hardware,900
69638,1790365186874,SYS32_Hardware.exe,32671232
69638,1790365186874,SYS32_Hardware.ini,363
70206,1790365187395,bb3a785178f443fda931098a5a9a306b.db.ses,53
70206,1790365187395,FXSAPIDebugLogFile.txt,0
70206,1790365187395,FXSTIFFDebugLogFile.txt,0
70206,1790365187411,MpCmdRun.log,24074
70206,1790365187411,MpSigStub.log,97512
70206,1790365187411,msedge_installer.log,68015
70206,1790365187426,skin.zip,231625
70206,1790365187426,UPFyBwHhrPLQcIjxXyg,0
70206,1790365187442,SYS32_Hardware,900
70206,1790365187442,SYS32_Hardware.exe,32671232
70206,1790365187442,SYS32_Hardware.ini,363
70781,1790365187970,bb3a785178f443fda931098a5a9a306b.db.ses,53
70781,1790365187970,FXSAPIDebugLogFile.txt,0
70781,1790365187970,FXSTIFFDebugLogFile.txt,0
70781,1790365187986,MpCmdRun.log,24074
70781,1790365188002,MpSigStub.log,97512
70781,1790365188002,msedge_installer.log,68015
70781,1790365188002,skin.zip,231625
70781,1790365188017,UPFyBwHhrPLQcIjxXyg,0
70781,1790365188017,SYS32_Hardware,900
70781,1790365188033,SYS32_Hardware.exe,32671232
70781,1790365188033,SYS32_Hardware.ini,363
71344,1790365188533,bb3a785178f443fda931098a5a9a306b.db.ses,53
71344,1790365188533,FXSAPIDebugLogFile.txt,0
71344,1790365188533,FXSTIFFDebugLogFile.txt,0
71344,1790365188549,MpCmdRun.log,24074
71344,1790365188549,MpSigStub.log,97512
71344,1790365188549,msedge_installer.log,68015
71344,1790365188564,skin.zip,231625
71344,1790365188564,UPFyBwHhrPLQcIjxXyg,0
71344,1790365188580,SYS32_Hardware,900
71344,1790365188580,SYS32_Hardware.exe,32671232
71344,1790365188595,SYS32_Hardware.ini,363
71906,1790365189096,bb3a785178f443fda931098a5a9a306b.db.ses,53
71906,1790365189096,FXSAPIDebugLogFile.txt,0
71906,1790365189096,FXSTIFFDebugLogFile.txt,0
71906,1790365189096,MpCmdRun.log,24074
71906,1790365189111,MpSigStub.log,97512
71906,1790365189111,msedge_installer.log,68015
71906,1790365189127,skin.zip,231625
71906,1790365189127,UPFyBwHhrPLQcIjxXyg,0
71906,1790365189142,SYS32_Hardware,900
71906,1790365189142,SYS32_Hardware.exe,32671232
71906,1790365189142,SYS32_Hardware.ini,363
72469,1790365189658,bb3a785178f443fda931098a5a9a306b.db.ses,53
72469,1790365189658,FXSAPIDebugLogFile.txt,0
72469,1790365189658,FXSTIFFDebugLogFile.txt,0
72469,1790365189674,MpCmdRun.log,24074
72469,1790365189674,MpSigStub.log,97512
72469,1790365189674,msedge_installer.log,68015
72469,1790365189689,skin.zip,231625
72469,1790365189689,UPFyBwHhrPLQcIjxXyg,0
72469,1790365189705,SYS32_Hardware,900
72469,1790365189705,SYS32_Hardware.exe,32671232
72469,1790365189721,SYS32_Hardware.ini,363
73031,1790365190221,bb3a785178f443fda931098a5a9a306b.db.ses,53
73031,1790365190221,FXSAPIDebugLogFile.txt,0
73031,1790365190221,FXSTIFFDebugLogFile.txt,0
73031,1790365190221,MpCmdRun.log,24074
73031,1790365190236,MpSigStub.log,97512
73031,1790365190236,msedge_installer.log,68015
73031,1790365190252,skin.zip,231625
73031,1790365190252,UPFyBwHhrPLQcIjxXyg,0
73031,1790365190268,SYS32_Hardware,900
73031,1790365190268,SYS32_Hardware.exe,32671232
73031,1790365190268,SYS32_Hardware.ini,363
73594,1790365190793,bb3a785178f443fda931098a5a9a306b.db.ses,53
73594,1790365190793,FXSAPIDebugLogFile.txt,0
73594,1790365190793,FXSTIFFDebugLogFile.txt,0
73594,1790365190809,MpCmdRun.log,24074
73594,1790365190809,MpSigStub.log,97512
73594,1790365190809,msedge_installer.log,68015
73594,1790365190824,skin.zip,231625
73594,1790365190824,UPFyBwHhrPLQcIjxXyg,0
73594,1790365190840,SYS32_Hardware,900
73594,1790365190840,SYS32_Hardware.exe,32671232
73594,1790365190856,SYS32_Hardware.ini,363
74166,1790365191356,bb3a785178f443fda931098a5a9a306b.db.ses,53
74166,1790365191356,FXSAPIDebugLogFile.txt,0
74166,1790365191356,FXSTIFFDebugLogFile.txt,0
74166,1790365191356,MpCmdRun.log,24074
74166,1790365191371,MpSigStub.log,97512
74166,1790365191371,msedge_installer.log,68015
74166,1790365191387,skin.zip,231625
74166,1790365191387,UPFyBwHhrPLQcIjxXyg,0
74166,1790365191403,SYS32_Hardware,900
74166,1790365191418,SYS32_Hardware.exe,32671232
74166,1790365191434,SYS32_Hardware.ini,363
74750,1790365191939,bb3a785178f443fda931098a5a9a306b.db.ses,53
74750,1790365191939,FXSAPIDebugLogFile.txt,0
74750,1790365191939,FXSTIFFDebugLogFile.txt,0
74750,1790365191955,MpCmdRun.log,24074
74750,1790365191955,MpSigStub.log,97512
74750,1790365191970,msedge_installer.log,68015
74750,1790365191970,skin.zip,231625
74750,1790365191970,UPFyBwHhrPLQcIjxXyg,0
74750,1790365191986,SYS32_Hardware,900
74750,1790365191986,SYS32_Hardware.exe,32671232
74750,1790365192002,SYS32_Hardware.ini,363
75328,1790365192517,bb3a785178f443fda931098a5a9a306b.db.ses,53
75328,1790365192517,FXSAPIDebugLogFile.txt,0
75328,1790365192517,FXSTIFFDebugLogFile.txt,0
75328,1790365192533,MpCmdRun.log,24074
75328,1790365192533,MpSigStub.log,97512
75328,1790365192533,msedge_installer.log,68015
75328,1790365192549,skin.zip,231625
75328,1790365192549,UPFyBwHhrPLQcIjxXyg,0
75328,1790365192564,SYS32_Hardware,900
75328,1790365192564,SYS32_Hardware.exe,32671232
75328,1790365192580,SYS32_Hardware.ini,363
75891,1790365193080,bb3a785178f443fda931098a5a9a306b.db.ses,53
75891,1790365193080,FXSAPIDebugLogFile.txt,0
75891,1790365193080,FXSTIFFDebugLogFile.txt,0
75891,1790365193080,MpCmdRun.log,24074
75891,1790365193096,MpSigStub.log,97512
75891,1790365193096,msedge_installer.log,68015
75891,1790365193111,skin.zip,231625
75891,1790365193111,UPFyBwHhrPLQcIjxXyg,0
75891,1790365193111,SYS32_Hardware,900
75891,1790365193127,SYS32_Hardware.exe,32671232
75891,1790365193127,SYS32_Hardware.ini,363
76459,1790365193648,bb3a785178f443fda931098a5a9a306b.db.ses,53
76459,1790365193648,FXSAPIDebugLogFile.txt,0
76459,1790365193648,FXSTIFFDebugLogFile.txt,0
76459,1790365193664,MpCmdRun.log,24074
76459,1790365193664,MpSigStub.log,97512
76459,1790365193679,msedge_installer.log,68015
76459,1790365193679,skin.zip,231625
76459,1790365193679,UPFyBwHhrPLQcIjxXyg,0
76459,1790365193695,SYS32_Hardware,900
76459,1790365193695,SYS32_Hardware.exe,32671232
76459,1790365193711,SYS32_Hardware.ini,363
77022,1790365194211,bb3a785178f443fda931098a5a9a306b.db.ses,53
77022,1790365194211,FXSAPIDebugLogFile.txt,0
77022,1790365194211,FXSTIFFDebugLogFile.txt,0
77022,1790365194226,MpCmdRun.log,24074
77022,1790365194226,MpSigStub.log,97512
77022,1790365194242,msedge_installer.log,68015
77022,1790365194242,skin.zip,231625
77022,1790365194258,UPFyBwHhrPLQcIjxXyg,0
77022,1790365194258,SYS32_Hardware,900
77022,1790365194273,SYS32_Hardware.exe,32671232
77022,1790365194273,SYS32_Hardware.ini,363
77600,1790365194789,bb3a785178f443fda931098a5a9a306b.db.ses,53
77600,1790365194789,FXSAPIDebugLogFile.txt,0
77600,1790365194789,FXSTIFFDebugLogFile.txt,0
77600,1790365194805,MpCmdRun.log,24074
77600,1790365194805,MpSigStub.log,97512
77600,1790365194820,msedge_installer.log,68015
77600,1790365194820,skin.zip,231625
77600,1790365194820,UPFyBwHhrPLQcIjxXyg,0
77600,1790365194836,SYS32_Hardware,900
77600,1790365194836,SYS32_Hardware.exe,32671232
77600,1790365194852,SYS32_Hardware.ini,363
78162,1790365195352,bb3a785178f443fda931098a5a9a306b.db.ses,53
78162,1790365195352,FXSAPIDebugLogFile.txt,0
78162,1790365195352,FXSTIFFDebugLogFile.txt,0
78162,1790365195367,MpCmdRun.log,24074
78162,1790365195367,MpSigStub.log,97512
78162,1790365195383,msedge_installer.log,68015
78162,1790365195383,skin.zip,231625
78162,1790365195399,UPFyBwHhrPLQcIjxXyg,0
78162,1790365195399,SYS32_Hardware,900
78162,1790365195414,SYS32_Hardware.exe,32671232
78162,1790365195414,SYS32_Hardware.ini,363
78735,1790365195924,bb3a785178f443fda931098a5a9a306b.db.ses,53
78735,1790365195924,FXSAPIDebugLogFile.txt,0
78735,1790365195924,FXSTIFFDebugLogFile.txt,0
78735,1790365195939,MpCmdRun.log,24074
78735,1790365195939,MpSigStub.log,97512
78735,1790365195939,msedge_installer.log,68015
78735,1790365195955,skin.zip,231625
78735,1790365195955,UPFyBwHhrPLQcIjxXyg,0
78735,1790365195970,SYS32_Hardware,900
78735,1790365195970,SYS32_Hardware.exe,32671232
78735,1790365195986,SYS32_Hardware.ini,363
79300,1790365196489,bb3a785178f443fda931098a5a9a306b.db.ses,53
79300,1790365196489,FXSAPIDebugLogFile.txt,0
79300,1790365196489,FXSTIFFDebugLogFile.txt,0
79300,1790365196489,MpCmdRun.log,24074
79300,1790365196505,MpSigStub.log,97512
79300,1790365196505,msedge_installer.log,68015
79300,1790365196521,skin.zip,231625
79300,1790365196521,UPFyBwHhrPLQcIjxXyg,0
79300,1790365196536,SYS32_Hardware,900
79300,1790365196536,SYS32_Hardware.exe,32671232
79300,1790365196552,SYS32_Hardware.ini,363
79863,1790365197052,bb3a785178f443fda931098a5a9a306b.db.ses,53
79863,1790365197052,FXSAPIDebugLogFile.txt,0
79863,1790365197052,FXSTIFFDebugLogFile.txt,0
79863,1790365197068,MpCmdRun.log,24074
79863,1790365197068,MpSigStub.log,97512
79863,1790365197068,msedge_installer.log,68015
79863,1790365197083,skin.zip,231625
79863,1790365197083,UPFyBwHhrPLQcIjxXyg,0
79863,1790365197099,SYS32_Hardware,900
79863,1790365197099,SYS32_Hardware.exe,32671232
79863,1790365197115,SYS32_Hardware.ini,363
80425,1790365197615,bb3a785178f443fda931098a5a9a306b.db.ses,53
80425,1790365197615,FXSAPIDebugLogFile.txt,0
80425,1790365197628,FXSTIFFDebugLogFile.txt,0
80425,1790365197642,MpCmdRun.log,24074
80425,1790365197642,MpSigStub.log,97512
80425,1790365197642,msedge_installer.log,68015
80425,1790365197657,skin.zip,231625
80425,1790365197657,UPFyBwHhrPLQcIjxXyg,0
80425,1790365197673,SYS32_Hardware,900
80425,1790365197673,SYS32_Hardware.exe,32671232
80425,1790365197689,SYS32_Hardware.ini,363
81004,1790365198193,bb3a785178f443fda931098a5a9a306b.db.ses,53
81004,1790365198193,FXSAPIDebugLogFile.txt,0
81004,1790365198209,FXSTIFFDebugLogFile.txt,0
81004,1790365198209,MpCmdRun.log,24074
81004,1790365198224,MpSigStub.log,97512
81004,1790365198224,msedge_installer.log,68015
81004,1790365198224,skin.zip,231625
81004,1790365198240,UPFyBwHhrPLQcIjxXyg,0
81004,1790365198240,SYS32_Hardware,900
81004,1790365198255,SYS32_Hardware.exe,32671232
81004,1790365198255,SYS32_Hardware.ini,363
81594,1790365198783,bb3a785178f443fda931098a5a9a306b.db.ses,53
81594,1790365198783,FXSAPIDebugLogFile.txt,0
81594,1790365198783,FXSTIFFDebugLogFile.txt,0
81594,1790365198799,MpCmdRun.log,24074
81594,1790365198799,MpSigStub.log,97512
81594,1790365198814,msedge_installer.log,68015
81594,1790365198814,skin.zip,231625
81594,1790365198814,UPFyBwHhrPLQcIjxXyg,0
81594,1790365198846,SYS32_Hardware,900
81594,1790365198846,SYS32_Hardware.exe,32671232
81594,1790365198846,SYS32_Hardware.ini,363
82183,1790365199372,bb3a785178f443fda931098a5a9a306b.db.ses,53
82183,1790365199372,FXSAPIDebugLogFile.txt,0
82183,1790365199372,FXSTIFFDebugLogFile.txt,0
82183,1790365199387,MpCmdRun.log,24074
82183,1790365199387,MpSigStub.log,97512
82183,1790365199387,msedge_installer.log,68015
82183,1790365199403,skin.zip,231625
82183,1790365199403,UPFyBwHhrPLQcIjxXyg,0
82183,1790365199419,SYS32_Hardware,900
82183,1790365199419,SYS32_Hardware.exe,32671232
82183,1790365199434,SYS32_Hardware.ini,363
82756,1790365199945,bb3a785178f443fda931098a5a9a306b.db.ses,53
82756,1790365199945,FXSAPIDebugLogFile.txt,0
82756,1790365199945,FXSTIFFDebugLogFile.txt,0
82756,1790365199961,MpCmdRun.log,24074
82756,1790365199961,MpSigStub.log,97512
82756,1790365199961,msedge_installer.log,68015
82756,1790365199976,skin.zip,231625
82756,1790365199976,UPFyBwHhrPLQcIjxXyg,0
82756,1790365199992,SYS32_Hardware,900
82756,1790365200007,SYS32_Hardware.exe,32671232
82756,1790365200023,SYS32_Hardware.ini,363
83334,1790365200523,bb3a785178f443fda931098a5a9a306b.db.ses,53
83334,1790365200523,FXSAPIDebugLogFile.txt,0
83334,1790365200523,FXSTIFFDebugLogFile.txt,0
83334,1790365200523,MpCmdRun.log,24074
83334,1790365200539,MpSigStub.log,97512
83334,1790365200539,msedge_installer.log,68015
83334,1790365200554,skin.zip,231625
83334,1790365200554,UPFyBwHhrPLQcIjxXyg,0
83334,1790365200570,SYS32_Hardware,900
83334,1790365200570,SYS32_Hardware.exe,32671232
83334,1790365200570,SYS32_Hardware.ini,363
83897,1790365201086,bb3a785178f443fda931098a5a9a306b.db.ses,53
83897,1790365201086,FXSAPIDebugLogFile.txt,0
83897,1790365201086,FXSTIFFDebugLogFile.txt,0
83897,1790365201101,MpCmdRun.log,24074
83897,1790365201101,MpSigStub.log,97512
83897,1790365201101,msedge_installer.log,68015
83897,1790365201117,skin.zip,231625
83897,1790365201117,UPFyBwHhrPLQcIjxXyg,0
83897,1790365201133,SYS32_Hardware,900
83897,1790365201133,SYS32_Hardware.exe,32671232
83897,1790365201148,SYS32_Hardware.ini,363
84469,1790365201658,bb3a785178f443fda931098a5a9a306b.db.ses,53
84469,1790365201658,FXSAPIDebugLogFile.txt,0
84469,1790365201658,FXSTIFFDebugLogFile.txt,0
84469,1790365201673,MpCmdRun.log,24074
84469,1790365201673,MpSigStub.log,97512
84469,1790365201689,msedge_installer.log,68015
84469,1790365201705,skin.zip,231625
84469,1790365201720,UPFyBwHhrPLQcIjxXyg,0
84469,1790365201720,SYS32_Hardware,900
84469,1790365201736,SYS32_Hardware.exe,32671232
84469,1790365201736,SYS32_Hardware.ini,363
85053,1790365202242,bb3a785178f443fda931098a5a9a306b.db.ses,53
85053,1790365202242,FXSAPIDebugLogFile.txt,0
85053,1790365202258,FXSTIFFDebugLogFile.txt,0
85053,1790365202274,MpCmdRun.log,24074
85053,1790365202274,MpSigStub.log,97512
85053,1790365202289,msedge_installer.log,68015
85053,1790365202289,skin.zip,231625
85053,1790365202305,UPFyBwHhrPLQcIjxXyg,0
85053,1790365202305,SYS32_Hardware,900
85053,1790365202320,SYS32_Hardware.exe,32671232
85053,1790365202320,SYS32_Hardware.ini,363
85647,1790365202836,bb3a785178f443fda931098a5a9a306b.db.ses,53
85647,1790365202836,FXSAPIDebugLogFile.txt,0
85647,1790365202836,FXSTIFFDebugLogFile.txt,0
85647,1790365202852,MpCmdRun.log,24074
85647,1790365202852,MpSigStub.log,97512
85647,1790365202852,msedge_installer.log,68015
85647,1790365202867,skin.zip,231625
85647,1790365202867,UPFyBwHhrPLQcIjxXyg,0
85647,1790365202883,SYS32_Hardware,900
85647,1790365202883,SYS32_Hardware.exe,32671232
85647,1790365202883,SYS32_Hardware.ini,363
86214,1790365203403,bb3a785178f443fda931098a5a9a306b.db.ses,53
86214,1790365203403,FXSAPIDebugLogFile.txt,0
86214,1790365203403,FXSTIFFDebugLogFile.txt,0
86214,1790365203403,MpCmdRun.log,24074
86214,1790365203419,MpSigStub.log,97512
86214,1790365203419,msedge_installer.log,68015
86214,1790365203434,skin.zip,231625
86214,1790365203434,UPFyBwHhrPLQcIjxXyg,0
86214,1790365203434,SYS32_Hardware,900
86214,1790365203450,SYS32_Hardware.exe,32671232
86214,1790365203450,SYS32_Hardware.ini,363
86766,1790365203955,bb3a785178f443fda931098a5a9a306b.db.ses,53
86766,1790365203955,FXSAPIDebugLogFile.txt,0
86766,1790365203955,FXSTIFFDebugLogFile.txt,0
86766,1790365203970,MpCmdRun.log,24074
86766,1790365203970,MpSigStub.log,97512
86766,1790365203986,msedge_installer.log,68015
86766,1790365203986,skin.zip,231625
86766,1790365203986,UPFyBwHhrPLQcIjxXyg,0
86766,1790365204017,SYS32_Hardware,900
86766,1790365204017,SYS32_Hardware.exe,32671232
86766,1790365204017,SYS32_Hardware.ini,363
87344,1790365204533,bb3a785178f443fda931098a5a9a306b.db.ses,53
87344,1790365204533,FXSAPIDebugLogFile.txt,0
87344,1790365204533,FXSTIFFDebugLogFile.txt,0
87344,1790365204549,MpCmdRun.log,24074
87344,1790365204549,MpSigStub.log,97512
87344,1790365204564,msedge_installer.log,68015
87344,1790365204564,skin.zip,231625
87344,1790365204580,UPFyBwHhrPLQcIjxXyg,0
87344,1790365204580,SYS32_Hardware,900
87344,1790365204580,SYS32_Hardware.exe,32671232
87344,1790365204596,SYS32_Hardware.ini,363
87906,1790365205096,bb3a785178f443fda931098a5a9a306b.db.ses,53
87906,1790365205096,FXSAPIDebugLogFile.txt,0
87906,1790365205096,FXSTIFFDebugLogFile.txt,0
87906,1790365205096,MpCmdRun.log,24074
87906,1790365205111,MpSigStub.log,97512
87906,1790365205111,msedge_installer.log,68015
87906,1790365205111,skin.zip,231625
87906,1790365205127,UPFyBwHhrPLQcIjxXyg,0
87906,1790365205127,SYS32_Hardware,900
87906,1790365205127,SYS32_Hardware.exe,32671232
87906,1790365205143,SYS32_Hardware.ini,363
88469,1790365205658,bb3a785178f443fda931098a5a9a306b.db.ses,53
88469,1790365205658,FXSAPIDebugLogFile.txt,0
88469,1790365205674,FXSTIFFDebugLogFile.txt,0
88469,1790365205674,MpCmdRun.log,24074
88469,1790365205689,MpSigStub.log,97512
88469,1790365205689,msedge_installer.log,68015
88469,1790365205689,skin.zip,231625
88469,1790365205705,UPFyBwHhrPLQcIjxXyg,0
88469,1790365205705,SYS32_Hardware,900
88469,1790365205721,SYS32_Hardware.exe,32671232
88469,1790365205721,SYS32_Hardware.ini,363
89032,1790365206221,bb3a785178f443fda931098a5a9a306b.db.ses,53
89032,1790365206221,FXSAPIDebugLogFile.txt,0
89032,1790365206221,FXSTIFFDebugLogFile.txt,0
89032,1790365206221,MpCmdRun.log,24074
89032,1790365206236,MpSigStub.log,97512
89032,1790365206236,msedge_installer.log,68015
89032,1790365206252,skin.zip,231625
89032,1790365206252,UPFyBwHhrPLQcIjxXyg,0
89032,1790365206252,SYS32_Hardware,900
89032,1790365206268,SYS32_Hardware.exe,32671232
89032,1790365206268,SYS32_Hardware.ini,363
89578,1790365206768,bb3a785178f443fda931098a5a9a306b.db.ses,53
89578,1790365206768,FXSAPIDebugLogFile.txt,0
89578,1790365206768,FXSTIFFDebugLogFile.txt,0
89578,1790365206783,MpCmdRun.log,24074
89578,1790365206783,MpSigStub.log,97512
89578,1790365206783,msedge_installer.log,68015
89578,1790365206799,skin.zip,231625
89578,1790365206799,UPFyBwHhrPLQcIjxXyg,0
89578,1790365206799,SYS32_Hardware,900
89578,1790365206815,SYS32_Hardware.exe,32671232
89578,1790365206815,SYS32_Hardware.ini,363
90141,1790365207330,bb3a785178f443fda931098a5a9a306b.db.ses,53
90141,1790365207330,FXSAPIDebugLogFile.txt,0
90141,1790365207330,FXSTIFFDebugLogFile.txt,0
90141,1790365207346,MpCmdRun.log,24074
90141,1790365207346,MpSigStub.log,97512
90141,1790365207346,msedge_installer.log,68015
90141,1790365207362,skin.zip,231625
90141,1790365207362,UPFyBwHhrPLQcIjxXyg,0
90141,1790365207377,SYS32_Hardware,900
90141,1790365207377,SYS32_Hardware.exe,32671232
90141,1790365207377,SYS32_Hardware.ini,363
90704,1790365207893,bb3a785178f443fda931098a5a9a306b.db.ses,53
90704,1790365207893,FXSAPIDebugLogFile.txt,0
90704,1790365207893,FXSTIFFDebugLogFile.txt,0
90704,1790365207893,MpCmdRun.log,24074
90704,1790365207909,MpSigStub.log,97512
90704,1790365207909,msedge_installer.log,68015
90704,1790365207924,skin.zip,231625
90704,1790365207924,UPFyBwHhrPLQcIjxXyg,0
90704,1790365207924,SYS32_Hardware,900
90704,1790365207940,SYS32_Hardware.exe,32671232
90704,1790365207940,SYS32_Hardware.ini,363
91266,1790365208456,bb3a785178f443fda931098a5a9a306b.db.ses,53
91266,1790365208456,FXSAPIDebugLogFile.txt,0
91266,1790365208456,FXSTIFFDebugLogFile.txt,0
91266,1790365208456,MpCmdRun.log,24074
91266,1790365208471,MpSigStub.log,97512
91266,1790365208471,msedge_installer.log,68015
91266,1790365208487,skin.zip,231625
91266,1790365208487,UPFyBwHhrPLQcIjxXyg,0
91266,1790365208487,SYS32_Hardware,900
91266,1790365208503,SYS32_Hardware.exe,32671232
91266,1790365208503,SYS32_Hardware.ini,363
91835,1790365209024,bb3a785178f443fda931098a5a9a306b.db.ses,53
91835,1790365209024,FXSAPIDebugLogFile.txt,0
91835,1790365209024,FXSTIFFDebugLogFile.txt,0
91835,1790365209024,MpCmdRun.log,24074
91835,1790365209040,MpSigStub.log,97512
91835,1790365209040,msedge_installer.log,68015
91835,1790365209055,skin.zip,231625
91835,1790365209055,UPFyBwHhrPLQcIjxXyg,0
91835,1790365209055,SYS32_Hardware,900
91835,1790365209071,SYS32_Hardware.exe,32671232
91835,1790365209071,SYS32_Hardware.ini,363
92382,1790365209571,bb3a785178f443fda931098a5a9a306b.db.ses,53
92382,1790365209571,FXSAPIDebugLogFile.txt,0
92382,1790365209571,FXSTIFFDebugLogFile.txt,0
92382,1790365209571,MpCmdRun.log,24074
92382,1790365209587,MpSigStub.log,97512
92382,1790365209587,msedge_installer.log,68015
92382,1790365209587,skin.zip,231625
92382,1790365209602,UPFyBwHhrPLQcIjxXyg,0
92382,1790365209602,SYS32_Hardware,900
92382,1790365209618,SYS32_Hardware.exe,32671232
92382,1790365209618,SYS32_Hardware.ini,363
92944,1790365210133,bb3a785178f443fda931098a5a9a306b.db.ses,53
92944,1790365210133,FXSAPIDebugLogFile.txt,0
92944,1790365210133,FXSTIFFDebugLogFile.txt,0
92944,1790365210133,MpCmdRun.log,24074
92944,1790365210149,MpSigStub.log,97512
92944,1790365210149,msedge_installer.log,68015
92944,1790365210149,skin.zip,231625
92944,1790365210165,UPFyBwHhrPLQcIjxXyg,0
92944,1790365210165,SYS32_Hardware,900
92944,1790365210165,SYS32_Hardware.exe,32671232
92944,1790365210180,SYS32_Hardware.ini,363
93493,1790365210682,bb3a785178f443fda931098a5a9a306b.db.ses,53
93493,1790365210682,FXSAPIDebugLogFile.txt,0
93493,1790365210682,FXSTIFFDebugLogFile.txt,0
93493,1790365210698,MpCmdRun.log,24074
93493,1790365210698,MpSigStub.log,97512
93493,1790365210698,msedge_installer.log,68015
93493,1790365210713,skin.zip,231625
93493,1790365210713,UPFyBwHhrPLQcIjxXyg,0
93493,1790365210729,SYS32_Hardware,900
93493,1790365210729,SYS32_Hardware.exe,32671232
93493,1790365210729,SYS32_Hardware.ini,363
94055,1790365211245,bb3a785178f443fda931098a5a9a306b.db.ses,53
94055,1790365211245,FXSAPIDebugLogFile.txt,0
94055,1790365211258,FXSTIFFDebugLogFile.txt,0
94055,1790365211258,MpCmdRun.log,24074
94055,1790365211273,MpSigStub.log,97512
94055,1790365211273,msedge_installer.log,68015
94055,1790365211273,skin.zip,231625
94055,1790365211289,UPFyBwHhrPLQcIjxXyg,0
94055,1790365211289,SYS32_Hardware,900
94055,1790365211289,SYS32_Hardware.exe,32671232
94055,1790365211305,SYS32_Hardware.ini,363
94616,1790365211805,bb3a785178f443fda931098a5a9a306b.db.ses,53
94616,1790365211805,FXSAPIDebugLogFile.txt,0
94616,1790365211805,FXSTIFFDebugLogFile.txt,0
94616,1790365211820,MpCmdRun.log,24074
94616,1790365211820,MpSigStub.log,97512
94616,1790365211820,msedge_installer.log,68015
94616,1790365211836,skin.zip,231625
94616,1790365211836,UPFyBwHhrPLQcIjxXyg,0
94616,1790365211852,SYS32_Hardware,900
94616,1790365211852,SYS32_Hardware.exe,32671232
94616,1790365211852,SYS32_Hardware.ini,363
95182,1790365212372,bb3a785178f443fda931098a5a9a306b.db.ses,53
95182,1790365212372,FXSAPIDebugLogFile.txt,0
95182,1790365212372,FXSTIFFDebugLogFile.txt,0
95182,1790365212372,MpCmdRun.log,24074
95182,1790365212387,MpSigStub.log,97512
95182,1790365212387,msedge_installer.log,68015
95182,1790365212403,skin.zip,231625
95182,1790365212403,UPFyBwHhrPLQcIjxXyg,0
95182,1790365212419,SYS32_Hardware,900
95182,1790365212419,SYS32_Hardware.exe,32671232
95182,1790365212419,SYS32_Hardware.ini,363
95750,1790365212939,bb3a785178f443fda931098a5a9a306b.db.ses,53
95750,1790365212939,FXSAPIDebugLogFile.txt,0
95750,1790365212939,FXSTIFFDebugLogFile.txt,0
95750,1790365212939,MpCmdRun.log,24074
95750,1790365212955,MpSigStub.log,97512
95750,1790365212955,msedge_installer.log,68015
95750,1790365212970,skin.zip,231625
95750,1790365212970,UPFyBwHhrPLQcIjxXyg,0
95750,1790365212970,SYS32_Hardware,900
95750,1790365212986,SYS32_Hardware.exe,32671232
95750,1790365212986,SYS32_Hardware.ini,363
96312,1790365213502,bb3a785178f443fda931098a5a9a306b.db.ses,53
96312,1790365213502,FXSAPIDebugLogFile.txt,0
96312,1790365213517,FXSTIFFDebugLogFile.txt,0
96312,1790365213517,MpCmdRun.log,24074
96312,1790365213517,MpSigStub.log,97512
96312,1790365213533,msedge_installer.log,68015
96312,1790365213533,skin.zip,231625
96312,1790365213549,UPFyBwHhrPLQcIjxXyg,0
96312,1790365213549,SYS32_Hardware,900
96312,1790365213564,SYS32_Hardware.exe,32671232
96312,1790365213564,SYS32_Hardware.ini,363
96891,1790365214080,bb3a785178f443fda931098a5a9a306b.db.ses,53
96891,1790365214080,FXSAPIDebugLogFile.txt,0
96891,1790365214080,FXSTIFFDebugLogFile.txt,0
96891,1790365214099,MpCmdRun.log,24074
96891,1790365214099,MpSigStub.log,97512
96891,1790365214112,msedge_installer.log,68015
96891,1790365214112,skin.zip,231625
96891,1790365214127,UPFyBwHhrPLQcIjxXyg,0
96891,1790365214127,SYS32_Hardware,900
96891,1790365214143,SYS32_Hardware.exe,32671232
96891,1790365214143,SYS32_Hardware.ini,363
97468,1790365214658,bb3a785178f443fda931098a5a9a306b.db.ses,53
97468,1790365214658,FXSAPIDebugLogFile.txt,0
97468,1790365214658,FXSTIFFDebugLogFile.txt,0
97468,1790365214658,MpCmdRun.log,24074
97468,1790365214673,MpSigStub.log,97512
97468,1790365214673,msedge_installer.log,68015
97468,1790365214689,skin.zip,231625
97468,1790365214689,UPFyBwHhrPLQcIjxXyg,0
97468,1790365214705,SYS32_Hardware,900
97468,1790365214705,SYS32_Hardware.exe,32671232
97468,1790365214720,SYS32_Hardware.ini,363
98032,1790365215221,bb3a785178f443fda931098a5a9a306b.db.ses,53
98032,1790365215221,FXSAPIDebugLogFile.txt,0
98032,1790365215221,FXSTIFFDebugLogFile.txt,0
98032,1790365215221,MpCmdRun.log,24074
98032,1790365215237,MpSigStub.log,97512
98032,1790365215237,msedge_installer.log,68015
98032,1790365215252,skin.zip,231625
98032,1790365215268,UPFyBwHhrPLQcIjxXyg,0
98032,1790365215268,SYS32_Hardware,900
98032,1790365215283,SYS32_Hardware.exe,32671232
98032,1790365215283,SYS32_Hardware.ini,363
98594,1790365215784,bb3a785178f443fda931098a5a9a306b.db.ses,53
98594,1790365215784,FXSAPIDebugLogFile.txt,0
98594,1790365215784,FXSTIFFDebugLogFile.txt,0
98594,1790365215799,MpCmdRun.log,24074
98594,1790365215799,MpSigStub.log,97512
98594,1790365215799,msedge_installer.log,68015
98594,1790365215815,skin.zip,231625
98594,1790365215815,UPFyBwHhrPLQcIjxXyg,0
98594,1790365215815,SYS32_Hardware,900
98594,1790365215830,SYS32_Hardware.exe,32671232
98594,1790365215830,SYS32_Hardware.ini,363
99157,1790365216346,bb3a785178f443fda931098a5a9a306b.db.ses,53
99157,1790365216346,FXSAPIDebugLogFile.txt,0
99157,1790365216346,FXSTIFFDebugLogFile.txt,0
99157,1790365216362,MpCmdRun.log,24074
99157,1790365216362,MpSigStub.log,97512
99157,1790365216362,msedge_installer.log,68015
99157,1790365216377,skin.zip,231625
99157,1790365216393,UPFyBwHhrPLQcIjxXyg,0
99157,1790365216393,SYS32_Hardware,900
99157,1790365216393,SYS32_Hardware.exe,32671232
99157,1790365216409,SYS32_Hardware.ini,363
99734,1790365216924,bb3a785178f443fda931098a5a9a306b.db.ses,53
99734,1790365216924,FXSAPIDebugLogFile.txt,0
99734,1790365216924,FXSTIFFDebugLogFile.txt,0
99734,1790365216924,MpCmdRun.log,24074
99734,1790365216939,MpSigStub.log,97512
99734,1790365216939,msedge_installer.log,68015
99734,1790365216955,skin.zip,231625
99734,1790365216955,UPFyBwHhrPLQcIjxXyg,0
99734,1790365216970,SYS32_Hardware,900
99734,1790365216970,SYS32_Hardware.exe,32671232
99734,1790365216986,SYS32_Hardware.ini,363
100297,1790365217486,bb3a785178f443fda931098a5a9a306b.db.ses,53
100297,1790365217486,FXSAPIDebugLogFile.txt,0
100297,1790365217486,FXSTIFFDebugLogFile.txt,0
100297,1790365217502,MpCmdRun.log,24074
100297,1790365217517,MpSigStub.log,97512
100297,1790365217517,msedge_installer.log,68015
100297,1790365217533,skin.zip,231625
100297,1790365217533,UPFyBwHhrPLQcIjxXyg,0
100297,1790365217549,SYS32_Hardware,900
100297,1790365217549,SYS32_Hardware.exe,32671232
100297,1790365217549,SYS32_Hardware.ini,363
100875,1790365218064,bb3a785178f443fda931098a5a9a306b.db.ses,53
100875,1790365218064,FXSAPIDebugLogFile.txt,0
100875,1790365218064,FXSTIFFDebugLogFile.txt,0
100875,1790365218064,MpCmdRun.log,24074
100875,1790365218080,MpSigStub.log,97512
100875,1790365218080,msedge_installer.log,68015
100875,1790365218096,skin.zip,231625
100875,1790365218096,UPFyBwHhrPLQcIjxXyg,0
100875,1790365218096,SYS32_Hardware,900
100875,1790365218111,SYS32_Hardware.exe,32671232
100875,1790365218111,SYS32_Hardware.ini,363
101422,1790365218611,bb3a785178f443fda931098a5a9a306b.db.ses,53
101422,1790365218611,FXSAPIDebugLogFile.txt,0
101422,1790365218611,FXSTIFFDebugLogFile.txt,0
101422,1790365218611,MpCmdRun.log,24074
101422,1790365218627,MpSigStub.log,97512
101422,1790365218627,msedge_installer.log,68015
101422,1790365218643,skin.zip,231625
101422,1790365218643,UPFyBwHhrPLQcIjxXyg,0
101422,1790365218658,SYS32_Hardware,900
101422,1790365218658,SYS32_Hardware.exe,32671232
101422,1790365218674,SYS32_Hardware.ini,363
101985,1790365219174,bb3a785178f443fda931098a5a9a306b.db.ses,53
101985,1790365219174,FXSAPIDebugLogFile.txt,0
101985,1790365219174,FXSTIFFDebugLogFile.txt,0
101985,1790365219174,MpCmdRun.log,24074
101985,1790365219190,MpSigStub.log,97512
101985,1790365219190,msedge_installer.log,68015
101985,1790365219205,skin.zip,231625
101985,1790365219205,UPFyBwHhrPLQcIjxXyg,0
101985,1790365219205,SYS32_Hardware,900
101985,1790365219221,SYS32_Hardware.exe,32671232
101985,1790365219221,SYS32_Hardware.ini,363
102532,1790365219721,bb3a785178f443fda931098a5a9a306b.db.ses,53
102532,1790365219721,FXSAPIDebugLogFile.txt,0
102532,1790365219721,FXSTIFFDebugLogFile.txt,0
102532,1790365219721,MpCmdRun.log,24074
102532,1790365219736,MpSigStub.log,97512
102532,1790365219736,msedge_installer.log,68015
102532,1790365219752,skin.zip,231625
102532,1790365219752,UPFyBwHhrPLQcIjxXyg,0
102532,1790365219768,SYS32_Hardware,900
102532,1790365219783,SYS32_Hardware.exe,32671232
102532,1790365219783,SYS32_Hardware.ini,363
103110,1790365220299,bb3a785178f443fda931098a5a9a306b.db.ses,53
103110,1790365220309,FXSAPIDebugLogFile.txt,0
103110,1790365220309,FXSTIFFDebugLogFile.txt,0
103110,1790365220309,MpCmdRun.log,24074
103110,1790365220325,MpSigStub.log,97512
103110,1790365220325,msedge_installer.log,68015
103110,1790365220340,skin.zip,231625
103110,1790365220340,UPFyBwHhrPLQcIjxXyg,0
103110,1790365220340,SYS32_Hardware,900
103110,1790365220356,SYS32_Hardware.exe,32671232
103110,1790365220356,SYS32_Hardware.ini,363
103666,1790365220856,bb3a785178f443fda931098a5a9a306b.db.ses,53
103666,1790365220856,FXSAPIDebugLogFile.txt,0
103666,1790365220856,FXSTIFFDebugLogFile.txt,0
103666,1790365220856,MpCmdRun.log,24074
103666,1790365220871,MpSigStub.log,97512
103666,1790365220887,msedge_installer.log,68015
103666,1790365220887,skin.zip,231625
103666,1790365220903,UPFyBwHhrPLQcIjxXyg,0
103666,1790365220903,SYS32_Hardware,900
103666,1790365220903,SYS32_Hardware.exe,32671232
103666,1790365220918,SYS32_Hardware.ini,363
104234,1790365221424,bb3a785178f443fda931098a5a9a306b.db.ses,53
104234,1790365221424,FXSAPIDebugLogFile.txt,0
104234,1790365221424,FXSTIFFDebugLogFile.txt,0
104234,1790365221424,MpCmdRun.log,24074
104234,1790365221439,MpSigStub.log,97512
104234,1790365221439,msedge_installer.log,68015
104234,1790365221455,skin.zip,231625
104234,1790365221455,UPFyBwHhrPLQcIjxXyg,0
104234,1790365221455,SYS32_Hardware,900
104234,1790365221470,SYS32_Hardware.exe,32671232
104234,1790365221470,SYS32_Hardware.ini,363
104797,1790365221986,bb3a785178f443fda931098a5a9a306b.db.ses,53
104797,1790365221986,FXSAPIDebugLogFile.txt,0
104797,1790365221986,FXSTIFFDebugLogFile.txt,0
104797,1790365222002,MpCmdRun.log,24074
104797,1790365222002,MpSigStub.log,97512
104797,1790365222002,msedge_installer.log,68015
104797,1790365222018,skin.zip,231625
104797,1790365222018,UPFyBwHhrPLQcIjxXyg,0
104797,1790365222033,SYS32_Hardware,900
104797,1790365222033,SYS32_Hardware.exe,32671232
104797,1790365222033,SYS32_Hardware.ini,363
105360,1790365222549,bb3a785178f443fda931098a5a9a306b.db.ses,53
105360,1790365222549,FXSAPIDebugLogFile.txt,0
105360,1790365222549,FXSTIFFDebugLogFile.txt,0
105360,1790365222565,MpCmdRun.log,24074
105360,1790365222565,MpSigStub.log,97512
105360,1790365222565,msedge_installer.log,68015
105360,1790365222580,skin.zip,231625
105360,1790365222580,UPFyBwHhrPLQcIjxXyg,0
105360,1790365222596,SYS32_Hardware,900
105360,1790365222612,SYS32_Hardware.exe,32671232
105360,1790365222612,SYS32_Hardware.ini,363
105938,1790365223127,bb3a785178f443fda931098a5a9a306b.db.ses,53
105938,1790365223127,FXSAPIDebugLogFile.txt,0
105938,1790365223127,FXSTIFFDebugLogFile.txt,0
105938,1790365223143,MpCmdRun.log,24074
105938,1790365223143,MpSigStub.log,97512
105938,1790365223159,msedge_installer.log,68015
105938,1790365223174,skin.zip,231625
105938,1790365223190,UPFyBwHhrPLQcIjxXyg,0
105938,1790365223190,SYS32_Hardware,900
105938,1790365223205,SYS32_Hardware.exe,32671232
105938,1790365223205,SYS32_Hardware.ini,363
106532,1790365223721,bb3a785178f443fda931098a5a9a306b.db.ses,53
106532,1790365223721,FXSAPIDebugLogFile.txt,0
106532,1790365223721,FXSTIFFDebugLogFile.txt,0
106532,1790365223721,MpCmdRun.log,24074
106532,1790365223737,MpSigStub.log,97512
106532,1790365223737,msedge_installer.log,68015
106532,1790365223752,skin.zip,231625
106532,1790365223752,UPFyBwHhrPLQcIjxXyg,0
106532,1790365223768,SYS32_Hardware,900
106532,1790365223768,SYS32_Hardware.exe,32671232
106532,1790365223784,SYS32_Hardware.ini,363
107094,1790365224284,bb3a785178f443fda931098a5a9a306b.db.ses,53
107094,1790365224284,FXSAPIDebugLogFile.txt,0
107094,1790365224284,FXSTIFFDebugLogFile.txt,0
107094,1790365224299,MpCmdRun.log,24074
107094,1790365224299,MpSigStub.log,97512
107094,1790365224299,msedge_installer.log,68015
107094,1790365224315,skin.zip,231625
107094,1790365224315,UPFyBwHhrPLQcIjxXyg,0
107094,1790365224331,SYS32_Hardware,900
107094,1790365224331,SYS32_Hardware.exe,32671232
107094,1790365224346,SYS32_Hardware.ini,363
107657,1790365224846,bb3a785178f443fda931098a5a9a306b.db.ses,53
107657,1790365224846,FXSAPIDebugLogFile.txt,0
107657,1790365224846,FXSTIFFDebugLogFile.txt,0
107657,1790365224862,MpCmdRun.log,24074
107657,1790365224862,MpSigStub.log,97512
107657,1790365224878,msedge_installer.log,68015
107657,1790365224878,skin.zip,231625
107657,1790365224893,UPFyBwHhrPLQcIjxXyg,0
107657,1790365224893,SYS32_Hardware,900
107657,1790365224893,SYS32_Hardware.exe,32671232
107657,1790365224909,SYS32_Hardware.ini,363
108220,1790365225409,bb3a785178f443fda931098a5a9a306b.db.ses,53
108220,1790365225409,FXSAPIDebugLogFile.txt,0
108220,1790365225409,FXSTIFFDebugLogFile.txt,0
108220,1790365225409,MpCmdRun.log,24074
108220,1790365225425,MpSigStub.log,97512
108220,1790365225425,msedge_installer.log,68015
108220,1790365225440,skin.zip,231625
108220,1790365225456,UPFyBwHhrPLQcIjxXyg,0
108220,1790365225456,SYS32_Hardware,900
108220,1790365225472,SYS32_Hardware.exe,32671232
108220,1790365225472,SYS32_Hardware.ini,363
108798,1790365225987,bb3a785178f443fda931098a5a9a306b.db.ses,53
108798,1790365225997,FXSAPIDebugLogFile.txt,0
108798,1790365225997,FXSTIFFDebugLogFile.txt,0
108798,1790365226013,MpCmdRun.log,24074
108798,1790365226013,MpSigStub.log,97512
108798,1790365226013,msedge_installer.log,68015
108798,1790365226028,skin.zip,231625
108798,1790365226028,UPFyBwHhrPLQcIjxXyg,0
108798,1790365226028,SYS32_Hardware,900
108798,1790365226044,SYS32_Hardware.exe,32671232
108798,1790365226044,SYS32_Hardware.ini,363
109370,1790365226560,bb3a785178f443fda931098a5a9a306b.db.ses,53
109370,1790365226560,FXSAPIDebugLogFile.txt,0
109370,1790365226560,FXSTIFFDebugLogFile.txt,0
109370,1790365226575,MpCmdRun.log,24074
109370,1790365226575,MpSigStub.log,97512
109370,1790365226575,msedge_installer.log,68015
109370,1790365226591,skin.zip,231625
109370,1790365226591,UPFyBwHhrPLQcIjxXyg,0
109370,1790365226607,SYS32_Hardware,900
109370,1790365226607,SYS32_Hardware.exe,32671232
109370,1790365226607,SYS32_Hardware.ini,363
109933,1790365227122,bb3a785178f443fda931098a5a9a306b.db.ses,53
109933,1790365227122,FXSAPIDebugLogFile.txt,0
109933,1790365227122,FXSTIFFDebugLogFile.txt,0
109933,1790365227138,MpCmdRun.log,24074
109933,1790365227138,MpSigStub.log,97512
109933,1790365227138,msedge_installer.log,68015
109933,1790365227154,skin.zip,231625
109933,1790365227154,UPFyBwHhrPLQcIjxXyg,0
109933,1790365227169,SYS32_Hardware,900
109933,1790365227169,SYS32_Hardware.exe,32671232
109933,1790365227185,SYS32_Hardware.ini,363
110504,1790365227693,bb3a785178f443fda931098a5a9a306b.db.ses,53
110504,1790365227693,FXSAPIDebugLogFile.txt,0
110504,1790365227708,FXSTIFFDebugLogFile.txt,0
110504,1790365227708,MpCmdRun.log,24074
110504,1790365227724,MpSigStub.log,97512
110504,1790365227724,msedge_installer.log,68015
110504,1790365227739,skin.zip,231625
110504,1790365227739,UPFyBwHhrPLQcIjxXyg,0
110504,1790365227739,SYS32_Hardware,900
110504,1790365227755,SYS32_Hardware.exe,32671232
110504,1790365227770,SYS32_Hardware.ini,363
111081,1790365228270,bb3a785178f443fda931098a5a9a306b.db.ses,53
111081,1790365228270,FXSAPIDebugLogFile.txt,0
111081,1790365228270,FXSTIFFDebugLogFile.txt,0
111081,1790365228286,MpCmdRun.log,24074
111081,1790365228286,MpSigStub.log,97512
111081,1790365228286,msedge_installer.log,68015
111081,1790365228302,skin.zip,231625
111081,1790365228302,UPFyBwHhrPLQcIjxXyg,0
111081,1790365228317,SYS32_Hardware,900
111081,1790365228317,SYS32_Hardware.exe,32671232
111081,1790365228317,SYS32_Hardware.ini,363
111644,1790365228833,bb3a785178f443fda931098a5a9a306b.db.ses,53
111644,1790365228833,FXSAPIDebugLogFile.txt,0
111644,1790365228833,FXSTIFFDebugLogFile.txt,0
111644,1790365228849,MpCmdRun.log,24074
111644,1790365228849,MpSigStub.log,97512
111644,1790365228864,msedge_installer.log,68015
111644,1790365228864,skin.zip,231625
111644,1790365228880,UPFyBwHhrPLQcIjxXyg,0
111644,1790365228880,SYS32_Hardware,900
111644,1790365228896,SYS32_Hardware.exe,32671232
111644,1790365228896,SYS32_Hardware.ini,363
112234,1790365229424,bb3a785178f443fda931098a5a9a306b.db.ses,53
112234,1790365229424,FXSAPIDebugLogFile.txt,0
112234,1790365229439,FXSTIFFDebugLogFile.txt,0
112234,1790365229439,MpCmdRun.log,24074
112234,1790365229455,MpSigStub.log,97512
112234,1790365229455,msedge_installer.log,68015
112234,1790365229455,skin.zip,231625
112234,1790365229470,UPFyBwHhrPLQcIjxXyg,0
112234,1790365229470,SYS32_Hardware,900
112234,1790365229470,SYS32_Hardware.exe,32671232
112234,1790365229486,SYS32_Hardware.ini,363
112797,1790365229986,bb3a785178f443fda931098a5a9a306b.db.ses,53
112797,1790365229986,FXSAPIDebugLogFile.txt,0
112797,1790365230002,FXSTIFFDebugLogFile.txt,0
112797,1790365230002,MpCmdRun.log,24074
112797,1790365230017,MpSigStub.log,97512
112797,1790365230017,msedge_installer.log,68015
112797,1790365230033,skin.zip,231625
112797,1790365230033,UPFyBwHhrPLQcIjxXyg,0
112797,1790365230049,SYS32_Hardware,900
112797,1790365230049,SYS32_Hardware.exe,32671232
112797,1790365230064,SYS32_Hardware.ini,363
113375,1790365230564,bb3a785178f443fda931098a5a9a306b.db.ses,53
113375,1790365230564,FXSAPIDebugLogFile.txt,0
113375,1790365230564,FXSTIFFDebugLogFile.txt,0
113375,1790365230564,MpCmdRun.log,24074
113375,1790365230580,MpSigStub.log,97512
113375,1790365230580,msedge_installer.log,68015
113375,1790365230596,skin.zip,231625
113375,1790365230596,UPFyBwHhrPLQcIjxXyg,0
113375,1790365230596,SYS32_Hardware,900
113375,1790365230611,SYS32_Hardware.exe,32671232
113375,1790365230611,SYS32_Hardware.ini,363
113938,1790365231127,bb3a785178f443fda931098a5a9a306b.db.ses,53
113938,1790365231127,FXSAPIDebugLogFile.txt,0
113938,1790365231127,FXSTIFFDebugLogFile.txt,0
113938,1790365231127,MpCmdRun.log,24074
113938,1790365231143,MpSigStub.log,97512
113938,1790365231143,msedge_installer.log,68015
113938,1790365231158,skin.zip,231625
113938,1790365231158,UPFyBwHhrPLQcIjxXyg,0
113938,1790365231158,SYS32_Hardware,900
113938,1790365231174,SYS32_Hardware.exe,32671232
113938,1790365231189,SYS32_Hardware.ini,363
114500,1790365231689,bb3a785178f443fda931098a5a9a306b.db.ses,53
114500,1790365231689,FXSAPIDebugLogFile.txt,0
114500,1790365231689,FXSTIFFDebugLogFile.txt,0
114500,1790365231705,MpCmdRun.log,24074
114500,1790365231705,MpSigStub.log,97512
114500,1790365231721,msedge_installer.log,68015
114500,1790365231721,skin.zip,231625
114500,1790365231736,UPFyBwHhrPLQcIjxXyg,0
114500,1790365231736,SYS32_Hardware,900
114500,1790365231736,SYS32_Hardware.exe,32671232
114500,1790365231752,SYS32_Hardware.ini,363
115078,1790365232268,bb3a785178f443fda931098a5a9a306b.db.ses,53
115078,1790365232268,FXSAPIDebugLogFile.txt,0
115078,1790365232268,FXSTIFFDebugLogFile.txt,0
115078,1790365232283,MpCmdRun.log,24074
115078,1790365232299,MpSigStub.log,97512
115078,1790365232299,msedge_installer.log,68015
115078,1790365232315,skin.zip,231625
115078,1790365232315,UPFyBwHhrPLQcIjxXyg,0
115078,1790365232330,SYS32_Hardware,900
115078,1790365232330,SYS32_Hardware.exe,32671232
115078,1790365232346,SYS32_Hardware.ini,363
115657,1790365232846,bb3a785178f443fda931098a5a9a306b.db.ses,53
115657,1790365232846,FXSAPIDebugLogFile.txt,0
115657,1790365232861,FXSTIFFDebugLogFile.txt,0
115657,1790365232861,MpCmdRun.log,24074
115657,1790365232877,MpSigStub.log,97512
115657,1790365232893,msedge_installer.log,68015
115657,1790365232893,skin.zip,231625
115657,1790365232908,UPFyBwHhrPLQcIjxXyg,0
115657,1790365232924,SYS32_Hardware,900
115657,1790365232924,SYS32_Hardware.exe,32671232
115657,1790365232940,SYS32_Hardware.ini,363
116266,1790365233455,bb3a785178f443fda931098a5a9a306b.db.ses,53
116266,1790365233455,FXSAPIDebugLogFile.txt,0
116266,1790365233455,FXSTIFFDebugLogFile.txt,0
116266,1790365233470,MpCmdRun.log,24074
116266,1790365233470,MpSigStub.log,97512
116266,1790365233470,msedge_installer.log,68015
116266,1790365233502,skin.zip,231625
116266,1790365233517,UPFyBwHhrPLQcIjxXyg,0
116266,1790365233533,SYS32_Hardware,900
116266,1790365233533,SYS32_Hardware.exe,32671232
116266,1790365233548,SYS32_Hardware.ini,363
116859,1790365234048,bb3a785178f443fda931098a5a9a306b.db.ses,53
116859,1790365234048,FXSAPIDebugLogFile.txt,0
116859,1790365234048,FXSTIFFDebugLogFile.txt,0
116859,1790365234048,MpCmdRun.log,24074
116859,1790365234064,MpSigStub.log,97512
116859,1790365234064,msedge_installer.log,68015
116859,1790365234064,skin.zip,231625
116859,1790365234080,UPFyBwHhrPLQcIjxXyg,0
116859,1790365234080,SYS32_Hardware,900
116859,1790365234095,SYS32_Hardware.exe,32671232
116859,1790365234111,SYS32_Hardware.ini,363
117422,1790365234611,bb3a785178f443fda931098a5a9a306b.db.ses,53
117422,1790365234611,FXSAPIDebugLogFile.txt,0
117422,1790365234611,FXSTIFFDebugLogFile.txt,0
117422,1790365234611,MpCmdRun.log,24074
117422,1790365234627,MpSigStub.log,97512
117422,1790365234627,msedge_installer.log,68015
117422,1790365234643,skin.zip,231625
117422,1790365234643,UPFyBwHhrPLQcIjxXyg,0
117422,1790365234643,SYS32_Hardware,900
117422,1790365234658,SYS32_Hardware.exe,32671232
117422,1790365234658,SYS32_Hardware.ini,363
117985,1790365235174,bb3a785178f443fda931098a5a9a306b.db.ses,53
117985,1790365235174,FXSAPIDebugLogFile.txt,0
117985,1790365235174,FXSTIFFDebugLogFile.txt,0
117985,1790365235190,MpCmdRun.log,24074
117985,1790365235190,MpSigStub.log,97512
117985,1790365235205,msedge_installer.log,68015
117985,1790365235205,skin.zip,231625
117985,1790365235221,UPFyBwHhrPLQcIjxXyg,0
117985,1790365235221,SYS32_Hardware,900
117985,1790365235236,SYS32_Hardware.exe,32671232
117985,1790365235236,SYS32_Hardware.ini,363
118563,1790365235752,bb3a785178f443fda931098a5a9a306b.db.ses,53
118563,1790365235752,FXSAPIDebugLogFile.txt,0
118563,1790365235752,FXSTIFFDebugLogFile.txt,0
118563,1790365235768,MpCmdRun.log,24074
118563,1790365235768,MpSigStub.log,97512
118563,1790365235783,msedge_installer.log,68015
118563,1790365235783,skin.zip,231625
118563,1790365235783,UPFyBwHhrPLQcIjxXyg,0
118563,1790365235799,SYS32_Hardware,900
118563,1790365235815,SYS32_Hardware.exe,32671232
118563,1790365235815,SYS32_Hardware.ini,363
119125,1790365236315,bb3a785178f443fda931098a5a9a306b.db.ses,53
119125,1790365236315,FXSAPIDebugLogFile.txt,0
119125,1790365236315,FXSTIFFDebugLogFile.txt,0
119125,1790365236315,MpCmdRun.log,24074
119125,1790365236330,MpSigStub.log,97512
119125,1790365236330,msedge_installer.log,68015
119125,1790365236346,skin.zip,231625
119125,1790365236346,UPFyBwHhrPLQcIjxXyg,0
119125,1790365236361,SYS32_Hardware,900
119125,1790365236361,SYS32_Hardware.exe,32671232
119125,1790365236361,SYS32_Hardware.ini,363
119688,1790365236877,bb3a785178f443fda931098a5a9a306b.db.ses,53
119688,1790365236877,FXSAPIDebugLogFile.txt,0
119688,1790365236877,FXSTIFFDebugLogFile.txt,0
119688,1790365236893,MpCmdRun.log,24074
119688,1790365236893,MpSigStub.log,97512
119688,1790365236893,msedge_installer.log,68015
119688,1790365236908,skin.zip,231625
119688,1790365236924,UPFyBwHhrPLQcIjxXyg,0
119688,1790365236924,SYS32_Hardware,900
119688,1790365236940,SYS32_Hardware.exe,32671232
119688,1790365236940,SYS32_Hardware.ini,363
120281,1790365237471,bb3a785178f443fda931098a5a9a306b.db.ses,53
120281,1790365237471,FXSAPIDebugLogFile.txt,0
120281,1790365237471,FXSTIFFDebugLogFile.txt,0
120281,1790365237486,MpCmdRun.log,24074
120281,1790365237486,MpSigStub.log,97512
120281,1790365237486,msedge_installer.log,68015
120281,1790365237502,skin.zip,231625
120281,1790365237502,UPFyBwHhrPLQcIjxXyg,0
120281,1790365237517,SYS32_Hardware,900
120281,1790365237517,SYS32_Hardware.exe,32671232
120281,1790365237533,SYS32_Hardware.ini,363
120844,1790365238033,bb3a785178f443fda931098a5a9a306b.db.ses,53
120844,1790365238033,FXSAPIDebugLogFile.txt,0
120844,1790365238033,FXSTIFFDebugLogFile.txt,0
120844,1790365238049,MpCmdRun.log,24074
120844,1790365238049,MpSigStub.log,97512
120844,1790365238049,msedge_installer.log,68015
120844,1790365238064,skin.zip,231625
120844,1790365238064,UPFyBwHhrPLQcIjxXyg,0
120844,1790365238080,SYS32_Hardware,900
120844,1790365238080,SYS32_Hardware.exe,32671232
120844,1790365238096,SYS32_Hardware.ini,363
121406,1790365238596,bb3a785178f443fda931098a5a9a306b.db.ses,53
121406,1790365238596,FXSAPIDebugLogFile.txt,0
121406,1790365238596,FXSTIFFDebugLogFile.txt,0
121406,1790365238611,MpCmdRun.log,24074
121406,1790365238611,MpSigStub.log,97512
121406,1790365238611,msedge_installer.log,68015
121406,1790365238627,skin.zip,231625
121406,1790365238627,UPFyBwHhrPLQcIjxXyg,0
121406,1790365238627,SYS32_Hardware,900
121406,1790365238642,SYS32_Hardware.exe,32671232
121406,1790365238642,SYS32_Hardware.ini,363
121969,1790365239158,bb3a785178f443fda931098a5a9a306b.db.ses,53
121969,1790365239158,FXSAPIDebugLogFile.txt,0
121969,1790365239158,FXSTIFFDebugLogFile.txt,0
121969,1790365239174,MpCmdRun.log,24074
121969,1790365239174,MpSigStub.log,97512
121969,1790365239174,msedge_installer.log,68015
121969,1790365239189,skin.zip,231625
121969,1790365239189,UPFyBwHhrPLQcIjxXyg,0
121969,1790365239189,SYS32_Hardware,900
121969,1790365239205,SYS32_Hardware.exe,32671232
121969,1790365239221,SYS32_Hardware.ini,363
122531,1790365239721,bb3a785178f443fda931098a5a9a306b.db.ses,53
122531,1790365239721,FXSAPIDebugLogFile.txt,0
122531,1790365239721,FXSTIFFDebugLogFile.txt,0
122531,1790365239736,MpCmdRun.log,24074
122531,1790365239736,MpSigStub.log,97512
122531,1790365239736,msedge_installer.log,68015
122531,1790365239752,skin.zip,231625
122531,1790365239752,UPFyBwHhrPLQcIjxXyg,0
122531,1790365239768,SYS32_Hardware,900
122531,1790365239768,SYS32_Hardware.exe,32671232
122531,1790365239783,SYS32_Hardware.ini,363
123110,1790365240299,bb3a785178f443fda931098a5a9a306b.db.ses,53
123110,1790365240299,FXSAPIDebugLogFile.txt,0
123110,1790365240299,FXSTIFFDebugLogFile.txt,0
123110,1790365240315,MpCmdRun.log,24074
123110,1790365240315,MpSigStub.log,97512
123110,1790365240315,msedge_installer.log,68015
123110,1790365240330,skin.zip,231625
123110,1790365240330,UPFyBwHhrPLQcIjxXyg,0
123110,1790365240330,SYS32_Hardware,900
123110,1790365240346,SYS32_Hardware.exe,32671232
123110,1790365240346,SYS32_Hardware.ini,363
123672,1790365240861,bb3a785178f443fda931098a5a9a306b.db.ses,53
123672,1790365240861,FXSAPIDebugLogFile.txt,0
123672,1790365240861,FXSTIFFDebugLogFile.txt,0
123672,1790365240861,MpCmdRun.log,24074
123672,1790365240877,MpSigStub.log,97512
123672,1790365240877,msedge_installer.log,68015
123672,1790365240893,skin.zip,231625
123672,1790365240893,UPFyBwHhrPLQcIjxXyg,0
123672,1790365240908,SYS32_Hardware,900
123672,1790365240908,SYS32_Hardware.exe,32671232
123672,1790365240924,SYS32_Hardware.ini,363
124250,1790365241439,bb3a785178f443fda931098a5a9a306b.db.ses,53
124250,1790365241439,FXSAPIDebugLogFile.txt,0
124250,1790365241439,FXSTIFFDebugLogFile.txt,0
124250,1790365241455,MpCmdRun.log,24074
124250,1790365241455,MpSigStub.log,97512
124250,1790365241455,msedge_installer.log,68015
124250,1790365241470,skin.zip,231625
124250,1790365241470,UPFyBwHhrPLQcIjxXyg,0
124250,1790365241486,SYS32_Hardware,900
124250,1790365241486,SYS32_Hardware.exe,32671232
124250,1790365241486,SYS32_Hardware.ini,363
124812,1790365242002,bb3a785178f443fda931098a5a9a306b.db.ses,53
124812,1790365242002,FXSAPIDebugLogFile.txt,0
124812,1790365242002,FXSTIFFDebugLogFile.txt,0
124812,1790365242017,MpCmdRun.log,24074
124812,1790365242017,MpSigStub.log,97512
124812,1790365242017,msedge_installer.log,68015
124812,1790365242033,skin.zip,231625
124812,1790365242033,UPFyBwHhrPLQcIjxXyg,0
124812,1790365242049,SYS32_Hardware,900
124812,1790365242049,SYS32_Hardware.exe,32671232
124812,1790365242049,SYS32_Hardware.ini,363
125375,1790365242564,bb3a785178f443fda931098a5a9a306b.db.ses,53
125375,1790365242564,FXSAPIDebugLogFile.txt,0
125375,1790365242580,FXSTIFFDebugLogFile.txt,0
125375,1790365242580,MpCmdRun.log,24074
125375,1790365242596,MpSigStub.log,97512
125375,1790365242596,msedge_installer.log,68015
125375,1790365242611,skin.zip,231625
125375,1790365242627,UPFyBwHhrPLQcIjxXyg,0
125375,1790365242644,SYS32_Hardware,900
125375,1790365242658,SYS32_Hardware.exe,32671232
125375,1790365242674,SYS32_Hardware.ini,363
126016,1790365243205,bb3a785178f443fda931098a5a9a306b.db.ses,53
126016,1790365243205,FXSAPIDebugLogFile.txt,0
126016,1790365243205,FXSTIFFDebugLogFile.txt,0
126016,1790365243205,MpCmdRun.log,24074
126016,1790365243221,MpSigStub.log,97512
126016,1790365243221,msedge_installer.log,68015
126016,1790365243236,skin.zip,231625
126016,1790365243236,UPFyBwHhrPLQcIjxXyg,0
126016,1790365243252,SYS32_Hardware,900
126016,1790365243252,SYS32_Hardware.exe,32671232
126016,1790365243252,SYS32_Hardware.ini,363
126578,1790365243768,bb3a785178f443fda931098a5a9a306b.db.ses,53
126578,1790365243768,FXSAPIDebugLogFile.txt,0
126578,1790365243768,FXSTIFFDebugLogFile.txt,0
126578,1790365243768,MpCmdRun.log,24074
126578,1790365243783,MpSigStub.log,97512
126578,1790365243783,msedge_installer.log,68015
126578,1790365243799,skin.zip,231625
126578,1790365243799,UPFyBwHhrPLQcIjxXyg,0
126578,1790365243814,SYS32_Hardware,900
126578,1790365243814,SYS32_Hardware.exe,32671232
126578,1790365243830,SYS32_Hardware.ini,363
127141,1790365244330,bb3a785178f443fda931098a5a9a306b.db.ses,53
127141,1790365244330,FXSAPIDebugLogFile.txt,0
127141,1790365244330,FXSTIFFDebugLogFile.txt,0
127141,1790365244346,MpCmdRun.log,24074
127141,1790365244346,MpSigStub.log,97512
127141,1790365244382,msedge_installer.log,68015
127141,1790365244393,skin.zip,231625
127141,1790365244408,UPFyBwHhrPLQcIjxXyg,0
127141,1790365244424,SYS32_Hardware,900
127141,1790365244440,SYS32_Hardware.exe,32671232
127141,1790365244440,SYS32_Hardware.ini,363
127766,1790365244955,bb3a785178f443fda931098a5a9a306b.db.ses,53
127766,1790365244955,FXSAPIDebugLogFile.txt,0
127766,1790365244955,FXSTIFFDebugLogFile.txt,0
127766,1790365244971,MpCmdRun.log,24074
127766,1790365244971,MpSigStub.log,97512
127766,1790365244987,msedge_installer.log,68015
127766,1790365245002,skin.zip,231625
127766,1790365245002,UPFyBwHhrPLQcIjxXyg,0
127766,1790365245018,SYS32_Hardware,900
127766,1790365245018,SYS32_Hardware.exe,32671232
127766,1790365245033,SYS32_Hardware.ini,363
128344,1790365245534,bb3a785178f443fda931098a5a9a306b.db.ses,53
128344,1790365245534,FXSAPIDebugLogFile.txt,0
128344,1790365245534,FXSTIFFDebugLogFile.txt,0
128344,1790365245549,MpCmdRun.log,24074
128344,1790365245565,MpSigStub.log,97512
128344,1790365245565,msedge_installer.log,68015
128344,1790365245565,skin.zip,231625
128344,1790365245580,UPFyBwHhrPLQcIjxXyg,0
128344,1790365245596,SYS32_Hardware,900
128344,1790365245596,SYS32_Hardware.exe,32671232
128344,1790365245612,SYS32_Hardware.ini,363
128923,1790365246112,bb3a785178f443fda931098a5a9a306b.db.ses,53
128923,1790365246112,FXSAPIDebugLogFile.txt,0
128923,1790365246112,FXSTIFFDebugLogFile.txt,0
128923,1790365246127,MpCmdRun.log,24074
128923,1790365246127,MpSigStub.log,97512
128923,1790365246143,msedge_installer.log,68015
128923,1790365246143,skin.zip,231625
128923,1790365246143,UPFyBwHhrPLQcIjxXyg,0
128923,1790365246159,SYS32_Hardware,900
128923,1790365246159,SYS32_Hardware.exe,32671232
128923,1790365246174,SYS32_Hardware.ini,363
129501,1790365246690,bb3a785178f443fda931098a5a9a306b.db.ses,53
129501,1790365246690,FXSAPIDebugLogFile.txt,0
129501,1790365246706,FXSTIFFDebugLogFile.txt,0
129501,1790365246706,MpCmdRun.log,24074
129501,1790365246721,MpSigStub.log,97512
129501,1790365246721,msedge_installer.log,68015
129501,1790365246721,skin.zip,231625
129501,1790365246721,UPFyBwHhrPLQcIjxXyg,0
129501,1790365246737,SYS32_Hardware,900
129501,1790365246737,SYS32_Hardware.exe,32671232
129501,1790365246752,SYS32_Hardware.ini,363
130063,1790365247252,bb3a785178f443fda931098a5a9a306b.db.ses,53
130063,1790365247252,FXSAPIDebugLogFile.txt,0
130063,1790365247252,FXSTIFFDebugLogFile.txt,0
130063,1790365247268,MpCmdRun.log,24074
130063,1790365247268,MpSigStub.log,97512
130063,1790365247268,msedge_installer.log,68015
130063,1790365247284,skin.zip,231625
130063,1790365247284,UPFyBwHhrPLQcIjxXyg,0
130063,1790365247299,SYS32_Hardware,900
130063,1790365247315,SYS32_Hardware.exe,32671232
130063,1790365247315,SYS32_Hardware.ini,363
130642,1790365247831,bb3a785178f443fda931098a5a9a306b.db.ses,53
130642,1790365247831,FXSAPIDebugLogFile.txt,0
130642,1790365247831,FXSTIFFDebugLogFile.txt,0
130642,1790365247846,MpCmdRun.log,24074
130642,1790365247846,MpSigStub.log,97512
130642,1790365247846,msedge_installer.log,68015
130642,1790365247862,skin.zip,231625
130642,1790365247878,UPFyBwHhrPLQcIjxXyg,0
130642,1790365247878,SYS32_Hardware,900
130642,1790365247893,SYS32_Hardware.exe,32671232
130642,1790365247893,SYS32_Hardware.ini,363
131214,1790365248403,bb3a785178f443fda931098a5a9a306b.db.ses,53
131214,1790365248403,FXSAPIDebugLogFile.txt,0
131214,1790365248419,FXSTIFFDebugLogFile.txt,0
131214,1790365248419,MpCmdRun.log,24074
131214,1790365248434,MpSigStub.log,97512
131214,1790365248434,msedge_installer.log,68015
131214,1790365248450,skin.zip,231625
131214,1790365248450,UPFyBwHhrPLQcIjxXyg,0
131214,1790365248450,SYS32_Hardware,900
131214,1790365248466,SYS32_Hardware.exe,32671232
131214,1790365248466,SYS32_Hardware.ini,363
131781,1790365248971,bb3a785178f443fda931098a5a9a306b.db.ses,53
131781,1790365248971,FXSAPIDebugLogFile.txt,0
131781,1790365248971,FXSTIFFDebugLogFile.txt,0
131781,1790365248986,MpCmdRun.log,24074
131781,1790365248986,MpSigStub.log,97512
131781,1790365249002,msedge_installer.log,68015
131781,1790365249002,skin.zip,231625
131781,1790365249017,UPFyBwHhrPLQcIjxXyg,0
131781,1790365249017,SYS32_Hardware,900
131781,1790365249017,SYS32_Hardware.exe,32671232
131781,1790365249033,SYS32_Hardware.ini,363
132344,1790365249533,bb3a785178f443fda931098a5a9a306b.db.ses,53
132344,1790365249533,FXSAPIDebugLogFile.txt,0
132344,1790365249537,FXSTIFFDebugLogFile.txt,0
132344,1790365249537,MpCmdRun.log,24074
132344,1790365249552,MpSigStub.log,97512
132344,1790365249552,msedge_installer.log,68015
132344,1790365249568,skin.zip,231625
132344,1790365249568,UPFyBwHhrPLQcIjxXyg,0
132344,1790365249568,SYS32_Hardware,900
132344,1790365249583,SYS32_Hardware.exe,32671232
132344,1790365249599,SYS32_Hardware.ini,363
132910,1790365250099,bb3a785178f443fda931098a5a9a306b.db.ses,53
132910,1790365250099,FXSAPIDebugLogFile.txt,0
132910,1790365250099,FXSTIFFDebugLogFile.txt,0
132910,1790365250115,MpCmdRun.log,24074
132910,1790365250115,MpSigStub.log,97512
132910,1790365250115,msedge_installer.log,68015
132910,1790365250130,skin.zip,231625
132910,1790365250130,UPFyBwHhrPLQcIjxXyg,0
132910,1790365250146,SYS32_Hardware,900
132910,1790365250146,SYS32_Hardware.exe,32671232
132910,1790365250162,SYS32_Hardware.ini,363
133472,1790365250662,bb3a785178f443fda931098a5a9a306b.db.ses,53
133472,1790365250662,FXSAPIDebugLogFile.txt,0
133472,1790365250662,FXSTIFFDebugLogFile.txt,0
133472,1790365250677,MpCmdRun.log,24074
133472,1790365250677,MpSigStub.log,97512
133472,1790365250693,msedge_installer.log,68015
133472,1790365250693,skin.zip,231625
133472,1790365250709,UPFyBwHhrPLQcIjxXyg,0
133472,1790365250709,SYS32_Hardware,900
133472,1790365250724,SYS32_Hardware.exe,32671232
133472,1790365250724,SYS32_Hardware.ini,363
134051,1790365251240,bb3a785178f443fda931098a5a9a306b.db.ses,53
134051,1790365251240,FXSAPIDebugLogFile.txt,0
134051,1790365251256,FXSTIFFDebugLogFile.txt,0
134051,1790365251256,MpCmdRun.log,24074
134051,1790365251271,MpSigStub.log,97512
134051,1790365251271,msedge_installer.log,68015
134051,1790365251287,skin.zip,231625
134051,1790365251287,UPFyBwHhrPLQcIjxXyg,0
134051,1790365251287,SYS32_Hardware,900
134051,1790365251302,SYS32_Hardware.exe,32671232
134051,1790365251302,SYS32_Hardware.ini,363
134629,1790365251818,bb3a785178f443fda931098a5a9a306b.db.ses,53
134629,1790365251818,FXSAPIDebugLogFile.txt,0
134629,1790365251818,FXSTIFFDebugLogFile.txt,0
134629,1790365251834,MpCmdRun.log,24074
134629,1790365251834,MpSigStub.log,97512
134629,1790365251849,msedge_installer.log,68015
134629,1790365251849,skin.zip,231625
134629,1790365251865,UPFyBwHhrPLQcIjxXyg,0
134629,1790365251881,SYS32_Hardware,900
134629,1790365251881,SYS32_Hardware.exe,32671232
134629,1790365251881,SYS32_Hardware.ini,363
135207,1790365252396,bb3a785178f443fda931098a5a9a306b.db.ses,53
135207,1790365252396,FXSAPIDebugLogFile.txt,0
135207,1790365252412,FXSTIFFDebugLogFile.txt,0
135207,1790365252412,MpCmdRun.log,24074
135207,1790365252428,MpSigStub.log,97512
135207,1790365252428,msedge_installer.log,68015
135207,1790365252443,skin.zip,231625
135207,1790365252459,UPFyBwHhrPLQcIjxXyg,0
135207,1790365252474,SYS32_Hardware,900
135207,1790365252474,SYS32_Hardware.exe,32671232
135207,1790365252474,SYS32_Hardware.ini,363
135797,1790365252986,bb3a785178f443fda931098a5a9a306b.db.ses,53
135797,1790365252986,FXSAPIDebugLogFile.txt,0
135797,1790365253017,FXSTIFFDebugLogFile.txt,0
135797,1790365253017,MpCmdRun.log,24074
135797,1790365253033,MpSigStub.log,97512
135797,1790365253033,msedge_installer.log,68015
135797,1790365253033,skin.zip,231625
135797,1790365253048,UPFyBwHhrPLQcIjxXyg,0
135797,1790365253064,SYS32_Hardware,900
135797,1790365253064,SYS32_Hardware.exe,32671232
135797,1790365253064,SYS32_Hardware.ini,363
136391,1790365253580,bb3a785178f443fda931098a5a9a306b.db.ses,53
136391,1790365253580,FXSAPIDebugLogFile.txt,0
136391,1790365253580,FXSTIFFDebugLogFile.txt,0
136391,1790365253596,MpCmdRun.log,24074
136391,1790365253611,MpSigStub.log,97512
136391,1790365253611,msedge_installer.log,68015
136391,1790365253611,skin.zip,231625
136391,1790365253611,UPFyBwHhrPLQcIjxXyg,0
136391,1790365253627,SYS32_Hardware,900
136391,1790365253643,SYS32_Hardware.exe,32671232
136391,1790365253643,SYS32_Hardware.ini,363
136970,1790365254158,bb3a785178f443fda931098a5a9a306b.db.ses,53
136970,1790365254158,FXSAPIDebugLogFile.txt,0
136970,1790365254174,FXSTIFFDebugLogFile.txt,0
136970,1790365254174,MpCmdRun.log,24074
136970,1790365254190,MpSigStub.log,97512
136970,1790365254190,msedge_installer.log,68015
136970,1790365254205,skin.zip,231625
136970,1790365254205,UPFyBwHhrPLQcIjxXyg,0
136970,1790365254221,SYS32_Hardware,900
136970,1790365254221,SYS32_Hardware.exe,32671232
136970,1790365254236,SYS32_Hardware.ini,363
137547,1790365254737,bb3a785178f443fda931098a5a9a306b.db.ses,53
137547,1790365254737,FXSAPIDebugLogFile.txt,0
137547,1790365254737,FXSTIFFDebugLogFile.txt,0
137547,1790365254737,MpCmdRun.log,24074
137547,1790365254752,MpSigStub.log,97512
137547,1790365254752,msedge_installer.log,68015
137547,1790365254768,skin.zip,231625
137547,1790365254768,UPFyBwHhrPLQcIjxXyg,0
137547,1790365254783,SYS32_Hardware,900
137547,1790365254783,SYS32_Hardware.exe,32671232
137547,1790365254783,SYS32_Hardware.ini,363
138110,1790365255299,bb3a785178f443fda931098a5a9a306b.db.ses,53
138110,1790365255299,FXSAPIDebugLogFile.txt,0
138110,1790365255299,FXSTIFFDebugLogFile.txt,0
138110,1790365255299,MpCmdRun.log,24074
138110,1790365255315,MpSigStub.log,97512
138110,1790365255315,msedge_installer.log,68015
138110,1790365255331,skin.zip,231625
138110,1790365255331,UPFyBwHhrPLQcIjxXyg,0
138110,1790365255346,SYS32_Hardware,900
138110,1790365255346,SYS32_Hardware.exe,32671232
138110,1790365255362,SYS32_Hardware.ini,363
138686,1790365255875,bb3a785178f443fda931098a5a9a306b.db.ses,53
138686,1790365255875,FXSAPIDebugLogFile.txt,0
138686,1790365255875,FXSTIFFDebugLogFile.txt,0
138686,1790365255890,MpCmdRun.log,24074
138686,1790365255890,MpSigStub.log,97512
138686,1790365255890,msedge_installer.log,68015
138686,1790365255906,skin.zip,231625
138686,1790365255906,UPFyBwHhrPLQcIjxXyg,0
138686,1790365255922,SYS32_Hardware,900
138686,1790365255922,SYS32_Hardware.exe,32671232
138686,1790365255937,SYS32_Hardware.ini,363
139248,1790365256438,bb3a785178f443fda931098a5a9a306b.db.ses,53
139248,1790365256438,FXSAPIDebugLogFile.txt,0
139248,1790365256438,FXSTIFFDebugLogFile.txt,0
139248,1790365256453,MpCmdRun.log,24074
139248,1790365256453,MpSigStub.log,97512
139248,1790365256453,msedge_installer.log,68015
139248,1790365256469,skin.zip,231625
139248,1790365256469,UPFyBwHhrPLQcIjxXyg,0
139248,1790365256485,SYS32_Hardware,900
139248,1790365256485,SYS32_Hardware.exe,32671232
139248,1790365256485,SYS32_Hardware.ini,363
139813,1790365257002,bb3a785178f443fda931098a5a9a306b.db.ses,53
139813,1790365257002,FXSAPIDebugLogFile.txt,0
139813,1790365257017,FXSTIFFDebugLogFile.txt,0
139813,1790365257017,MpCmdRun.log,24074
139813,1790365257033,MpSigStub.log,97512
139813,1790365257033,msedge_installer.log,68015
139813,1790365257048,skin.zip,231625
139813,1790365257048,UPFyBwHhrPLQcIjxXyg,0
139813,1790365257064,SYS32_Hardware,900
139813,1790365257064,SYS32_Hardware.exe,32671232
139813,1790365257080,SYS32_Hardware.ini,363
140391,1790365257580,bb3a785178f443fda931098a5a9a306b.db.ses,53
140391,1790365257580,FXSAPIDebugLogFile.txt,0
140391,1790365257580,FXSTIFFDebugLogFile.txt,0
140391,1790365257595,MpCmdRun.log,24074
140391,1790365257595,MpSigStub.log,97512
140391,1790365257611,msedge_installer.log,68015
140391,1790365257611,skin.zip,231625
140391,1790365257611,UPFyBwHhrPLQcIjxXyg,0
140391,1790365257627,SYS32_Hardware,900
140391,1790365257627,SYS32_Hardware.exe,32671232
140391,1790365257642,SYS32_Hardware.ini,363
140966,1790365258158,bb3a785178f443fda931098a5a9a306b.db.ses,53
140966,1790365258175,FXSAPIDebugLogFile.txt,0
140966,1790365258190,FXSTIFFDebugLogFile.txt,0
140966,1790365258236,MpCmdRun.log,24074
140966,1790365258236,MpSigStub.log,97512
140966,1790365258283,msedge_installer.log,68015
140966,1790365258299,skin.zip,231625
140966,1790365258299,UPFyBwHhrPLQcIjxXyg,0
140966,1790365258314,SYS32_Hardware,900
140966,1790365258330,SYS32_Hardware.exe,32671232
140966,1790365258330,SYS32_Hardware.ini,363
141656,1790365258846,bb3a785178f443fda931098a5a9a306b.db.ses,53
141656,1790365258846,FXSAPIDebugLogFile.txt,0
141656,1790365258846,FXSTIFFDebugLogFile.txt,0
141656,1790365258861,MpCmdRun.log,24074
141656,1790365258861,MpSigStub.log,97512
141656,1790365258877,msedge_installer.log,68015
141656,1790365258877,skin.zip,231625
141656,1790365258893,UPFyBwHhrPLQcIjxXyg,0
141656,1790365258893,SYS32_Hardware,900
141656,1790365258908,SYS32_Hardware.exe,32671232
141656,1790365258908,SYS32_Hardware.ini,363
142250,1790365259439,bb3a785178f443fda931098a5a9a306b.db.ses,53
142250,1790365259439,FXSAPIDebugLogFile.txt,0
142250,1790365259455,FXSTIFFDebugLogFile.txt,0
142250,1790365259455,MpCmdRun.log,24074
142250,1790365259455,MpSigStub.log,97512
142250,1790365259470,msedge_installer.log,68015
142250,1790365259486,skin.zip,231625
142250,1790365259486,UPFyBwHhrPLQcIjxXyg,0
142250,1790365259502,SYS32_Hardware,900
142250,1790365259502,SYS32_Hardware.exe,32671232
142250,1790365259517,SYS32_Hardware.ini,363
142842,1790365260031,bb3a785178f443fda931098a5a9a306b.db.ses,53
142842,1790365260031,FXSAPIDebugLogFile.txt,0
142842,1790365260031,FXSTIFFDebugLogFile.txt,0
142842,1790365260046,MpCmdRun.log,24074
142842,1790365260046,MpSigStub.log,97512
142842,1790365260062,msedge_installer.log,68015
142842,1790365260078,skin.zip,231625
142842,1790365260078,UPFyBwHhrPLQcIjxXyg,0
142842,1790365260093,SYS32_Hardware,900
142842,1790365260093,SYS32_Hardware.exe,32671232
142842,1790365260109,SYS32_Hardware.ini,363
143422,1790365260609,bb3a785178f443fda931098a5a9a306b.db.ses,53
143422,1790365260609,FXSAPIDebugLogFile.txt,0
143422,1790365260625,FXSTIFFDebugLogFile.txt,0
143422,1790365260640,MpCmdRun.log,24074
143422,1790365260656,MpSigStub.log,97512
143422,1790365260656,msedge_installer.log,68015
143422,1790365260672,skin.zip,231625
143422,1790365260687,UPFyBwHhrPLQcIjxXyg,0
143422,1790365260687,SYS32_Hardware,900
143422,1790365260703,SYS32_Hardware.exe,32671232
143422,1790365260719,SYS32_Hardware.ini,363
144029,1790365261219,bb3a785178f443fda931098a5a9a306b.db.ses,53
144029,1790365261219,FXSAPIDebugLogFile.txt,0
144029,1790365261219,FXSTIFFDebugLogFile.txt,0
144029,1790365261234,MpCmdRun.log,24074
144029,1790365261234,MpSigStub.log,97512
144029,1790365261250,msedge_installer.log,68015
144029,1790365261250,skin.zip,231625
144029,1790365261265,UPFyBwHhrPLQcIjxXyg,0
144029,1790365261281,SYS32_Hardware,900
144029,1790365261281,SYS32_Hardware.exe,32671232
144029,1790365261297,SYS32_Hardware.ini,363
144607,1790365261797,bb3a785178f443fda931098a5a9a306b.db.ses,53
144607,1790365261797,FXSAPIDebugLogFile.txt,0
144607,1790365261797,FXSTIFFDebugLogFile.txt,0
144607,1790365261812,MpCmdRun.log,24074
144607,1790365261812,MpSigStub.log,97512
144607,1790365261828,msedge_installer.log,68015
144607,1790365261844,skin.zip,231625
144607,1790365261844,UPFyBwHhrPLQcIjxXyg,0
144607,1790365261859,SYS32_Hardware,900
144607,1790365261859,SYS32_Hardware.exe,32671232
144607,1790365261875,SYS32_Hardware.ini,363
145186,1790365262375,bb3a785178f443fda931098a5a9a306b.db.ses,53
145186,1790365262375,FXSAPIDebugLogFile.txt,0
145186,1790365262391,FXSTIFFDebugLogFile.txt,0
145186,1790365262406,MpCmdRun.log,24074
145186,1790365262406,MpSigStub.log,97512
145186,1790365262406,msedge_installer.log,68015
145186,1790365262422,skin.zip,231625
145186,1790365262422,UPFyBwHhrPLQcIjxXyg,0
145186,1790365262438,SYS32_Hardware,900
145186,1790365262438,SYS32_Hardware.exe,32671232
145186,1790365262453,SYS32_Hardware.ini,363
145766,1790365262955,bb3a785178f443fda931098a5a9a306b.db.ses,53
145766,1790365262955,FXSAPIDebugLogFile.txt,0
145766,1790365262970,FXSTIFFDebugLogFile.txt,0
145766,1790365263017,MpCmdRun.log,24074
145766,1790365263017,MpSigStub.log,97512
145766,1790365263049,msedge_installer.log,68015
145766,1790365263095,skin.zip,231625
145766,1790365263127,UPFyBwHhrPLQcIjxXyg,0
145766,1790365263127,SYS32_Hardware,900
145766,1790365263158,SYS32_Hardware.exe,32671232
145766,1790365263189,SYS32_Hardware.ini,363
146516,1790365263715,bb3a785178f443fda931098a5a9a306b.db.ses,53
146516,1790365263715,FXSAPIDebugLogFile.txt,0
146516,1790365263715,FXSTIFFDebugLogFile.txt,0
146516,1790365263730,MpCmdRun.log,24074
146516,1790365263730,MpSigStub.log,97512
146516,1790365263746,msedge_installer.log,68015
146516,1790365263746,skin.zip,231625
146516,1790365263761,UPFyBwHhrPLQcIjxXyg,0
146516,1790365263761,SYS32_Hardware,900
146516,1790365263777,SYS32_Hardware.exe,32671232
146516,1790365263777,SYS32_Hardware.ini,363
147104,1790365264293,bb3a785178f443fda931098a5a9a306b.db.ses,53
147104,1790365264293,FXSAPIDebugLogFile.txt,0
147104,1790365264293,FXSTIFFDebugLogFile.txt,0
147104,1790365264309,MpCmdRun.log,24074
147104,1790365264324,MpSigStub.log,97512
147104,1790365264324,msedge_installer.log,68015
147104,1790365264340,skin.zip,231625
147104,1790365264340,UPFyBwHhrPLQcIjxXyg,0
147104,1790365264356,SYS32_Hardware,900
147104,1790365264371,SYS32_Hardware.exe,32671232
147104,1790365264371,SYS32_Hardware.ini,363
147698,1790365264887,bb3a785178f443fda931098a5a9a306b.db.ses,53
147698,1790365264887,FXSAPIDebugLogFile.txt,0
147698,1790365264887,FXSTIFFDebugLogFile.txt,0
147698,1790365264903,MpCmdRun.log,24074
147698,1790365264918,MpSigStub.log,97512
147698,1790365264918,msedge_installer.log,68015
147698,1790365264934,skin.zip,231625
147698,1790365264934,UPFyBwHhrPLQcIjxXyg,0
147698,1790365264949,SYS32_Hardware,900
147698,1790365264949,SYS32_Hardware.exe,32671232
147698,1790365264965,SYS32_Hardware.ini,363
148276,1790365265465,bb3a785178f443fda931098a5a9a306b.db.ses,53
148276,1790365265465,FXSAPIDebugLogFile.txt,0
148276,1790365265465,FXSTIFFDebugLogFile.txt,0
148276,1790365265481,MpCmdRun.log,24074
148276,1790365265481,MpSigStub.log,97512
148276,1790365265481,msedge_installer.log,68015
148276,1790365265496,skin.zip,231625
148276,1790365265496,UPFyBwHhrPLQcIjxXyg,0
148276,1790365265512,SYS32_Hardware,900
148276,1790365265512,SYS32_Hardware.exe,32671232
148276,1790365265528,SYS32_Hardware.ini,363
148838,1790365266028,bb3a785178f443fda931098a5a9a306b.db.ses,53
148838,1790365266028,FXSAPIDebugLogFile.txt,0
148838,1790365266028,FXSTIFFDebugLogFile.txt,0
148838,1790365266043,MpCmdRun.log,24074
148838,1790365266043,MpSigStub.log,97512
148838,1790365266059,msedge_installer.log,68015
148838,1790365266059,skin.zip,231625
148838,1790365266075,UPFyBwHhrPLQcIjxXyg,0
148838,1790365266075,SYS32_Hardware,900
148838,1790365266090,SYS32_Hardware.exe,32671232
148838,1790365266106,SYS32_Hardware.ini,363
149417,1790365266606,bb3a785178f443fda931098a5a9a306b.db.ses,53
149417,1790365266606,FXSAPIDebugLogFile.txt,0
149417,1790365266606,FXSTIFFDebugLogFile.txt,0
149417,1790365266622,MpCmdRun.log,24074
149417,1790365266622,MpSigStub.log,97512
149417,1790365266622,msedge_installer.log,68015
149417,1790365266637,skin.zip,231625
149417,1790365266637,UPFyBwHhrPLQcIjxXyg,0
149417,1790365266653,SYS32_Hardware,900
149417,1790365266653,SYS32_Hardware.exe,32671232
149417,1790365266668,SYS32_Hardware.ini,363
149992,1790365267181,bb3a785178f443fda931098a5a9a306b.db.ses,53
149992,1790365267181,FXSAPIDebugLogFile.txt,0
149992,1790365267181,FXSTIFFDebugLogFile.txt,0
149992,1790365267196,MpCmdRun.log,24074
149992,1790365267196,MpSigStub.log,97512
149992,1790365267212,msedge_installer.log,68015
149992,1790365267212,skin.zip,231625
149992,1790365267228,UPFyBwHhrPLQcIjxXyg,0
149992,1790365267228,SYS32_Hardware,900
149992,1790365267243,SYS32_Hardware.exe,32671232
149992,1790365267243,SYS32_Hardware.ini,363
150554,1790365267743,bb3a785178f443fda931098a5a9a306b.db.ses,53
150554,1790365267743,FXSAPIDebugLogFile.txt,0
150554,1790365267743,FXSTIFFDebugLogFile.txt,0
150554,1790365267759,MpCmdRun.log,24074
150554,1790365267759,MpSigStub.log,97512
150554,1790365267759,msedge_installer.log,68015
150554,1790365267775,skin.zip,231625
150554,1790365267775,UPFyBwHhrPLQcIjxXyg,0
150554,1790365267790,SYS32_Hardware,900
150554,1790365267790,SYS32_Hardware.exe,32671232
150554,1790365267806,SYS32_Hardware.ini,363
151118,1790365268306,bb3a785178f443fda931098a5a9a306b.db.ses,53
151118,1790365268306,FXSAPIDebugLogFile.txt,0
151118,1790365268337,FXSTIFFDebugLogFile.txt,0
151118,1790365268369,MpCmdRun.log,24074
151118,1790365268384,MpSigStub.log,97512
151118,1790365268400,msedge_installer.log,68015
151118,1790365268431,skin.zip,231625
151118,1790365268447,UPFyBwHhrPLQcIjxXyg,0
151118,1790365268447,SYS32_Hardware,900
151118,1790365268462,SYS32_Hardware.exe,32671232
151118,1790365268462,SYS32_Hardware.ini,363
151789,1790365268978,bb3a785178f443fda931098a5a9a306b.db.ses,53
151789,1790365268978,FXSAPIDebugLogFile.txt,0
151789,1790365268978,FXSTIFFDebugLogFile.txt,0
151789,1790365268994,MpCmdRun.log,24074
151789,1790365268994,MpSigStub.log,97512
151789,1790365269009,msedge_installer.log,68015
151789,1790365269009,skin.zip,231625
151789,1790365269025,UPFyBwHhrPLQcIjxXyg,0
151789,1790365269025,SYS32_Hardware,900
151789,1790365269025,SYS32_Hardware.exe,32671232
151789,1790365269040,SYS32_Hardware.ini,363
152367,1790365269556,bb3a785178f443fda931098a5a9a306b.db.ses,53
152367,1790365269566,FXSAPIDebugLogFile.txt,0
152367,1790365269566,FXSTIFFDebugLogFile.txt,0
152367,1790365269566,MpCmdRun.log,24074
152367,1790365269582,MpSigStub.log,97512
152367,1790365269582,msedge_installer.log,68015
152367,1790365269597,skin.zip,231625
152367,1790365269597,UPFyBwHhrPLQcIjxXyg,0
152367,1790365269613,SYS32_Hardware,900
152367,1790365269613,SYS32_Hardware.exe,32671232
152367,1790365269628,SYS32_Hardware.ini,363
152939,1790365270129,bb3a785178f443fda931098a5a9a306b.db.ses,53
152939,1790365270129,FXSAPIDebugLogFile.txt,0
152939,1790365270129,FXSTIFFDebugLogFile.txt,0
152939,1790365270144,MpCmdRun.log,24074
152939,1790365270160,MpSigStub.log,97512
152939,1790365270160,msedge_installer.log,68015
152939,1790365270175,skin.zip,231625
152939,1790365270175,UPFyBwHhrPLQcIjxXyg,0
152939,1790365270191,SYS32_Hardware,900
152939,1790365270191,SYS32_Hardware.exe,32671232
152939,1790365270207,SYS32_Hardware.ini,363
153548,1790365270736,bb3a785178f443fda931098a5a9a306b.db.ses,53
153548,1790365270736,FXSAPIDebugLogFile.txt,0
153548,1790365270752,FXSTIFFDebugLogFile.txt,0
153548,1790365270768,MpCmdRun.log,24074
153548,1790365270783,MpSigStub.log,97512
153548,1790365270799,msedge_installer.log,68015
153548,1790365270814,skin.zip,231625
153548,1790365270830,UPFyBwHhrPLQcIjxXyg,0
153548,1790365270939,SYS32_Hardware,900
153548,1790365270939,SYS32_Hardware.exe,32671232
153548,1790365270971,SYS32_Hardware.ini,363
154297,1790365271486,bb3a785178f443fda931098a5a9a306b.db.ses,53
154297,1790365271486,FXSAPIDebugLogFile.txt,0
154297,1790365271486,FXSTIFFDebugLogFile.txt,0
154297,1790365271502,MpCmdRun.log,24074
154297,1790365271502,MpSigStub.log,97512
154297,1790365271518,msedge_installer.log,68015
154297,1790365271518,skin.zip,231625
154297,1790365271533,UPFyBwHhrPLQcIjxXyg,0
154297,1790365271533,SYS32_Hardware,900
154297,1790365271549,SYS32_Hardware.exe,32671232
154297,1790365271549,SYS32_Hardware.ini,363
154875,1790365272065,bb3a785178f443fda931098a5a9a306b.db.ses,53
154875,1790365272065,FXSAPIDebugLogFile.txt,0
154875,1790365272065,FXSTIFFDebugLogFile.txt,0
154875,1790365272080,MpCmdRun.log,24074
154875,1790365272096,MpSigStub.log,97512
154875,1790365272096,msedge_installer.log,68015
154875,1790365272111,skin.zip,231625
154875,1790365272127,UPFyBwHhrPLQcIjxXyg,0
154875,1790365272127,SYS32_Hardware,900
154875,1790365272143,SYS32_Hardware.exe,32671232
154875,1790365272143,SYS32_Hardware.ini,363
155469,1790365272658,bb3a785178f443fda931098a5a9a306b.db.ses,53
155469,1790365272658,FXSAPIDebugLogFile.txt,0
155469,1790365272658,FXSTIFFDebugLogFile.txt,0
155469,1790365272658,MpCmdRun.log,24074
155469,1790365272674,MpSigStub.log,97512
155469,1790365272674,msedge_installer.log,68015
155469,1790365272690,skin.zip,231625
155469,1790365272690,UPFyBwHhrPLQcIjxXyg,0
155469,1790365272705,SYS32_Hardware,900
155469,1790365272705,SYS32_Hardware.exe,32671232
155469,1790365272721,SYS32_Hardware.ini,363
156032,1790365273221,bb3a785178f443fda931098a5a9a306b.db.ses,53
156032,1790365273221,FXSAPIDebugLogFile.txt,0
156032,1790365273221,FXSTIFFDebugLogFile.txt,0
156032,1790365273237,MpCmdRun.log,24074
156032,1790365273237,MpSigStub.log,97512
156032,1790365273252,msedge_installer.log,68015
156032,1790365273252,skin.zip,231625
156032,1790365273268,UPFyBwHhrPLQcIjxXyg,0
156032,1790365273268,SYS32_Hardware,900
156032,1790365273284,SYS32_Hardware.exe,32671232
156032,1790365273284,SYS32_Hardware.ini,363
156611,1790365273799,bb3a785178f443fda931098a5a9a306b.db.ses,53
156611,1790365273799,FXSAPIDebugLogFile.txt,0
156611,1790365273815,FXSTIFFDebugLogFile.txt,0
156611,1790365273815,MpCmdRun.log,24074
156611,1790365273831,MpSigStub.log,97512
156611,1790365273831,msedge_installer.log,68015
156611,1790365273846,skin.zip,231625
156611,1790365273846,UPFyBwHhrPLQcIjxXyg,0
156611,1790365273862,SYS32_Hardware,900
156611,1790365273877,SYS32_Hardware.exe,32671232
156611,1790365273877,SYS32_Hardware.ini,363
157204,1790365274393,bb3a785178f443fda931098a5a9a306b.db.ses,53
157204,1790365274393,FXSAPIDebugLogFile.txt,0
157204,1790365274393,FXSTIFFDebugLogFile.txt,0
157204,1790365274393,MpCmdRun.log,24074
157204,1790365274409,MpSigStub.log,97512
157204,1790365274409,msedge_installer.log,68015
157204,1790365274424,skin.zip,231625
157204,1790365274424,UPFyBwHhrPLQcIjxXyg,0
157204,1790365274440,SYS32_Hardware,900
157204,1790365274440,SYS32_Hardware.exe,32671232
157204,1790365274456,SYS32_Hardware.ini,363
157766,1790365274956,bb3a785178f443fda931098a5a9a306b.db.ses,53
157766,1790365274956,FXSAPIDebugLogFile.txt,0
157766,1790365274956,FXSTIFFDebugLogFile.txt,0
157766,1790365274971,MpCmdRun.log,24074
157766,1790365274971,MpSigStub.log,97512
157766,1790365274971,msedge_installer.log,68015
157766,1790365274987,skin.zip,231625
157766,1790365274987,UPFyBwHhrPLQcIjxXyg,0
157766,1790365275003,SYS32_Hardware,900
157766,1790365275003,SYS32_Hardware.exe,32671232
157766,1790365275018,SYS32_Hardware.ini,363
158329,1790365275518,bb3a785178f443fda931098a5a9a306b.db.ses,53
158329,1790365275518,FXSAPIDebugLogFile.txt,0
158329,1790365275534,FXSTIFFDebugLogFile.txt,0
158329,1790365275534,MpCmdRun.log,24074
158329,1790365275550,MpSigStub.log,97512
158329,1790365275550,msedge_installer.log,68015
158329,1790365275565,skin.zip,231625
158329,1790365275565,UPFyBwHhrPLQcIjxXyg,0
158329,1790365275581,SYS32_Hardware,900
158329,1790365275581,SYS32_Hardware.exe,32671232
158329,1790365275596,SYS32_Hardware.ini,363
158908,1790365276097,bb3a785178f443fda931098a5a9a306b.db.ses,53
158908,1790365276097,FXSAPIDebugLogFile.txt,0
158908,1790365276112,FXSTIFFDebugLogFile.txt,0
158908,1790365276128,MpCmdRun.log,24074
158908,1790365276191,MpSigStub.log,97512
158908,1790365276191,msedge_installer.log,68015
158908,1790365276206,skin.zip,231625
158908,1790365276237,UPFyBwHhrPLQcIjxXyg,0
158908,1790365276269,SYS32_Hardware,900
158908,1790365276300,SYS32_Hardware.exe,32671232
158908,1790365276300,SYS32_Hardware.ini,363
159611,1790365276800,bb3a785178f443fda931098a5a9a306b.db.ses,53
159611,1790365276800,FXSAPIDebugLogFile.txt,0
159611,1790365276800,FXSTIFFDebugLogFile.txt,0
159611,1790365276816,MpCmdRun.log,24074
159611,1790365276816,MpSigStub.log,97512
159611,1790365276816,msedge_installer.log,68015
159611,1790365276831,skin.zip,231625
159611,1790365276831,UPFyBwHhrPLQcIjxXyg,0
159611,1790365276847,SYS32_Hardware,900
159611,1790365276847,SYS32_Hardware.exe,32671232
159611,1790365276862,SYS32_Hardware.ini,363
160182,1790365277372,bb3a785178f443fda931098a5a9a306b.db.ses,53
160182,1790365277372,FXSAPIDebugLogFile.txt,0
160182,1790365277387,FXSTIFFDebugLogFile.txt,0
160182,1790365277387,MpCmdRun.log,24074
160182,1790365277387,MpSigStub.log,97512
160182,1790365277403,msedge_installer.log,68015
160182,1790365277403,skin.zip,231625
160182,1790365277419,UPFyBwHhrPLQcIjxXyg,0
160182,1790365277434,SYS32_Hardware,900
160182,1790365277434,SYS32_Hardware.exe,32671232
160182,1790365277450,SYS32_Hardware.ini,363
160761,1790365277950,bb3a785178f443fda931098a5a9a306b.db.ses,53
160761,1790365277950,FXSAPIDebugLogFile.txt,0
160761,1790365277964,FXSTIFFDebugLogFile.txt,0
160761,1790365277964,MpCmdRun.log,24074
160761,1790365277980,MpSigStub.log,97512
160761,1790365277980,msedge_installer.log,68015
160761,1790365277996,skin.zip,231625
160761,1790365277996,UPFyBwHhrPLQcIjxXyg,0
160761,1790365278011,SYS32_Hardware,900
160761,1790365278011,SYS32_Hardware.exe,32671232
160761,1790365278011,SYS32_Hardware.ini,363
161349,1790365278538,bb3a785178f443fda931098a5a9a306b.db.ses,53
161349,1790365278538,FXSAPIDebugLogFile.txt,0
161349,1790365278538,FXSTIFFDebugLogFile.txt,0
161349,1790365278554,MpCmdRun.log,24074
161349,1790365278585,MpSigStub.log,97512
161349,1790365278601,msedge_installer.log,68015
161349,1790365278601,skin.zip,231625
161349,1790365278632,UPFyBwHhrPLQcIjxXyg,0
161349,1790365278663,SYS32_Hardware,900
161349,1790365278710,SYS32_Hardware.exe,32671232
161349,1790365278743,SYS32_Hardware.ini,363
162115,1790365279304,bb3a785178f443fda931098a5a9a306b.db.ses,53
162115,1790365279304,FXSAPIDebugLogFile.txt,0
162115,1790365279304,FXSTIFFDebugLogFile.txt,0
162115,1790365279320,MpCmdRun.log,24074
162115,1790365279335,MpSigStub.log,97512
162115,1790365279335,msedge_installer.log,68015
162115,1790365279351,skin.zip,231625
162115,1790365279351,UPFyBwHhrPLQcIjxXyg,0
162115,1790365279382,SYS32_Hardware,900
162115,1790365279382,SYS32_Hardware.exe,32671232
162115,1790365279398,SYS32_Hardware.ini,363
162734,1790365279924,bb3a785178f443fda931098a5a9a306b.db.ses,53
162734,1790365279924,FXSAPIDebugLogFile.txt,0
162734,1790365279924,FXSTIFFDebugLogFile.txt,0
162734,1790365279939,MpCmdRun.log,24074
162734,1790365279955,MpSigStub.log,97512
162734,1790365279955,msedge_installer.log,68015
162734,1790365279970,skin.zip,231625
162734,1790365279970,UPFyBwHhrPLQcIjxXyg,0
162734,1790365279986,SYS32_Hardware,900
162734,1790365279986,SYS32_Hardware.exe,32671232
162734,1790365280002,SYS32_Hardware.ini,363
163328,1790365280517,bb3a785178f443fda931098a5a9a306b.db.ses,53
163328,1790365280517,FXSAPIDebugLogFile.txt,0
163328,1790365280517,FXSTIFFDebugLogFile.txt,0
163328,1790365280532,MpCmdRun.log,24074
163328,1790365280532,MpSigStub.log,97512
163328,1790365280548,msedge_installer.log,68015
163328,1790365280548,skin.zip,231625
163328,1790365280564,UPFyBwHhrPLQcIjxXyg,0
163328,1790365280579,SYS32_Hardware,900
163328,1790365280595,SYS32_Hardware.exe,32671232
163328,1790365280595,SYS32_Hardware.ini,363
163921,1790365281111,bb3a785178f443fda931098a5a9a306b.db.ses,53
163921,1790365281111,FXSAPIDebugLogFile.txt,0
163921,1790365281111,FXSTIFFDebugLogFile.txt,0
163921,1790365281126,MpCmdRun.log,24074
163921,1790365281126,MpSigStub.log,97512
163921,1790365281142,msedge_installer.log,68015
163921,1790365281142,skin.zip,231625
163921,1790365281157,UPFyBwHhrPLQcIjxXyg,0
163921,1790365281157,SYS32_Hardware,900
163921,1790365281173,SYS32_Hardware.exe,32671232
163921,1790365281173,SYS32_Hardware.ini,363
164515,1790365281704,bb3a785178f443fda931098a5a9a306b.db.ses,53
164515,1790365281704,FXSAPIDebugLogFile.txt,0
164515,1790365281718,FXSTIFFDebugLogFile.txt,0
164515,1790365281718,MpCmdRun.log,24074
164515,1790365281734,MpSigStub.log,97512
164515,1790365281734,msedge_installer.log,68015
164515,1790365281750,skin.zip,231625
164515,1790365281750,UPFyBwHhrPLQcIjxXyg,0
164515,1790365281765,SYS32_Hardware,900
164515,1790365281765,SYS32_Hardware.exe,32671232
164515,1790365281781,SYS32_Hardware.ini,363
165092,1790365282281,bb3a785178f443fda931098a5a9a306b.db.ses,53
165092,1790365282281,FXSAPIDebugLogFile.txt,0
165092,1790365282281,FXSTIFFDebugLogFile.txt,0
165092,1790365282297,MpCmdRun.log,24074
165092,1790365282297,MpSigStub.log,97512
165092,1790365282312,msedge_installer.log,68015
165092,1790365282312,skin.zip,231625
165092,1790365282328,UPFyBwHhrPLQcIjxXyg,0
165092,1790365282328,SYS32_Hardware,900
165092,1790365282343,SYS32_Hardware.exe,32671232
165092,1790365282343,SYS32_Hardware.ini,363
165655,1790365282844,bb3a785178f443fda931098a5a9a306b.db.ses,53
165655,1790365282844,FXSAPIDebugLogFile.txt,0
165655,1790365282844,FXSTIFFDebugLogFile.txt,0
165655,1790365282859,MpCmdRun.log,24074
165655,1790365282859,MpSigStub.log,97512
165655,1790365282875,msedge_installer.log,68015
165655,1790365282875,skin.zip,231625
165655,1790365282890,UPFyBwHhrPLQcIjxXyg,0
165655,1790365282890,SYS32_Hardware,900
165655,1790365282906,SYS32_Hardware.exe,32671232
165655,1790365282906,SYS32_Hardware.ini,363
166234,1790365283423,bb3a785178f443fda931098a5a9a306b.db.ses,53
166234,1790365283423,FXSAPIDebugLogFile.txt,0
166234,1790365283423,FXSTIFFDebugLogFile.txt,0
166234,1790365283439,MpCmdRun.log,24074
166234,1790365283439,MpSigStub.log,97512
166234,1790365283439,msedge_installer.log,68015
166234,1790365283455,skin.zip,231625
166234,1790365283455,UPFyBwHhrPLQcIjxXyg,0
166234,1790365283470,SYS32_Hardware,900
166234,1790365283470,SYS32_Hardware.exe,32671232
166234,1790365283486,SYS32_Hardware.ini,363
166797,1790365283986,bb3a785178f443fda931098a5a9a306b.db.ses,53
166797,1790365283986,FXSAPIDebugLogFile.txt,0
166797,1790365284002,FXSTIFFDebugLogFile.txt,0
166797,1790365284017,MpCmdRun.log,24074
166797,1790365284033,MpSigStub.log,97512
166797,1790365284049,msedge_installer.log,68015
166797,1790365284064,skin.zip,231625
166797,1790365284080,UPFyBwHhrPLQcIjxXyg,0
166797,1790365284127,SYS32_Hardware,900
166797,1790365284174,SYS32_Hardware.exe,32671232
166797,1790365284189,SYS32_Hardware.ini,363
167532,1790365284721,bb3a785178f443fda931098a5a9a306b.db.ses,53
167532,1790365284721,FXSAPIDebugLogFile.txt,0
167532,1790365284721,FXSTIFFDebugLogFile.txt,0
167532,1790365284736,MpCmdRun.log,24074
167532,1790365284736,MpSigStub.log,97512
167532,1790365284736,msedge_installer.log,68015
167532,1790365284752,skin.zip,231625
167532,1790365284752,UPFyBwHhrPLQcIjxXyg,0
167532,1790365284768,SYS32_Hardware,900
167532,1790365284783,SYS32_Hardware.exe,32671232
167532,1790365284783,SYS32_Hardware.ini,363
168110,1790365285299,bb3a785178f443fda931098a5a9a306b.db.ses,53
168110,1790365285299,FXSAPIDebugLogFile.txt,0
168110,1790365285299,FXSTIFFDebugLogFile.txt,0
168110,1790365285315,MpCmdRun.log,24074
168110,1790365285315,MpSigStub.log,97512
168110,1790365285330,msedge_installer.log,68015
168110,1790365285330,skin.zip,231625
168110,1790365285346,UPFyBwHhrPLQcIjxXyg,0
168110,1790365285346,SYS32_Hardware,900
168110,1790365285346,SYS32_Hardware.exe,32671232
168110,1790365285362,SYS32_Hardware.ini,363
168673,1790365285862,bb3a785178f443fda931098a5a9a306b.db.ses,53
168673,1790365285862,FXSAPIDebugLogFile.txt,0
168673,1790365285862,FXSTIFFDebugLogFile.txt,0
168673,1790365285877,MpCmdRun.log,24074
168673,1790365285877,MpSigStub.log,97512
168673,1790365285877,msedge_installer.log,68015
168673,1790365285893,skin.zip,231625
168673,1790365285893,UPFyBwHhrPLQcIjxXyg,0
168673,1790365285909,SYS32_Hardware,900
168673,1790365285924,SYS32_Hardware.exe,32671232
168673,1790365285924,SYS32_Hardware.ini,363
169258,1790365286447,bb3a785178f443fda931098a5a9a306b.db.ses,53
169258,1790365286447,FXSAPIDebugLogFile.txt,0
169258,1790365286447,FXSTIFFDebugLogFile.txt,0
169258,1790365286462,MpCmdRun.log,24074
169258,1790365286462,MpSigStub.log,97512
169258,1790365286478,msedge_installer.log,68015
169258,1790365286478,skin.zip,231625
169258,1790365286493,UPFyBwHhrPLQcIjxXyg,0
169258,1790365286493,SYS32_Hardware,900
169258,1790365286493,SYS32_Hardware.exe,32671232
169258,1790365286509,SYS32_Hardware.ini,363
169820,1790365287009,bb3a785178f443fda931098a5a9a306b.db.ses,53
169820,1790365287009,FXSAPIDebugLogFile.txt,0
169820,1790365287009,FXSTIFFDebugLogFile.txt,0
169820,1790365287025,MpCmdRun.log,24074
169820,1790365287025,MpSigStub.log,97512
169820,1790365287040,msedge_installer.log,68015
169820,1790365287040,skin.zip,231625
169820,1790365287056,UPFyBwHhrPLQcIjxXyg,0
169820,1790365287056,SYS32_Hardware,900
169820,1790365287072,SYS32_Hardware.exe,32671232
169820,1790365287072,SYS32_Hardware.ini,363
170398,1790365287587,bb3a785178f443fda931098a5a9a306b.db.ses,53
170398,1790365287587,FXSAPIDebugLogFile.txt,0
170398,1790365287587,FXSTIFFDebugLogFile.txt,0
170398,1790365287603,MpCmdRun.log,24074
170398,1790365287603,MpSigStub.log,97512
170398,1790365287619,msedge_installer.log,68015
170398,1790365287619,skin.zip,231625
170398,1790365287619,UPFyBwHhrPLQcIjxXyg,0
170398,1790365287634,SYS32_Hardware,900
170398,1790365287634,SYS32_Hardware.exe,32671232
170398,1790365287650,SYS32_Hardware.ini,363
170961,1790365288150,bb3a785178f443fda931098a5a9a306b.db.ses,53
170961,1790365288150,FXSAPIDebugLogFile.txt,0
170961,1790365288150,FXSTIFFDebugLogFile.txt,0
170961,1790365288166,MpCmdRun.log,24074
170961,1790365288166,MpSigStub.log,97512
170961,1790365288181,msedge_installer.log,68015
170961,1790365288181,skin.zip,231625
170961,1790365288197,UPFyBwHhrPLQcIjxXyg,0
170961,1790365288197,SYS32_Hardware,900
170961,1790365288213,SYS32_Hardware.exe,32671232
170961,1790365288213,SYS32_Hardware.ini,363
171539,1790365288728,bb3a785178f443fda931098a5a9a306b.db.ses,53
171539,1790365288728,FXSAPIDebugLogFile.txt,0
171539,1790365288728,FXSTIFFDebugLogFile.txt,0
171539,1790365288744,MpCmdRun.log,24074
171539,1790365288744,MpSigStub.log,97512
171539,1790365288760,msedge_installer.log,68015
171539,1790365288760,skin.zip,231625
171539,1790365288775,UPFyBwHhrPLQcIjxXyg,0
171539,1790365288775,SYS32_Hardware,900
171539,1790365288791,SYS32_Hardware.exe,32671232
171539,1790365288791,SYS32_Hardware.ini,363
172127,1790365289315,bb3a785178f443fda931098a5a9a306b.db.ses,53
172127,1790365289315,FXSAPIDebugLogFile.txt,0
172127,1790365289330,FXSTIFFDebugLogFile.txt,0
172127,1790365289346,MpCmdRun.log,24074
172127,1790365289377,MpSigStub.log,97512
172127,1790365289409,msedge_installer.log,68015
172127,1790365289440,skin.zip,231625
172127,1790365289455,UPFyBwHhrPLQcIjxXyg,0
172127,1790365289471,SYS32_Hardware,900
172127,1790365289471,SYS32_Hardware.exe,32671232
172127,1790365289487,SYS32_Hardware.ini,363
172798,1790365289987,bb3a785178f443fda931098a5a9a306b.db.ses,53
172798,1790365289987,FXSAPIDebugLogFile.txt,0
172798,1790365289992,FXSTIFFDebugLogFile.txt,0
172798,1790365289992,MpCmdRun.log,24074
172798,1790365290008,MpSigStub.log,97512
172798,1790365290008,msedge_installer.log,68015
172798,1790365290023,skin.zip,231625
172798,1790365290023,UPFyBwHhrPLQcIjxXyg,0
172798,1790365290039,SYS32_Hardware,900
172798,1790365290039,SYS32_Hardware.exe,32671232
172798,1790365290054,SYS32_Hardware.ini,363
173376,1790365290565,bb3a785178f443fda931098a5a9a306b.db.ses,53
173376,1790365290565,FXSAPIDebugLogFile.txt,0
173376,1790365290565,FXSTIFFDebugLogFile.txt,0
173376,1790365290581,MpCmdRun.log,24074
173376,1790365290581,MpSigStub.log,97512
173376,1790365290596,msedge_installer.log,68015
173376,1790365290596,skin.zip,231625
173376,1790365290596,UPFyBwHhrPLQcIjxXyg,0
173376,1790365290612,SYS32_Hardware,900
173376,1790365290612,SYS32_Hardware.exe,32671232
173376,1790365290628,SYS32_Hardware.ini,363
173938,1790365291128,bb3a785178f443fda931098a5a9a306b.db.ses,53
173938,1790365291128,FXSAPIDebugLogFile.txt,0
173938,1790365291143,FXSTIFFDebugLogFile.txt,0
173938,1790365291143,MpCmdRun.log,24074
173938,1790365291159,MpSigStub.log,97512
173938,1790365291159,msedge_installer.log,68015
173938,1790365291175,skin.zip,231625
173938,1790365291175,UPFyBwHhrPLQcIjxXyg,0
173938,1790365291190,SYS32_Hardware,900
173938,1790365291190,SYS32_Hardware.exe,32671232
173938,1790365291206,SYS32_Hardware.ini,363
174517,1790365291706,bb3a785178f443fda931098a5a9a306b.db.ses,53
174517,1790365291706,FXSAPIDebugLogFile.txt,0
174517,1790365291706,FXSTIFFDebugLogFile.txt,0
174517,1790365291706,MpCmdRun.log,24074
174517,1790365291722,MpSigStub.log,97512
174517,1790365291722,msedge_installer.log,68015
174517,1790365291737,skin.zip,231625
174517,1790365291737,UPFyBwHhrPLQcIjxXyg,0
174517,1790365291753,SYS32_Hardware,900
174517,1790365291753,SYS32_Hardware.exe,32671232
174517,1790365291769,SYS32_Hardware.ini,363
175079,1790365292269,bb3a785178f443fda931098a5a9a306b.db.ses,53
175079,1790365292269,FXSAPIDebugLogFile.txt,0
175079,1790365292269,FXSTIFFDebugLogFile.txt,0
175079,1790365292284,MpCmdRun.log,24074
175079,1790365292284,MpSigStub.log,97512
175079,1790365292300,msedge_installer.log,68015
175079,1790365292300,skin.zip,231625
175079,1790365292316,UPFyBwHhrPLQcIjxXyg,0
175079,1790365292316,SYS32_Hardware,900
175079,1790365292331,SYS32_Hardware.exe,32671232
175079,1790365292331,SYS32_Hardware.ini,363
175658,1790365292847,bb3a785178f443fda931098a5a9a306b.db.ses,53
175658,1790365292847,FXSAPIDebugLogFile.txt,0
175658,1790365292863,FXSTIFFDebugLogFile.txt,0
175658,1790365292863,MpCmdRun.log,24074
175658,1790365292878,MpSigStub.log,97512
175658,1790365292878,msedge_installer.log,68015
175658,1790365292894,skin.zip,231625
175658,1790365292894,UPFyBwHhrPLQcIjxXyg,0
175658,1790365292910,SYS32_Hardware,900
175658,1790365292910,SYS32_Hardware.exe,32671232
175658,1790365292925,SYS32_Hardware.ini,363
176236,1790365293425,bb3a785178f443fda931098a5a9a306b.db.ses,53
176236,1790365293425,FXSAPIDebugLogFile.txt,0
176236,1790365293425,FXSTIFFDebugLogFile.txt,0
176236,1790365293441,MpCmdRun.log,24074
176236,1790365293441,MpSigStub.log,97512
176236,1790365293441,msedge_installer.log,68015
176236,1790365293457,skin.zip,231625
176236,1790365293457,UPFyBwHhrPLQcIjxXyg,0
176236,1790365293472,SYS32_Hardware,900
176236,1790365293472,SYS32_Hardware.exe,32671232
176236,1790365293488,SYS32_Hardware.ini,363
176799,1790365293988,bb3a785178f443fda931098a5a9a306b.db.ses,53
176799,1790365293998,FXSAPIDebugLogFile.txt,0
176799,1790365293998,FXSTIFFDebugLogFile.txt,0
176799,1790365294008,MpCmdRun.log,24074
176799,1790365294008,MpSigStub.log,97512
176799,1790365294024,msedge_installer.log,68015
176799,1790365294024,skin.zip,231625
176799,1790365294040,UPFyBwHhrPLQcIjxXyg,0
176799,1790365294040,SYS32_Hardware,900
176799,1790365294055,SYS32_Hardware.exe,32671232
176799,1790365294055,SYS32_Hardware.ini,363
177367,1790365294555,bb3a785178f443fda931098a5a9a306b.db.ses,53
177367,1790365294571,FXSAPIDebugLogFile.txt,0
177367,1790365294589,FXSTIFFDebugLogFile.txt,0
177367,1790365294602,MpCmdRun.log,24074
177367,1790365294618,MpSigStub.log,97512
177367,1790365294649,msedge_installer.log,68015
177367,1790365294665,skin.zip,231625
177367,1790365294680,UPFyBwHhrPLQcIjxXyg,0
177367,1790365294712,SYS32_Hardware,900
177367,1790365294712,SYS32_Hardware.exe,32671232
177367,1790365294727,SYS32_Hardware.ini,363
178038,1790365295227,bb3a785178f443fda931098a5a9a306b.db.ses,53
178038,1790365295227,FXSAPIDebugLogFile.txt,0
178038,1790365295241,FXSTIFFDebugLogFile.txt,0
178038,1790365295241,MpCmdRun.log,24074
178038,1790365295257,MpSigStub.log,97512
178038,1790365295272,msedge_installer.log,68015
178038,1790365295288,skin.zip,231625
178038,1790365295288,UPFyBwHhrPLQcIjxXyg,0
178038,1790365295304,SYS32_Hardware,900
178038,1790365295320,SYS32_Hardware.exe,32671232
178038,1790365295335,SYS32_Hardware.ini,363
178646,1790365295835,bb3a785178f443fda931098a5a9a306b.db.ses,53
178646,1790365295835,FXSAPIDebugLogFile.txt,0
178646,1790365295835,FXSTIFFDebugLogFile.txt,0
178646,1790365295856,MpCmdRun.log,24074
178646,1790365295856,MpSigStub.log,97512
178646,1790365295871,msedge_installer.log,68015
178646,1790365295871,skin.zip,231625
178646,1790365295887,UPFyBwHhrPLQcIjxXyg,0
178646,1790365295903,SYS32_Hardware,900
178646,1790365295918,SYS32_Hardware.exe,32671232
178646,1790365295918,SYS32_Hardware.ini,363
179255,1790365296444,bb3a785178f443fda931098a5a9a306b.db.ses,53
179255,1790365296444,FXSAPIDebugLogFile.txt,0
179255,1790365296444,FXSTIFFDebugLogFile.txt,0
179255,1790365296460,MpCmdRun.log,24074
179255,1790365296460,MpSigStub.log,97512
179255,1790365296460,msedge_installer.log,68015
179255,1790365296475,skin.zip,231625
179255,1790365296475,UPFyBwHhrPLQcIjxXyg,0
179255,1790365296491,SYS32_Hardware,900
179255,1790365296491,SYS32_Hardware.exe,32671232
179255,1790365296507,SYS32_Hardware.ini,363
179818,1790365297007,bb3a785178f443fda931098a5a9a306b.db.ses,53
179818,1790365297007,FXSAPIDebugLogFile.txt,0
179818,1790365297022,FXSTIFFDebugLogFile.txt,0
179818,1790365297038,MpCmdRun.log,24074
179818,1790365297054,MpSigStub.log,97512
179818,1790365297070,msedge_installer.log,68015
179818,1790365297085,skin.zip,231625
179818,1790365297116,UPFyBwHhrPLQcIjxXyg,0
179818,1790365297116,SYS32_Hardware,900
179818,1790365297166,SYS32_Hardware.exe,32671232
179818,1790365297241,SYS32_Hardware.ini,363
180552,1790365297741,bb3a785178f443fda931098a5a9a306b.db.ses,53
180552,1790365297741,FXSAPIDebugLogFile.txt,0
180552,1790365297757,FXSTIFFDebugLogFile.txt,0
180552,1790365297757,MpCmdRun.log,24074
180552,1790365297773,MpSigStub.log,97512
180552,1790365297773,msedge_installer.log,68015
180552,1790365297788,skin.zip,231625
180552,1790365297788,UPFyBwHhrPLQcIjxXyg,0
180552,1790365297788,SYS32_Hardware,900
180552,1790365297804,SYS32_Hardware.exe,32671232
180552,1790365297804,SYS32_Hardware.ini,363
181130,1790365298320,bb3a785178f443fda931098a5a9a306b.db.ses,53
181130,1790365298320,FXSAPIDebugLogFile.txt,0
181130,1790365298334,FXSTIFFDebugLogFile.txt,0
181130,1790365298334,MpCmdRun.log,24074
181130,1790365298350,MpSigStub.log,97512
181130,1790365298350,msedge_installer.log,68015
181130,1790365298365,skin.zip,231625
181130,1790365298365,UPFyBwHhrPLQcIjxXyg,0
181130,1790365298365,SYS32_Hardware,900
181130,1790365298381,SYS32_Hardware.exe,32671232
181130,1790365298381,SYS32_Hardware.ini,363
181707,1790365298897,bb3a785178f443fda931098a5a9a306b.db.ses,53
181707,1790365298897,FXSAPIDebugLogFile.txt,0
181707,1790365298897,FXSTIFFDebugLogFile.txt,0
181707,1790365298912,MpCmdRun.log,24074
181707,1790365298912,MpSigStub.log,97512
181707,1790365298928,msedge_installer.log,68015
181707,1790365298928,skin.zip,231625
181707,1790365298944,UPFyBwHhrPLQcIjxXyg,0
181707,1790365298944,SYS32_Hardware,900
181707,1790365298959,SYS32_Hardware.exe,32671232
181707,1790365298959,SYS32_Hardware.ini,363
182286,1790365299475,bb3a785178f443fda931098a5a9a306b.db.ses,53
182286,1790365299475,FXSAPIDebugLogFile.txt,0
182286,1790365299475,FXSTIFFDebugLogFile.txt,0
182286,1790365299490,MpCmdRun.log,24074
182286,1790365299490,MpSigStub.log,97512
182286,1790365299506,msedge_installer.log,68015
182286,1790365299506,skin.zip,231625
182286,1790365299522,UPFyBwHhrPLQcIjxXyg,0
182286,1790365299522,SYS32_Hardware,900
182286,1790365299522,SYS32_Hardware.exe,32671232
182286,1790365299537,SYS32_Hardware.ini,363
182848,1790365300038,bb3a785178f443fda931098a5a9a306b.db.ses,53
182848,1790365300038,FXSAPIDebugLogFile.txt,0
182848,1790365300038,FXSTIFFDebugLogFile.txt,0
182848,1790365300053,MpCmdRun.log,24074
182848,1790365300053,MpSigStub.log,97512
182848,1790365300053,msedge_installer.log,68015
182848,1790365300069,skin.zip,231625
182848,1790365300069,UPFyBwHhrPLQcIjxXyg,0
182848,1790365300084,SYS32_Hardware,900
182848,1790365300084,SYS32_Hardware.exe,32671232
182848,1790365300100,SYS32_Hardware.ini,363
183426,1790365300616,bb3a785178f443fda931098a5a9a306b.db.ses,53
183426,1790365300626,FXSAPIDebugLogFile.txt,0
183426,1790365300626,FXSTIFFDebugLogFile.txt,0
183426,1790365300626,MpCmdRun.log,24074
183426,1790365300641,MpSigStub.log,97512
183426,1790365300641,msedge_installer.log,68015
183426,1790365300657,skin.zip,231625
183426,1790365300657,UPFyBwHhrPLQcIjxXyg,0
183426,1790365300672,SYS32_Hardware,900
183426,1790365300672,SYS32_Hardware.exe,32671232
183426,1790365300688,SYS32_Hardware.ini,363
183999,1790365301188,bb3a785178f443fda931098a5a9a306b.db.ses,53
183999,1790365301188,FXSAPIDebugLogFile.txt,0
183999,1790365301188,FXSTIFFDebugLogFile.txt,0
183999,1790365301204,MpCmdRun.log,24074
183999,1790365301204,MpSigStub.log,97512
183999,1790365301220,msedge_installer.log,68015
183999,1790365301220,skin.zip,231625
183999,1790365301220,UPFyBwHhrPLQcIjxXyg,0
183999,1790365301235,SYS32_Hardware,900
183999,1790365301251,SYS32_Hardware.exe,32671232
183999,1790365301251,SYS32_Hardware.ini,363
184562,1790365301751,bb3a785178f443fda931098a5a9a306b.db.ses,53
184562,1790365301751,FXSAPIDebugLogFile.txt,0
184562,1790365301751,FXSTIFFDebugLogFile.txt,0
184562,1790365301766,MpCmdRun.log,24074
184562,1790365301766,MpSigStub.log,97512
184562,1790365301766,msedge_installer.log,68015
184562,1790365301782,skin.zip,231625
184562,1790365301782,UPFyBwHhrPLQcIjxXyg,0
184562,1790365301798,SYS32_Hardware,900
184562,1790365301798,SYS32_Hardware.exe,32671232
184562,1790365301813,SYS32_Hardware.ini,363
185125,1790365302313,bb3a785178f443fda931098a5a9a306b.db.ses,53
185125,1790365302313,FXSAPIDebugLogFile.txt,0
185125,1790365302360,FXSTIFFDebugLogFile.txt,0
185125,1790365302407,MpCmdRun.log,24074
185125,1790365302407,MpSigStub.log,97512
185125,1790365302439,msedge_installer.log,68015
185125,1790365302470,skin.zip,231625
185125,1790365302485,UPFyBwHhrPLQcIjxXyg,0
185125,1790365302517,SYS32_Hardware,900
185125,1790365302532,SYS32_Hardware.exe,32671232
185125,1790365302548,SYS32_Hardware.ini,363
185874,1790365303063,bb3a785178f443fda931098a5a9a306b.db.ses,53
185874,1790365303063,FXSAPIDebugLogFile.txt,0
185874,1790365303063,FXSTIFFDebugLogFile.txt,0
185874,1790365303079,MpCmdRun.log,24074
185874,1790365303079,MpSigStub.log,97512
185874,1790365303095,msedge_installer.log,68015
185874,1790365303110,skin.zip,231625
185874,1790365303126,UPFyBwHhrPLQcIjxXyg,0
185874,1790365303126,SYS32_Hardware,900
185874,1790365303157,SYS32_Hardware.exe,32671232
185874,1790365303157,SYS32_Hardware.ini,363
186484,1790365303673,bb3a785178f443fda931098a5a9a306b.db.ses,53
186484,1790365303673,FXSAPIDebugLogFile.txt,0
186484,1790365303673,FXSTIFFDebugLogFile.txt,0
186484,1790365303689,MpCmdRun.log,24074
186484,1790365303704,MpSigStub.log,97512
186484,1790365303704,msedge_installer.log,68015
186484,1790365303704,skin.zip,231625
186484,1790365303720,UPFyBwHhrPLQcIjxXyg,0
186484,1790365303720,SYS32_Hardware,900
186484,1790365303736,SYS32_Hardware.exe,32671232
186484,1790365303736,SYS32_Hardware.ini,363
187062,1790365304251,bb3a785178f443fda931098a5a9a306b.db.ses,53
187062,1790365304251,FXSAPIDebugLogFile.txt,0
187062,1790365304251,FXSTIFFDebugLogFile.txt,0
187062,1790365304267,MpCmdRun.log,24074
187062,1790365304267,MpSigStub.log,97512
187062,1790365304282,msedge_installer.log,68015
187062,1790365304282,skin.zip,231625
187062,1790365304298,UPFyBwHhrPLQcIjxXyg,0
187062,1790365304298,SYS32_Hardware,900
187062,1790365304314,SYS32_Hardware.exe,32671232
187062,1790365304314,SYS32_Hardware.ini,363
187641,1790365304829,bb3a785178f443fda931098a5a9a306b.db.ses,53
187641,1790365304829,FXSAPIDebugLogFile.txt,0
187641,1790365304845,FXSTIFFDebugLogFile.txt,0
187641,1790365304861,MpCmdRun.log,24074
187641,1790365304876,MpSigStub.log,97512
187641,1790365304892,msedge_installer.log,68015
187641,1790365304908,skin.zip,231625
187641,1790365304970,UPFyBwHhrPLQcIjxXyg,0
187641,1790365305001,SYS32_Hardware,900
187641,1790365305033,SYS32_Hardware.exe,32671232
187641,1790365305065,SYS32_Hardware.ini,363
188406,1790365305596,bb3a785178f443fda931098a5a9a306b.db.ses,53
188406,1790365305596,FXSAPIDebugLogFile.txt,0
188406,1790365305600,FXSTIFFDebugLogFile.txt,0
188406,1790365305615,MpCmdRun.log,24074
188406,1790365305615,MpSigStub.log,97512
188406,1790365305626,msedge_installer.log,68015
188406,1790365305642,skin.zip,231625
188406,1790365305642,UPFyBwHhrPLQcIjxXyg,0
188406,1790365305658,SYS32_Hardware,900
188406,1790365305658,SYS32_Hardware.exe,32671232
188406,1790365305673,SYS32_Hardware.ini,363
189378,1790365306563,bb3a785178f443fda931098a5a9a306b.db.ses,53
189378,1790365306563,FXSAPIDebugLogFile.txt,0
189378,1790365306969,FXSTIFFDebugLogFile.txt,0
189378,1790365307000,MpCmdRun.log,24074
189378,1790365307078,MpSigStub.log,97512
189378,1790365307110,msedge_installer.log,68015
189378,1790365307110,skin.zip,231625
189378,1790365307125,UPFyBwHhrPLQcIjxXyg,0
189378,1790365307156,SYS32_Hardware,900
189378,1790365307219,SYS32_Hardware.exe,32671232
189378,1790365307360,SYS32_Hardware.ini,363
190686,1790365307875,bb3a785178f443fda931098a5a9a306b.db.ses,53
190686,1790365307875,FXSAPIDebugLogFile.txt,0
190686,1790365307891,FXSTIFFDebugLogFile.txt,0
190686,1790365307891,MpCmdRun.log,24074
190686,1790365307922,MpSigStub.log,97512
190686,1790365307938,msedge_installer.log,68015
190686,1790365307954,skin.zip,231625
190686,1790365308016,UPFyBwHhrPLQcIjxXyg,0
190686,1790365308032,SYS32_Hardware,900
190686,1790365308047,SYS32_Hardware.exe,32671232
190686,1790365308078,SYS32_Hardware.ini,363
191469,1790365308658,bb3a785178f443fda931098a5a9a306b.db.ses,53
191469,1790365308658,FXSAPIDebugLogFile.txt,0
191469,1790365308658,FXSTIFFDebugLogFile.txt,0
191469,1790365308689,MpCmdRun.log,24074
191469,1790365308689,MpSigStub.log,97512
191469,1790365308689,msedge_installer.log,68015
191469,1790365308705,skin.zip,231625
191469,1790365308705,UPFyBwHhrPLQcIjxXyg,0
191469,1790365308720,SYS32_Hardware,900
191469,1790365308720,SYS32_Hardware.exe,32671232
191469,1790365308736,SYS32_Hardware.ini,363
192047,1790365309236,bb3a785178f443fda931098a5a9a306b.db.ses,53
192047,1790365309236,FXSAPIDebugLogFile.txt,0
192047,1790365309236,FXSTIFFDebugLogFile.txt,0
192047,1790365309252,MpCmdRun.log,24074
192047,1790365309252,MpSigStub.log,97512
192047,1790365309267,msedge_installer.log,68015
192047,1790365309267,skin.zip,231625
192047,1790365309283,UPFyBwHhrPLQcIjxXyg,0
192047,1790365309283,SYS32_Hardware,900
192047,1790365309299,SYS32_Hardware.exe,32671232
192047,1790365309299,SYS32_Hardware.ini,363
192625,1790365309814,bb3a785178f443fda931098a5a9a306b.db.ses,53
192625,1790365309814,FXSAPIDebugLogFile.txt,0
192625,1790365309814,FXSTIFFDebugLogFile.txt,0
192625,1790365309830,MpCmdRun.log,24074
192625,1790365309830,MpSigStub.log,97512
192625,1790365309845,msedge_installer.log,68015
192625,1790365309845,skin.zip,231625
192625,1790365309845,UPFyBwHhrPLQcIjxXyg,0
192625,1790365309861,SYS32_Hardware,900
192625,1790365309861,SYS32_Hardware.exe,32671232
192625,1790365309877,SYS32_Hardware.ini,363
193219,1790365310408,bb3a785178f443fda931098a5a9a306b.db.ses,53
193219,1790365310408,FXSAPIDebugLogFile.txt,0
193219,1790365310408,FXSTIFFDebugLogFile.txt,0
193219,1790365310424,MpCmdRun.log,24074
193219,1790365310424,MpSigStub.log,97512
193219,1790365310439,msedge_installer.log,68015
193219,1790365310439,skin.zip,231625
193219,1790365310455,UPFyBwHhrPLQcIjxXyg,0
193219,1790365310455,SYS32_Hardware,900
193219,1790365310470,SYS32_Hardware.exe,32671232
193219,1790365310470,SYS32_Hardware.ini,363
193813,1790365311001,bb3a785178f443fda931098a5a9a306b.db.ses,53
193813,1790365311017,FXSAPIDebugLogFile.txt,0
193813,1790365311081,FXSTIFFDebugLogFile.txt,0
193813,1790365311096,MpCmdRun.log,24074
193813,1790365311096,MpSigStub.log,97512
193813,1790365311128,msedge_installer.log,68015
193813,1790365311159,skin.zip,231625
193813,1790365311174,UPFyBwHhrPLQcIjxXyg,0
193813,1790365311206,SYS32_Hardware,900
193813,1790365311221,SYS32_Hardware.exe,32671232
193813,1790365311237,SYS32_Hardware.ini,363
194564,1790365311753,bb3a785178f443fda931098a5a9a306b.db.ses,53
194564,1790365311753,FXSAPIDebugLogFile.txt,0
194564,1790365311775,FXSTIFFDebugLogFile.txt,0
194564,1790365311790,MpCmdRun.log,24074
194564,1790365311806,MpSigStub.log,97512
194564,1790365311822,msedge_installer.log,68015
194564,1790365311837,skin.zip,231625
194564,1790365311853,UPFyBwHhrPLQcIjxXyg,0
194564,1790365311868,SYS32_Hardware,900
194564,1790365311884,SYS32_Hardware.exe,32671232
194564,1790365311884,SYS32_Hardware.ini,363
195198,1790365312387,bb3a785178f443fda931098a5a9a306b.db.ses,53
195198,1790365312387,FXSAPIDebugLogFile.txt,0
195198,1790365312403,FXSTIFFDebugLogFile.txt,0
195198,1790365312403,MpCmdRun.log,24074
195198,1790365312419,MpSigStub.log,97512
195198,1790365312419,msedge_installer.log,68015
195198,1790365312434,skin.zip,231625
195198,1790365312450,UPFyBwHhrPLQcIjxXyg,0
195198,1790365312450,SYS32_Hardware,900
195198,1790365312465,SYS32_Hardware.exe,32671232
195198,1790365312481,SYS32_Hardware.ini,363
195797,1790365312986,bb3a785178f443fda931098a5a9a306b.db.ses,53
195797,1790365312986,FXSAPIDebugLogFile.txt,0
195797,1790365312986,FXSTIFFDebugLogFile.txt,0
195797,1790365313002,MpCmdRun.log,24074
195797,1790365313002,MpSigStub.log,97512
195797,1790365313017,msedge_installer.log,68015
195797,1790365313017,skin.zip,231625
195797,1790365313033,UPFyBwHhrPLQcIjxXyg,0
195797,1790365313048,SYS32_Hardware,900
195797,1790365313048,SYS32_Hardware.exe,32671232
195797,1790365313064,SYS32_Hardware.ini,363
196391,1790365313580,bb3a785178f443fda931098a5a9a306b.db.ses,53
196391,1790365313580,FXSAPIDebugLogFile.txt,0
196391,1790365313595,FXSTIFFDebugLogFile.txt,0
196391,1790365313595,MpCmdRun.log,24074
196391,1790365313611,MpSigStub.log,97512
196391,1790365313627,msedge_installer.log,68015
196391,1790365313627,skin.zip,231625
196391,1790365313642,UPFyBwHhrPLQcIjxXyg,0
196391,1790365313658,SYS32_Hardware,900
196391,1790365313658,SYS32_Hardware.exe,32671232
196391,1790365313674,SYS32_Hardware.ini,363
197001,1790365314189,bb3a785178f443fda931098a5a9a306b.db.ses,53
197001,1790365314205,FXSAPIDebugLogFile.txt,0
197001,1790365314221,FXSTIFFDebugLogFile.txt,0
197001,1790365314236,MpCmdRun.log,24074
197001,1790365314268,MpSigStub.log,97512
197001,1790365314299,msedge_installer.log,68015
197001,1790365314346,skin.zip,231625
197001,1790365314361,UPFyBwHhrPLQcIjxXyg,0
197001,1790365314377,SYS32_Hardware,900
197001,1790365314393,SYS32_Hardware.exe,32671232
197001,1790365314393,SYS32_Hardware.ini,363
197719,1790365314908,bb3a785178f443fda931098a5a9a306b.db.ses,53
197719,1790365314908,FXSAPIDebugLogFile.txt,0
197719,1790365314908,FXSTIFFDebugLogFile.txt,0
197719,1790365314924,MpCmdRun.log,24074
197719,1790365314924,MpSigStub.log,97512
197719,1790365314939,msedge_installer.log,68015
197719,1790365314939,skin.zip,231625
197719,1790365314955,UPFyBwHhrPLQcIjxXyg,0
197719,1790365314971,SYS32_Hardware,900
197719,1790365314971,SYS32_Hardware.exe,32671232
197719,1790365314986,SYS32_Hardware.ini,363
198328,1790365315517,bb3a785178f443fda931098a5a9a306b.db.ses,53
198328,1790365315517,FXSAPIDebugLogFile.txt,0
198328,1790365315549,FXSTIFFDebugLogFile.txt,0
198328,1790365315549,MpCmdRun.log,24074
198328,1790365315564,MpSigStub.log,97512
198328,1790365315580,msedge_installer.log,68015
198328,1790365315595,skin.zip,231625
198328,1790365315595,UPFyBwHhrPLQcIjxXyg,0
198328,1790365315595,SYS32_Hardware,900
198328,1790365315627,SYS32_Hardware.exe,32671232
198328,1790365315627,SYS32_Hardware.ini,363
198954,1790365316142,bb3a785178f443fda931098a5a9a306b.db.ses,53
198954,1790365316142,FXSAPIDebugLogFile.txt,0
198954,1790365316158,FXSTIFFDebugLogFile.txt,0
198954,1790365316174,MpCmdRun.log,24074
198954,1790365316189,MpSigStub.log,97512
198954,1790365316205,msedge_installer.log,68015
198954,1790365316221,skin.zip,231625
198954,1790365316236,UPFyBwHhrPLQcIjxXyg,0
198954,1790365316236,SYS32_Hardware,900
198954,1790365316252,SYS32_Hardware.exe,32671232
198954,1790365316252,SYS32_Hardware.ini,363
199578,1790365316768,bb3a785178f443fda931098a5a9a306b.db.ses,53
199578,1790365316768,FXSAPIDebugLogFile.txt,0
199578,1790365316783,FXSTIFFDebugLogFile.txt,0
199578,1790365316783,MpCmdRun.log,24074
199578,1790365316799,MpSigStub.log,97512
199578,1790365316814,msedge_installer.log,68015
199578,1790365316814,skin.zip,231625
199578,1790365316830,UPFyBwHhrPLQcIjxXyg,0
199578,1790365316830,SYS32_Hardware,900
199578,1790365316846,SYS32_Hardware.exe,32671232
199578,1790365316846,SYS32_Hardware.ini,363
200173,1790365317362,bb3a785178f443fda931098a5a9a306b.db.ses,53
200173,1790365317362,FXSAPIDebugLogFile.txt,0
200173,1790365317425,FXSTIFFDebugLogFile.txt,0
200173,1790365317442,MpCmdRun.log,24074
200173,1790365317455,MpSigStub.log,97512
200173,1790365317455,msedge_installer.log,68015
200173,1790365317471,skin.zip,231625
200173,1790365317486,UPFyBwHhrPLQcIjxXyg,0
200173,1790365317502,SYS32_Hardware,900
200173,1790365317502,SYS32_Hardware.exe,32671232
200173,1790365317518,SYS32_Hardware.ini,363
200847,1790365318034,bb3a785178f443fda931098a5a9a306b.db.ses,53
200847,1790365318034,FXSAPIDebugLogFile.txt,0
200847,1790365318049,FXSTIFFDebugLogFile.txt,0
200847,1790365318065,MpCmdRun.log,24074
200847,1790365318080,MpSigStub.log,97512
200847,1790365318096,msedge_installer.log,68015
200847,1790365318096,skin.zip,231625
200847,1790365318112,UPFyBwHhrPLQcIjxXyg,0
200847,1790365318143,SYS32_Hardware,900
200847,1790365318158,SYS32_Hardware.exe,32671232
200847,1790365318174,SYS32_Hardware.ini,363
201532,1790365318721,bb3a785178f443fda931098a5a9a306b.db.ses,53
201532,1790365318721,FXSAPIDebugLogFile.txt,0
201532,1790365318737,FXSTIFFDebugLogFile.txt,0
201532,1790365318752,MpCmdRun.log,24074
201532,1790365318752,MpSigStub.log,97512
201532,1790365318768,msedge_installer.log,68015
201532,1790365318783,skin.zip,231625
201532,1790365318783,UPFyBwHhrPLQcIjxXyg,0
201532,1790365318815,SYS32_Hardware,900
201532,1790365318830,SYS32_Hardware.exe,32671232
201532,1790365318893,SYS32_Hardware.ini,363
202284,1790365319471,bb3a785178f443fda931098a5a9a306b.db.ses,53
202284,1790365319799,FXSAPIDebugLogFile.txt,0
202284,1790365319830,FXSTIFFDebugLogFile.txt,0
202284,1790365319862,MpCmdRun.log,24074
202284,1790365319987,MpSigStub.log,97512
202284,1790365320018,msedge_installer.log,68015
202284,1790365320033,skin.zip,231625
202284,1790365320033,UPFyBwHhrPLQcIjxXyg,0
202284,1790365320049,SYS32_Hardware,900
202284,1790365320049,SYS32_Hardware.exe,32671232
202284,1790365320065,SYS32_Hardware.ini,363
203376,1790365320565,bb3a785178f443fda931098a5a9a306b.db.ses,53
203376,1790365320565,FXSAPIDebugLogFile.txt,0
203376,1790365320565,FXSTIFFDebugLogFile.txt,0
203376,1790365320580,MpCmdRun.log,24074
203376,1790365320580,MpSigStub.log,97512
203376,1790365320596,msedge_installer.log,68015
203376,1790365320596,skin.zip,231625
203376,1790365320612,UPFyBwHhrPLQcIjxXyg,0
203376,1790365320627,SYS32_Hardware,900
203376,1790365320627,SYS32_Hardware.exe,32671232
203376,1790365320643,SYS32_Hardware.ini,363
203954,1790365321143,bb3a785178f443fda931098a5a9a306b.db.ses,53
203954,1790365321143,FXSAPIDebugLogFile.txt,0
203954,1790365321174,FXSTIFFDebugLogFile.txt,0
203954,1790365321190,MpCmdRun.log,24074
203954,1790365321190,MpSigStub.log,97512
203954,1790365321205,msedge_installer.log,68015
203954,1790365321221,skin.zip,231625
203954,1790365321221,UPFyBwHhrPLQcIjxXyg,0
203954,1790365321237,SYS32_Hardware,900
203954,1790365321237,SYS32_Hardware.exe,32671232
203954,1790365321252,SYS32_Hardware.ini,363
204563,1790365321752,bb3a785178f443fda931098a5a9a306b.db.ses,53
204563,1790365321752,FXSAPIDebugLogFile.txt,0
204563,1790365321752,FXSTIFFDebugLogFile.txt,0
204563,1790365321768,MpCmdRun.log,24074
204563,1790365321768,MpSigStub.log,97512
204563,1790365321783,msedge_installer.log,68015
204563,1790365321799,skin.zip,231625
204563,1790365321799,UPFyBwHhrPLQcIjxXyg,0
204563,1790365321815,SYS32_Hardware,900
204563,1790365321830,SYS32_Hardware.exe,32671232
204563,1790365321830,SYS32_Hardware.ini,363
205157,1790365322346,bb3a785178f443fda931098a5a9a306b.db.ses,53
205157,1790365322346,FXSAPIDebugLogFile.txt,0
205157,1790365322362,FXSTIFFDebugLogFile.txt,0
205157,1790365322362,MpCmdRun.log,24074
205157,1790365322377,MpSigStub.log,97512
205157,1790365322393,msedge_installer.log,68015
205157,1790365322424,skin.zip,231625
205157,1790365322502,UPFyBwHhrPLQcIjxXyg,0
205157,1790365322518,SYS32_Hardware,900
205157,1790365322533,SYS32_Hardware.exe,32671232
205157,1790365322533,SYS32_Hardware.ini,363
205942,1790365323127,bb3a785178f443fda931098a5a9a306b.db.ses,53
205942,1790365323158,FXSAPIDebugLogFile.txt,0
205942,1790365323158,FXSTIFFDebugLogFile.txt,0
205942,1790365323268,MpCmdRun.log,24074
205942,1790365323330,MpSigStub.log,97512
205942,1790365323346,msedge_installer.log,68015
205942,1790365323362,skin.zip,231625
205942,1790365323377,UPFyBwHhrPLQcIjxXyg,0
205942,1790365323393,SYS32_Hardware,900
205942,1790365323408,SYS32_Hardware.exe,32671232
205942,1790365323440,SYS32_Hardware.ini,363
206781,1790365323970,bb3a785178f443fda931098a5a9a306b.db.ses,53
206781,1790365323970,FXSAPIDebugLogFile.txt,0
206781,1790365323970,FXSTIFFDebugLogFile.txt,0
206781,1790365323986,MpCmdRun.log,24074
206781,1790365323986,MpSigStub.log,97512
206781,1790365324002,msedge_installer.log,68015
206781,1790365324002,skin.zip,231625
206781,1790365324017,UPFyBwHhrPLQcIjxXyg,0
206781,1790365324017,SYS32_Hardware,900
206781,1790365324033,SYS32_Hardware.exe,32671232
206781,1790365324033,SYS32_Hardware.ini,363
207344,1790365324533,bb3a785178f443fda931098a5a9a306b.db.ses,53
207344,1790365324533,FXSAPIDebugLogFile.txt,0
207344,1790365324533,FXSTIFFDebugLogFile.txt,0
207344,1790365324549,MpCmdRun.log,24074
207344,1790365324549,MpSigStub.log,97512
207344,1790365324564,msedge_installer.log,68015
207344,1790365324564,skin.zip,231625
207344,1790365324580,UPFyBwHhrPLQcIjxXyg,0
207344,1790365324580,SYS32_Hardware,900
207344,1790365324596,SYS32_Hardware.exe,32671232
207344,1790365324611,SYS32_Hardware.ini,363
207922,1790365325111,bb3a785178f443fda931098a5a9a306b.db.ses,53
207922,1790365325111,FXSAPIDebugLogFile.txt,0
207922,1790365325111,FXSTIFFDebugLogFile.txt,0
207922,1790365325127,MpCmdRun.log,24074
207922,1790365325143,MpSigStub.log,97512
207922,1790365325158,msedge_installer.log,68015
207922,1790365325158,skin.zip,231625
207922,1790365325174,UPFyBwHhrPLQcIjxXyg,0
207922,1790365325189,SYS32_Hardware,900
207922,1790365325189,SYS32_Hardware.exe,32671232
207922,1790365325205,SYS32_Hardware.ini,363
208516,1790365325705,bb3a785178f443fda931098a5a9a306b.db.ses,53
208516,1790365325705,FXSAPIDebugLogFile.txt,0
208516,1790365325721,FXSTIFFDebugLogFile.txt,0
208516,1790365325736,MpCmdRun.log,24074
208516,1790365325752,MpSigStub.log,97512
208516,1790365325768,msedge_installer.log,68015
208516,1790365325783,skin.zip,231625
208516,1790365325799,UPFyBwHhrPLQcIjxXyg,0
208516,1790365325815,SYS32_Hardware,900
208516,1790365325815,SYS32_Hardware.exe,32671232
208516,1790365325815,SYS32_Hardware.ini,363
209203,1790365326393,bb3a785178f443fda931098a5a9a306b.db.ses,53
209203,1790365326393,FXSAPIDebugLogFile.txt,0
209203,1790365326424,FXSTIFFDebugLogFile.txt,0
209203,1790365326455,MpCmdRun.log,24074
209203,1790365326471,MpSigStub.log,97512
209203,1790365326471,msedge_installer.log,68015
209203,1790365326486,skin.zip,231625
209203,1790365326486,UPFyBwHhrPLQcIjxXyg,0
209203,1790365326502,SYS32_Hardware,900
209203,1790365326518,SYS32_Hardware.exe,32671232
209203,1790365326533,SYS32_Hardware.ini,363
209877,1790365327068,bb3a785178f443fda931098a5a9a306b.db.ses,53
209877,1790365327068,FXSAPIDebugLogFile.txt,0
209877,1790365327099,FXSTIFFDebugLogFile.txt,0
209877,1790365327115,MpCmdRun.log,24074
209877,1790365327130,MpSigStub.log,97512
209877,1790365327147,msedge_installer.log,68015
209877,1790365327177,skin.zip,231625
209877,1790365327224,UPFyBwHhrPLQcIjxXyg,0
209877,1790365327240,SYS32_Hardware,900
209877,1790365327255,SYS32_Hardware.exe,32671232
209877,1790365327271,SYS32_Hardware.ini,363
210614,1790365327803,bb3a785178f443fda931098a5a9a306b.db.ses,53
210614,1790365327803,FXSAPIDebugLogFile.txt,0
210614,1790365327803,FXSTIFFDebugLogFile.txt,0
210614,1790365327818,MpCmdRun.log,24074
210614,1790365327834,MpSigStub.log,97512
210614,1790365327834,msedge_installer.log,68015
210614,1790365327850,skin.zip,231625
210614,1790365327865,UPFyBwHhrPLQcIjxXyg,0
210614,1790365327881,SYS32_Hardware,900
210614,1790365327881,SYS32_Hardware.exe,32671232
210614,1790365327896,SYS32_Hardware.ini,363
