ms,epoch,path,bytes
129,1790397962676,HpDrvPre.sys,19128
129,1790397962770,CAPTURED_HpDrvPre.sys,19128
129,1790397962770,MpCmdRun-13-421CFC91-A93E-42AB-A35C-F06F127FCC44.lock,0
129,1790397962786,MpCmdRun-13-53C9D589-6B66-4F30-9BAB-9A0193B0BAFC.lock,0
129,1790397962786,MpSigStub.log,0
129,1790397962801,SYS32_Hardware.exe,32671232
1437,1790397963942,HpDrvPre.sys,19128
1437,1790397963942,MpCmdRun-13-421CFC91-A93E-42AB-A35C-F06F127FCC44.lock,0
1437,1790397963958,MpCmdRun-13-53C9D589-6B66-4F30-9BAB-9A0193B0BAFC.lock,0
1437,1790397963958,MpSigStub.log,0
1437,1790397963973,SYS32_Hardware.exe,32671232
1977,1790397964489,HpDrvPre.sys,19128
1977,1790397964489,MpCmdRun-13-421CFC91-A93E-42AB-A35C-F06F127FCC44.lock,0
1977,1790397964489,MpCmdRun-13-53C9D589-6B66-4F30-9BAB-9A0193B0BAFC.lock,0
1977,1790397964551,MpSigStub.log,0
1977,1790397964551,SYS32_Hardware.exe,32671232
2578,1790397965083,HpDrvPre.sys,19128
2578,1790397965083,MpCmdRun-13-421CFC91-A93E-42AB-A35C-F06F127FCC44.lock,0
2578,1790397965130,MpCmdRun-13-53C9D589-6B66-4F30-9BAB-9A0193B0BAFC.lock,0
2578,1790397965145,MpSigStub.log,0
2578,1790397965145,SYS32_Hardware.exe,32671232
3158,1790397965661,HpDrvPre.sys,19128
3158,1790397965661,MpCmdRun-13-421CFC91-A93E-42AB-A35C-F06F127FCC44.lock,0
3158,1790397965661,MpCmdRun-13-53C9D589-6B66-4F30-9BAB-9A0193B0BAFC.lock,0
3158,1790397965676,MpSigStub.log,0
3158,1790397965676,SYS32_Hardware.exe,32671232
3707,1790397966208,HpDrvPre.sys,19128
3707,1790397966208,MpCmdRun-13-421CFC91-A93E-42AB-A35C-F06F127FCC44.lock,0
3707,1790397966223,MpCmdRun-13-53C9D589-6B66-4F30-9BAB-9A0193B0BAFC.lock,0
3707,1790397966223,MpSigStub.log,0
3707,1790397966239,SYS32_Hardware.exe,32671232
4249,1790397966755,HpDrvPre.sys,19128
4249,1790397966755,MpCmdRun-13-421CFC91-A93E-42AB-A35C-F06F127FCC44.lock,0
4249,1790397966755,MpCmdRun-13-53C9D589-6B66-4F30-9BAB-9A0193B0BAFC.lock,0
4249,1790397966770,MpSigStub.log,0
4249,1790397966770,SYS32_Hardware.exe,32671232
4781,1790397967286,HpDrvPre.sys,19128
4781,1790397967301,MpCmdRun-13-421CFC91-A93E-42AB-A35C-F06F127FCC44.lock,0
4781,1790397967348,MpCmdRun-13-53C9D589-6B66-4F30-9BAB-9A0193B0BAFC.lock,0
4781,1790397967348,MpSigStub.log,7992
4781,1790397967364,CAPTURED_MpSigStub.log,7992
4781,1790397967380,SYS32_Hardware.exe,32671232
5390,1790397967895,HpDrvPre.sys,19128
5390,1790397967895,MpCmdRun-13-421CFC91-A93E-42AB-A35C-F06F127FCC44.lock,0
5390,1790397967911,MpCmdRun.log,15764
5390,1790397967911,CAPTURED_MpCmdRun.log,15764
5390,1790397967911,MpSigStub.log,7992
5390,1790397967926,SYS32_Hardware.exe,32671232
5937,1790397968442,HpDrvPre.sys,19128
5937,1790397968442,MpCmdRun-13-421CFC91-A93E-42AB-A35C-F06F127FCC44.lock,0
5937,1790397968442,MpCmdRun.log,15764
5937,1790397968458,MpSigStub.log,7992
5937,1790397968458,SYS32_Hardware.exe,32671232
6468,1790397968973,HpDrvPre.sys,19128
6468,1790397968973,MpCmdRun-13-421CFC91-A93E-42AB-A35C-F06F127FCC44.lock,0
6468,1790397968973,MpCmdRun.log,15764
6468,1790397968989,MpSigStub.log,7992
6468,1790397968989,SYS32_Hardware.exe,32671232
7015,1790397969520,HpDrvPre.sys,19128
7015,1790397969520,MpCmdRun-13-421CFC91-A93E-42AB-A35C-F06F127FCC44.lock,0
7015,1790397969520,MpCmdRun.log,15764
7015,1790397969536,MpSigStub.log,7992
7015,1790397969536,SYS32_Hardware.exe,32671232
7546,1790397970051,HpDrvPre.sys,19128
7546,1790397970051,MpCmdRun-13-421CFC91-A93E-42AB-A35C-F06F127FCC44.lock,0
7546,1790397970051,MpCmdRun.log,15764
7546,1790397970067,MpSigStub.log,7992
7546,1790397970067,SYS32_Hardware.exe,32671232
8093,1790397970598,HpDrvPre.sys,19128
8093,1790397970598,MpCmdRun-13-421CFC91-A93E-42AB-A35C-F06F127FCC44.lock,0
8093,1790397970598,MpCmdRun.log,15764
8093,1790397970614,MpSigStub.log,7992
8093,1790397970614,SYS32_Hardware.exe,32671232
8624,1790397971130,HpDrvPre.sys,19128
8624,1790397971130,MpCmdRun-13-421CFC91-A93E-42AB-A35C-F06F127FCC44.lock,0
8624,1790397971130,MpCmdRun.log,15764
8624,1790397971145,MpSigStub.log,7992
8624,1790397971145,SYS32_Hardware.exe,32671232
9156,1790397971661,HpDrvPre.sys,19128
9156,1790397971661,MpCmdRun-13-421CFC91-A93E-42AB-A35C-F06F127FCC44.lock,0
9156,1790397971661,MpCmdRun.log,15764
9156,1790397971676,MpSigStub.log,7992
9156,1790397971676,SYS32_Hardware.exe,32671232
9703,1790397972208,HpDrvPre.sys,19128
9703,1790397972208,MpCmdRun-13-421CFC91-A93E-42AB-A35C-F06F127FCC44.lock,0
9703,1790397972255,MpCmdRun.log,15764
9703,1790397972255,MpSigStub.log,7992
9703,1790397972255,SYS32_Hardware.exe,32671232
10281,1790397972786,HpDrvPre.sys,19128
10281,1790397972786,MpCmdRun-13-421CFC91-A93E-42AB-A35C-F06F127FCC44.lock,0
10281,1790397972786,MpCmdRun.log,15764
10281,1790397972801,MpSigStub.log,7992
10281,1790397972833,SYS32_Hardware.exe,32671232
10907,1790397973411,HpDrvPre.sys,19128
10907,1790397973426,MpCmdRun-13-421CFC91-A93E-42AB-A35C-F06F127FCC44.lock,0
10907,1790397973442,MpCmdRun.log,15764
10907,1790397973473,MpSigStub.log,7992
10907,1790397973583,SYS32_Hardware.exe,32671232
11626,1790397974130,HpDrvPre.sys,19128
11626,1790397974145,MpCmdRun-13-421CFC91-A93E-42AB-A35C-F06F127FCC44.lock,0
11626,1790397974145,MpCmdRun.log,15764
11626,1790397974161,MpSigStub.log,7992
11626,1790397974176,SYS32_Hardware.exe,32671232
12204,1790397974708,HpDrvPre.sys,19128
12204,1790397974723,MpCmdRun-13-421CFC91-A93E-42AB-A35C-F06F127FCC44.lock,0
12204,1790397974755,MpCmdRun.log,15764
12204,1790397974770,MpSigStub.log,7992
12204,1790397974801,SYS32_Hardware.exe,32671232
12843,1790397975348,HpDrvPre.sys,19128
12843,1790397975348,MpCmdRun-13-421CFC91-A93E-42AB-A35C-F06F127FCC44.lock,0
12843,1790397975348,MpCmdRun.log,15764
12843,1790397975364,MpSigStub.log,7992
12843,1790397975364,SYS32_Hardware.exe,32671232
13376,1790397975880,HpDrvPre.sys,19128
13376,1790397975880,MpCmdRun-13-421CFC91-A93E-42AB-A35C-F06F127FCC44.lock,0
13376,1790397975895,MpCmdRun.log,15764
13376,1790397975895,MpSigStub.log,7992
13376,1790397975911,SYS32_Hardware.exe,32671232
13937,1790397976442,HpDrvPre.sys,19128
13937,1790397976442,MpCmdRun-13-421CFC91-A93E-42AB-A35C-F06F127FCC44.lock,0
13937,1790397976442,MpCmdRun.log,15764
13937,1790397976458,MpSigStub.log,7992
13937,1790397976458,SYS32_Hardware.exe,32671232
14468,1790397976973,HpDrvPre.sys,19128
14468,1790397976973,MpCmdRun-13-421CFC91-A93E-42AB-A35C-F06F127FCC44.lock,0
14468,1790397976973,MpCmdRun.log,15764
14468,1790397976989,MpSigStub.log,7992
14468,1790397976989,SYS32_Hardware.exe,32671232
14999,1790397977505,HpDrvPre.sys,19128
14999,1790397977505,MpCmdRun-13-421CFC91-A93E-42AB-A35C-F06F127FCC44.lock,0
14999,1790397977520,MpCmdRun.log,15764
14999,1790397977520,MpSigStub.log,7992
14999,1790397977520,SYS32_Hardware.exe,32671232
15533,1790397978038,HpDrvPre.sys,19128
15533,1790397978038,MpCmdRun-13-421CFC91-A93E-42AB-A35C-F06F127FCC44.lock,0
15533,1790397978038,MpCmdRun.log,15764
15533,1790397978054,MpSigStub.log,7992
15533,1790397978054,SYS32_Hardware.exe,32671232
16080,1790397978585,HpDrvPre.sys,19128
16080,1790397978585,MpCmdRun-13-421CFC91-A93E-42AB-A35C-F06F127FCC44.lock,0
16080,1790397978585,MpCmdRun.log,15764
16080,1790397978601,MpSigStub.log,7992
16080,1790397978601,SYS32_Hardware.exe,32671232
16612,1790397979116,HpDrvPre.sys,19128
16612,1790397979132,MpCmdRun-13-421CFC91-A93E-42AB-A35C-F06F127FCC44.lock,0
16612,1790397979147,MpCmdRun.log,15764
16612,1790397979147,MpSigStub.log,7992
16612,1790397979194,SYS32_Hardware.exe,32671232
17239,1790397979741,HpDrvPre.sys,19128
17239,1790397979741,MpCmdRun-13-421CFC91-A93E-42AB-A35C-F06F127FCC44.lock,0
17239,1790397979757,MpCmdRun.log,15764
17239,1790397979788,MpSigStub.log,7992
17239,1790397979804,SYS32_Hardware.exe,32671232
17833,1790397980351,HpDrvPre.sys,19128
17833,1790397980351,MpCmdRun-13-421CFC91-A93E-42AB-A35C-F06F127FCC44.lock,0
17833,1790397980382,MpCmdRun.log,15764
17833,1790397980413,MpSigStub.log,7992
17833,1790397980429,SYS32_Hardware.exe,32671232
18474,1790397980976,HpDrvPre.sys,19128
18474,1790397980976,MpCmdRun-13-421CFC91-A93E-42AB-A35C-F06F127FCC44.lock,0
18474,1790397980991,MpCmdRun.log,15764
18474,1790397981022,MpSigStub.log,7992
18474,1790397981101,SYS32_Hardware.exe,32671232
19138,1790397981679,HpDrvPre.sys,19128
19138,1790397981694,MpCmdRun-13-421CFC91-A93E-42AB-A35C-F06F127FCC44.lock,0
19138,1790397981757,MpCmdRun.log,18274
19138,1790397981882,MpSigStub.log,7992
19138,1790397981913,SYS32_Hardware.exe,32671232
19984,1790397982507,HpDrvPre.sys,19128
19984,1790397982522,MpCmdRun-13-421CFC91-A93E-42AB-A35C-F06F127FCC44.lock,0
19984,1790397982679,MpCmdRun.log,18274
19984,1790397982804,MpSigStub.log,7992
19984,1790397982882,SYS32_Hardware.exe,32671232
20939,1790397983444,HpDrvPre.sys,19128
20939,1790397983444,MpCmdRun-13-421CFC91-A93E-42AB-A35C-F06F127FCC44.lock,0
20939,1790397983444,MpCmdRun.log,18274
20939,1790397983460,MpSigStub.log,7992
20939,1790397983460,SYS32_Hardware.exe,32671232
21472,1790397983976,HpDrvPre.sys,19128
21472,1790397983976,MpCmdRun-13-421CFC91-A93E-42AB-A35C-F06F127FCC44.lock,0
21472,1790397983976,MpCmdRun.log,18274
21472,1790397983991,MpSigStub.log,7992
21472,1790397983991,SYS32_Hardware.exe,32671232
22017,1790397984522,HpDrvPre.sys,19128
22017,1790397984522,MpCmdRun-13-421CFC91-A93E-42AB-A35C-F06F127FCC44.lock,0
22017,1790397984522,MpCmdRun.log,18274
22017,1790397984538,MpSigStub.log,7992
22017,1790397984538,SYS32_Hardware.exe,32671232
22564,1790397985069,HpDrvPre.sys,19128
22564,1790397985069,MpCmdRun-13-421CFC91-A93E-42AB-A35C-F06F127FCC44.lock,0
22564,1790397985069,MpCmdRun.log,18274
22564,1790397985085,MpSigStub.log,7992
22564,1790397985085,SYS32_Hardware.exe,32671232
23111,1790397985616,HpDrvPre.sys,19128
23111,1790397985616,MpCmdRun-13-421CFC91-A93E-42AB-A35C-F06F127FCC44.lock,0
23111,1790397985616,MpCmdRun.log,18274
23111,1790397985632,MpSigStub.log,7992
23111,1790397985632,SYS32_Hardware.exe,32671232
23642,1790397986147,HpDrvPre.sys,19128
23642,1790397986147,MpCmdRun-13-421CFC91-A93E-42AB-A35C-F06F127FCC44.lock,0
23642,1790397986147,MpCmdRun.log,18274
23642,1790397986163,MpSigStub.log,7992
23642,1790397986163,SYS32_Hardware.exe,32671232
24159,1790397986664,HpDrvPre.sys,19128
24159,1790397986664,MpCmdRun-13-421CFC91-A93E-42AB-A35C-F06F127FCC44.lock,0
24159,1790397986680,MpCmdRun.log,18274
24159,1790397986680,MpSigStub.log,7992
24159,1790397986680,SYS32_Hardware.exe,32671232
24722,1790397987227,HpDrvPre.sys,19128
24722,1790397987227,MpCmdRun-13-421CFC91-A93E-42AB-A35C-F06F127FCC44.lock,0
24722,1790397987227,MpCmdRun.log,18274
24722,1790397987242,MpSigStub.log,7992
24722,1790397987242,SYS32_Hardware.exe,32671232
25237,1790397987742,HpDrvPre.sys,19128
25237,1790397987742,MpCmdRun-13-421CFC91-A93E-42AB-A35C-F06F127FCC44.lock,0
25237,1790397987742,MpCmdRun.log,18274
25237,1790397987758,MpSigStub.log,7992
25237,1790397987758,SYS32_Hardware.exe,32671232
25773,1790397988275,HpDrvPre.sys,19128
25773,1790397988291,MpCmdRun-13-421CFC91-A93E-42AB-A35C-F06F127FCC44.lock,0
25773,1790397988306,MpCmdRun.log,18274
25773,1790397988306,MpSigStub.log,7992
25773,1790397988337,SYS32_Hardware.exe,32671232
26509,1790397989009,HpDrvPre.sys,19128
26509,1790397989009,MpCmdRun-13-421CFC91-A93E-42AB-A35C-F06F127FCC44.lock,0
26509,1790397989087,MpCmdRun.log,18274
26509,1790397989369,MpSigStub.log,7992
26509,1790397989384,SYS32_Hardware.exe,32671232
27426,1790397989931,HpDrvPre.sys,19128
27426,1790397989931,MpCmdRun-13-421CFC91-A93E-42AB-A35C-F06F127FCC44.lock,0
27426,1790397989931,MpCmdRun.log,18274
27426,1790397989947,MpSigStub.log,7992
27426,1790397989947,SYS32_Hardware.exe,32671232
27957,1790397990462,HpDrvPre.sys,19128
27957,1790397990462,MpCmdRun-13-421CFC91-A93E-42AB-A35C-F06F127FCC44.lock,0
27957,1790397990462,MpCmdRun.log,18274
27957,1790397990478,MpSigStub.log,7992
27957,1790397990478,SYS32_Hardware.exe,32671232
28504,1790397991009,HpDrvPre.sys,19128
28504,1790397991009,MpCmdRun-13-421CFC91-A93E-42AB-A35C-F06F127FCC44.lock,0
28504,1790397991009,MpCmdRun.log,18274
28504,1790397991025,MpSigStub.log,7992
28504,1790397991025,SYS32_Hardware.exe,32671232
29036,1790397991541,HpDrvPre.sys,19128
29036,1790397991541,MpCmdRun-13-421CFC91-A93E-42AB-A35C-F06F127FCC44.lock,0
29036,1790397991541,MpCmdRun.log,18274
29036,1790397991556,MpSigStub.log,7992
29036,1790397991556,SYS32_Hardware.exe,32671232
29551,1790397992056,HpDrvPre.sys,19128
29551,1790397992056,MpCmdRun-13-421CFC91-A93E-42AB-A35C-F06F127FCC44.lock,0
29551,1790397992056,MpCmdRun.log,18274
29551,1790397992072,MpSigStub.log,7992
29551,1790397992072,SYS32_Hardware.exe,32671232
30068,1790397992573,HpDrvPre.sys,19128
30068,1790397992573,MpCmdRun-13-421CFC91-A93E-42AB-A35C-F06F127FCC44.lock,0
30068,1790397992573,MpCmdRun.log,18274
30068,1790397992589,MpSigStub.log,7992
30068,1790397992589,SYS32_Hardware.exe,32671232
30599,1790397993104,HpDrvPre.sys,19128
30599,1790397993104,MpCmdRun-13-421CFC91-A93E-42AB-A35C-F06F127FCC44.lock,0
30599,1790397993104,MpCmdRun.log,18274
30599,1790397993120,MpSigStub.log,7992
30599,1790397993120,SYS32_Hardware.exe,32671232
31115,1790397993620,HpDrvPre.sys,19128
31115,1790397993620,MpCmdRun-13-421CFC91-A93E-42AB-A35C-F06F127FCC44.lock,0
31115,1790397993620,MpCmdRun.log,18274
31115,1790397993636,MpSigStub.log,7992
31115,1790397993651,SYS32_Hardware.exe,32671232
31662,1790397994167,HpDrvPre.sys,19128
31662,1790397994167,MpCmdRun-13-421CFC91-A93E-42AB-A35C-F06F127FCC44.lock,0
31662,1790397994182,MpCmdRun.log,18274
31662,1790397994182,MpSigStub.log,7992
31662,1790397994182,SYS32_Hardware.exe,32671232
32209,1790397994714,HpDrvPre.sys,19128
32209,1790397994714,MpCmdRun-13-421CFC91-A93E-42AB-A35C-F06F127FCC44.lock,0
32209,1790397994714,MpCmdRun.log,18274
32209,1790397994729,MpSigStub.log,7992
32209,1790397994729,SYS32_Hardware.exe,32671232
32756,1790397995261,HpDrvPre.sys,19128
32756,1790397995261,MpCmdRun-13-421CFC91-A93E-42AB-A35C-F06F127FCC44.lock,0
32756,1790397995261,MpCmdRun.log,18274
32756,1790397995276,MpSigStub.log,7992
32756,1790397995276,SYS32_Hardware.exe,32671232
33287,1790397995792,HpDrvPre.sys,19128
33287,1790397995792,MpCmdRun-13-421CFC91-A93E-42AB-A35C-F06F127FCC44.lock,0
33287,1790397995807,MpCmdRun.log,18274
33287,1790397995807,MpSigStub.log,7992
33287,1790397995807,SYS32_Hardware.exe,32671232
33819,1790397996324,HpDrvPre.sys,19128
33819,1790397996324,MpCmdRun-13-421CFC91-A93E-42AB-A35C-F06F127FCC44.lock,0
33819,1790397996324,MpCmdRun.log,18274
33819,1790397996340,MpSigStub.log,7992
33819,1790397996340,SYS32_Hardware.exe,32671232
34366,1790397996871,HpDrvPre.sys,19128
34366,1790397996871,MpCmdRun-13-421CFC91-A93E-42AB-A35C-F06F127FCC44.lock,0
34366,1790397996871,MpCmdRun.log,18274
34366,1790397996887,MpSigStub.log,7992
34366,1790397996887,SYS32_Hardware.exe,32671232
34913,1790397997418,HpDrvPre.sys,19128
34913,1790397997418,MpCmdRun-13-421CFC91-A93E-42AB-A35C-F06F127FCC44.lock,0
34913,1790397997418,MpCmdRun.log,18274
34913,1790397997434,MpSigStub.log,7992
34913,1790397997434,SYS32_Hardware.exe,32671232
35445,1790397997949,HpDrvPre.sys,19128
35445,1790397997949,MpCmdRun-13-421CFC91-A93E-42AB-A35C-F06F127FCC44.lock,0
35445,1790397997949,MpCmdRun.log,18274
35445,1790397997965,MpSigStub.log,7992
35445,1790397997965,SYS32_Hardware.exe,32671232
35976,1790397998481,HpDrvPre.sys,19128
35976,1790397998481,MpCmdRun-13-421CFC91-A93E-42AB-A35C-F06F127FCC44.lock,0
35976,1790397998481,MpCmdRun.log,18274
35976,1790397998496,MpSigStub.log,7992
35976,1790397998496,SYS32_Hardware.exe,32671232
36538,1790397999043,HpDrvPre.sys,19128
36538,1790397999043,MpCmdRun-13-421CFC91-A93E-42AB-A35C-F06F127FCC44.lock,0
36538,1790397999043,MpCmdRun.log,18274
36538,1790397999059,MpSigStub.log,7992
36538,1790397999059,SYS32_Hardware.exe,32671232
37085,1790397999590,HpDrvPre.sys,19128
37085,1790397999590,MpCmdRun-13-421CFC91-A93E-42AB-A35C-F06F127FCC44.lock,0
37085,1790397999590,MpCmdRun.log,18274
37085,1790397999606,MpSigStub.log,7992
37085,1790397999606,SYS32_Hardware.exe,32671232
37606,1790398000111,HpDrvPre.sys,19128
37606,1790398000111,MpCmdRun-13-421CFC91-A93E-42AB-A35C-F06F127FCC44.lock,0
37606,1790398000111,MpCmdRun.log,18274
37606,1790398000126,MpSigStub.log,7992
37606,1790398000126,SYS32_Hardware.exe,32671232
38137,1790398000642,HpDrvPre.sys,19128
38137,1790398000642,MpCmdRun-13-421CFC91-A93E-42AB-A35C-F06F127FCC44.lock,0
38137,1790398000642,MpCmdRun.log,18274
38137,1790398000658,MpSigStub.log,7992
38137,1790398000658,SYS32_Hardware.exe,32671232
38700,1790398001204,HpDrvPre.sys,19128
38700,1790398001204,MpCmdRun-13-421CFC91-A93E-42AB-A35C-F06F127FCC44.lock,0
38700,1790398001204,MpCmdRun.log,18274
38700,1790398001220,MpSigStub.log,7992
38700,1790398001220,SYS32_Hardware.exe,32671232
39231,1790398001736,HpDrvPre.sys,19128
39231,1790398001736,MpCmdRun-13-421CFC91-A93E-42AB-A35C-F06F127FCC44.lock,0
39231,1790398001736,MpCmdRun.log,18274
39231,1790398001751,MpSigStub.log,7992
39231,1790398001751,SYS32_Hardware.exe,32671232
39779,1790398002283,HpDrvPre.sys,19128
39779,1790398002283,MpCmdRun-13-421CFC91-A93E-42AB-A35C-F06F127FCC44.lock,0
39779,1790398002283,MpCmdRun.log,18274
39779,1790398002298,MpSigStub.log,7992
39779,1790398002314,SYS32_Hardware.exe,32671232
40324,1790398002829,HpDrvPre.sys,19128
40324,1790398002829,MpCmdRun-13-421CFC91-A93E-42AB-A35C-F06F127FCC44.lock,0
40324,1790398002829,MpCmdRun.log,18274
40324,1790398002845,MpSigStub.log,7992
40324,1790398002845,SYS32_Hardware.exe,32671232
40871,1790398003376,HpDrvPre.sys,19128
40871,1790398003376,MpCmdRun-13-421CFC91-A93E-42AB-A35C-F06F127FCC44.lock,0
40871,1790398003376,MpCmdRun.log,18274
40871,1790398003392,MpSigStub.log,7992
40871,1790398003392,SYS32_Hardware.exe,32671232
41402,1790398003908,HpDrvPre.sys,19128
41402,1790398003908,MpCmdRun-13-421CFC91-A93E-42AB-A35C-F06F127FCC44.lock,0
41402,1790398003908,MpCmdRun.log,18274
41402,1790398003923,MpSigStub.log,7992
41402,1790398003923,SYS32_Hardware.exe,32671232
41934,1790398004439,HpDrvPre.sys,19128
41934,1790398004439,MpCmdRun-13-421CFC91-A93E-42AB-A35C-F06F127FCC44.lock,0
41934,1790398004439,MpCmdRun.log,18274
41934,1790398004454,MpSigStub.log,7992
41934,1790398004454,SYS32_Hardware.exe,32671232
42465,1790398004970,HpDrvPre.sys,19128
42465,1790398004970,MpCmdRun-13-421CFC91-A93E-42AB-A35C-F06F127FCC44.lock,0
42465,1790398004970,MpCmdRun.log,18274
42465,1790398004986,MpSigStub.log,7992
42465,1790398005001,SYS32_Hardware.exe,32671232
43090,1790398005595,HpDrvPre.sys,19128
43090,1790398005595,MpCmdRun-13-421CFC91-A93E-42AB-A35C-F06F127FCC44.lock,0
43090,1790398005595,MpCmdRun.log,18274
43090,1790398005611,MpSigStub.log,7992
43090,1790398005611,SYS32_Hardware.exe,32671232
43621,1790398006126,HpDrvPre.sys,19128
43621,1790398006126,MpCmdRun-13-421CFC91-A93E-42AB-A35C-F06F127FCC44.lock,0
43621,1790398006126,MpCmdRun.log,18274
43621,1790398006158,MpSigStub.log,7992
43621,1790398006158,SYS32_Hardware.exe,32671232
44184,1790398006689,HpDrvPre.sys,19128
44184,1790398006689,MpCmdRun-13-421CFC91-A93E-42AB-A35C-F06F127FCC44.lock,0
44184,1790398006689,MpCmdRun.log,18274
44184,1790398006704,MpSigStub.log,7992
44184,1790398006704,SYS32_Hardware.exe,32671232
44731,1790398007236,HpDrvPre.sys,19128
44731,1790398007236,MpCmdRun-13-421CFC91-A93E-42AB-A35C-F06F127FCC44.lock,0
44731,1790398007236,MpCmdRun.log,18274
44731,1790398007251,MpSigStub.log,7992
44731,1790398007251,SYS32_Hardware.exe,32671232
45263,1790398007769,HpDrvPre.sys,19128
45263,1790398007769,MpCmdRun-13-421CFC91-A93E-42AB-A35C-F06F127FCC44.lock,0
45263,1790398007769,MpCmdRun.log,18274
45263,1790398007784,MpSigStub.log,7992
45263,1790398007784,SYS32_Hardware.exe,32671232
45810,1790398008315,HpDrvPre.sys,19128
45810,1790398008315,MpCmdRun-13-421CFC91-A93E-42AB-A35C-F06F127FCC44.lock,0
45810,1790398008315,MpCmdRun.log,18274
45810,1790398008331,MpSigStub.log,7992
45810,1790398008331,SYS32_Hardware.exe,32671232
46326,1790398008831,HpDrvPre.sys,19128
46326,1790398008831,MpCmdRun-13-421CFC91-A93E-42AB-A35C-F06F127FCC44.lock,0
46326,1790398008831,MpCmdRun.log,18274
46326,1790398008847,MpSigStub.log,7992
46326,1790398008847,SYS32_Hardware.exe,32671232
46861,1790398009366,HpDrvPre.sys,19128
46861,1790398009366,MpCmdRun-13-421CFC91-A93E-42AB-A35C-F06F127FCC44.lock,0
46861,1790398009366,MpCmdRun.log,18274
46861,1790398009382,MpSigStub.log,7992
46861,1790398009382,SYS32_Hardware.exe,32671232
47392,1790398009897,HpDrvPre.sys,19128
47392,1790398009897,MpCmdRun-13-421CFC91-A93E-42AB-A35C-F06F127FCC44.lock,0
47392,1790398009897,MpCmdRun.log,18274
47392,1790398009913,MpSigStub.log,7992
47392,1790398009913,SYS32_Hardware.exe,32671232
47939,1790398010444,HpDrvPre.sys,19128
47939,1790398010444,MpCmdRun-13-421CFC91-A93E-42AB-A35C-F06F127FCC44.lock,0
47939,1790398010460,MpCmdRun.log,18274
47939,1790398010460,MpSigStub.log,7992
47939,1790398010460,SYS32_Hardware.exe,32671232
48470,1790398010975,HpDrvPre.sys,19128
48470,1790398010975,MpCmdRun-13-421CFC91-A93E-42AB-A35C-F06F127FCC44.lock,0
48470,1790398010975,MpCmdRun.log,18274
48470,1790398010991,MpSigStub.log,7992
48470,1790398010991,SYS32_Hardware.exe,32671232
49033,1790398011538,HpDrvPre.sys,19128
49033,1790398011538,MpCmdRun-13-421CFC91-A93E-42AB-A35C-F06F127FCC44.lock,0
49033,1790398011538,MpCmdRun.log,18274
49033,1790398011554,MpSigStub.log,7992
49033,1790398011554,SYS32_Hardware.exe,32671232
49549,1790398012054,HpDrvPre.sys,19128
49549,1790398012054,MpCmdRun-13-421CFC91-A93E-42AB-A35C-F06F127FCC44.lock,0
49549,1790398012054,MpCmdRun.log,18274
49549,1790398012069,MpSigStub.log,7992
49549,1790398012069,SYS32_Hardware.exe,32671232
50095,1790398012600,HpDrvPre.sys,19128
50095,1790398012600,MpCmdRun-13-421CFC91-A93E-42AB-A35C-F06F127FCC44.lock,0
50095,1790398012616,MpCmdRun.log,18274
50095,1790398012616,MpSigStub.log,7992
50095,1790398012632,SYS32_Hardware.exe,32671232
50658,1790398013163,HpDrvPre.sys,19128
50658,1790398013163,MpCmdRun-13-421CFC91-A93E-42AB-A35C-F06F127FCC44.lock,0
50658,1790398013163,MpCmdRun.log,18274
50658,1790398013179,MpSigStub.log,7992
50658,1790398013179,SYS32_Hardware.exe,32671232
51191,1790398013694,HpDrvPre.sys,19128
51191,1790398013694,MpCmdRun-13-421CFC91-A93E-42AB-A35C-F06F127FCC44.lock,0
51191,1790398013710,MpCmdRun.log,18274
51191,1790398013710,MpSigStub.log,7992
51191,1790398013741,SYS32_Hardware.exe,32671232
51752,1790398014272,HpDrvPre.sys,19128
51752,1790398014272,MpCmdRun-13-421CFC91-A93E-42AB-A35C-F06F127FCC44.lock,0
51752,1790398014272,MpCmdRun.log,18274
51752,1790398014288,MpSigStub.log,7992
51752,1790398014288,SYS32_Hardware.exe,32671232
52299,1790398014804,HpDrvPre.sys,19128
52299,1790398014804,MpCmdRun-13-421CFC91-A93E-42AB-A35C-F06F127FCC44.lock,0
52299,1790398014819,MpCmdRun.log,18274
52299,1790398014835,MpSigStub.log,7992
52299,1790398014835,SYS32_Hardware.exe,32671232
52877,1790398015382,HpDrvPre.sys,19128
52877,1790398015382,MpCmdRun-13-421CFC91-A93E-42AB-A35C-F06F127FCC44.lock,0
52877,1790398015382,MpCmdRun.log,18274
52877,1790398015397,MpSigStub.log,7992
52877,1790398015397,SYS32_Hardware.exe,32671232
53424,1790398015929,HpDrvPre.sys,19128
53424,1790398015929,MpCmdRun-13-421CFC91-A93E-42AB-A35C-F06F127FCC44.lock,0
53424,1790398015929,MpCmdRun.log,18274
53424,1790398015944,MpSigStub.log,7992
53424,1790398015944,SYS32_Hardware.exe,32671232
53955,1790398016460,HpDrvPre.sys,19128
53955,1790398016460,MpCmdRun-13-421CFC91-A93E-42AB-A35C-F06F127FCC44.lock,0
53955,1790398016460,MpCmdRun.log,18274
53955,1790398016475,MpSigStub.log,7992
53955,1790398016475,SYS32_Hardware.exe,32671232
54486,1790398016991,HpDrvPre.sys,19128
54486,1790398016991,MpCmdRun-13-421CFC91-A93E-42AB-A35C-F06F127FCC44.lock,0
54486,1790398016991,MpCmdRun.log,18274
54486,1790398017006,MpSigStub.log,7992
54486,1790398017006,SYS32_Hardware.exe,32671232
55032,1790398017537,HpDrvPre.sys,19128
55032,1790398017537,MpCmdRun-13-421CFC91-A93E-42AB-A35C-F06F127FCC44.lock,0
55032,1790398017537,MpCmdRun.log,18274
55032,1790398017553,MpSigStub.log,7992
55032,1790398017553,SYS32_Hardware.exe,32671232
55564,1790398018069,HpDrvPre.sys,19128
55564,1790398018069,MpCmdRun-13-421CFC91-A93E-42AB-A35C-F06F127FCC44.lock,0
55564,1790398018069,MpCmdRun.log,18274
55564,1790398018084,MpSigStub.log,7992
55564,1790398018084,SYS32_Hardware.exe,32671232
56095,1790398018600,HpDrvPre.sys,19128
56095,1790398018600,MpCmdRun-13-421CFC91-A93E-42AB-A35C-F06F127FCC44.lock,0
56095,1790398018600,MpCmdRun.log,18274
56095,1790398018616,MpSigStub.log,7992
56095,1790398018616,SYS32_Hardware.exe,32671232
56657,1790398019162,HpDrvPre.sys,19128
56657,1790398019162,MpCmdRun-13-421CFC91-A93E-42AB-A35C-F06F127FCC44.lock,0
56657,1790398019162,MpCmdRun.log,18274
56657,1790398019178,MpSigStub.log,7992
56657,1790398019178,SYS32_Hardware.exe,32671232
57262,1790398019772,HpDrvPre.sys,19128
57262,1790398019787,MpCmdRun-13-421CFC91-A93E-42AB-A35C-F06F127FCC44.lock,0
57262,1790398019803,MpCmdRun.log,18274
57262,1790398020444,MpSigStub.log,7992
57262,1790398020537,SYS32_Hardware.exe,32671232
58689,1790398021194,HpDrvPre.sys,19128
58689,1790398021194,MpCmdRun-13-421CFC91-A93E-42AB-A35C-F06F127FCC44.lock,0
58689,1790398021194,MpCmdRun.log,18274
58689,1790398021209,MpSigStub.log,7992
58689,1790398021209,SYS32_Hardware.exe,32671232
59235,1790398021741,HpDrvPre.sys,19128
59235,1790398021741,MpCmdRun-13-421CFC91-A93E-42AB-A35C-F06F127FCC44.lock,0
59235,1790398021741,MpCmdRun.log,18274
59235,1790398021756,MpSigStub.log,7992
59235,1790398021756,SYS32_Hardware.exe,32671232
59767,1790398022272,HpDrvPre.sys,19128
59767,1790398022272,MpCmdRun-13-421CFC91-A93E-42AB-A35C-F06F127FCC44.lock,0
59767,1790398022272,MpCmdRun.log,18274
59767,1790398022287,MpSigStub.log,7992
59767,1790398022287,SYS32_Hardware.exe,32671232
60298,1790398022803,HpDrvPre.sys,19128
60298,1790398022803,MpCmdRun-13-421CFC91-A93E-42AB-A35C-F06F127FCC44.lock,0
60298,1790398022803,MpCmdRun.log,18274
60298,1790398022819,MpSigStub.log,7992
60298,1790398022819,SYS32_Hardware.exe,32671232
60860,1790398023366,HpDrvPre.sys,19128
60860,1790398023366,MpCmdRun-13-421CFC91-A93E-42AB-A35C-F06F127FCC44.lock,0
60860,1790398023366,MpCmdRun.log,18274
60860,1790398023381,MpSigStub.log,7992
60860,1790398023397,SYS32_Hardware.exe,32671232
61407,1790398023912,HpDrvPre.sys,19128
61407,1790398023912,MpCmdRun-13-421CFC91-A93E-42AB-A35C-F06F127FCC44.lock,0
61407,1790398023912,MpCmdRun.log,18274
61407,1790398023928,MpSigStub.log,7992
61407,1790398023928,SYS32_Hardware.exe,32671232
61954,1790398024459,HpDrvPre.sys,19128
61954,1790398024459,MpCmdRun-13-421CFC91-A93E-42AB-A35C-F06F127FCC44.lock,0
61954,1790398024459,MpCmdRun.log,18274
61954,1790398024475,MpSigStub.log,7992
61954,1790398024475,SYS32_Hardware.exe,32671232
62485,1790398024991,HpDrvPre.sys,19128
62485,1790398024991,MpCmdRun-13-421CFC91-A93E-42AB-A35C-F06F127FCC44.lock,0
62485,1790398025006,MpCmdRun.log,18274
62485,1790398025006,MpSigStub.log,7992
62485,1790398025022,SYS32_Hardware.exe,32671232
63064,1790398025569,HpDrvPre.sys,19128
63064,1790398025569,MpCmdRun-13-421CFC91-A93E-42AB-A35C-F06F127FCC44.lock,0
63064,1790398025569,MpCmdRun.log,18274
63064,1790398025584,MpSigStub.log,7992
63064,1790398025600,SYS32_Hardware.exe,32671232
63610,1790398026116,HpDrvPre.sys,19128
63610,1790398026116,MpCmdRun-13-421CFC91-A93E-42AB-A35C-F06F127FCC44.lock,0
63610,1790398026116,MpCmdRun.log,18274
63610,1790398026131,MpSigStub.log,7992
63610,1790398026131,SYS32_Hardware.exe,32671232
64142,1790398026647,HpDrvPre.sys,19128
64142,1790398026647,MpCmdRun-13-421CFC91-A93E-42AB-A35C-F06F127FCC44.lock,0
64142,1790398026647,MpCmdRun.log,18274
64142,1790398026662,MpSigStub.log,7992
64142,1790398026678,SYS32_Hardware.exe,32671232
64689,1790398027194,HpDrvPre.sys,19128
64689,1790398027194,MpCmdRun-13-421CFC91-A93E-42AB-A35C-F06F127FCC44.lock,0
64689,1790398027209,MpCmdRun.log,18274
64689,1790398027225,MpSigStub.log,7992
64689,1790398027225,SYS32_Hardware.exe,32671232
65251,1790398027756,HpDrvPre.sys,19128
65251,1790398027756,MpCmdRun-13-421CFC91-A93E-42AB-A35C-F06F127FCC44.lock,0
65251,1790398027756,MpCmdRun.log,18274
65251,1790398027772,MpSigStub.log,7992
65251,1790398027772,SYS32_Hardware.exe,32671232
65802,1790398028303,HpDrvPre.sys,19128
65802,1790398028303,MpCmdRun-13-421CFC91-A93E-42AB-A35C-F06F127FCC44.lock,0
65802,1790398028319,MpCmdRun.log,18274
65802,1790398028319,MpSigStub.log,7992
65802,1790398028319,SYS32_Hardware.exe,32671232
66345,1790398028850,HpDrvPre.sys,19128
66345,1790398028850,MpCmdRun-13-421CFC91-A93E-42AB-A35C-F06F127FCC44.lock,0
66345,1790398028850,MpCmdRun.log,18274
66345,1790398028850,MpSigStub.log,7992
66345,1790398028866,SYS32_Hardware.exe,32671232
66892,1790398029397,HpDrvPre.sys,19128
66892,1790398029397,MpCmdRun-13-421CFC91-A93E-42AB-A35C-F06F127FCC44.lock,0
66892,1790398029397,MpCmdRun.log,18274
66892,1790398029412,MpSigStub.log,7992
66892,1790398029412,SYS32_Hardware.exe,32671232
67423,1790398029928,HpDrvPre.sys,19128
67423,1790398029928,MpCmdRun-13-421CFC91-A93E-42AB-A35C-F06F127FCC44.lock,0
67423,1790398029928,MpCmdRun.log,18274
67423,1790398029944,MpSigStub.log,7992
67423,1790398029959,SYS32_Hardware.exe,32671232
67970,1790398030475,HpDrvPre.sys,19128
67970,1790398030475,MpCmdRun-13-421CFC91-A93E-42AB-A35C-F06F127FCC44.lock,0
67970,1790398030475,MpCmdRun.log,18274
67970,1790398030491,MpSigStub.log,7992
67970,1790398030491,SYS32_Hardware.exe,32671232
68533,1790398031037,HpDrvPre.sys,19128
68533,1790398031037,MpCmdRun-13-421CFC91-A93E-42AB-A35C-F06F127FCC44.lock,0
68533,1790398031037,MpCmdRun.log,18274
68533,1790398031053,MpSigStub.log,7992
68533,1790398031053,SYS32_Hardware.exe,32671232
69064,1790398031569,HpDrvPre.sys,19128
69064,1790398031569,MpCmdRun-13-421CFC91-A93E-42AB-A35C-F06F127FCC44.lock,0
69064,1790398031584,MpCmdRun.log,18274
69064,1790398031584,MpSigStub.log,7992
69064,1790398031600,SYS32_Hardware.exe,32671232
69610,1790398032116,HpDrvPre.sys,19128
69610,1790398032116,MpCmdRun-13-421CFC91-A93E-42AB-A35C-F06F127FCC44.lock,0
69610,1790398032116,MpCmdRun.log,18274
69610,1790398032131,MpSigStub.log,7992
69610,1790398032147,SYS32_Hardware.exe,32671232
70158,1790398032662,HpDrvPre.sys,19128
70158,1790398032662,MpCmdRun-13-421CFC91-A93E-42AB-A35C-F06F127FCC44.lock,0
70158,1790398032662,MpCmdRun.log,18274
70158,1790398032678,MpSigStub.log,7992
70158,1790398032678,SYS32_Hardware.exe,32671232
70704,1790398033209,HpDrvPre.sys,19128
70704,1790398033209,MpCmdRun-13-421CFC91-A93E-42AB-A35C-F06F127FCC44.lock,0
70704,1790398033209,MpCmdRun.log,18274
70704,1790398033225,MpSigStub.log,7992
70704,1790398033225,SYS32_Hardware.exe,32671232
71239,1790398033742,HpDrvPre.sys,19128
71239,1790398033758,MpCmdRun-13-421CFC91-A93E-42AB-A35C-F06F127FCC44.lock,0
71239,1790398033789,MpCmdRun.log,18274
71239,1790398033805,MpSigStub.log,7992
71239,1790398033820,SYS32_Hardware.exe,32671232
71831,1790398034336,HpDrvPre.sys,19128
71831,1790398034336,MpCmdRun-13-421CFC91-A93E-42AB-A35C-F06F127FCC44.lock,0
71831,1790398034352,MpCmdRun.log,18274
71831,1790398034352,MpSigStub.log,7992
71831,1790398034367,SYS32_Hardware.exe,32671232
72378,1790398034883,HpDrvPre.sys,19128
72378,1790398034883,MpCmdRun-13-421CFC91-A93E-42AB-A35C-F06F127FCC44.lock,0
72378,1790398034898,MpCmdRun.log,18274
72378,1790398034898,MpSigStub.log,7992
72378,1790398034914,SYS32_Hardware.exe,32671232
72956,1790398035461,HpDrvPre.sys,19128
72956,1790398035461,MpCmdRun-13-421CFC91-A93E-42AB-A35C-F06F127FCC44.lock,0
72956,1790398035461,MpCmdRun.log,18274
72956,1790398035477,MpSigStub.log,7992
72956,1790398035492,SYS32_Hardware.exe,32671232
73487,1790398035992,HpDrvPre.sys,19128
73487,1790398035992,MpCmdRun-13-421CFC91-A93E-42AB-A35C-F06F127FCC44.lock,0
73487,1790398035992,MpCmdRun.log,18274
73487,1790398036008,MpSigStub.log,7992
73487,1790398036008,SYS32_Hardware.exe,32671232
74019,1790398036524,HpDrvPre.sys,19128
74019,1790398036524,MpCmdRun-13-421CFC91-A93E-42AB-A35C-F06F127FCC44.lock,0
74019,1790398036555,MpCmdRun.log,18274
74019,1790398036555,MpSigStub.log,7992
74019,1790398036570,SYS32_Hardware.exe,32671232
74582,1790398037086,HpDrvPre.sys,19128
74582,1790398037086,MpCmdRun-13-421CFC91-A93E-42AB-A35C-F06F127FCC44.lock,0
74582,1790398037102,MpCmdRun.log,18274
74582,1790398037102,MpSigStub.log,7992
74582,1790398037102,SYS32_Hardware.exe,32671232
75112,1790398037617,HpDrvPre.sys,19128
75112,1790398037617,MpCmdRun-13-421CFC91-A93E-42AB-A35C-F06F127FCC44.lock,0
75112,1790398037617,MpCmdRun.log,18274
75112,1790398037633,MpSigStub.log,7992
75112,1790398037633,SYS32_Hardware.exe,32671232
75659,1790398038164,HpDrvPre.sys,19128
75659,1790398038164,MpCmdRun-13-421CFC91-A93E-42AB-A35C-F06F127FCC44.lock,0
75659,1790398038164,MpCmdRun.log,18274
75659,1790398038180,MpSigStub.log,7992
75659,1790398038180,SYS32_Hardware.exe,32671232
76206,1790398038711,HpDrvPre.sys,19128
76206,1790398038711,MpCmdRun-13-421CFC91-A93E-42AB-A35C-F06F127FCC44.lock,0
76206,1790398038711,MpCmdRun.log,18274
76206,1790398038727,MpSigStub.log,7992
76206,1790398038727,SYS32_Hardware.exe,32671232
76768,1790398039273,HpDrvPre.sys,19128
76768,1790398039273,MpCmdRun-13-421CFC91-A93E-42AB-A35C-F06F127FCC44.lock,0
76768,1790398039273,MpCmdRun.log,18274
76768,1790398039289,MpSigStub.log,7992
76768,1790398039305,SYS32_Hardware.exe,32671232
77300,1790398039805,HpDrvPre.sys,19128
77300,1790398039805,MpCmdRun-13-421CFC91-A93E-42AB-A35C-F06F127FCC44.lock,0
77300,1790398039805,MpCmdRun.log,18274
77300,1790398039820,MpSigStub.log,7992
77300,1790398039836,SYS32_Hardware.exe,32671232
77846,1790398040352,HpDrvPre.sys,19128
77846,1790398040352,MpCmdRun-13-421CFC91-A93E-42AB-A35C-F06F127FCC44.lock,0
77846,1790398040352,MpCmdRun.log,18274
77846,1790398040367,MpSigStub.log,7992
77846,1790398040367,SYS32_Hardware.exe,32671232
78393,1790398040898,HpDrvPre.sys,19128
78393,1790398040898,MpCmdRun-13-421CFC91-A93E-42AB-A35C-F06F127FCC44.lock,0
78393,1790398040898,MpCmdRun.log,18274
78393,1790398040914,MpSigStub.log,7992
78393,1790398040914,SYS32_Hardware.exe,32671232
78940,1790398041445,HpDrvPre.sys,19128
78940,1790398041445,MpCmdRun-13-421CFC91-A93E-42AB-A35C-F06F127FCC44.lock,0
78940,1790398041445,MpCmdRun.log,18274
78940,1790398041461,MpSigStub.log,7992
78940,1790398041477,SYS32_Hardware.exe,32671232
79472,1790398041977,HpDrvPre.sys,19128
79472,1790398041992,MpCmdRun-13-421CFC91-A93E-42AB-A35C-F06F127FCC44.lock,0
79472,1790398041992,MpCmdRun.log,18274
79472,1790398042008,MpSigStub.log,7992
79472,1790398042008,SYS32_Hardware.exe,32671232
80034,1790398042539,HpDrvPre.sys,19128
80034,1790398042539,MpCmdRun-13-421CFC91-A93E-42AB-A35C-F06F127FCC44.lock,0
80034,1790398042539,MpCmdRun.log,18274
80034,1790398042555,MpSigStub.log,7992
80034,1790398042555,SYS32_Hardware.exe,32671232
80596,1790398043102,HpDrvPre.sys,19128
80596,1790398043102,MpCmdRun-13-421CFC91-A93E-42AB-A35C-F06F127FCC44.lock,0
80596,1790398043102,MpCmdRun.log,18274
80596,1790398043117,MpSigStub.log,7992
80596,1790398043133,SYS32_Hardware.exe,32671232
81128,1790398043633,HpDrvPre.sys,19128
81128,1790398043633,MpCmdRun-13-421CFC91-A93E-42AB-A35C-F06F127FCC44.lock,0
81128,1790398043648,MpCmdRun.log,18274
81128,1790398043648,MpSigStub.log,7992
81128,1790398043664,SYS32_Hardware.exe,32671232
81659,1790398044164,HpDrvPre.sys,19128
81659,1790398044164,MpCmdRun-13-421CFC91-A93E-42AB-A35C-F06F127FCC44.lock,0
81659,1790398044180,MpCmdRun.log,18274
81659,1790398044180,MpSigStub.log,7992
81659,1790398044195,SYS32_Hardware.exe,32671232
82221,1790398044727,HpDrvPre.sys,19128
82221,1790398044727,MpCmdRun-13-421CFC91-A93E-42AB-A35C-F06F127FCC44.lock,0
82221,1790398044727,MpCmdRun.log,18274
82221,1790398044742,MpSigStub.log,7992
82221,1790398044742,SYS32_Hardware.exe,32671232
82784,1790398045289,HpDrvPre.sys,19128
82784,1790398045305,MpCmdRun-13-421CFC91-A93E-42AB-A35C-F06F127FCC44.lock,0
82784,1790398045305,MpCmdRun.log,18274
82784,1790398045320,MpSigStub.log,7992
82784,1790398045336,SYS32_Hardware.exe,32671232
83346,1790398045852,HpDrvPre.sys,19128
83346,1790398045852,MpCmdRun-13-421CFC91-A93E-42AB-A35C-F06F127FCC44.lock,0
83346,1790398045867,MpCmdRun.log,18274
83346,1790398045883,MpSigStub.log,7992
83346,1790398045883,SYS32_Hardware.exe,32671232
83925,1790398046430,HpDrvPre.sys,19128
83925,1790398046430,MpCmdRun-13-421CFC91-A93E-42AB-A35C-F06F127FCC44.lock,0
83925,1790398046445,MpCmdRun.log,18274
83925,1790398046445,MpSigStub.log,7992
83925,1790398046445,SYS32_Hardware.exe,32671232
84456,1790398046961,HpDrvPre.sys,19128
84456,1790398046961,MpCmdRun-13-421CFC91-A93E-42AB-A35C-F06F127FCC44.lock,0
84456,1790398046977,MpCmdRun.log,18274
84456,1790398046977,MpSigStub.log,7992
84456,1790398046992,SYS32_Hardware.exe,32671232
85018,1790398047523,HpDrvPre.sys,19128
85018,1790398047523,MpCmdRun-13-421CFC91-A93E-42AB-A35C-F06F127FCC44.lock,0
85018,1790398047539,MpCmdRun.log,18274
85018,1790398047539,MpSigStub.log,7992
85018,1790398047539,SYS32_Hardware.exe,32671232
85550,1790398048055,HpDrvPre.sys,19128
85550,1790398048055,MpCmdRun-13-421CFC91-A93E-42AB-A35C-F06F127FCC44.lock,0
85550,1790398048055,MpCmdRun.log,18274
85550,1790398048070,MpSigStub.log,7992
85550,1790398048086,SYS32_Hardware.exe,32671232
86081,1790398048586,HpDrvPre.sys,19128
86081,1790398048586,MpCmdRun-13-421CFC91-A93E-42AB-A35C-F06F127FCC44.lock,0
86081,1790398048586,MpCmdRun.log,18274
86081,1790398048602,MpSigStub.log,7992
86081,1790398048602,SYS32_Hardware.exe,32671232
86628,1790398049133,HpDrvPre.sys,19128
86628,1790398049133,MpCmdRun-13-421CFC91-A93E-42AB-A35C-F06F127FCC44.lock,0
86628,1790398049148,MpCmdRun.log,18274
86628,1790398049148,MpSigStub.log,7992
86628,1790398049164,SYS32_Hardware.exe,32671232
87159,1790398049664,HpDrvPre.sys,19128
87159,1790398049664,MpCmdRun-13-421CFC91-A93E-42AB-A35C-F06F127FCC44.lock,0
87159,1790398049664,MpCmdRun.log,18274
87159,1790398049680,MpSigStub.log,7992
87159,1790398049680,SYS32_Hardware.exe,32671232
87691,1790398050195,HpDrvPre.sys,19128
87691,1790398050195,MpCmdRun-13-421CFC91-A93E-42AB-A35C-F06F127FCC44.lock,0
87691,1790398050211,MpCmdRun.log,18274
87691,1790398050227,MpSigStub.log,7992
87691,1790398050242,SYS32_Hardware.exe,32671232
88477,1790398050993,HpDrvPre.sys,19128
88477,1790398051806,MpCmdRun-13-421CFC91-A93E-42AB-A35C-F06F127FCC44.lock,0
88477,1790398051962,MpCmdRun.log,18274
88477,1790398051978,MpSigStub.log,7992
88477,1790398051978,SYS32_Hardware.exe,32671232
90004,1790398052509,HpDrvPre.sys,19128
90004,1790398052509,MpCmdRun-13-421CFC91-A93E-42AB-A35C-F06F127FCC44.lock,0
90004,1790398052509,MpCmdRun.log,18274
90004,1790398052524,MpSigStub.log,7992
90004,1790398052524,SYS32_Hardware.exe,32671232
90597,1790398053103,HpDrvPre.sys,19128
90597,1790398053103,MpCmdRun-13-421CFC91-A93E-42AB-A35C-F06F127FCC44.lock,0
90597,1790398053103,MpCmdRun.log,18274
90597,1790398053118,MpSigStub.log,7992
90597,1790398053134,SYS32_Hardware.exe,32671232
91144,1790398053649,HpDrvPre.sys,19128
91144,1790398053649,MpCmdRun-13-421CFC91-A93E-42AB-A35C-F06F127FCC44.lock,0
91144,1790398053649,MpCmdRun.log,18274
91144,1790398053665,MpSigStub.log,7992
91144,1790398053665,SYS32_Hardware.exe,32671232
91675,1790398054181,HpDrvPre.sys,19128
91675,1790398054181,MpCmdRun-13-421CFC91-A93E-42AB-A35C-F06F127FCC44.lock,0
91675,1790398054181,MpCmdRun.log,18274
91675,1790398054196,MpSigStub.log,7992
91675,1790398054212,SYS32_Hardware.exe,32671232
92207,1790398054712,HpDrvPre.sys,19128
92207,1790398054712,MpCmdRun-13-421CFC91-A93E-42AB-A35C-F06F127FCC44.lock,0
92207,1790398054712,MpCmdRun.log,18274
92207,1790398054728,MpSigStub.log,7992
92207,1790398054728,SYS32_Hardware.exe,32671232
92770,1790398055274,HpDrvPre.sys,19128
92770,1790398055274,MpCmdRun-13-421CFC91-A93E-42AB-A35C-F06F127FCC44.lock,0
92770,1790398055290,MpCmdRun.log,18274
92770,1790398055306,MpSigStub.log,7992
92770,1790398055306,SYS32_Hardware.exe,32671232
93348,1790398055853,HpDrvPre.sys,19128
93348,1790398055853,MpCmdRun-13-421CFC91-A93E-42AB-A35C-F06F127FCC44.lock,0
93348,1790398055853,MpCmdRun.log,18274
93348,1790398055868,MpSigStub.log,7992
93348,1790398055868,SYS32_Hardware.exe,32671232
93879,1790398056384,HpDrvPre.sys,19128
93879,1790398056384,MpCmdRun-13-421CFC91-A93E-42AB-A35C-F06F127FCC44.lock,0
93879,1790398056384,MpCmdRun.log,18274
93879,1790398056399,MpSigStub.log,7992
93879,1790398056415,SYS32_Hardware.exe,32671232
94426,1790398056931,HpDrvPre.sys,19128
94426,1790398056931,MpCmdRun-13-421CFC91-A93E-42AB-A35C-F06F127FCC44.lock,0
94426,1790398056931,MpCmdRun.log,18274
94426,1790398056946,MpSigStub.log,7992
94426,1790398056946,SYS32_Hardware.exe,32671232
95004,1790398057509,HpDrvPre.sys,19128
95004,1790398057509,MpCmdRun-13-421CFC91-A93E-42AB-A35C-F06F127FCC44.lock,0
95004,1790398057509,MpCmdRun.log,18274
95004,1790398057524,MpSigStub.log,7992
95004,1790398057540,SYS32_Hardware.exe,32671232
95550,1790398058056,HpDrvPre.sys,19128
95550,1790398058056,MpCmdRun-13-421CFC91-A93E-42AB-A35C-F06F127FCC44.lock,0
95550,1790398058056,MpCmdRun.log,18274
95550,1790398058071,MpSigStub.log,7992
95550,1790398058087,SYS32_Hardware.exe,32671232
96082,1790398058587,HpDrvPre.sys,19128
96082,1790398058587,MpCmdRun-13-421CFC91-A93E-42AB-A35C-F06F127FCC44.lock,0
96082,1790398058587,MpCmdRun.log,18274
96082,1790398058603,MpSigStub.log,7992
96082,1790398058603,SYS32_Hardware.exe,32671232
96629,1790398059134,HpDrvPre.sys,19128
96629,1790398059134,MpCmdRun-13-421CFC91-A93E-42AB-A35C-F06F127FCC44.lock,0
96629,1790398059134,MpCmdRun.log,18274
96629,1790398059149,MpSigStub.log,7992
96629,1790398059149,SYS32_Hardware.exe,32671232
97160,1790398059665,HpDrvPre.sys,19128
97160,1790398059665,MpCmdRun-13-421CFC91-A93E-42AB-A35C-F06F127FCC44.lock,0
97160,1790398059665,MpCmdRun.log,18274
97160,1790398059681,MpSigStub.log,7992
97160,1790398059696,SYS32_Hardware.exe,32671232
97707,1790398060212,HpDrvPre.sys,19128
97707,1790398060212,MpCmdRun-13-421CFC91-A93E-42AB-A35C-F06F127FCC44.lock,0
97707,1790398060212,MpCmdRun.log,18274
97707,1790398060228,MpSigStub.log,7992
97707,1790398060243,SYS32_Hardware.exe,32671232
98238,1790398060743,HpDrvPre.sys,19128
98238,1790398060743,MpCmdRun-13-421CFC91-A93E-42AB-A35C-F06F127FCC44.lock,0
98238,1790398060759,MpCmdRun.log,18274
98238,1790398060759,MpSigStub.log,7992
98238,1790398060774,SYS32_Hardware.exe,32671232
98808,1790398061306,HpDrvPre.sys,19128
98808,1790398061306,MpCmdRun-13-421CFC91-A93E-42AB-A35C-F06F127FCC44.lock,0
98808,1790398061321,MpCmdRun.log,18274
98808,1790398061321,MpSigStub.log,7992
98808,1790398061337,SYS32_Hardware.exe,32671232
99363,1790398061868,HpDrvPre.sys,19128
99363,1790398061868,MpCmdRun-13-421CFC91-A93E-42AB-A35C-F06F127FCC44.lock,0
99363,1790398061868,MpCmdRun.log,18274
99363,1790398061884,MpSigStub.log,7992
99363,1790398061884,SYS32_Hardware.exe,32671232
99895,1790398062399,HpDrvPre.sys,19128
99895,1790398062399,MpCmdRun-13-421CFC91-A93E-42AB-A35C-F06F127FCC44.lock,0
99895,1790398062415,MpCmdRun.log,18274
99895,1790398062431,MpSigStub.log,7992
99895,1790398062446,SYS32_Hardware.exe,32671232
100442,1790398062946,HpDrvPre.sys,19128
100442,1790398062946,MpCmdRun-13-421CFC91-A93E-42AB-A35C-F06F127FCC44.lock,0
100442,1790398062962,MpCmdRun.log,18274
100442,1790398062978,MpSigStub.log,7992
100442,1790398062978,SYS32_Hardware.exe,32671232
101020,1790398063524,HpDrvPre.sys,19128
101020,1790398063524,MpCmdRun-13-421CFC91-A93E-42AB-A35C-F06F127FCC44.lock,0
101020,1790398063524,MpCmdRun.log,18274
101020,1790398063540,MpSigStub.log,7992
101020,1790398063556,SYS32_Hardware.exe,32671232
101582,1790398064087,HpDrvPre.sys,19128
101582,1790398064087,MpCmdRun-13-421CFC91-A93E-42AB-A35C-F06F127FCC44.lock,0
101582,1790398064087,MpCmdRun.log,18274
101582,1790398064103,MpSigStub.log,7992
101582,1790398064118,SYS32_Hardware.exe,32671232
102129,1790398064634,HpDrvPre.sys,19128
102129,1790398064634,MpCmdRun-13-421CFC91-A93E-42AB-A35C-F06F127FCC44.lock,0
102129,1790398064634,MpCmdRun.log,18274
102129,1790398064649,MpSigStub.log,7992
102129,1790398064649,SYS32_Hardware.exe,32671232
102660,1790398065165,HpDrvPre.sys,19128
102660,1790398065165,MpCmdRun-13-421CFC91-A93E-42AB-A35C-F06F127FCC44.lock,0
102660,1790398065165,MpCmdRun.log,18274
102660,1790398065181,MpSigStub.log,7992
102660,1790398065181,SYS32_Hardware.exe,32671232
103207,1790398065712,HpDrvPre.sys,19128
103207,1790398065712,MpCmdRun-13-421CFC91-A93E-42AB-A35C-F06F127FCC44.lock,0
103207,1790398065712,MpCmdRun.log,18274
103207,1790398065728,MpSigStub.log,7992
103207,1790398065728,SYS32_Hardware.exe,32671232
103754,1790398066259,HpDrvPre.sys,19128
103754,1790398066259,MpCmdRun-13-421CFC91-A93E-42AB-A35C-F06F127FCC44.lock,0
103754,1790398066259,MpCmdRun.log,18274
103754,1790398066274,MpSigStub.log,7992
103754,1790398066274,SYS32_Hardware.exe,32671232
104269,1790398066774,HpDrvPre.sys,19128
104269,1790398066774,MpCmdRun-13-421CFC91-A93E-42AB-A35C-F06F127FCC44.lock,0
104269,1790398066774,MpCmdRun.log,18274
104269,1790398066790,MpSigStub.log,7992
104269,1790398066790,SYS32_Hardware.exe,32671232
104832,1790398067337,HpDrvPre.sys,19128
104832,1790398067337,MpCmdRun-13-421CFC91-A93E-42AB-A35C-F06F127FCC44.lock,0
104832,1790398067337,MpCmdRun.log,18274
104832,1790398067353,MpSigStub.log,7992
104832,1790398067353,SYS32_Hardware.exe,32671232
105378,1790398067884,HpDrvPre.sys,19128
105378,1790398067884,MpCmdRun-13-421CFC91-A93E-42AB-A35C-F06F127FCC44.lock,0
105378,1790398067884,MpCmdRun.log,18274
105378,1790398067899,MpSigStub.log,7992
105378,1790398067899,SYS32_Hardware.exe,32671232
105926,1790398068431,HpDrvPre.sys,19128
105926,1790398068431,MpCmdRun-13-421CFC91-A93E-42AB-A35C-F06F127FCC44.lock,0
105926,1790398068446,MpCmdRun.log,18274
105926,1790398068446,MpSigStub.log,7992
105926,1790398068462,SYS32_Hardware.exe,32671232
106488,1790398068993,HpDrvPre.sys,19128
106488,1790398068993,MpCmdRun-13-421CFC91-A93E-42AB-A35C-F06F127FCC44.lock,0
106488,1790398068993,MpCmdRun.log,18274
106488,1790398069009,MpSigStub.log,7992
106488,1790398069009,SYS32_Hardware.exe,32671232
107036,1790398069540,HpDrvPre.sys,19128
107036,1790398069556,MpCmdRun-13-421CFC91-A93E-42AB-A35C-F06F127FCC44.lock,0
107036,1790398069571,MpCmdRun.log,18274
107036,1790398069571,MpSigStub.log,7992
107036,1790398069587,SYS32_Hardware.exe,32671232
107598,1790398070103,HpDrvPre.sys,19128
107598,1790398070103,MpCmdRun-13-421CFC91-A93E-42AB-A35C-F06F127FCC44.lock,0
107598,1790398070103,MpCmdRun.log,18274
107598,1790398070118,MpSigStub.log,7992
107598,1790398070118,SYS32_Hardware.exe,32671232
108129,1790398070634,HpDrvPre.sys,19128
108129,1790398070634,MpCmdRun-13-421CFC91-A93E-42AB-A35C-F06F127FCC44.lock,0
108129,1790398070634,MpCmdRun.log,18274
108129,1790398070650,MpSigStub.log,7992
108129,1790398070650,SYS32_Hardware.exe,32671232
108691,1790398071197,HpDrvPre.sys,19128
108691,1790398071197,MpCmdRun-13-421CFC91-A93E-42AB-A35C-F06F127FCC44.lock,0
108691,1790398071197,MpCmdRun.log,18274
108691,1790398071212,MpSigStub.log,7992
108691,1790398071212,SYS32_Hardware.exe,32671232
109223,1790398071728,HpDrvPre.sys,19128
109223,1790398071728,MpCmdRun-13-421CFC91-A93E-42AB-A35C-F06F127FCC44.lock,0
109223,1790398071743,MpCmdRun.log,18274
109223,1790398071743,MpSigStub.log,7992
109223,1790398071743,SYS32_Hardware.exe,32671232
109770,1790398072275,HpDrvPre.sys,19128
109770,1790398072275,MpCmdRun-13-421CFC91-A93E-42AB-A35C-F06F127FCC44.lock,0
109770,1790398072275,MpCmdRun.log,18274
109770,1790398072290,MpSigStub.log,7992
109770,1790398072306,SYS32_Hardware.exe,32671232
110303,1790398072807,HpDrvPre.sys,19128
110303,1790398072807,MpCmdRun-13-421CFC91-A93E-42AB-A35C-F06F127FCC44.lock,0
110303,1790398072807,MpCmdRun.log,18274
110303,1790398072823,MpSigStub.log,7992
110303,1790398072838,SYS32_Hardware.exe,32671232
110865,1790398073370,HpDrvPre.sys,19128
110865,1790398073370,MpCmdRun-13-421CFC91-A93E-42AB-A35C-F06F127FCC44.lock,0
110865,1790398073370,MpCmdRun.log,18274
110865,1790398073385,MpSigStub.log,7992
110865,1790398073401,SYS32_Hardware.exe,32671232
111397,1790398073901,HpDrvPre.sys,19128
111397,1790398073901,MpCmdRun-13-421CFC91-A93E-42AB-A35C-F06F127FCC44.lock,0
111397,1790398073917,MpCmdRun.log,18274
111397,1790398073932,MpSigStub.log,7992
111397,1790398073948,SYS32_Hardware.exe,32671232
111959,1790398074463,HpDrvPre.sys,19128
111959,1790398074463,MpCmdRun-13-421CFC91-A93E-42AB-A35C-F06F127FCC44.lock,0
111959,1790398074479,MpCmdRun.log,18274
111959,1790398074495,MpSigStub.log,7992
111959,1790398074495,SYS32_Hardware.exe,32671232
112522,1790398075026,HpDrvPre.sys,19128
112522,1790398075026,MpCmdRun-13-421CFC91-A93E-42AB-A35C-F06F127FCC44.lock,0
112522,1790398075042,MpCmdRun.log,18274
112522,1790398075057,MpSigStub.log,7992
112522,1790398075073,SYS32_Hardware.exe,32671232
113099,1790398075604,HpDrvPre.sys,19128
113099,1790398075604,MpCmdRun-13-421CFC91-A93E-42AB-A35C-F06F127FCC44.lock,0
113099,1790398075604,MpCmdRun.log,18274
113099,1790398075620,MpSigStub.log,7992
113099,1790398075620,SYS32_Hardware.exe,32671232
113662,1790398076167,HpDrvPre.sys,19128
113662,1790398076167,MpCmdRun-13-421CFC91-A93E-42AB-A35C-F06F127FCC44.lock,0
113662,1790398076182,MpCmdRun.log,18274
113662,1790398076182,MpSigStub.log,7992
113662,1790398076198,SYS32_Hardware.exe,32671232
114193,1790398076698,HpDrvPre.sys,19128
114193,1790398076698,MpCmdRun-13-421CFC91-A93E-42AB-A35C-F06F127FCC44.lock,0
114193,1790398076698,MpCmdRun.log,18274
114193,1790398076713,MpSigStub.log,7992
114193,1790398076713,SYS32_Hardware.exe,32671232
114740,1790398077245,HpDrvPre.sys,19128
114740,1790398077245,MpCmdRun-13-421CFC91-A93E-42AB-A35C-F06F127FCC44.lock,0
114740,1790398077245,MpCmdRun.log,18274
114740,1790398077260,MpSigStub.log,7992
114740,1790398077260,SYS32_Hardware.exe,32671232
115287,1790398077792,HpDrvPre.sys,19128
115287,1790398077792,MpCmdRun-13-421CFC91-A93E-42AB-A35C-F06F127FCC44.lock,0
115287,1790398077807,MpCmdRun.log,18274
115287,1790398077807,MpSigStub.log,7992
115287,1790398077823,SYS32_Hardware.exe,32671232
115822,1790398078327,HpDrvPre.sys,19128
115822,1790398078327,MpCmdRun-13-421CFC91-A93E-42AB-A35C-F06F127FCC44.lock,0
115822,1790398078327,MpCmdRun.log,18274
115822,1790398078343,MpSigStub.log,7992
115822,1790398078359,SYS32_Hardware.exe,32671232
116386,1790398078890,HpDrvPre.sys,19128
116386,1790398078890,MpCmdRun-13-421CFC91-A93E-42AB-A35C-F06F127FCC44.lock,0
116386,1790398078906,MpCmdRun.log,18274
116386,1790398078906,MpSigStub.log,7992
116386,1790398078921,SYS32_Hardware.exe,32671232
116948,1790398079452,HpDrvPre.sys,19128
116948,1790398079452,MpCmdRun-13-421CFC91-A93E-42AB-A35C-F06F127FCC44.lock,0
116948,1790398079452,MpCmdRun.log,18274
116948,1790398079468,MpSigStub.log,7992
116948,1790398079468,SYS32_Hardware.exe,32671232
117495,1790398079999,HpDrvPre.sys,19128
117495,1790398079999,MpCmdRun-13-421CFC91-A93E-42AB-A35C-F06F127FCC44.lock,0
117495,1790398080015,MpCmdRun.log,18274
117495,1790398080031,MpSigStub.log,7992
117495,1790398080046,SYS32_Hardware.exe,32671232
118057,1790398080562,HpDrvPre.sys,19128
118057,1790398080577,MpCmdRun-13-421CFC91-A93E-42AB-A35C-F06F127FCC44.lock,0
118057,1790398080577,MpCmdRun.log,18274
118057,1790398080593,MpSigStub.log,7992
118057,1790398080609,SYS32_Hardware.exe,32671232
118708,1790398081218,HpDrvPre.sys,19128
118708,1790398081218,MpCmdRun-13-421CFC91-A93E-42AB-A35C-F06F127FCC44.lock,0
118708,1790398081249,MpCmdRun.log,18274
118708,1790398081249,MpSigStub.log,7992
118708,1790398081249,SYS32_Hardware.exe,32671232
119276,1790398081781,HpDrvPre.sys,19128
119276,1790398081781,MpCmdRun-13-421CFC91-A93E-42AB-A35C-F06F127FCC44.lock,0
119276,1790398081781,MpCmdRun.log,18274
119276,1790398081796,MpSigStub.log,7992
119276,1790398081812,SYS32_Hardware.exe,32671232
120568,1790398083124,HpDrvPre.sys,19128
120568,1790398083218,MpCmdRun-13-421CFC91-A93E-42AB-A35C-F06F127FCC44.lock,0
120568,1790398083234,MpCmdRun.log,18274
120568,1790398083234,MpSigStub.log,7992
120568,1790398083249,SYS32_Hardware.exe,32671232
121260,1790398083765,HpDrvPre.sys,19128
121260,1790398083765,MpCmdRun-13-421CFC91-A93E-42AB-A35C-F06F127FCC44.lock,0
121260,1790398083781,MpCmdRun.log,18274
121260,1790398083781,MpSigStub.log,7992
121260,1790398083796,SYS32_Hardware.exe,32671232
121791,1790398084296,HpDrvPre.sys,19128
121791,1790398084296,MpCmdRun-13-421CFC91-A93E-42AB-A35C-F06F127FCC44.lock,0
121791,1790398084312,MpCmdRun.log,18274
121791,1790398084327,MpSigStub.log,7992
121791,1790398084327,SYS32_Hardware.exe,32671232
122338,1790398084843,HpDrvPre.sys,19128
122338,1790398084843,MpCmdRun-13-421CFC91-A93E-42AB-A35C-F06F127FCC44.lock,0
122338,1790398084859,MpCmdRun.log,18274
122338,1790398084874,MpSigStub.log,7992
122338,1790398084890,SYS32_Hardware.exe,32671232
123041,1790398085546,HpDrvPre.sys,19128
123041,1790398085546,MpCmdRun-13-421CFC91-A93E-42AB-A35C-F06F127FCC44.lock,0
123041,1790398085562,MpCmdRun.log,18274
123041,1790398085562,MpSigStub.log,7992
123041,1790398085577,SYS32_Hardware.exe,32671232
123604,1790398086109,HpDrvPre.sys,19128
123604,1790398086109,MpCmdRun-13-421CFC91-A93E-42AB-A35C-F06F127FCC44.lock,0
123604,1790398086124,MpCmdRun.log,18274
123604,1790398086124,MpSigStub.log,7992
123604,1790398086140,SYS32_Hardware.exe,32671232
124150,1790398086656,HpDrvPre.sys,19128
124150,1790398086656,MpCmdRun-13-421CFC91-A93E-42AB-A35C-F06F127FCC44.lock,0
124150,1790398086656,MpCmdRun.log,18274
124150,1790398086671,MpSigStub.log,7992
124150,1790398086687,SYS32_Hardware.exe,32671232
124697,1790398087202,HpDrvPre.sys,19128
124697,1790398087202,MpCmdRun-13-421CFC91-A93E-42AB-A35C-F06F127FCC44.lock,0
124697,1790398087218,MpCmdRun.log,18274
124697,1790398087218,MpSigStub.log,7992
124697,1790398087234,SYS32_Hardware.exe,32671232
125245,1790398087749,HpDrvPre.sys,19128
125245,1790398087749,MpCmdRun-13-421CFC91-A93E-42AB-A35C-F06F127FCC44.lock,0
125245,1790398087749,MpCmdRun.log,18274
125245,1790398087765,MpSigStub.log,7992
125245,1790398087765,SYS32_Hardware.exe,32671232
125791,1790398088296,HpDrvPre.sys,19128
125791,1790398088296,MpCmdRun-13-421CFC91-A93E-42AB-A35C-F06F127FCC44.lock,0
125791,1790398088296,MpCmdRun.log,18274
125791,1790398088312,MpSigStub.log,7992
125791,1790398088327,SYS32_Hardware.exe,32671232
126338,1790398088843,HpDrvPre.sys,19128
126338,1790398088843,MpCmdRun-13-421CFC91-A93E-42AB-A35C-F06F127FCC44.lock,0
126338,1790398088843,MpCmdRun.log,18274
126338,1790398088859,MpSigStub.log,7992
126338,1790398088874,SYS32_Hardware.exe,32671232
126885,1790398089390,HpDrvPre.sys,19128
126885,1790398089390,MpCmdRun-13-421CFC91-A93E-42AB-A35C-F06F127FCC44.lock,0
126885,1790398089390,MpCmdRun.log,18274
126885,1790398089406,MpSigStub.log,7992
126885,1790398089421,SYS32_Hardware.exe,32671232
127416,1790398089921,HpDrvPre.sys,19128
127416,1790398089921,MpCmdRun-13-421CFC91-A93E-42AB-A35C-F06F127FCC44.lock,0
127416,1790398089921,MpCmdRun.log,18274
127416,1790398089937,MpSigStub.log,7992
127416,1790398089952,SYS32_Hardware.exe,32671232
127978,1790398090484,HpDrvPre.sys,19128
127978,1790398090484,MpCmdRun-13-421CFC91-A93E-42AB-A35C-F06F127FCC44.lock,0
127978,1790398090499,MpCmdRun.log,18274
127978,1790398090499,MpSigStub.log,7992
127978,1790398090515,SYS32_Hardware.exe,32671232
128543,1790398091046,HpDrvPre.sys,19128
128543,1790398091046,MpCmdRun-13-421CFC91-A93E-42AB-A35C-F06F127FCC44.lock,0
128543,1790398091046,MpCmdRun.log,18274
128543,1790398091062,MpSigStub.log,7992
128543,1790398091062,SYS32_Hardware.exe,32671232
129088,1790398091593,HpDrvPre.sys,19128
129088,1790398091593,MpCmdRun-13-421CFC91-A93E-42AB-A35C-F06F127FCC44.lock,0
129088,1790398091593,MpCmdRun.log,18274
129088,1790398091609,MpSigStub.log,7992
129088,1790398091624,SYS32_Hardware.exe,32671232
129635,1790398092140,HpDrvPre.sys,19128
129635,1790398092140,MpCmdRun-13-421CFC91-A93E-42AB-A35C-F06F127FCC44.lock,0
129635,1790398092140,MpCmdRun.log,18274
129635,1790398092156,MpSigStub.log,7992
129635,1790398092156,SYS32_Hardware.exe,32671232
130182,1790398092687,HpDrvPre.sys,19128
130182,1790398092687,MpCmdRun-13-421CFC91-A93E-42AB-A35C-F06F127FCC44.lock,0
130182,1790398092687,MpCmdRun.log,18274
130182,1790398092702,MpSigStub.log,7992
130182,1790398092702,SYS32_Hardware.exe,32671232
130744,1790398093249,HpDrvPre.sys,19128
130744,1790398093249,MpCmdRun-13-421CFC91-A93E-42AB-A35C-F06F127FCC44.lock,0
130744,1790398093265,MpCmdRun.log,18274
130744,1790398093265,MpSigStub.log,7992
130744,1790398093265,SYS32_Hardware.exe,32671232
131291,1790398093796,HpDrvPre.sys,19128
131291,1790398093796,MpCmdRun-13-421CFC91-A93E-42AB-A35C-F06F127FCC44.lock,0
131291,1790398093796,MpCmdRun.log,18274
131291,1790398093812,MpSigStub.log,7992
131291,1790398093812,SYS32_Hardware.exe,32671232
131838,1790398094343,HpDrvPre.sys,19128
131838,1790398094343,MpCmdRun-13-421CFC91-A93E-42AB-A35C-F06F127FCC44.lock,0
131838,1790398094359,MpCmdRun.log,18274
131838,1790398094359,MpSigStub.log,7992
131838,1790398094374,SYS32_Hardware.exe,32671232
132369,1790398094874,HpDrvPre.sys,19128
132369,1790398094874,MpCmdRun-13-421CFC91-A93E-42AB-A35C-F06F127FCC44.lock,0
132369,1790398094874,MpCmdRun.log,18274
132369,1790398094890,MpSigStub.log,7992
132369,1790398094906,SYS32_Hardware.exe,32671232
132932,1790398095437,HpDrvPre.sys,19128
132932,1790398095437,MpCmdRun-13-421CFC91-A93E-42AB-A35C-F06F127FCC44.lock,0
132932,1790398095437,MpCmdRun.log,18274
132932,1790398095452,MpSigStub.log,7992
132932,1790398095452,SYS32_Hardware.exe,32671232
133463,1790398095968,HpDrvPre.sys,19128
133463,1790398095968,MpCmdRun-13-421CFC91-A93E-42AB-A35C-F06F127FCC44.lock,0
133463,1790398095984,MpCmdRun.log,18274
133463,1790398095984,MpSigStub.log,7992
133463,1790398095984,SYS32_Hardware.exe,32671232
133995,1790398096499,HpDrvPre.sys,19128
133995,1790398096499,MpCmdRun-13-421CFC91-A93E-42AB-A35C-F06F127FCC44.lock,0
133995,1790398096499,MpCmdRun.log,18274
133995,1790398096515,MpSigStub.log,7992
133995,1790398096531,SYS32_Hardware.exe,32671232
134541,1790398097046,HpDrvPre.sys,19128
134541,1790398097046,MpCmdRun-13-421CFC91-A93E-42AB-A35C-F06F127FCC44.lock,0
134541,1790398097046,MpCmdRun.log,18274
134541,1790398097062,MpSigStub.log,7992
134541,1790398097062,SYS32_Hardware.exe,32671232
135088,1790398097593,HpDrvPre.sys,19128
135088,1790398097593,MpCmdRun-13-421CFC91-A93E-42AB-A35C-F06F127FCC44.lock,0
135088,1790398097593,MpCmdRun.log,18274
135088,1790398097609,MpSigStub.log,7992
135088,1790398097624,SYS32_Hardware.exe,32671232
135635,1790398098140,HpDrvPre.sys,19128
135635,1790398098140,MpCmdRun-13-421CFC91-A93E-42AB-A35C-F06F127FCC44.lock,0
135635,1790398098140,MpCmdRun.log,18274
135635,1790398098156,MpSigStub.log,7992
135635,1790398098156,SYS32_Hardware.exe,32671232
136182,1790398098687,HpDrvPre.sys,19128
136182,1790398098687,MpCmdRun-13-421CFC91-A93E-42AB-A35C-F06F127FCC44.lock,0
136182,1790398098687,MpCmdRun.log,18274
136182,1790398098702,MpSigStub.log,7992
136182,1790398098702,SYS32_Hardware.exe,32671232
136720,1790398099225,HpDrvPre.sys,19128
136720,1790398099225,MpCmdRun-13-421CFC91-A93E-42AB-A35C-F06F127FCC44.lock,0
136720,1790398099225,MpCmdRun.log,18274
136720,1790398099241,MpSigStub.log,7992
136720,1790398099256,SYS32_Hardware.exe,32671232
137252,1790398099756,HpDrvPre.sys,19128
137252,1790398099756,MpCmdRun-13-421CFC91-A93E-42AB-A35C-F06F127FCC44.lock,0
137252,1790398099772,MpCmdRun.log,18274
137252,1790398099772,MpSigStub.log,7992
137252,1790398099772,SYS32_Hardware.exe,32671232
137798,1790398100303,HpDrvPre.sys,19128
137798,1790398100303,MpCmdRun-13-421CFC91-A93E-42AB-A35C-F06F127FCC44.lock,0
137798,1790398100303,MpCmdRun.log,18274
137798,1790398100319,MpSigStub.log,7992
137798,1790398100334,SYS32_Hardware.exe,32671232
138361,1790398100866,HpDrvPre.sys,19128
138361,1790398100866,MpCmdRun-13-421CFC91-A93E-42AB-A35C-F06F127FCC44.lock,0
138361,1790398100866,MpCmdRun.log,18274
138361,1790398100881,MpSigStub.log,7992
138361,1790398100897,SYS32_Hardware.exe,32671232
138913,1790398101417,HpDrvPre.sys,19128
138913,1790398101417,MpCmdRun-13-421CFC91-A93E-42AB-A35C-F06F127FCC44.lock,0
138913,1790398101432,MpCmdRun.log,18274
138913,1790398101432,MpSigStub.log,7992
138913,1790398101448,SYS32_Hardware.exe,32671232
139459,1790398101964,HpDrvPre.sys,19128
139459,1790398101964,MpCmdRun-13-421CFC91-A93E-42AB-A35C-F06F127FCC44.lock,0
139459,1790398101979,MpCmdRun.log,18274
139459,1790398101979,MpSigStub.log,7992
139459,1790398101995,SYS32_Hardware.exe,32671232
140005,1790398102510,HpDrvPre.sys,19128
140005,1790398102510,MpCmdRun-13-421CFC91-A93E-42AB-A35C-F06F127FCC44.lock,0
140005,1790398102510,MpCmdRun.log,18274
140005,1790398102526,MpSigStub.log,7992
140005,1790398102526,SYS32_Hardware.exe,32671232
140568,1790398103073,HpDrvPre.sys,19128
140568,1790398103073,MpCmdRun-13-421CFC91-A93E-42AB-A35C-F06F127FCC44.lock,0
140568,1790398103073,MpCmdRun.log,18274
140568,1790398103089,MpSigStub.log,7992
140568,1790398103089,SYS32_Hardware.exe,32671232
141099,1790398103604,HpDrvPre.sys,19128
141099,1790398103604,MpCmdRun-13-421CFC91-A93E-42AB-A35C-F06F127FCC44.lock,0
141099,1790398103604,MpCmdRun.log,18274
141099,1790398103620,MpSigStub.log,7992
141099,1790398103620,SYS32_Hardware.exe,32671232
141647,1790398104151,HpDrvPre.sys,19128
141647,1790398104151,MpCmdRun-13-421CFC91-A93E-42AB-A35C-F06F127FCC44.lock,0
141647,1790398104151,MpCmdRun.log,18274
141647,1790398104167,MpSigStub.log,7992
141647,1790398104182,SYS32_Hardware.exe,32671232
142177,1790398104682,HpDrvPre.sys,19128
142177,1790398104682,MpCmdRun-13-421CFC91-A93E-42AB-A35C-F06F127FCC44.lock,0
142177,1790398104682,MpCmdRun.log,18274
142177,1790398104698,MpSigStub.log,7992
142177,1790398104714,SYS32_Hardware.exe,32671232
142740,1790398105245,HpDrvPre.sys,19128
142740,1790398105245,MpCmdRun-13-421CFC91-A93E-42AB-A35C-F06F127FCC44.lock,0
142740,1790398105245,MpCmdRun.log,18274
142740,1790398105260,MpSigStub.log,7992
142740,1790398105276,SYS32_Hardware.exe,32671232
143272,1790398105792,HpDrvPre.sys,19128
143272,1790398105792,MpCmdRun-13-421CFC91-A93E-42AB-A35C-F06F127FCC44.lock,0
143272,1790398105792,MpCmdRun.log,18274
143272,1790398105807,MpSigStub.log,7992
143272,1790398105807,SYS32_Hardware.exe,32671232
143819,1790398106323,HpDrvPre.sys,19128
143819,1790398106323,MpCmdRun-13-421CFC91-A93E-42AB-A35C-F06F127FCC44.lock,0
143819,1790398106323,MpCmdRun.log,18274
143819,1790398106339,MpSigStub.log,7992
143819,1790398106354,SYS32_Hardware.exe,32671232
144365,1790398106870,HpDrvPre.sys,19128
144365,1790398106870,MpCmdRun-13-421CFC91-A93E-42AB-A35C-F06F127FCC44.lock,0
144365,1790398106870,MpCmdRun.log,18274
144365,1790398106885,MpSigStub.log,7992
144365,1790398106885,SYS32_Hardware.exe,32671232
144913,1790398107417,HpDrvPre.sys,19128
144913,1790398107417,MpCmdRun-13-421CFC91-A93E-42AB-A35C-F06F127FCC44.lock,0
144913,1790398107417,MpCmdRun.log,18274
144913,1790398107432,MpSigStub.log,7992
144913,1790398107432,SYS32_Hardware.exe,32671232
145443,1790398107948,HpDrvPre.sys,19128
145443,1790398107948,MpCmdRun-13-421CFC91-A93E-42AB-A35C-F06F127FCC44.lock,0
145443,1790398107948,MpCmdRun.log,18274
145443,1790398107964,MpSigStub.log,7992
145443,1790398107979,SYS32_Hardware.exe,32671232
145975,1790398108479,HpDrvPre.sys,19128
145975,1790398108479,MpCmdRun-13-421CFC91-A93E-42AB-A35C-F06F127FCC44.lock,0
145975,1790398108495,MpCmdRun.log,18274
145975,1790398108495,MpSigStub.log,7992
145975,1790398108510,SYS32_Hardware.exe,32671232
146552,1790398109057,HpDrvPre.sys,19128
146552,1790398109057,MpCmdRun-13-421CFC91-A93E-42AB-A35C-F06F127FCC44.lock,0
146552,1790398109057,MpCmdRun.log,18274
146552,1790398109073,MpSigStub.log,7992
146552,1790398109073,SYS32_Hardware.exe,32671232
147099,1790398109604,HpDrvPre.sys,19128
147099,1790398109604,MpCmdRun-13-421CFC91-A93E-42AB-A35C-F06F127FCC44.lock,0
147099,1790398109604,MpCmdRun.log,18274
147099,1790398109620,MpSigStub.log,7992
147099,1790398109620,SYS32_Hardware.exe,32671232
147631,1790398110135,HpDrvPre.sys,19128
147631,1790398110135,MpCmdRun-13-421CFC91-A93E-42AB-A35C-F06F127FCC44.lock,0
147631,1790398110135,MpCmdRun.log,18274
147631,1790398110151,MpSigStub.log,7992
147631,1790398110167,SYS32_Hardware.exe,32671232
148162,1790398110667,HpDrvPre.sys,19128
148162,1790398110667,MpCmdRun-13-421CFC91-A93E-42AB-A35C-F06F127FCC44.lock,0
148162,1790398110667,MpCmdRun.log,18274
148162,1790398110682,MpSigStub.log,7992
148162,1790398110698,SYS32_Hardware.exe,32671232
148725,1790398111229,HpDrvPre.sys,19128
148725,1790398111229,MpCmdRun-13-421CFC91-A93E-42AB-A35C-F06F127FCC44.lock,0
148725,1790398111245,MpCmdRun.log,18274
148725,1790398111245,MpSigStub.log,7992
148725,1790398111260,SYS32_Hardware.exe,32671232
149271,1790398111776,HpDrvPre.sys,19128
149271,1790398111776,MpCmdRun-13-421CFC91-A93E-42AB-A35C-F06F127FCC44.lock,0
149271,1790398111792,MpCmdRun.log,18274
149271,1790398111792,MpSigStub.log,7992
149271,1790398111792,SYS32_Hardware.exe,32671232
149818,1790398112370,HpDrvPre.sys,19128
149818,1790398112385,MpCmdRun-13-421CFC91-A93E-42AB-A35C-F06F127FCC44.lock,0
149818,1790398112432,MpCmdRun.log,18274
149818,1790398112448,MpSigStub.log,7992
149818,1790398112448,SYS32_Hardware.exe,32671232
150475,1790398112979,HpDrvPre.sys,19128
150475,1790398112979,MpCmdRun-13-421CFC91-A93E-42AB-A35C-F06F127FCC44.lock,0
150475,1790398112995,MpCmdRun.log,18274
150475,1790398112995,MpSigStub.log,7992
150475,1790398113010,SYS32_Hardware.exe,32671232
151024,1790398113682,HpDrvPre.sys,19128
151024,1790398114292,MpCmdRun-13-421CFC91-A93E-42AB-A35C-F06F127FCC44.lock,0
151024,1790398114479,MpCmdRun.log,18274
151024,1790398114495,MpSigStub.log,7992
151024,1790398114495,SYS32_Hardware.exe,32671232
152755,1790398115260,HpDrvPre.sys,19128
152755,1790398115260,MpCmdRun-13-421CFC91-A93E-42AB-A35C-F06F127FCC44.lock,0
152755,1790398115260,MpCmdRun.log,18274
152755,1790398115276,MpSigStub.log,7992
152755,1790398115292,SYS32_Hardware.exe,32671232
153302,1790398115807,HpDrvPre.sys,19128
153302,1790398115807,MpCmdRun-13-421CFC91-A93E-42AB-A35C-F06F127FCC44.lock,0
153302,1790398115807,MpCmdRun.log,18274
153302,1790398115823,MpSigStub.log,7992
153302,1790398115839,SYS32_Hardware.exe,32671232
153834,1790398116339,HpDrvPre.sys,19128
153834,1790398116339,MpCmdRun-13-421CFC91-A93E-42AB-A35C-F06F127FCC44.lock,0
153834,1790398116354,MpCmdRun.log,18274
153834,1790398116354,MpSigStub.log,7992
153834,1790398116370,SYS32_Hardware.exe,32671232
154365,1790398116870,HpDrvPre.sys,19128
154365,1790398116870,MpCmdRun-13-421CFC91-A93E-42AB-A35C-F06F127FCC44.lock,0
154365,1790398116870,MpCmdRun.log,18274
154365,1790398116885,MpSigStub.log,7992
154365,1790398116901,SYS32_Hardware.exe,32671232
154912,1790398117417,HpDrvPre.sys,19128
154912,1790398117417,MpCmdRun-13-421CFC91-A93E-42AB-A35C-F06F127FCC44.lock,0
154912,1790398117432,MpCmdRun.log,18274
154912,1790398117432,MpSigStub.log,7992
154912,1790398117448,SYS32_Hardware.exe,32671232
155447,1790398117952,HpDrvPre.sys,19128
155447,1790398117952,MpCmdRun-13-421CFC91-A93E-42AB-A35C-F06F127FCC44.lock,0
155447,1790398117967,MpCmdRun.log,18274
155447,1790398117967,MpSigStub.log,7992
155447,1790398117999,SYS32_Hardware.exe,32671232
156009,1790398118514,HpDrvPre.sys,19128
156009,1790398118514,MpCmdRun-13-421CFC91-A93E-42AB-A35C-F06F127FCC44.lock,0
156009,1790398118530,MpCmdRun.log,18274
156009,1790398118530,MpSigStub.log,7992
156009,1790398118545,SYS32_Hardware.exe,32671232
156556,1790398119061,HpDrvPre.sys,19128
156556,1790398119061,MpCmdRun-13-421CFC91-A93E-42AB-A35C-F06F127FCC44.lock,0
156556,1790398119061,MpCmdRun.log,18274
156556,1790398119077,MpSigStub.log,7992
156556,1790398119077,SYS32_Hardware.exe,32671232
157103,1790398119608,HpDrvPre.sys,19128
157103,1790398119608,MpCmdRun-13-421CFC91-A93E-42AB-A35C-F06F127FCC44.lock,0
157103,1790398119608,MpCmdRun.log,18274
157103,1790398119624,MpSigStub.log,7992
157103,1790398119639,SYS32_Hardware.exe,32671232
157634,1790398120139,HpDrvPre.sys,19128
157634,1790398120139,MpCmdRun-13-421CFC91-A93E-42AB-A35C-F06F127FCC44.lock,0
157634,1790398120139,MpCmdRun.log,18274
157634,1790398120155,MpSigStub.log,7992
157634,1790398120170,SYS32_Hardware.exe,32671232
158165,1790398120670,HpDrvPre.sys,19128
158165,1790398120670,MpCmdRun-13-421CFC91-A93E-42AB-A35C-F06F127FCC44.lock,0
158165,1790398120670,MpCmdRun.log,18274
158165,1790398120686,MpSigStub.log,7992
158165,1790398120686,SYS32_Hardware.exe,32671232
158712,1790398121217,HpDrvPre.sys,19128
158712,1790398121217,MpCmdRun-13-421CFC91-A93E-42AB-A35C-F06F127FCC44.lock,0
158712,1790398121217,MpCmdRun.log,18274
158712,1790398121233,MpSigStub.log,7992
158712,1790398121249,SYS32_Hardware.exe,32671232
159244,1790398121749,HpDrvPre.sys,19128
159244,1790398121749,MpCmdRun-13-421CFC91-A93E-42AB-A35C-F06F127FCC44.lock,0
159244,1790398121749,MpCmdRun.log,18274
159244,1790398121764,MpSigStub.log,7992
159244,1790398121780,SYS32_Hardware.exe,32671232
159775,1790398122280,HpDrvPre.sys,19128
159775,1790398122280,MpCmdRun-13-421CFC91-A93E-42AB-A35C-F06F127FCC44.lock,0
159775,1790398122280,MpCmdRun.log,18274
159775,1790398122295,MpSigStub.log,7992
159775,1790398122311,SYS32_Hardware.exe,32671232
160337,1790398122842,HpDrvPre.sys,19128
160337,1790398122842,MpCmdRun-13-421CFC91-A93E-42AB-A35C-F06F127FCC44.lock,0
160337,1790398122858,MpCmdRun.log,18274
160337,1790398122858,MpSigStub.log,7992
160337,1790398122874,SYS32_Hardware.exe,32671232
160900,1790398123405,HpDrvPre.sys,19128
160900,1790398123405,MpCmdRun-13-421CFC91-A93E-42AB-A35C-F06F127FCC44.lock,0
160900,1790398123420,MpCmdRun.log,18274
160900,1790398123420,MpSigStub.log,7992
160900,1790398123436,SYS32_Hardware.exe,32671232
161448,1790398123952,HpDrvPre.sys,19128
161448,1790398123952,MpCmdRun-13-421CFC91-A93E-42AB-A35C-F06F127FCC44.lock,0
161448,1790398123983,MpCmdRun.log,18274
161448,1790398123999,MpSigStub.log,7992
161448,1790398124014,SYS32_Hardware.exe,32671232
162025,1790398124530,HpDrvPre.sys,19128
162025,1790398124530,MpCmdRun-13-421CFC91-A93E-42AB-A35C-F06F127FCC44.lock,0
162025,1790398124530,MpCmdRun.log,18274
162025,1790398124545,MpSigStub.log,7992
162025,1790398124545,SYS32_Hardware.exe,32671232
162571,1790398125077,HpDrvPre.sys,19128
162571,1790398125077,MpCmdRun-13-421CFC91-A93E-42AB-A35C-F06F127FCC44.lock,0
162571,1790398125077,MpCmdRun.log,18274
162571,1790398125092,MpSigStub.log,7992
162571,1790398125092,SYS32_Hardware.exe,32671232
163103,1790398125608,HpDrvPre.sys,19128
163103,1790398125608,MpCmdRun-13-421CFC91-A93E-42AB-A35C-F06F127FCC44.lock,0
163103,1790398125608,MpCmdRun.log,18274
163103,1790398125624,MpSigStub.log,7992
163103,1790398125639,SYS32_Hardware.exe,32671232
163634,1790398126139,HpDrvPre.sys,19128
163634,1790398126139,MpCmdRun-13-421CFC91-A93E-42AB-A35C-F06F127FCC44.lock,0
163634,1790398126139,MpCmdRun.log,18274
163634,1790398126155,MpSigStub.log,7992
163634,1790398126170,SYS32_Hardware.exe,32671232
164182,1790398126686,HpDrvPre.sys,19128
164182,1790398126686,MpCmdRun-13-421CFC91-A93E-42AB-A35C-F06F127FCC44.lock,0
164182,1790398126702,MpCmdRun.log,18274
164182,1790398126702,MpSigStub.log,7992
164182,1790398126717,SYS32_Hardware.exe,32671232
164728,1790398127233,HpDrvPre.sys,19128
164728,1790398127233,MpCmdRun-13-421CFC91-A93E-42AB-A35C-F06F127FCC44.lock,0
164728,1790398127249,MpCmdRun.log,18274
164728,1790398127249,MpSigStub.log,7992
164728,1790398127264,SYS32_Hardware.exe,32671232
165275,1790398127780,HpDrvPre.sys,19128
165275,1790398127780,MpCmdRun-13-421CFC91-A93E-42AB-A35C-F06F127FCC44.lock,0
165275,1790398127811,MpCmdRun.log,18274
165275,1790398127827,MpSigStub.log,7992
165275,1790398127827,SYS32_Hardware.exe,32671232
165869,1790398128374,HpDrvPre.sys,19128
165869,1790398128374,MpCmdRun-13-421CFC91-A93E-42AB-A35C-F06F127FCC44.lock,0
165869,1790398128374,MpCmdRun.log,18274
165869,1790398128389,MpSigStub.log,7992
165869,1790398128405,SYS32_Hardware.exe,32671232
166407,1790398128912,HpDrvPre.sys,19128
166407,1790398128912,MpCmdRun-13-421CFC91-A93E-42AB-A35C-F06F127FCC44.lock,0
166407,1790398128928,MpCmdRun.log,18274
166407,1790398128928,MpSigStub.log,7992
166407,1790398128928,SYS32_Hardware.exe,32671232
166970,1790398129475,HpDrvPre.sys,19128
166970,1790398129475,MpCmdRun-13-421CFC91-A93E-42AB-A35C-F06F127FCC44.lock,0
166970,1790398129475,MpCmdRun.log,18274
166970,1790398129491,MpSigStub.log,7992
166970,1790398129506,SYS32_Hardware.exe,32671232
167517,1790398130022,HpDrvPre.sys,19128
167517,1790398130022,MpCmdRun-13-421CFC91-A93E-42AB-A35C-F06F127FCC44.lock,0
167517,1790398130037,MpCmdRun.log,18274
167517,1790398130037,MpSigStub.log,7992
167517,1790398130037,SYS32_Hardware.exe,32671232
168048,1790398130553,HpDrvPre.sys,19128
168048,1790398130553,MpCmdRun-13-421CFC91-A93E-42AB-A35C-F06F127FCC44.lock,0
168048,1790398130553,MpCmdRun.log,18274
168048,1790398130569,MpSigStub.log,7992
168048,1790398130569,SYS32_Hardware.exe,32671232
168610,1790398131116,HpDrvPre.sys,19128
168610,1790398131116,MpCmdRun-13-421CFC91-A93E-42AB-A35C-F06F127FCC44.lock,0
168610,1790398131116,MpCmdRun.log,18274
168610,1790398131147,MpSigStub.log,7992
168610,1790398131147,SYS32_Hardware.exe,32671232
169158,1790398131663,HpDrvPre.sys,19128
169158,1790398131678,MpCmdRun-13-421CFC91-A93E-42AB-A35C-F06F127FCC44.lock,0
169158,1790398131694,MpCmdRun.log,18274
169158,1790398131709,MpSigStub.log,7992
169158,1790398131741,SYS32_Hardware.exe,32671232
169752,1790398132257,HpDrvPre.sys,19128
169752,1790398132257,MpCmdRun-13-421CFC91-A93E-42AB-A35C-F06F127FCC44.lock,0
169752,1790398132257,MpCmdRun.log,18274
169752,1790398132273,MpSigStub.log,7992
169752,1790398132289,SYS32_Hardware.exe,32671232
170300,1790398132805,HpDrvPre.sys,19128
170300,1790398132805,MpCmdRun-13-421CFC91-A93E-42AB-A35C-F06F127FCC44.lock,0
170300,1790398132821,MpCmdRun.log,18274
170300,1790398132821,MpSigStub.log,7992
170300,1790398132836,SYS32_Hardware.exe,32671232
170864,1790398133399,HpDrvPre.sys,19128
170864,1790398133399,MpCmdRun-13-421CFC91-A93E-42AB-A35C-F06F127FCC44.lock,0
170864,1790398133477,MpCmdRun.log,18274
170864,1790398133492,MpSigStub.log,7992
170864,1790398133492,SYS32_Hardware.exe,32671232
171519,1790398134024,HpDrvPre.sys,19128
171519,1790398134024,MpCmdRun-13-421CFC91-A93E-42AB-A35C-F06F127FCC44.lock,0
171519,1790398134039,MpCmdRun.log,18274
171519,1790398134039,MpSigStub.log,7992
171519,1790398134055,SYS32_Hardware.exe,32671232
172066,1790398134571,HpDrvPre.sys,19128
172066,1790398134571,MpCmdRun-13-421CFC91-A93E-42AB-A35C-F06F127FCC44.lock,0
172066,1790398134571,MpCmdRun.log,18274
172066,1790398134586,MpSigStub.log,7992
172066,1790398134602,SYS32_Hardware.exe,32671232
172644,1790398135149,HpDrvPre.sys,19128
172644,1790398135149,MpCmdRun-13-421CFC91-A93E-42AB-A35C-F06F127FCC44.lock,0
172644,1790398135149,MpCmdRun.log,18274
172644,1790398135164,MpSigStub.log,7992
172644,1790398135180,SYS32_Hardware.exe,32671232
173175,1790398135680,HpDrvPre.sys,19128
173175,1790398135680,MpCmdRun-13-421CFC91-A93E-42AB-A35C-F06F127FCC44.lock,0
173175,1790398135696,MpCmdRun.log,18274
173175,1790398135696,MpSigStub.log,7992
173175,1790398135711,SYS32_Hardware.exe,32671232
173722,1790398136227,HpDrvPre.sys,19128
173722,1790398136227,MpCmdRun-13-421CFC91-A93E-42AB-A35C-F06F127FCC44.lock,0
173722,1790398136242,MpCmdRun.log,18274
173722,1790398136242,MpSigStub.log,7992
173722,1790398136258,SYS32_Hardware.exe,32671232
174253,1790398136758,HpDrvPre.sys,19128
174253,1790398136758,MpCmdRun-13-421CFC91-A93E-42AB-A35C-F06F127FCC44.lock,0
174253,1790398136758,MpCmdRun.log,18274
174253,1790398136774,MpSigStub.log,7992
174253,1790398136774,SYS32_Hardware.exe,32671232
174815,1790398137321,HpDrvPre.sys,19128
174815,1790398137321,MpCmdRun-13-421CFC91-A93E-42AB-A35C-F06F127FCC44.lock,0
174815,1790398137321,MpCmdRun.log,18274
174815,1790398137336,MpSigStub.log,7992
174815,1790398137352,SYS32_Hardware.exe,32671232
175363,1790398137867,HpDrvPre.sys,19128
175363,1790398137867,MpCmdRun-13-421CFC91-A93E-42AB-A35C-F06F127FCC44.lock,0
175363,1790398137883,MpCmdRun.log,18274
175363,1790398137883,MpSigStub.log,7992
175363,1790398137899,SYS32_Hardware.exe,32671232
175909,1790398138414,HpDrvPre.sys,19128
175909,1790398138414,MpCmdRun-13-421CFC91-A93E-42AB-A35C-F06F127FCC44.lock,0
175909,1790398138414,MpCmdRun.log,18274
175909,1790398138430,MpSigStub.log,7992
175909,1790398138446,SYS32_Hardware.exe,32671232
176456,1790398138961,HpDrvPre.sys,19128
176456,1790398138961,MpCmdRun-13-421CFC91-A93E-42AB-A35C-F06F127FCC44.lock,0
176456,1790398138961,MpCmdRun.log,18274
176456,1790398138977,MpSigStub.log,7992
176456,1790398138977,SYS32_Hardware.exe,32671232
177019,1790398139524,HpDrvPre.sys,19128
177019,1790398139524,MpCmdRun-13-421CFC91-A93E-42AB-A35C-F06F127FCC44.lock,0
177019,1790398139524,MpCmdRun.log,18274
177019,1790398139539,MpSigStub.log,7992
177019,1790398139555,SYS32_Hardware.exe,32671232
177550,1790398140055,HpDrvPre.sys,19128
177550,1790398140055,MpCmdRun-13-421CFC91-A93E-42AB-A35C-F06F127FCC44.lock,0
177550,1790398140071,MpCmdRun.log,18274
177550,1790398140071,MpSigStub.log,7992
177550,1790398140086,SYS32_Hardware.exe,32671232
178097,1790398140602,HpDrvPre.sys,19128
178097,1790398140602,MpCmdRun-13-421CFC91-A93E-42AB-A35C-F06F127FCC44.lock,0
178097,1790398140617,MpCmdRun.log,18274
178097,1790398140617,MpSigStub.log,7992
178097,1790398140633,SYS32_Hardware.exe,32671232
178660,1790398141164,HpDrvPre.sys,19128
178660,1790398141164,MpCmdRun-13-421CFC91-A93E-42AB-A35C-F06F127FCC44.lock,0
178660,1790398141180,MpCmdRun.log,18274
178660,1790398141196,MpSigStub.log,7992
178660,1790398141196,SYS32_Hardware.exe,32671232
179191,1790398141696,HpDrvPre.sys,19128
179191,1790398141696,MpCmdRun-13-421CFC91-A93E-42AB-A35C-F06F127FCC44.lock,0
179191,1790398141696,MpCmdRun.log,18274
179191,1790398141711,MpSigStub.log,7992
179191,1790398141727,SYS32_Hardware.exe,32671232
179722,1790398142227,HpDrvPre.sys,19128
179722,1790398142227,MpCmdRun-13-421CFC91-A93E-42AB-A35C-F06F127FCC44.lock,0
179722,1790398142242,MpCmdRun.log,18274
179722,1790398142242,MpSigStub.log,7992
179722,1790398142258,SYS32_Hardware.exe,32671232
180268,1790398142774,HpDrvPre.sys,19128
180268,1790398142774,MpCmdRun-13-421CFC91-A93E-42AB-A35C-F06F127FCC44.lock,0
180268,1790398142774,MpCmdRun.log,18274
180268,1790398142789,MpSigStub.log,7992
180268,1790398142789,SYS32_Hardware.exe,32671232
180817,1790398143321,HpDrvPre.sys,19128
180817,1790398143321,MpCmdRun-13-421CFC91-A93E-42AB-A35C-F06F127FCC44.lock,0
180817,1790398143336,MpCmdRun.log,18274
180817,1790398143336,MpSigStub.log,7992
180817,1790398143352,SYS32_Hardware.exe,32671232
181363,1790398143867,HpDrvPre.sys,19128
181363,1790398143867,MpCmdRun-13-421CFC91-A93E-42AB-A35C-F06F127FCC44.lock,0
181363,1790398143883,MpCmdRun.log,18274
181363,1790398143914,MpSigStub.log,7992
181363,1790398143930,SYS32_Hardware.exe,32671232
181957,1790398144462,HpDrvPre.sys,19128
181957,1790398144462,MpCmdRun-13-421CFC91-A93E-42AB-A35C-F06F127FCC44.lock,0
181957,1790398144478,MpCmdRun.log,18274
181957,1790398144493,MpSigStub.log,7992
181957,1790398144525,SYS32_Hardware.exe,32671232
183206,1790398145712,HpDrvPre.sys,19128
183206,1790398145712,MpCmdRun-13-421CFC91-A93E-42AB-A35C-F06F127FCC44.lock,0
183206,1790398145743,MpCmdRun.log,18274
183206,1790398145884,MpSigStub.log,7992
183206,1790398145900,SYS32_Hardware.exe,32671232
183895,1790398146400,HpDrvPre.sys,19128
183895,1790398146400,MpCmdRun-13-421CFC91-A93E-42AB-A35C-F06F127FCC44.lock,0
183895,1790398146400,MpCmdRun.log,18274
183895,1790398146415,MpSigStub.log,7992
183895,1790398146415,SYS32_Hardware.exe,32671232
184457,1790398146962,HpDrvPre.sys,19128
184457,1790398146962,MpCmdRun-13-421CFC91-A93E-42AB-A35C-F06F127FCC44.lock,0
184457,1790398146962,MpCmdRun.log,18274
184457,1790398146978,MpSigStub.log,7992
184457,1790398146993,SYS32_Hardware.exe,32671232
185004,1790398147509,HpDrvPre.sys,19128
185004,1790398147509,MpCmdRun-13-421CFC91-A93E-42AB-A35C-F06F127FCC44.lock,0
185004,1790398147525,MpCmdRun.log,18274
185004,1790398147525,MpSigStub.log,7992
185004,1790398147556,SYS32_Hardware.exe,32671232
185566,1790398148072,HpDrvPre.sys,19128
185566,1790398148072,MpCmdRun-13-421CFC91-A93E-42AB-A35C-F06F127FCC44.lock,0
185566,1790398148072,MpCmdRun.log,18274
185566,1790398148087,MpSigStub.log,7992
185566,1790398148087,SYS32_Hardware.exe,32671232
186098,1790398148603,HpDrvPre.sys,19128
186098,1790398148603,MpCmdRun-13-421CFC91-A93E-42AB-A35C-F06F127FCC44.lock,0
186098,1790398148618,MpCmdRun.log,18274
186098,1790398148618,MpSigStub.log,7992
186098,1790398148634,SYS32_Hardware.exe,32671232
186661,1790398149165,HpDrvPre.sys,19128
186661,1790398149165,MpCmdRun-13-421CFC91-A93E-42AB-A35C-F06F127FCC44.lock,0
186661,1790398149181,MpCmdRun.log,18274
186661,1790398149197,MpSigStub.log,7992
186661,1790398149212,SYS32_Hardware.exe,32671232
187223,1790398149728,HpDrvPre.sys,19128
187223,1790398149728,MpCmdRun-13-421CFC91-A93E-42AB-A35C-F06F127FCC44.lock,0
187223,1790398149728,MpCmdRun.log,18274
187223,1790398149743,MpSigStub.log,7992
187223,1790398149743,SYS32_Hardware.exe,32671232
187754,1790398150259,HpDrvPre.sys,19128
187754,1790398150259,MpCmdRun-13-421CFC91-A93E-42AB-A35C-F06F127FCC44.lock,0
187754,1790398150259,MpCmdRun.log,18274
187754,1790398150275,MpSigStub.log,7992
187754,1790398150275,SYS32_Hardware.exe,32671232
188285,1790398150790,HpDrvPre.sys,19128
188285,1790398150790,MpCmdRun-13-421CFC91-A93E-42AB-A35C-F06F127FCC44.lock,0
188285,1790398150790,MpCmdRun.log,18274
188285,1790398150806,MpSigStub.log,7992
188285,1790398150806,SYS32_Hardware.exe,32671232
188832,1790398151337,HpDrvPre.sys,19128
188832,1790398151337,MpCmdRun-13-421CFC91-A93E-42AB-A35C-F06F127FCC44.lock,0
188832,1790398151337,MpCmdRun.log,18274
188832,1790398151353,MpSigStub.log,7992
188832,1790398151353,SYS32_Hardware.exe,32671232
189379,1790398151884,HpDrvPre.sys,19128
189379,1790398151884,MpCmdRun-13-421CFC91-A93E-42AB-A35C-F06F127FCC44.lock,0
189379,1790398151884,MpCmdRun.log,18274
189379,1790398151900,MpSigStub.log,7992
189379,1790398151900,SYS32_Hardware.exe,32671232
189926,1790398152431,HpDrvPre.sys,19128
189926,1790398152431,MpCmdRun-13-421CFC91-A93E-42AB-A35C-F06F127FCC44.lock,0
189926,1790398152431,MpCmdRun.log,18274
189926,1790398152447,MpSigStub.log,7992
189926,1790398152447,SYS32_Hardware.exe,32671232
190473,1790398152978,HpDrvPre.sys,19128
190473,1790398152978,MpCmdRun-13-421CFC91-A93E-42AB-A35C-F06F127FCC44.lock,0
190473,1790398152978,MpCmdRun.log,18274
190473,1790398152993,MpSigStub.log,7992
190473,1790398152993,SYS32_Hardware.exe,32671232
191029,1790398153534,HpDrvPre.sys,19128
191029,1790398153534,MpCmdRun-13-421CFC91-A93E-42AB-A35C-F06F127FCC44.lock,0
191029,1790398153534,MpCmdRun.log,18274
191029,1790398153550,MpSigStub.log,7992
191029,1790398153550,SYS32_Hardware.exe,32671232
191576,1790398154081,HpDrvPre.sys,19128
191576,1790398154081,MpCmdRun-13-421CFC91-A93E-42AB-A35C-F06F127FCC44.lock,0
191576,1790398154081,MpCmdRun.log,18274
191576,1790398154097,MpSigStub.log,7992
191576,1790398154097,SYS32_Hardware.exe,32671232
192107,1790398154612,HpDrvPre.sys,19128
192107,1790398154612,MpCmdRun-13-421CFC91-A93E-42AB-A35C-F06F127FCC44.lock,0
192107,1790398154612,MpCmdRun.log,18274
192107,1790398154628,MpSigStub.log,7992
192107,1790398154628,SYS32_Hardware.exe,32671232
192654,1790398155159,HpDrvPre.sys,19128
192654,1790398155159,MpCmdRun-13-421CFC91-A93E-42AB-A35C-F06F127FCC44.lock,0
192654,1790398155159,MpCmdRun.log,18274
192654,1790398155175,MpSigStub.log,7992
192654,1790398155175,SYS32_Hardware.exe,32671232
193217,1790398155722,HpDrvPre.sys,19128
193217,1790398155722,MpCmdRun-13-421CFC91-A93E-42AB-A35C-F06F127FCC44.lock,0
193217,1790398155722,MpCmdRun.log,18274
193217,1790398155737,MpSigStub.log,7992
193217,1790398155737,SYS32_Hardware.exe,32671232
193748,1790398156253,HpDrvPre.sys,19128
193748,1790398156253,MpCmdRun-13-421CFC91-A93E-42AB-A35C-F06F127FCC44.lock,0
193748,1790398156253,MpCmdRun.log,18274
193748,1790398156268,MpSigStub.log,7992
193748,1790398156284,SYS32_Hardware.exe,32671232
194279,1790398156784,HpDrvPre.sys,19128
194279,1790398156784,MpCmdRun-13-421CFC91-A93E-42AB-A35C-F06F127FCC44.lock,0
194279,1790398156784,MpCmdRun.log,18274
194279,1790398156800,MpSigStub.log,7992
194279,1790398156800,SYS32_Hardware.exe,32671232
194827,1790398157333,HpDrvPre.sys,19128
194827,1790398157333,MpCmdRun-13-421CFC91-A93E-42AB-A35C-F06F127FCC44.lock,0
194827,1790398157333,MpCmdRun.log,18274
194827,1790398157348,MpSigStub.log,7992
194827,1790398157364,SYS32_Hardware.exe,32671232
195358,1790398157864,HpDrvPre.sys,19128
195358,1790398157864,MpCmdRun-13-421CFC91-A93E-42AB-A35C-F06F127FCC44.lock,0
195358,1790398157864,MpCmdRun.log,18274
195358,1790398157879,MpSigStub.log,7992
195358,1790398157879,SYS32_Hardware.exe,32671232
195906,1790398158411,HpDrvPre.sys,19128
195906,1790398158411,MpCmdRun-13-421CFC91-A93E-42AB-A35C-F06F127FCC44.lock,0
195906,1790398158411,MpCmdRun.log,18274
195906,1790398158426,MpSigStub.log,7992
195906,1790398158426,SYS32_Hardware.exe,32671232
196437,1790398158942,HpDrvPre.sys,19128
196437,1790398158942,MpCmdRun-13-421CFC91-A93E-42AB-A35C-F06F127FCC44.lock,0
196437,1790398158942,MpCmdRun.log,18274
196437,1790398158958,MpSigStub.log,7992
196437,1790398158958,SYS32_Hardware.exe,32671232
196984,1790398159489,HpDrvPre.sys,19128
196984,1790398159489,MpCmdRun-13-421CFC91-A93E-42AB-A35C-F06F127FCC44.lock,0
196984,1790398159489,MpCmdRun.log,18274
196984,1790398159504,MpSigStub.log,7992
196984,1790398159504,SYS32_Hardware.exe,32671232
197515,1790398160020,HpDrvPre.sys,19128
197515,1790398160020,MpCmdRun-13-421CFC91-A93E-42AB-A35C-F06F127FCC44.lock,0
197515,1790398160020,MpCmdRun.log,18274
197515,1790398160036,MpSigStub.log,7992
197515,1790398160036,SYS32_Hardware.exe,32671232
198046,1790398160551,HpDrvPre.sys,19128
198046,1790398160551,MpCmdRun-13-421CFC91-A93E-42AB-A35C-F06F127FCC44.lock,0
198046,1790398160551,MpCmdRun.log,18274
198046,1790398160567,MpSigStub.log,7992
198046,1790398160567,SYS32_Hardware.exe,32671232
198593,1790398161098,HpDrvPre.sys,19128
198593,1790398161098,MpCmdRun-13-421CFC91-A93E-42AB-A35C-F06F127FCC44.lock,0
198593,1790398161098,MpCmdRun.log,18274
198593,1790398161114,MpSigStub.log,7992
198593,1790398161114,SYS32_Hardware.exe,32671232
199124,1790398161629,HpDrvPre.sys,19128
199124,1790398161629,MpCmdRun-13-421CFC91-A93E-42AB-A35C-F06F127FCC44.lock,0
199124,1790398161629,MpCmdRun.log,18274
199124,1790398161645,MpSigStub.log,7992
199124,1790398161645,SYS32_Hardware.exe,32671232
199656,1790398162161,HpDrvPre.sys,19128
199656,1790398162161,MpCmdRun-13-421CFC91-A93E-42AB-A35C-F06F127FCC44.lock,0
199656,1790398162161,MpCmdRun.log,18274
199656,1790398162176,MpSigStub.log,7992
199656,1790398162176,SYS32_Hardware.exe,32671232
200202,1790398162708,HpDrvPre.sys,19128
200202,1790398162708,MpCmdRun-13-421CFC91-A93E-42AB-A35C-F06F127FCC44.lock,0
200202,1790398162708,MpCmdRun.log,18274
200202,1790398162723,MpSigStub.log,7992
200202,1790398162723,SYS32_Hardware.exe,32671232
200765,1790398163270,HpDrvPre.sys,19128
200765,1790398163270,MpCmdRun-13-421CFC91-A93E-42AB-A35C-F06F127FCC44.lock,0
200765,1790398163270,MpCmdRun.log,18274
200765,1790398163286,MpSigStub.log,7992
200765,1790398163301,SYS32_Hardware.exe,32671232
201296,1790398163801,HpDrvPre.sys,19128
201296,1790398163801,MpCmdRun-13-421CFC91-A93E-42AB-A35C-F06F127FCC44.lock,0
201296,1790398163801,MpCmdRun.log,18274
201296,1790398163817,MpSigStub.log,7992
201296,1790398163817,SYS32_Hardware.exe,32671232
201828,1790398164333,HpDrvPre.sys,19128
201828,1790398164333,MpCmdRun-13-421CFC91-A93E-42AB-A35C-F06F127FCC44.lock,0
201828,1790398164348,MpCmdRun.log,18274
201828,1790398164364,MpSigStub.log,7992
201828,1790398164395,SYS32_Hardware.exe,32671232
202390,1790398164895,HpDrvPre.sys,19128
202390,1790398164895,MpCmdRun-13-421CFC91-A93E-42AB-A35C-F06F127FCC44.lock,0
202390,1790398164895,MpCmdRun.log,18274
202390,1790398164911,MpSigStub.log,7992
202390,1790398164911,SYS32_Hardware.exe,32671232
202921,1790398165426,HpDrvPre.sys,19128
202921,1790398165426,MpCmdRun-13-421CFC91-A93E-42AB-A35C-F06F127FCC44.lock,0
202921,1790398165442,MpCmdRun.log,18274
202921,1790398165442,MpSigStub.log,7992
202921,1790398165442,SYS32_Hardware.exe,32671232
203452,1790398165958,HpDrvPre.sys,19128
203452,1790398165958,MpCmdRun-13-421CFC91-A93E-42AB-A35C-F06F127FCC44.lock,0
203452,1790398165958,MpCmdRun.log,18274
203452,1790398165973,MpSigStub.log,7992
203452,1790398165973,SYS32_Hardware.exe,32671232
203999,1790398166504,HpDrvPre.sys,19128
203999,1790398166504,MpCmdRun-13-421CFC91-A93E-42AB-A35C-F06F127FCC44.lock,0
203999,1790398166504,MpCmdRun.log,18274
203999,1790398166520,MpSigStub.log,7992
203999,1790398166536,SYS32_Hardware.exe,32671232
204546,1790398167051,HpDrvPre.sys,19128
204546,1790398167051,MpCmdRun-13-421CFC91-A93E-42AB-A35C-F06F127FCC44.lock,0
204546,1790398167051,MpCmdRun.log,18274
204546,1790398167067,MpSigStub.log,7992
204546,1790398167067,SYS32_Hardware.exe,32671232
205093,1790398167598,HpDrvPre.sys,19128
205093,1790398167598,MpCmdRun-13-421CFC91-A93E-42AB-A35C-F06F127FCC44.lock,0
205093,1790398167598,MpCmdRun.log,18274
205093,1790398167614,MpSigStub.log,7992
205093,1790398167629,SYS32_Hardware.exe,32671232
205624,1790398168129,HpDrvPre.sys,19128
205624,1790398168129,MpCmdRun-13-421CFC91-A93E-42AB-A35C-F06F127FCC44.lock,0
205624,1790398168145,MpCmdRun.log,18274
205624,1790398168145,MpSigStub.log,7992
205624,1790398168145,SYS32_Hardware.exe,32671232
206172,1790398168676,HpDrvPre.sys,19128
206172,1790398168692,MpCmdRun-13-421CFC91-A93E-42AB-A35C-F06F127FCC44.lock,0
206172,1790398168739,MpCmdRun.log,18274
206172,1790398168770,MpSigStub.log,7992
206172,1790398168801,SYS32_Hardware.exe,32671232
206843,1790398169348,HpDrvPre.sys,19128
206843,1790398169348,MpCmdRun-13-421CFC91-A93E-42AB-A35C-F06F127FCC44.lock,0
206843,1790398169348,MpCmdRun.log,18274
206843,1790398169364,MpSigStub.log,7992
206843,1790398169364,SYS32_Hardware.exe,32671232
207390,1790398169895,HpDrvPre.sys,19128
207390,1790398169895,MpCmdRun-13-421CFC91-A93E-42AB-A35C-F06F127FCC44.lock,0
207390,1790398169895,MpCmdRun.log,18274
207390,1790398169911,MpSigStub.log,7992
207390,1790398169911,SYS32_Hardware.exe,32671232
207921,1790398170426,HpDrvPre.sys,19128
207921,1790398170426,MpCmdRun-13-421CFC91-A93E-42AB-A35C-F06F127FCC44.lock,0
207921,1790398170426,MpCmdRun.log,18274
207921,1790398170442,MpSigStub.log,7992
207921,1790398170442,SYS32_Hardware.exe,32671232
208468,1790398170973,HpDrvPre.sys,19128
208468,1790398170973,MpCmdRun-13-421CFC91-A93E-42AB-A35C-F06F127FCC44.lock,0
208468,1790398170973,MpCmdRun.log,18274
208468,1790398170989,MpSigStub.log,7992
208468,1790398170989,SYS32_Hardware.exe,32671232
209015,1790398171520,HpDrvPre.sys,19128
209015,1790398171520,MpCmdRun-13-421CFC91-A93E-42AB-A35C-F06F127FCC44.lock,0
209015,1790398171520,MpCmdRun.log,18274
209015,1790398171536,MpSigStub.log,7992
209015,1790398171536,SYS32_Hardware.exe,32671232
209546,1790398172051,HpDrvPre.sys,19128
209546,1790398172051,MpCmdRun-13-421CFC91-A93E-42AB-A35C-F06F127FCC44.lock,0
209546,1790398172051,MpCmdRun.log,18274
209546,1790398172067,MpSigStub.log,7992
209546,1790398172083,SYS32_Hardware.exe,32671232
210077,1790398172583,HpDrvPre.sys,19128
210077,1790398172583,MpCmdRun-13-421CFC91-A93E-42AB-A35C-F06F127FCC44.lock,0
210077,1790398172583,MpCmdRun.log,18274
210077,1790398172598,MpSigStub.log,7992
210077,1790398172598,SYS32_Hardware.exe,32671232
210625,1790398173129,HpDrvPre.sys,19128
210625,1790398173129,MpCmdRun-13-421CFC91-A93E-42AB-A35C-F06F127FCC44.lock,0
210625,1790398173129,MpCmdRun.log,18274
210625,1790398173145,MpSigStub.log,7992
210625,1790398173145,SYS32_Hardware.exe,32671232
211171,1790398173676,HpDrvPre.sys,19128
211171,1790398173676,MpCmdRun-13-421CFC91-A93E-42AB-A35C-F06F127FCC44.lock,0
211171,1790398173676,MpCmdRun.log,18274
211171,1790398173692,MpSigStub.log,7992
211171,1790398173692,SYS32_Hardware.exe,32671232
211704,1790398174210,HpDrvPre.sys,19128
211704,1790398174210,MpCmdRun-13-421CFC91-A93E-42AB-A35C-F06F127FCC44.lock,0
211704,1790398174210,MpCmdRun.log,18274
211704,1790398174225,MpSigStub.log,7992
211704,1790398174225,SYS32_Hardware.exe,32671232
212236,1790398174741,HpDrvPre.sys,19128
212236,1790398174741,MpCmdRun-13-421CFC91-A93E-42AB-A35C-F06F127FCC44.lock,0
212236,1790398174741,MpCmdRun.log,18274
212236,1790398174757,MpSigStub.log,7992
212236,1790398174772,SYS32_Hardware.exe,32671232
212799,1790398175303,HpDrvPre.sys,19128
212799,1790398175303,MpCmdRun-13-421CFC91-A93E-42AB-A35C-F06F127FCC44.lock,0
212799,1790398175303,MpCmdRun.log,18274
212799,1790398175319,MpSigStub.log,7992
212799,1790398175319,SYS32_Hardware.exe,32671232
213329,1790398175835,HpDrvPre.sys,19128
213329,1790398175835,MpCmdRun-13-421CFC91-A93E-42AB-A35C-F06F127FCC44.lock,0
213329,1790398175835,MpCmdRun.log,18274
213329,1790398175850,MpSigStub.log,7992
213329,1790398175866,SYS32_Hardware.exe,32671232
214111,1790398176616,HpDrvPre.sys,19128
214111,1790398176616,MpCmdRun-13-421CFC91-A93E-42AB-A35C-F06F127FCC44.lock,0
214111,1790398176616,MpCmdRun.log,18274
214111,1790398176632,MpSigStub.log,7992
214111,1790398176960,SYS32_Hardware.exe,32671232
215112,1790398177616,HpDrvPre.sys,19128
215112,1790398177616,MpCmdRun-13-421CFC91-A93E-42AB-A35C-F06F127FCC44.lock,0
215112,1790398177632,MpCmdRun.log,18274
215112,1790398177632,MpSigStub.log,7992
215112,1790398177632,SYS32_Hardware.exe,32671232
215642,1790398178147,HpDrvPre.sys,19128
215642,1790398178147,MpCmdRun-13-421CFC91-A93E-42AB-A35C-F06F127FCC44.lock,0
215642,1790398178147,MpCmdRun.log,18274
215642,1790398178163,MpSigStub.log,7992
215642,1790398178163,SYS32_Hardware.exe,32671232
216173,1790398178678,HpDrvPre.sys,19128
216173,1790398178678,MpCmdRun-13-421CFC91-A93E-42AB-A35C-F06F127FCC44.lock,0
216173,1790398178694,MpCmdRun.log,18274
216173,1790398178710,MpSigStub.log,7992
216173,1790398178710,SYS32_Hardware.exe,32671232
217001,1790398179538,HpDrvPre.sys,19128
217001,1790398179553,MpCmdRun-13-421CFC91-A93E-42AB-A35C-F06F127FCC44.lock,0
217001,1790398179632,MpCmdRun.log,18274
217001,1790398179647,MpSigStub.log,7992
217001,1790398179694,SYS32_Hardware.exe,32671232
217720,1790398180225,HpDrvPre.sys,19128
217720,1790398180225,MpCmdRun-13-421CFC91-A93E-42AB-A35C-F06F127FCC44.lock,0
217720,1790398180225,MpCmdRun.log,18274
217720,1790398180241,MpSigStub.log,7992
217720,1790398180241,SYS32_Hardware.exe,32671232
218252,1790398180757,HpDrvPre.sys,19128
218252,1790398180772,MpCmdRun-13-421CFC91-A93E-42AB-A35C-F06F127FCC44.lock,0
218252,1790398180772,MpCmdRun.log,18274
218252,1790398180788,MpSigStub.log,7992
218252,1790398180835,SYS32_Hardware.exe,32671232
218986,1790398181491,HpDrvPre.sys,19128
218986,1790398181491,MpCmdRun-13-421CFC91-A93E-42AB-A35C-F06F127FCC44.lock,0
218986,1790398181491,MpCmdRun.log,18274
218986,1790398181507,MpSigStub.log,7992
218986,1790398181507,SYS32_Hardware.exe,32671232
219517,1790398182022,HpDrvPre.sys,19128
219517,1790398182022,MpCmdRun-13-421CFC91-A93E-42AB-A35C-F06F127FCC44.lock,0
219517,1790398182022,MpCmdRun.log,18274
219517,1790398182038,MpSigStub.log,7992
219517,1790398182038,SYS32_Hardware.exe,32671232
220048,1790398182553,HpDrvPre.sys,19128
220048,1790398182553,MpCmdRun-13-421CFC91-A93E-42AB-A35C-F06F127FCC44.lock,0
220048,1790398182553,MpCmdRun.log,18274
220048,1790398182569,MpSigStub.log,7992
220048,1790398182569,SYS32_Hardware.exe,32671232
220596,1790398183116,HpDrvPre.sys,19128
220596,1790398183132,MpCmdRun-13-421CFC91-A93E-42AB-A35C-F06F127FCC44.lock,0
220596,1790398183163,MpCmdRun.log,18274
220596,1790398183194,MpSigStub.log,7992
220596,1790398183210,SYS32_Hardware.exe,32671232
221238,1790398183741,HpDrvPre.sys,19128
221238,1790398183741,MpCmdRun-13-421CFC91-A93E-42AB-A35C-F06F127FCC44.lock,0
221238,1790398183772,MpCmdRun.log,18274
221238,1790398183803,MpSigStub.log,7992
221238,1790398183835,SYS32_Hardware.exe,32671232
221845,1790398184350,HpDrvPre.sys,19128
221845,1790398184382,MpCmdRun-13-421CFC91-A93E-42AB-A35C-F06F127FCC44.lock,0
221845,1790398184382,MpCmdRun.log,18274
221845,1790398184397,MpSigStub.log,7992
221845,1790398184397,SYS32_Hardware.exe,32671232
222408,1790398184913,HpDrvPre.sys,19128
222408,1790398184913,MpCmdRun-13-421CFC91-A93E-42AB-A35C-F06F127FCC44.lock,0
222408,1790398184913,MpCmdRun.log,18274
222408,1790398184928,MpSigStub.log,7992
222408,1790398184944,SYS32_Hardware.exe,32671232
222955,1790398185460,HpDrvPre.sys,19128
222955,1790398185460,MpCmdRun-13-421CFC91-A93E-42AB-A35C-F06F127FCC44.lock,0
222955,1790398185460,MpCmdRun.log,18274
222955,1790398185475,MpSigStub.log,7992
222955,1790398185491,SYS32_Hardware.exe,32671232
223497,1790398186007,HpDrvPre.sys,19128
223497,1790398186022,MpCmdRun-13-421CFC91-A93E-42AB-A35C-F06F127FCC44.lock,0
223497,1790398186038,MpCmdRun.log,18274
223497,1790398186053,MpSigStub.log,7992
223497,1790398186069,__PSScriptPolicyTest_3wdjl0dn.twi.psm1,60
223497,1790398186428,CAPFAIL___PSScriptPolicyTest_3wdjl0dn.twi.psm1,-2015347364
223497,1790398186475,__PSScriptPolicyTest_b2q0zezn.xhg.ps1,60
223497,1790398186475,CAPFAIL___PSScriptPolicyTest_b2q0zezn.xhg.ps1,1532080690
223497,1790398186491,SYS32_Hardware.exe,32671232
224756,1790398187257,HpDrvPre.sys,19128
224756,1790398187257,MpCmdRun-13-421CFC91-A93E-42AB-A35C-F06F127FCC44.lock,0
224756,1790398187272,MpCmdRun.log,18274
224756,1790398187288,MpSigStub.log,7992
224756,1790398187303,SYS32_Hardware.exe,32671232
225361,1790398187866,HpDrvPre.sys,19128
225361,1790398187866,MpCmdRun-13-421CFC91-A93E-42AB-A35C-F06F127FCC44.lock,0
225361,1790398187882,MpCmdRun.log,18274
225361,1790398187882,MpSigStub.log,7992
225361,1790398187913,SYS32_Hardware.exe,32671232
225924,1790398188428,HpDrvPre.sys,19128
225924,1790398188428,MpCmdRun-13-421CFC91-A93E-42AB-A35C-F06F127FCC44.lock,0
225924,1790398188475,MpCmdRun.log,18274
225924,1790398188522,MpSigStub.log,7992
225924,1790398188522,SYS32_Hardware.exe,32671232
226581,1790398189085,HpDrvPre.sys,19128
226581,1790398189100,MpCmdRun-13-421CFC91-A93E-42AB-A35C-F06F127FCC44.lock,0
226581,1790398189100,MpCmdRun.log,18274
226581,1790398189116,MpSigStub.log,7992
226581,1790398189132,SYS32_Hardware.exe,32671232
227162,1790398189663,HpDrvPre.sys,19128
227162,1790398189663,MpCmdRun-13-421CFC91-A93E-42AB-A35C-F06F127FCC44.lock,0
227162,1790398189678,MpCmdRun.log,18274
227162,1790398189694,MpSigStub.log,7992
227162,1790398189710,SYS32_Hardware.exe,32671232
227737,1790398190241,HpDrvPre.sys,19128
227737,1790398190241,MpCmdRun-13-421CFC91-A93E-42AB-A35C-F06F127FCC44.lock,0
227737,1790398190257,MpCmdRun.log,18274
227737,1790398190257,MpSigStub.log,7992
227737,1790398190272,SYS32_Hardware.exe,32671232
228298,1790398190803,HpDrvPre.sys,19128
228298,1790398190803,MpCmdRun-13-421CFC91-A93E-42AB-A35C-F06F127FCC44.lock,0
228298,1790398190819,MpCmdRun.log,18274
228298,1790398190835,MpSigStub.log,7992
228298,1790398190850,SYS32_Hardware.exe,32671232
228923,1790398191428,HpDrvPre.sys,19128
228923,1790398191428,MpCmdRun-13-421CFC91-A93E-42AB-A35C-F06F127FCC44.lock,0
228923,1790398191460,MpCmdRun.log,18274
228923,1790398191475,MpSigStub.log,7992
228923,1790398191507,SYS32_Hardware.exe,32671232
229526,1790398192022,HpDrvPre.sys,19128
229526,1790398192038,MpCmdRun-13-421CFC91-A93E-42AB-A35C-F06F127FCC44.lock,0
229526,1790398192116,MpCmdRun.log,18274
229526,1790398192225,MpSigStub.log,7992
229526,1790398192241,SYS32_Hardware.exe,32671232
230324,1790398192850,HpDrvPre.sys,19128
230324,1790398192882,MpCmdRun-13-421CFC91-A93E-42AB-A35C-F06F127FCC44.lock,0
230324,1790398192913,MpCmdRun.log,18274
230324,1790398192944,MpSigStub.log,7992
230324,1790398192944,SYS32_Hardware.exe,32671232
231018,1790398193522,HpDrvPre.sys,19128
231018,1790398193522,MpCmdRun-13-421CFC91-A93E-42AB-A35C-F06F127FCC44.lock,0
231018,1790398193538,MpCmdRun.log,18274
231018,1790398193538,MpSigStub.log,7992
231018,1790398193553,SYS32_Hardware.exe,32671232
231564,1790398194069,HpDrvPre.sys,19128
231564,1790398194069,MpCmdRun-13-421CFC91-A93E-42AB-A35C-F06F127FCC44.lock,0
231564,1790398194069,MpCmdRun.log,18274
231564,1790398194085,MpSigStub.log,7992
231564,1790398194085,SYS32_Hardware.exe,32671232
232111,1790398194616,HpDrvPre.sys,19128
232111,1790398194632,MpCmdRun-13-421CFC91-A93E-42AB-A35C-F06F127FCC44.lock,0
232111,1790398194632,MpCmdRun.log,18274
232111,1790398194647,MpSigStub.log,7992
232111,1790398194788,SYS32_Hardware.exe,32671232
232956,1790398195460,HpDrvPre.sys,19128
232956,1790398195460,MpCmdRun-13-421CFC91-A93E-42AB-A35C-F06F127FCC44.lock,0
232956,1790398195460,MpCmdRun.log,18274
232956,1790398195475,MpSigStub.log,7992
232956,1790398195491,SYS32_Hardware.exe,32671232
233772,1790398196272,HpDrvPre.sys,19128
233772,1790398196335,MpCmdRun-13-421CFC91-A93E-42AB-A35C-F06F127FCC44.lock,0
233772,1790398196397,MpCmdRun.log,18274
233772,1790398196428,MpSigStub.log,7992
233772,1790398196491,SYS32_Hardware.exe,32671232
234738,1790398198991,HpDrvPre.sys,19128
234738,1790398199038,MpCmdRun-13-421CFC91-A93E-42AB-A35C-F06F127FCC44.lock,0
234738,1790398199116,MpCmdRun.log,18274
234738,1790398199960,MpSigStub.log,7992
234738,1790398200069,SYS32_Hardware.exe,32671232
238080,1790398200585,HpDrvPre.sys,19128
238080,1790398200632,MpCmdRun-13-421CFC91-A93E-42AB-A35C-F06F127FCC44.lock,0
238080,1790398200632,MpCmdRun.log,19440
238080,1790398200663,MpSigStub.log,7992
238080,1790398200725,SYS32_Hardware.exe,32671232
238939,1790398201444,HpDrvPre.sys,19128
238939,1790398201444,MpCmdRun-13-421CFC91-A93E-42AB-A35C-F06F127FCC44.lock,0
238939,1790398201444,MpCmdRun.log,19440
238939,1790398201460,MpSigStub.log,7992
238939,1790398201460,SYS32_Hardware.exe,32671232
239486,1790398201991,HpDrvPre.sys,19128
239486,1790398201991,MpCmdRun-13-421CFC91-A93E-42AB-A35C-F06F127FCC44.lock,0
239486,1790398201991,MpCmdRun.log,19440
239486,1790398202007,MpSigStub.log,7992
239486,1790398202007,SYS32_Hardware.exe,32671232
240017,1790398202522,HpDrvPre.sys,19128
240017,1790398202522,MpCmdRun-13-421CFC91-A93E-42AB-A35C-F06F127FCC44.lock,0
240017,1790398202585,MpCmdRun.log,19440
240017,1790398202616,MpSigStub.log,7992
240017,1790398202678,SYS32_Hardware.exe,32671232
240887,1790398203382,HpDrvPre.sys,19128
240887,1790398203413,MpCmdRun-13-421CFC91-A93E-42AB-A35C-F06F127FCC44.lock,0
240887,1790398203428,MpCmdRun.log,19440
240887,1790398203460,MpSigStub.log,7992
240887,1790398203507,SYS32_Hardware.exe,32671232
241534,1790398204038,HpDrvPre.sys,19128
241534,1790398204053,MpCmdRun-13-421CFC91-A93E-42AB-A35C-F06F127FCC44.lock,0
241534,1790398204085,MpCmdRun.log,19440
241534,1790398204147,MpSigStub.log,7992
241534,1790398204178,SYS32_Hardware.exe,32671232
242207,1790398204725,HpDrvPre.sys,19128
242207,1790398204741,MpCmdRun-13-421CFC91-A93E-42AB-A35C-F06F127FCC44.lock,0
242207,1790398204788,MpCmdRun.log,19440
242207,1790398204882,MpSigStub.log,7992
242207,1790398204882,SYS32_Hardware.exe,32671232
243482,1790398205991,HpDrvPre.sys,19128
243482,1790398206022,MpCmdRun-13-421CFC91-A93E-42AB-A35C-F06F127FCC44.lock,0
243482,1790398206085,MpCmdRun.log,19440
243482,1790398206116,MpSigStub.log,7992
243482,1790398206225,SYS32_Hardware.exe,32671232
244353,1790398206866,HpDrvPre.sys,19128
244353,1790398206882,MpCmdRun-13-421CFC91-A93E-42AB-A35C-F06F127FCC44.lock,0
244353,1790398206928,MpCmdRun.log,19440
244353,1790398206975,MpSigStub.log,7992
244353,1790398207038,SYS32_Hardware.exe,32671232
247334,1790398209850,HpDrvPre.sys,19128
247334,1790398209866,MpCmdRun-13-421CFC91-A93E-42AB-A35C-F06F127FCC44.lock,0
247334,1790398209913,MpCmdRun.log,19440
247334,1790398209991,MpSigStub.log,7992
247334,1790398210007,SYS32_Hardware.exe,32671232
248064,1790398210569,HpDrvPre.sys,19128
248064,1790398210569,MpCmdRun-13-421CFC91-A93E-42AB-A35C-F06F127FCC44.lock,0
248064,1790398210569,MpCmdRun.log,19440
248064,1790398210585,MpSigStub.log,7992
248064,1790398210585,SYS32_Hardware.exe,32671232
248627,1790398211132,HpDrvPre.sys,19128
248627,1790398211132,MpCmdRun-13-421CFC91-A93E-42AB-A35C-F06F127FCC44.lock,0
248627,1790398211132,MpCmdRun.log,19440
248627,1790398211147,MpSigStub.log,7992
248627,1790398211163,SYS32_Hardware.exe,32671232
249174,1790398211678,HpDrvPre.sys,19128
249174,1790398211678,MpCmdRun-13-421CFC91-A93E-42AB-A35C-F06F127FCC44.lock,0
249174,1790398211678,MpCmdRun.log,19440
249174,1790398211694,MpSigStub.log,7992
249174,1790398211710,SYS32_Hardware.exe,32671232
249720,1790398212225,HpDrvPre.sys,19128
249720,1790398212225,MpCmdRun-13-421CFC91-A93E-42AB-A35C-F06F127FCC44.lock,0
249720,1790398212225,MpCmdRun.log,19440
249720,1790398212241,MpSigStub.log,7992
249720,1790398212241,SYS32_Hardware.exe,32671232
250251,1790398212757,HpDrvPre.sys,19128
250251,1790398212757,MpCmdRun-13-421CFC91-A93E-42AB-A35C-F06F127FCC44.lock,0
250251,1790398212757,MpCmdRun.log,19440
250251,1790398212772,MpSigStub.log,7992
250251,1790398212772,SYS32_Hardware.exe,32671232
250814,1790398213319,HpDrvPre.sys,19128
250814,1790398213319,MpCmdRun-13-421CFC91-A93E-42AB-A35C-F06F127FCC44.lock,0
250814,1790398213335,MpCmdRun.log,19440
250814,1790398213335,MpSigStub.log,7992
250814,1790398213335,SYS32_Hardware.exe,32671232
251361,1790398213866,HpDrvPre.sys,19128
251361,1790398213866,MpCmdRun-13-421CFC91-A93E-42AB-A35C-F06F127FCC44.lock,0
251361,1790398213866,MpCmdRun.log,19440
251361,1790398213882,MpSigStub.log,7992
251361,1790398213882,SYS32_Hardware.exe,32671232
251892,1790398214397,HpDrvPre.sys,19128
251892,1790398214397,MpCmdRun-13-421CFC91-A93E-42AB-A35C-F06F127FCC44.lock,0
251892,1790398214413,MpCmdRun.log,19440
251892,1790398214413,MpSigStub.log,7992
251892,1790398214444,SYS32_Hardware.exe,32671232
252455,1790398214960,HpDrvPre.sys,19128
252455,1790398214960,MpCmdRun-13-421CFC91-A93E-42AB-A35C-F06F127FCC44.lock,0
252455,1790398214991,MpCmdRun.log,19440
252455,1790398214991,MpSigStub.log,7992
252455,1790398215022,SYS32_Hardware.exe,32671232
253143,1790398215647,HpDrvPre.sys,19128
253143,1790398215678,MpCmdRun-13-421CFC91-A93E-42AB-A35C-F06F127FCC44.lock,0
253143,1790398215741,MpCmdRun.log,19440
253143,1790398215772,MpSigStub.log,7992
253143,1790398215819,SYS32_Hardware.exe,32671232
253856,1790398216382,HpDrvPre.sys,19128
253856,1790398216413,MpCmdRun-13-421CFC91-A93E-42AB-A35C-F06F127FCC44.lock,0
253856,1790398216460,MpCmdRun.log,19440
253856,1790398216491,MpSigStub.log,7992
253856,1790398216616,SYS32_Hardware.exe,32671232
255020,1790398217538,HpDrvPre.sys,19128
255020,1790398217569,MpCmdRun-13-421CFC91-A93E-42AB-A35C-F06F127FCC44.lock,0
255020,1790398218069,MpCmdRun.log,19440
255020,1790398218085,MpSigStub.log,7992
255020,1790398218163,SYS32_Hardware.exe,32671232
256283,1790398218788,HpDrvPre.sys,19128
256283,1790398218788,MpCmdRun-13-421CFC91-A93E-42AB-A35C-F06F127FCC44.lock,0
256283,1790398218788,MpCmdRun.log,19440
256283,1790398218803,MpSigStub.log,7992
256283,1790398218819,SYS32_Hardware.exe,32671232
256829,1790398219335,HpDrvPre.sys,19128
256829,1790398219335,MpCmdRun-13-421CFC91-A93E-42AB-A35C-F06F127FCC44.lock,0
256829,1790398219335,MpCmdRun.log,19440
256829,1790398219350,MpSigStub.log,7992
256829,1790398219366,SYS32_Hardware.exe,32671232
257361,1790398219866,HpDrvPre.sys,19128
257361,1790398219866,MpCmdRun-13-421CFC91-A93E-42AB-A35C-F06F127FCC44.lock,0
257361,1790398219882,MpCmdRun.log,19440
257361,1790398219882,MpSigStub.log,7992
257361,1790398219897,SYS32_Hardware.exe,32671232
257924,1790398220428,HpDrvPre.sys,19128
257924,1790398220428,MpCmdRun-13-421CFC91-A93E-42AB-A35C-F06F127FCC44.lock,0
257924,1790398220444,MpCmdRun.log,19440
257924,1790398220444,MpSigStub.log,7992
257924,1790398220460,SYS32_Hardware.exe,32671232
258470,1790398220975,HpDrvPre.sys,19128
258470,1790398220975,MpCmdRun-13-421CFC91-A93E-42AB-A35C-F06F127FCC44.lock,0
258470,1790398220975,MpCmdRun.log,19440
258470,1790398220991,MpSigStub.log,7992
258470,1790398221007,SYS32_Hardware.exe,32671232
259033,1790398221538,HpDrvPre.sys,19128
259033,1790398221538,MpCmdRun-13-421CFC91-A93E-42AB-A35C-F06F127FCC44.lock,0
259033,1790398221553,MpCmdRun.log,19440
259033,1790398221553,MpSigStub.log,7992
259033,1790398221569,SYS32_Hardware.exe,32671232
259579,1790398222085,HpDrvPre.sys,19128
259579,1790398222085,MpCmdRun-13-421CFC91-A93E-42AB-A35C-F06F127FCC44.lock,0
259579,1790398222100,MpCmdRun.log,19440
259579,1790398222100,MpSigStub.log,7992
259579,1790398222116,SYS32_Hardware.exe,32671232
260127,1790398222632,HpDrvPre.sys,19128
260127,1790398222632,MpCmdRun-13-421CFC91-A93E-42AB-A35C-F06F127FCC44.lock,0
260127,1790398222632,MpCmdRun.log,19440
260127,1790398222647,MpSigStub.log,7992
260127,1790398222663,SYS32_Hardware.exe,32671232
260704,1790398223210,HpDrvPre.sys,19128
260704,1790398223210,MpCmdRun-13-421CFC91-A93E-42AB-A35C-F06F127FCC44.lock,0
260704,1790398223225,MpCmdRun.log,19440
260704,1790398223225,MpSigStub.log,7992
260704,1790398223241,SYS32_Hardware.exe,32671232
261252,1790398223757,HpDrvPre.sys,19128
261252,1790398223757,MpCmdRun-13-421CFC91-A93E-42AB-A35C-F06F127FCC44.lock,0
261252,1790398223772,MpCmdRun.log,19440
261252,1790398223772,MpSigStub.log,7992
261252,1790398223788,SYS32_Hardware.exe,32671232
261799,1790398224303,HpDrvPre.sys,19128
261799,1790398224303,MpCmdRun-13-421CFC91-A93E-42AB-A35C-F06F127FCC44.lock,0
261799,1790398224319,MpCmdRun.log,19440
261799,1790398224319,MpSigStub.log,7992
261799,1790398224335,SYS32_Hardware.exe,32671232
262330,1790398224835,HpDrvPre.sys,19128
262330,1790398224835,MpCmdRun-13-421CFC91-A93E-42AB-A35C-F06F127FCC44.lock,0
262330,1790398224850,MpCmdRun.log,19440
262330,1790398224850,MpSigStub.log,7992
262330,1790398224866,SYS32_Hardware.exe,32671232
262908,1790398225413,HpDrvPre.sys,19128
262908,1790398225413,MpCmdRun-13-421CFC91-A93E-42AB-A35C-F06F127FCC44.lock,0
262908,1790398225413,MpCmdRun.log,19440
262908,1790398225428,MpSigStub.log,7992
262908,1790398225444,SYS32_Hardware.exe,32671232
263439,1790398225944,HpDrvPre.sys,19128
263439,1790398225944,MpCmdRun-13-421CFC91-A93E-42AB-A35C-F06F127FCC44.lock,0
263439,1790398225960,MpCmdRun.log,19440
263439,1790398225975,MpSigStub.log,7992
263439,1790398225991,SYS32_Hardware.exe,32671232
264018,1790398226522,HpDrvPre.sys,19128
264018,1790398226538,MpCmdRun-13-421CFC91-A93E-42AB-A35C-F06F127FCC44.lock,0
264018,1790398226569,MpCmdRun.log,19440
264018,1790398226616,MpSigStub.log,7992
264018,1790398226632,SYS32_Hardware.exe,32671232
265345,1790398227850,HpDrvPre.sys,19128
265345,1790398227850,MpCmdRun-13-421CFC91-A93E-42AB-A35C-F06F127FCC44.lock,0
265345,1790398227913,MpCmdRun.log,19440
265345,1790398227944,MpSigStub.log,7992
265345,1790398227991,SYS32_Hardware.exe,32671232
266081,1790398228585,HpDrvPre.sys,19128
266081,1790398228600,MpCmdRun-13-421CFC91-A93E-42AB-A35C-F06F127FCC44.lock,0
266081,1790398228616,MpCmdRun.log,19440
266081,1790398228663,MpSigStub.log,7992
266081,1790398228694,SYS32_Hardware.exe,32671232
266800,1790398229303,HpDrvPre.sys,19128
266800,1790398229303,MpCmdRun-13-421CFC91-A93E-42AB-A35C-F06F127FCC44.lock,0
266800,1790398229382,MpCmdRun.log,19440
266800,1790398229413,MpSigStub.log,7992
266800,1790398229444,SYS32_Hardware.exe,32671232
267441,1790398229944,HpDrvPre.sys,19128
267441,1790398229944,MpCmdRun-13-421CFC91-A93E-42AB-A35C-F06F127FCC44.lock,0
267441,1790398229991,MpCmdRun.log,19440
267441,1790398230022,MpSigStub.log,7992
267441,1790398230069,SYS32_Hardware.exe,32671232
268113,1790398230616,HpDrvPre.sys,19128
268113,1790398230632,MpCmdRun-13-421CFC91-A93E-42AB-A35C-F06F127FCC44.lock,0
268113,1790398230694,MpCmdRun.log,19440
268113,1790398230710,MpSigStub.log,7992
268113,1790398230741,SYS32_Hardware.exe,32671232
269185,1790398231694,HpDrvPre.sys,19128
269185,1790398231694,MpCmdRun-13-421CFC91-A93E-42AB-A35C-F06F127FCC44.lock,0
269185,1790398231725,MpCmdRun.log,19440
269185,1790398231741,MpSigStub.log,7992
269185,1790398231788,SYS32_Hardware.exe,32671232
269806,1790398232303,HpDrvPre.sys,19128
269806,1790398232335,MpCmdRun-13-421CFC91-A93E-42AB-A35C-F06F127FCC44.lock,0
269806,1790398232350,MpCmdRun.log,19440
269806,1790398232382,MpSigStub.log,7992
269806,1790398232444,SYS32_Hardware.exe,32671232
270440,1790398232944,HpDrvPre.sys,19128
270440,1790398232960,MpCmdRun-13-421CFC91-A93E-42AB-A35C-F06F127FCC44.lock,0
270440,1790398232975,MpCmdRun.log,19440
270440,1790398233007,MpSigStub.log,7992
270440,1790398233022,SYS32_Hardware.exe,32671232
271517,1790398234022,HpDrvPre.sys,19128
271517,1790398234022,MpCmdRun-13-421CFC91-A93E-42AB-A35C-F06F127FCC44.lock,0
271517,1790398234038,MpCmdRun.log,19440
271517,1790398234085,MpSigStub.log,7992
271517,1790398234085,SYS32_Hardware.exe,32671232
272112,1790398234616,HpDrvPre.sys,19128
272112,1790398234647,MpCmdRun-13-421CFC91-A93E-42AB-A35C-F06F127FCC44.lock,0
272112,1790398234663,MpCmdRun.log,19440
272112,1790398234694,MpSigStub.log,7992
272112,1790398234757,SYS32_Hardware.exe,32671232
272941,1790398235444,HpDrvPre.sys,19128
272941,1790398235491,MpCmdRun-13-421CFC91-A93E-42AB-A35C-F06F127FCC44.lock,0
272941,1790398235538,MpCmdRun.log,19440
272941,1790398235538,MpSigStub.log,7992
272941,1790398235616,SYS32_Hardware.exe,32671232
273612,1790398236116,HpDrvPre.sys,19128
273612,1790398236116,MpCmdRun-13-421CFC91-A93E-42AB-A35C-F06F127FCC44.lock,0
273612,1790398236178,MpCmdRun.log,19440
273612,1790398236272,MpSigStub.log,7992
273612,1790398236303,SYS32_Hardware.exe,32671232
274332,1790398236835,HpDrvPre.sys,19128
274332,1790398236835,MpCmdRun-13-421CFC91-A93E-42AB-A35C-F06F127FCC44.lock,0
274332,1790398236882,MpCmdRun.log,19440
274332,1790398236928,MpSigStub.log,7992
274332,1790398236960,SYS32_Hardware.exe,32671232
275054,1790398237553,HpDrvPre.sys,19128
275054,1790398237569,MpCmdRun-13-421CFC91-A93E-42AB-A35C-F06F127FCC44.lock,0
275054,1790398237585,MpCmdRun.log,19440
275054,1790398237616,MpSigStub.log,7992
275054,1790398237647,SYS32_Hardware.exe,32671232
275674,1790398238178,HpDrvPre.sys,19128
275674,1790398238178,MpCmdRun-13-421CFC91-A93E-42AB-A35C-F06F127FCC44.lock,0
275674,1790398238241,MpCmdRun.log,19440
275674,1790398238257,MpSigStub.log,7992
275674,1790398238272,SYS32_Hardware.exe,32671232
276301,1790398238803,HpDrvPre.sys,19128
276301,1790398238850,MpCmdRun-13-421CFC91-A93E-42AB-A35C-F06F127FCC44.lock,0
276301,1790398238913,MpCmdRun.log,19440
276301,1790398238944,MpSigStub.log,7992
276301,1790398238960,SYS32_Hardware.exe,32671232
277456,1790398239960,HpDrvPre.sys,19128
277456,1790398240022,MpCmdRun-13-421CFC91-A93E-42AB-A35C-F06F127FCC44.lock,0
277456,1790398240053,MpCmdRun.log,19440
277456,1790398240116,MpSigStub.log,7992
277456,1790398240163,SYS32_Hardware.exe,32671232
278189,1790398240694,HpDrvPre.sys,19128
278189,1790398240694,MpCmdRun-13-421CFC91-A93E-42AB-A35C-F06F127FCC44.lock,0
278189,1790398240710,MpCmdRun.log,19440
278189,1790398240725,MpSigStub.log,7992
278189,1790398240741,SYS32_Hardware.exe,32671232
279129,1790398241632,HpDrvPre.sys,19128
279129,1790398241632,MpCmdRun-13-421CFC91-A93E-42AB-A35C-F06F127FCC44.lock,0
279129,1790398241663,MpCmdRun.log,19440
279129,1790398241694,MpSigStub.log,7992
279129,1790398241772,SYS32_Hardware.exe,32671232
279783,1790398242288,HpDrvPre.sys,19128
279783,1790398242288,MpCmdRun-13-421CFC91-A93E-42AB-A35C-F06F127FCC44.lock,0
279783,1790398242319,MpCmdRun.log,19440
279783,1790398242335,MpSigStub.log,7992
279783,1790398242335,SYS32_Hardware.exe,32671232
280347,1790398242850,HpDrvPre.sys,19128
280347,1790398242866,MpCmdRun-13-421CFC91-A93E-42AB-A35C-F06F127FCC44.lock,0
280347,1790398242897,MpCmdRun.log,19440
280347,1790398242928,MpSigStub.log,7992
280347,1790398242991,SYS32_Hardware.exe,32671232
281332,1790398243835,HpDrvPre.sys,19128
281332,1790398243835,MpCmdRun-13-421CFC91-A93E-42AB-A35C-F06F127FCC44.lock,0
281332,1790398243866,MpCmdRun.log,19440
281332,1790398243866,MpSigStub.log,7992
281332,1790398243882,SYS32_Hardware.exe,32671232
281908,1790398244413,HpDrvPre.sys,19128
281908,1790398244413,MpCmdRun-13-421CFC91-A93E-42AB-A35C-F06F127FCC44.lock,0
281908,1790398244460,MpCmdRun.log,19440
281908,1790398244475,MpSigStub.log,7992
281908,1790398244538,SYS32_Hardware.exe,32671232
282986,1790398245491,HpDrvPre.sys,19128
282986,1790398245491,MpCmdRun-13-421CFC91-A93E-42AB-A35C-F06F127FCC44.lock,0
282986,1790398245553,MpCmdRun.log,19440
282986,1790398245585,MpSigStub.log,7992
282986,1790398245600,SYS32_Hardware.exe,32671232
283628,1790398246132,HpDrvPre.sys,19128
283628,1790398246147,MpCmdRun-13-421CFC91-A93E-42AB-A35C-F06F127FCC44.lock,0
283628,1790398246163,MpCmdRun.log,19440
283628,1790398246178,MpSigStub.log,7992
283628,1790398246194,SYS32_Hardware.exe,32671232
284205,1790398246710,HpDrvPre.sys,19128
284205,1790398246710,MpCmdRun-13-421CFC91-A93E-42AB-A35C-F06F127FCC44.lock,0
284205,1790398246741,MpCmdRun.log,19440
284205,1790398246835,MpSigStub.log,7992
284205,1790398246835,SYS32_Hardware.exe,32671232
285455,1790398247960,HpDrvPre.sys,19128
285455,1790398247960,MpCmdRun-13-421CFC91-A93E-42AB-A35C-F06F127FCC44.lock,0
285455,1790398248085,MpCmdRun.log,19440
285455,1790398248100,MpSigStub.log,7992
285455,1790398248100,SYS32_Hardware.exe,32671232
286126,1790398248632,HpDrvPre.sys,19128
286126,1790398248632,MpCmdRun-13-421CFC91-A93E-42AB-A35C-F06F127FCC44.lock,0
286126,1790398248647,MpCmdRun.log,19440
286126,1790398248663,MpSigStub.log,7992
286126,1790398248678,SYS32_Hardware.exe,32671232
287331,1790398249835,HpDrvPre.sys,19128
287331,1790398249835,MpCmdRun-13-421CFC91-A93E-42AB-A35C-F06F127FCC44.lock,0
287331,1790398249835,MpCmdRun.log,19440
287331,1790398249866,MpSigStub.log,7992
287331,1790398249897,SYS32_Hardware.exe,32671232
287911,1790398250413,HpDrvPre.sys,19128
287911,1790398250413,MpCmdRun-13-421CFC91-A93E-42AB-A35C-F06F127FCC44.lock,0
287911,1790398250428,MpCmdRun.log,19440
287911,1790398250428,MpSigStub.log,7992
287911,1790398250460,SYS32_Hardware.exe,32671232
288490,1790398251007,HpDrvPre.sys,19128
288490,1790398251022,MpCmdRun-13-421CFC91-A93E-42AB-A35C-F06F127FCC44.lock,0
288490,1790398251085,MpCmdRun.log,19440
288490,1790398251116,MpSigStub.log,7992
288490,1790398251147,SYS32_Hardware.exe,32671232
289144,1790398251647,HpDrvPre.sys,19128
289144,1790398251678,MpCmdRun-13-421CFC91-A93E-42AB-A35C-F06F127FCC44.lock,0
289144,1790398251772,MpCmdRun.log,19440
289144,1790398251835,MpSigStub.log,7992
289144,1790398251866,SYS32_Hardware.exe,32671232
290456,1790398253569,HpDrvPre.sys,19128
290456,1790398253585,MpCmdRun-13-421CFC91-A93E-42AB-A35C-F06F127FCC44.lock,0
290456,1790398253632,MpCmdRun.log,19440
290456,1790398253725,MpSigStub.log,7992
290456,1790398253866,SYS32_Hardware.exe,32671232
292080,1790398254585,HpDrvPre.sys,19128
292080,1790398254585,MpCmdRun-13-421CFC91-A93E-42AB-A35C-F06F127FCC44.lock,0
292080,1790398254772,MpCmdRun.log,19440
292080,1790398254803,MpSigStub.log,7992
292080,1790398254835,SYS32_Hardware.exe,32671232
293220,1790398255725,HpDrvPre.sys,19128
293220,1790398255725,MpCmdRun-13-421CFC91-A93E-42AB-A35C-F06F127FCC44.lock,0
293220,1790398255741,MpCmdRun.log,19440
293220,1790398255757,MpSigStub.log,7992
293220,1790398255788,SYS32_Hardware.exe,32671232
293804,1790398256319,HpDrvPre.sys,19128
293804,1790398256319,MpCmdRun-13-421CFC91-A93E-42AB-A35C-F06F127FCC44.lock,0
293804,1790398256397,MpCmdRun.log,19440
293804,1790398256397,MpSigStub.log,7992
293804,1790398256428,SYS32_Hardware.exe,32671232
294425,1790398256928,HpDrvPre.sys,19128
294425,1790398256944,MpCmdRun-13-421CFC91-A93E-42AB-A35C-F06F127FCC44.lock,0
294425,1790398256960,MpCmdRun.log,19440
294425,1790398257007,MpSigStub.log,7992
294425,1790398257085,SYS32_Hardware.exe,32671232
295440,1790398257960,HpDrvPre.sys,19128
295440,1790398257975,MpCmdRun-13-421CFC91-A93E-42AB-A35C-F06F127FCC44.lock,0
295440,1790398258053,MpCmdRun.log,19440
295440,1790398258116,MpSigStub.log,7992
295440,1790398258132,SYS32_Hardware.exe,32671232
296207,1790398258741,HpDrvPre.sys,19128
296207,1790398258757,MpCmdRun-13-421CFC91-A93E-42AB-A35C-F06F127FCC44.lock,0
296207,1790398258819,MpCmdRun.log,19440
296207,1790398258882,MpSigStub.log,7992
296207,1790398258944,SYS32_Hardware.exe,32671232
297378,1790398259882,HpDrvPre.sys,19128
297378,1790398259913,MpCmdRun-13-421CFC91-A93E-42AB-A35C-F06F127FCC44.lock,0
297378,1790398259913,MpCmdRun.log,19440
297378,1790398259960,MpSigStub.log,7992
297378,1790398260007,SYS32_Hardware.exe,32671232
298046,1790398260553,HpDrvPre.sys,19128
298046,1790398260585,MpCmdRun-13-421CFC91-A93E-42AB-A35C-F06F127FCC44.lock,0
298046,1790398260600,MpCmdRun.log,19440
298046,1790398260632,MpSigStub.log,7992
298046,1790398260694,SYS32_Hardware.exe,32671232
299024,1790398261522,HpDrvPre.sys,19128
299024,1790398261553,MpCmdRun-13-421CFC91-A93E-42AB-A35C-F06F127FCC44.lock,0
299024,1790398261553,MpCmdRun.log,19440
299024,1790398261569,MpSigStub.log,7992
299024,1790398261600,SYS32_Hardware.exe,32671232
299628,1790398262132,HpDrvPre.sys,19128
299628,1790398262147,MpCmdRun-13-421CFC91-A93E-42AB-A35C-F06F127FCC44.lock,0
299628,1790398262163,MpCmdRun.log,19440
299628,1790398262163,MpSigStub.log,7992
299628,1790398262178,SYS32_Hardware.exe,32671232
300210,1790398262710,HpDrvPre.sys,19128
300210,1790398262710,MpCmdRun.log,19440
300210,1790398262725,MpSigStub.log,7992
300210,1790398262741,SYS32_Hardware.exe,32671232
300913,1790398263418,HpDrvPre.sys,19128
300913,1790398263418,MpCmdRun.log,22022
300913,1790398263418,MpSigStub.log,7992
300913,1790398263434,SYS32_Hardware.exe,32671232
301432,1790398263937,HpDrvPre.sys,19128
301432,1790398263937,MpCmdRun.log,22022
301432,1790398263937,MpSigStub.log,7992
301432,1790398263953,SYS32_Hardware.exe,32671232
301949,1790398264453,HpDrvPre.sys,19128
301949,1790398264453,MpCmdRun.log,22022
301949,1790398264578,MpSigStub.log,7992
301949,1790398264578,SYS32_Hardware.exe,32671232
302651,1790398265156,HpDrvPre.sys,19128
302651,1790398265156,MpCmdRun.log,22022
302651,1790398265156,MpSigStub.log,7992
302651,1790398265172,SYS32_Hardware.exe,32671232
303198,1790398265703,HpDrvPre.sys,19128
303198,1790398265703,MpCmdRun.log,22022
303198,1790398265703,MpSigStub.log,7992
303198,1790398265719,SYS32_Hardware.exe,32671232
303729,1790398266234,HpDrvPre.sys,19128
303729,1790398266234,MpCmdRun.log,22022
303729,1790398266250,MpSigStub.log,7992
303729,1790398266250,SYS32_Hardware.exe,32671232
304260,1790398266766,HpDrvPre.sys,19128
304260,1790398266766,MpCmdRun.log,22022
304260,1790398266766,MpSigStub.log,7992
304260,1790398266781,SYS32_Hardware.exe,32671232
304807,1790398267312,HpDrvPre.sys,19128
304807,1790398267312,MpCmdRun.log,22022
304807,1790398267312,MpSigStub.log,7992
304807,1790398267328,SYS32_Hardware.exe,32671232
305323,1790398267828,HpDrvPre.sys,19128
305323,1790398267828,MpCmdRun.log,22022
305323,1790398267844,MpSigStub.log,7992
305323,1790398267859,SYS32_Hardware.exe,32671232
305893,1790398268398,HpDrvPre.sys,19128
305893,1790398268398,MpCmdRun.log,22022
305893,1790398268398,MpSigStub.log,7992
305893,1790398268414,SYS32_Hardware.exe,32671232
306425,1790398268930,HpDrvPre.sys,19128
306425,1790398268930,MpCmdRun.log,22022
306425,1790398268945,MpSigStub.log,7992
306425,1790398268945,SYS32_Hardware.exe,32671232
307003,1790398269508,HpDrvPre.sys,19128
307003,1790398269508,MpCmdRun.log,22022
307003,1790398269523,MpSigStub.log,7992
307003,1790398269539,SYS32_Hardware.exe,32671232
307552,1790398270057,HpDrvPre.sys,19128
307552,1790398270057,MpCmdRun.log,22022
307552,1790398270057,MpSigStub.log,7992
307552,1790398270073,SYS32_Hardware.exe,32671232
308084,1790398270588,HpDrvPre.sys,19128
308084,1790398270588,MpCmdRun.log,22022
308084,1790398270604,MpSigStub.log,7992
308084,1790398270620,SYS32_Hardware.exe,32671232
308677,1790398271182,HpDrvPre.sys,19128
308677,1790398271182,MpCmdRun.log,22022
308677,1790398271182,MpSigStub.log,7992
308677,1790398271198,SYS32_Hardware.exe,32671232
309193,1790398271698,HpDrvPre.sys,19128
309193,1790398271698,MpCmdRun.log,22022
309193,1790398271698,MpSigStub.log,7992
309193,1790398271713,SYS32_Hardware.exe,32671232
309718,1790398272239,HpDrvPre.sys,19128
309718,1790398272239,MpCmdRun.log,22022
309718,1790398272239,MpSigStub.log,7992
309718,1790398272255,SYS32_Hardware.exe,32671232
310250,1790398272755,HpDrvPre.sys,19128
310250,1790398272755,MpCmdRun.log,22022
310250,1790398272755,MpSigStub.log,7992
310250,1790398272755,SYS32_Hardware.exe,32671232
310782,1790398273286,HpDrvPre.sys,19128
310782,1790398273286,MpCmdRun.log,22022
310782,1790398273286,MpSigStub.log,7992
310782,1790398273302,SYS32_Hardware.exe,32671232
311307,1790398273812,HpDrvPre.sys,19128
311307,1790398273812,MpCmdRun.log,22022
311307,1790398273812,MpSigStub.log,7992
311307,1790398273844,SYS32_Hardware.exe,32671232
311870,1790398274375,HpDrvPre.sys,19128
311870,1790398274375,MpCmdRun.log,22022
311870,1790398274390,MpSigStub.log,7992
311870,1790398274390,SYS32_Hardware.exe,32671232
312483,1790398275078,HpDrvPre.sys,19128
312483,1790398275140,MpCmdRun.log,22022
312483,1790398275140,MpSigStub.log,7992
312483,1790398275156,SYS32_Hardware.exe,32671232
313198,1790398275703,HpDrvPre.sys,19128
313198,1790398275703,MpCmdRun.log,22022
313198,1790398275703,MpSigStub.log,7992
313198,1790398275719,SYS32_Hardware.exe,32671232
313729,1790398276234,HpDrvPre.sys,19128
313729,1790398276234,MpCmdRun.log,22022
313729,1790398276250,MpSigStub.log,7992
313729,1790398276265,SYS32_Hardware.exe,32671232
314292,1790398276812,HpDrvPre.sys,19128
314292,1790398276812,MpCmdRun.log,22022
314292,1790398276812,MpSigStub.log,7992
314292,1790398276844,SYS32_Hardware.exe,32671232
315026,1790398277609,HpDrvPre.sys,19128
315026,1790398277609,MpCmdRun.log,22022
315026,1790398277640,MpSigStub.log,7992
315026,1790398277640,SYS32_Hardware.exe,32671232
315668,1790398278172,HpDrvPre.sys,19128
315668,1790398278172,MpCmdRun.log,22022
315668,1790398278187,MpSigStub.log,7992
315668,1790398278187,SYS32_Hardware.exe,32671232
316198,1790398278703,HpDrvPre.sys,19128
316198,1790398278703,MpCmdRun.log,22022
316198,1790398278703,MpSigStub.log,7992
316198,1790398278719,SYS32_Hardware.exe,32671232
316760,1790398279265,HpDrvPre.sys,19128
316760,1790398279265,MpCmdRun.log,22022
316760,1790398279265,MpSigStub.log,7992
316760,1790398279281,SYS32_Hardware.exe,32671232
317276,1790398279781,HpDrvPre.sys,19128
317276,1790398279781,MpCmdRun.log,22022
317276,1790398279781,MpSigStub.log,7992
317276,1790398279797,SYS32_Hardware.exe,32671232
317807,1790398280312,HpDrvPre.sys,19128
317807,1790398280312,MpCmdRun.log,22022
317807,1790398280312,MpSigStub.log,7992
317807,1790398280328,SYS32_Hardware.exe,32671232
318323,1790398280828,HpDrvPre.sys,19128
318323,1790398280828,MpCmdRun.log,22022
318323,1790398280828,MpSigStub.log,7992
318323,1790398280844,SYS32_Hardware.exe,32671232
318854,1790398281359,HpDrvPre.sys,19128
318854,1790398281359,MpCmdRun.log,22022
318854,1790398281359,MpSigStub.log,7992
318854,1790398281375,SYS32_Hardware.exe,32671232
319385,1790398281890,HpDrvPre.sys,19128
319385,1790398281890,MpCmdRun.log,22022
319385,1790398281890,MpSigStub.log,7992
319385,1790398281906,SYS32_Hardware.exe,32671232
319933,1790398282437,HpDrvPre.sys,19128
319933,1790398282437,MpCmdRun.log,22022
319933,1790398282453,MpSigStub.log,7992
319933,1790398282453,SYS32_Hardware.exe,32671232
320463,1790398282969,HpDrvPre.sys,19128
320463,1790398282969,MpCmdRun.log,22022
320463,1790398282969,MpSigStub.log,7992
320463,1790398282984,SYS32_Hardware.exe,32671232
320996,1790398283502,HpDrvPre.sys,19128
320996,1790398283502,MpCmdRun.log,22022
320996,1790398283502,MpSigStub.log,7992
320996,1790398283502,SYS32_Hardware.exe,32671232
321513,1790398284017,HpDrvPre.sys,19128
321513,1790398284017,MpCmdRun.log,22022
321513,1790398284033,MpSigStub.log,7992
321513,1790398284048,SYS32_Hardware.exe,32671232
322074,1790398284580,HpDrvPre.sys,19128
322074,1790398284580,MpCmdRun.log,22022
322074,1790398284580,MpSigStub.log,7992
322074,1790398284595,SYS32_Hardware.exe,32671232
322622,1790398285127,HpDrvPre.sys,19128
322622,1790398285127,MpCmdRun.log,22022
322622,1790398285142,MpSigStub.log,7992
322622,1790398285142,SYS32_Hardware.exe,32671232
323169,1790398285673,HpDrvPre.sys,19128
323169,1790398285673,MpCmdRun.log,22022
323169,1790398285673,MpSigStub.log,7992
323169,1790398285689,SYS32_Hardware.exe,32671232
323716,1790398286220,HpDrvPre.sys,19128
323716,1790398286220,MpCmdRun.log,22022
323716,1790398286220,MpSigStub.log,7992
323716,1790398286236,SYS32_Hardware.exe,32671232
324231,1790398286736,HpDrvPre.sys,19128
324231,1790398286736,MpCmdRun.log,22022
324231,1790398286752,MpSigStub.log,7992
324231,1790398286752,SYS32_Hardware.exe,32671232
324778,1790398287283,HpDrvPre.sys,19128
324778,1790398287283,MpCmdRun.log,22022
324778,1790398287298,MpSigStub.log,7992
324778,1790398287298,SYS32_Hardware.exe,32671232
325309,1790398287814,HpDrvPre.sys,19128
325309,1790398287814,MpCmdRun.log,22022
325309,1790398287814,MpSigStub.log,7992
325309,1790398287830,SYS32_Hardware.exe,32671232
325838,1790398288340,HpDrvPre.sys,19128
325838,1790398288340,MpCmdRun.log,22022
325838,1790398288356,MpSigStub.log,7992
325838,1790398288372,SYS32_Hardware.exe,32671232
326398,1790398288903,HpDrvPre.sys,19128
326398,1790398288903,MpCmdRun.log,22022
326398,1790398288903,MpSigStub.log,7992
326398,1790398288919,SYS32_Hardware.exe,32671232
327401,1790398289903,HpDrvPre.sys,19128
327401,1790398289903,MpCmdRun.log,22022
327401,1790398289919,MpSigStub.log,7992
327401,1790398290106,SYS32_Hardware.exe,32671232
328226,1790398290731,HpDrvPre.sys,19128
328226,1790398290731,MpCmdRun.log,22022
328226,1790398290731,MpSigStub.log,7992
328226,1790398290747,SYS32_Hardware.exe,32671232
328757,1790398291262,HpDrvPre.sys,19128
328757,1790398291262,MpCmdRun.log,22022
328757,1790398291278,MpSigStub.log,7992
328757,1790398291278,SYS32_Hardware.exe,32671232
329288,1790398291794,HpDrvPre.sys,19128
329288,1790398291794,MpCmdRun.log,22022
329288,1790398291794,MpSigStub.log,7992
329288,1790398291809,SYS32_Hardware.exe,32671232
329804,1790398292309,HpDrvPre.sys,19128
329804,1790398292309,MpCmdRun.log,22022
329804,1790398292309,MpSigStub.log,7992
329804,1790398292325,SYS32_Hardware.exe,32671232
330336,1790398292840,HpDrvPre.sys,19128
330336,1790398292840,MpCmdRun.log,22022
330336,1790398292840,MpSigStub.log,7992
330336,1790398292856,SYS32_Hardware.exe,32671232
330883,1790398293387,HpDrvPre.sys,19128
330883,1790398293387,MpCmdRun.log,22022
330883,1790398293387,MpSigStub.log,7992
330883,1790398293403,SYS32_Hardware.exe,32671232
331413,1790398293919,HpDrvPre.sys,19128
331413,1790398293919,MpCmdRun.log,22022
331413,1790398293934,MpSigStub.log,7992
331413,1790398293950,SYS32_Hardware.exe,32671232
331960,1790398294465,HpDrvPre.sys,19128
331960,1790398294465,MpCmdRun.log,22022
331960,1790398294465,MpSigStub.log,7992
331960,1790398294481,SYS32_Hardware.exe,32671232
332492,1790398294997,HpDrvPre.sys,19128
332492,1790398294997,MpCmdRun.log,22022
332492,1790398294997,MpSigStub.log,7992
332492,1790398295012,SYS32_Hardware.exe,32671232
333023,1790398295528,HpDrvPre.sys,19128
333023,1790398295528,MpCmdRun.log,22022
333023,1790398295544,MpSigStub.log,7992
333023,1790398295544,SYS32_Hardware.exe,32671232
333554,1790398296059,HpDrvPre.sys,19128
333554,1790398296059,MpCmdRun.log,22022
333554,1790398296059,MpSigStub.log,7992
333554,1790398296075,SYS32_Hardware.exe,32671232
334070,1790398296575,HpDrvPre.sys,19128
334070,1790398296575,MpCmdRun.log,22022
334070,1790398296575,MpSigStub.log,7992
334070,1790398296591,SYS32_Hardware.exe,32671232
334601,1790398297106,HpDrvPre.sys,19128
334601,1790398297106,MpCmdRun.log,22022
334601,1790398297106,MpSigStub.log,7992
334601,1790398297122,SYS32_Hardware.exe,32671232
335119,1790398297622,HpDrvPre.sys,19128
335119,1790398297622,MpCmdRun.log,22022
335119,1790398297637,MpSigStub.log,7992
335119,1790398297653,SYS32_Hardware.exe,32671232
335663,1790398298169,HpDrvPre.sys,19128
335663,1790398298169,MpCmdRun.log,22022
335663,1790398298169,MpSigStub.log,7992
335663,1790398298184,SYS32_Hardware.exe,32671232
336179,1790398298684,HpDrvPre.sys,19128
336179,1790398298684,MpCmdRun.log,22022
336179,1790398298684,MpSigStub.log,7992
336179,1790398298700,SYS32_Hardware.exe,32671232
336710,1790398299215,HpDrvPre.sys,19128
336710,1790398299215,MpCmdRun.log,22022
336710,1790398299215,MpSigStub.log,7992
336710,1790398299231,SYS32_Hardware.exe,32671232
337242,1790398299747,HpDrvPre.sys,19128
337242,1790398299747,MpCmdRun.log,22022
337242,1790398299747,MpSigStub.log,7992
337242,1790398299762,SYS32_Hardware.exe,32671232
337757,1790398300262,HpDrvPre.sys,19128
337757,1790398300262,MpCmdRun.log,22022
337757,1790398300262,MpSigStub.log,7992
337757,1790398300278,SYS32_Hardware.exe,32671232
338273,1790398300778,HpDrvPre.sys,19128
338273,1790398300778,MpCmdRun.log,22022
338273,1790398300778,MpSigStub.log,7992
338273,1790398300794,SYS32_Hardware.exe,32671232
338820,1790398301325,HpDrvPre.sys,19128
338820,1790398301325,MpCmdRun.log,22022
338820,1790398301325,MpSigStub.log,7992
338820,1790398301340,SYS32_Hardware.exe,32671232
339367,1790398301872,HpDrvPre.sys,19128
339367,1790398301872,MpCmdRun.log,22022
339367,1790398301872,MpSigStub.log,7992
339367,1790398301887,SYS32_Hardware.exe,32671232
339882,1790398302387,HpDrvPre.sys,19128
339882,1790398302387,MpCmdRun.log,22022
339882,1790398302387,MpSigStub.log,7992
339882,1790398302403,SYS32_Hardware.exe,32671232
340429,1790398302934,HpDrvPre.sys,19128
340429,1790398302934,MpCmdRun.log,22022
340429,1790398302934,MpSigStub.log,7992
340429,1790398302950,SYS32_Hardware.exe,32671232
340976,1790398303481,HpDrvPre.sys,19128
340976,1790398303481,MpCmdRun.log,22022
340976,1790398303481,MpSigStub.log,7992
340976,1790398303497,SYS32_Hardware.exe,32671232
341507,1790398304012,HpDrvPre.sys,19128
341507,1790398304012,MpCmdRun.log,22022
341507,1790398304012,MpSigStub.log,7992
341507,1790398304028,SYS32_Hardware.exe,32671232
342038,1790398304544,HpDrvPre.sys,19128
342038,1790398304544,MpCmdRun.log,22022
342038,1790398304559,MpSigStub.log,7992
342038,1790398304559,SYS32_Hardware.exe,32671232
342570,1790398305075,HpDrvPre.sys,19128
342570,1790398305075,MpCmdRun.log,22022
342570,1790398305090,MpSigStub.log,7992
342570,1790398305090,SYS32_Hardware.exe,32671232
343117,1790398305622,HpDrvPre.sys,19128
343117,1790398305622,MpCmdRun.log,22022
343117,1790398305622,MpSigStub.log,7992
343117,1790398305637,SYS32_Hardware.exe,32671232
343648,1790398306153,HpDrvPre.sys,19128
343648,1790398306153,MpCmdRun.log,22022
343648,1790398306153,MpSigStub.log,7992
343648,1790398306169,SYS32_Hardware.exe,32671232
344164,1790398306669,HpDrvPre.sys,19128
344164,1790398306669,MpCmdRun.log,22022
344164,1790398306669,MpSigStub.log,7992
344164,1790398306684,SYS32_Hardware.exe,32671232
344710,1790398307215,HpDrvPre.sys,19128
344710,1790398307215,MpCmdRun.log,22022
344710,1790398307215,MpSigStub.log,7992
344710,1790398307231,SYS32_Hardware.exe,32671232
345226,1790398307731,HpDrvPre.sys,19128
345226,1790398307731,MpCmdRun.log,22022
345226,1790398307731,MpSigStub.log,7992
345226,1790398307747,SYS32_Hardware.exe,32671232
345757,1790398308262,HpDrvPre.sys,19128
345757,1790398308262,MpCmdRun.log,22022
345757,1790398308262,MpSigStub.log,7992
345757,1790398308278,SYS32_Hardware.exe,32671232
346289,1790398308794,HpDrvPre.sys,19128
346289,1790398308794,MpCmdRun.log,22022
346289,1790398308794,MpSigStub.log,7992
346289,1790398308809,SYS32_Hardware.exe,32671232
346913,1790398309419,HpDrvPre.sys,19128
346913,1790398309419,MpCmdRun.log,22022
346913,1790398309434,MpSigStub.log,7992
346913,1790398309434,SYS32_Hardware.exe,32671232
347445,1790398309950,HpDrvPre.sys,19128
347445,1790398309965,MpCmdRun.log,22022
347445,1790398309965,MpSigStub.log,7992
347445,1790398309981,SYS32_Hardware.exe,32671232
347992,1790398310497,HpDrvPre.sys,19128
347992,1790398310497,MpCmdRun.log,22022
347992,1790398310512,MpSigStub.log,7992
347992,1790398310512,SYS32_Hardware.exe,32671232
348540,1790398311046,HpDrvPre.sys,19128
348540,1790398311046,MpCmdRun.log,22022
348540,1790398311046,MpSigStub.log,7992
348540,1790398311061,SYS32_Hardware.exe,32671232
349103,1790398311608,HpDrvPre.sys,19128
349103,1790398311608,MpCmdRun.log,22022
349103,1790398311608,MpSigStub.log,7992
349103,1790398311624,SYS32_Hardware.exe,32671232
349634,1790398312139,HpDrvPre.sys,19128
349634,1790398312139,MpCmdRun.log,22022
349634,1790398312139,MpSigStub.log,7992
349634,1790398312155,SYS32_Hardware.exe,32671232
350182,1790398312686,HpDrvPre.sys,19128
350182,1790398312686,MpCmdRun.log,22022
350182,1790398312702,MpSigStub.log,7992
350182,1790398312702,SYS32_Hardware.exe,32671232
350728,1790398313233,HpDrvPre.sys,19128
350728,1790398313233,MpCmdRun.log,22022
350728,1790398313249,MpSigStub.log,7992
350728,1790398313249,SYS32_Hardware.exe,32671232
351259,1790398313764,HpDrvPre.sys,19128
351259,1790398313764,MpCmdRun.log,22022
351259,1790398313780,MpSigStub.log,7992
351259,1790398313780,SYS32_Hardware.exe,32671232
351790,1790398314296,HpDrvPre.sys,19128
351790,1790398314296,MpCmdRun.log,22022
351790,1790398314296,MpSigStub.log,7992
351790,1790398314311,SYS32_Hardware.exe,32671232
352337,1790398314842,HpDrvPre.sys,19128
352337,1790398314842,MpCmdRun.log,22022
352337,1790398314842,MpSigStub.log,7992
352337,1790398314858,SYS32_Hardware.exe,32671232
352869,1790398315374,HpDrvPre.sys,19128
352869,1790398315374,MpCmdRun.log,22022
352869,1790398315374,MpSigStub.log,7992
352869,1790398315389,SYS32_Hardware.exe,32671232
353400,1790398315905,HpDrvPre.sys,19128
353400,1790398315905,MpCmdRun.log,22022
353400,1790398315905,MpSigStub.log,7992
353400,1790398315921,SYS32_Hardware.exe,32671232
353916,1790398316421,HpDrvPre.sys,19128
353916,1790398316421,MpCmdRun.log,22022
353916,1790398316421,MpSigStub.log,7992
353916,1790398316436,SYS32_Hardware.exe,32671232
354447,1790398316952,HpDrvPre.sys,19128
354447,1790398316952,MpCmdRun.log,22022
354447,1790398316952,MpSigStub.log,7992
354447,1790398316967,SYS32_Hardware.exe,32671232
355009,1790398317514,HpDrvPre.sys,19128
355009,1790398317514,MpCmdRun.log,22022
355009,1790398317530,MpSigStub.log,7992
355009,1790398317530,SYS32_Hardware.exe,32671232
355557,1790398318061,HpDrvPre.sys,19128
355557,1790398318061,MpCmdRun.log,22022
355557,1790398318061,MpSigStub.log,7992
355557,1790398318077,SYS32_Hardware.exe,32671232
356087,1790398318592,HpDrvPre.sys,19128
356087,1790398318592,MpCmdRun.log,22022
356087,1790398318592,MpSigStub.log,7992
356087,1790398318608,SYS32_Hardware.exe,32671232
356619,1790398319124,HpDrvPre.sys,19128
356619,1790398319124,MpCmdRun.log,22022
356619,1790398319124,MpSigStub.log,7992
356619,1790398319139,SYS32_Hardware.exe,32671232
357136,1790398319639,HpDrvPre.sys,19128
357136,1790398319639,MpCmdRun.log,22022
357136,1790398319655,MpSigStub.log,7992
357136,1790398319655,SYS32_Hardware.exe,32671232
357666,1790398320171,HpDrvPre.sys,19128
357666,1790398320171,MpCmdRun.log,22022
357666,1790398320171,MpSigStub.log,7992
357666,1790398320186,SYS32_Hardware.exe,32671232
358408,1790398321217,HpDrvPre.sys,19128
358408,1790398321233,MpCmdRun.log,22022
358408,1790398321374,MpSigStub.log,7992
358408,1790398321374,SYS32_Hardware.exe,32671232
359384,1790398321889,HpDrvPre.sys,19128
359384,1790398321889,MpCmdRun.log,22022
359384,1790398321889,MpSigStub.log,7992
359384,1790398321905,SYS32_Hardware.exe,32671232
359931,1790398322436,HpDrvPre.sys,19128
359931,1790398322436,MpCmdRun.log,22022
359931,1790398322436,MpSigStub.log,7992
359931,1790398322452,SYS32_Hardware.exe,32671232
360447,1790398322952,HpDrvPre.sys,19128
360447,1790398322952,MpCmdRun.log,22022
360447,1790398322967,MpSigStub.log,7992
360447,1790398322967,SYS32_Hardware.exe,32671232
361056,1790398323561,HpDrvPre.sys,19128
361056,1790398323561,MpCmdRun.log,22022
361056,1790398323561,MpSigStub.log,7992
361056,1790398323577,SYS32_Hardware.exe,32671232
361587,1790398324092,HpDrvPre.sys,19128
361587,1790398324349,MpCmdRun.log,22022
361587,1790398324362,MpSigStub.log,7992
361587,1790398324362,SYS32_Hardware.exe,32671232
362372,1790398324878,HpDrvPre.sys,19128
362372,1790398324878,MpCmdRun.log,22022
362372,1790398324878,MpSigStub.log,7992
362372,1790398324893,SYS32_Hardware.exe,32671232
362904,1790398325409,HpDrvPre.sys,19128
362904,1790398325409,MpCmdRun.log,22022
362904,1790398325409,MpSigStub.log,7992
362904,1790398325424,SYS32_Hardware.exe,32671232
363420,1790398325924,HpDrvPre.sys,19128
363420,1790398325924,MpCmdRun.log,22022
363420,1790398325924,MpSigStub.log,7992
363420,1790398325940,SYS32_Hardware.exe,32671232
363951,1790398326456,HpDrvPre.sys,19128
363951,1790398326456,MpCmdRun.log,22022
363951,1790398326471,MpSigStub.log,7992
363951,1790398326487,SYS32_Hardware.exe,32671232
364497,1790398327003,HpDrvPre.sys,19128
364497,1790398327003,MpCmdRun.log,22022
364497,1790398327018,MpSigStub.log,7992
364497,1790398327018,SYS32_Hardware.exe,32671232
365029,1790398327534,HpDrvPre.sys,19128
365029,1790398327534,MpCmdRun.log,22022
365029,1790398327549,MpSigStub.log,7992
365029,1790398327581,SYS32_Hardware.exe,32671232
365591,1790398328096,HpDrvPre.sys,19128
365591,1790398328096,MpCmdRun.log,22022
365591,1790398328112,MpSigStub.log,7992
365591,1790398328112,SYS32_Hardware.exe,32671232
366123,1790398328628,HpDrvPre.sys,19128
366123,1790398328628,MpCmdRun.log,22022
366123,1790398328628,MpSigStub.log,7992
366123,1790398328643,SYS32_Hardware.exe,32671232
366670,1790398329174,HpDrvPre.sys,19128
366670,1790398329174,MpCmdRun.log,22022
366670,1790398329174,MpSigStub.log,7992
366670,1790398329190,SYS32_Hardware.exe,32671232
367185,1790398329690,HpDrvPre.sys,19128
367185,1790398329690,MpCmdRun.log,22022
367185,1790398329706,MpSigStub.log,7992
367185,1790398329706,SYS32_Hardware.exe,32671232
367716,1790398330221,HpDrvPre.sys,19128
367716,1790398330221,MpCmdRun.log,22022
367716,1790398330221,MpSigStub.log,7992
367716,1790398330237,SYS32_Hardware.exe,32671232
368247,1790398330753,HpDrvPre.sys,19128
368247,1790398330753,MpCmdRun.log,22022
368247,1790398330753,MpSigStub.log,7992
368247,1790398330768,SYS32_Hardware.exe,32671232
368794,1790398331299,HpDrvPre.sys,19128
368794,1790398331299,MpCmdRun.log,22022
368794,1790398331299,MpSigStub.log,7992
368794,1790398331315,SYS32_Hardware.exe,32671232
369326,1790398331831,HpDrvPre.sys,19128
369326,1790398331831,MpCmdRun.log,22022
369326,1790398331831,MpSigStub.log,7992
369326,1790398331846,SYS32_Hardware.exe,32671232
369842,1790398332346,HpDrvPre.sys,19128
369842,1790398332346,MpCmdRun.log,22022
369842,1790398332346,MpSigStub.log,7992
369842,1790398332362,SYS32_Hardware.exe,32671232
370357,1790398332862,HpDrvPre.sys,19128
370357,1790398332862,MpCmdRun.log,22022
370357,1790398332878,MpSigStub.log,7992
370357,1790398332878,SYS32_Hardware.exe,32671232
370904,1790398333409,HpDrvPre.sys,19128
370904,1790398333409,MpCmdRun.log,22022
370904,1790398333424,MpSigStub.log,7992
370904,1790398333424,SYS32_Hardware.exe,32671232
371419,1790398333924,HpDrvPre.sys,19128
371419,1790398333924,MpCmdRun.log,22022
371419,1790398333924,MpSigStub.log,7992
371419,1790398333940,SYS32_Hardware.exe,32671232
371951,1790398334456,HpDrvPre.sys,19128
371951,1790398334456,MpCmdRun.log,22022
371951,1790398334471,MpSigStub.log,7992
371951,1790398334487,SYS32_Hardware.exe,32671232
372497,1790398335003,HpDrvPre.sys,19128
372497,1790398335003,MpCmdRun.log,22022
372497,1790398335003,MpSigStub.log,7992
372497,1790398335018,SYS32_Hardware.exe,32671232
373044,1790398335550,HpDrvPre.sys,19128
373044,1790398335550,MpCmdRun.log,22022
373044,1790398335550,MpSigStub.log,7992
373044,1790398335565,SYS32_Hardware.exe,32671232
373576,1790398336081,HpDrvPre.sys,19128
373576,1790398336081,MpCmdRun.log,22022
373576,1790398336081,MpSigStub.log,7992
373576,1790398336112,SYS32_Hardware.exe,32671232
374107,1790398336612,HpDrvPre.sys,19128
374107,1790398336612,MpCmdRun.log,22022
374107,1790398336612,MpSigStub.log,7992
374107,1790398336628,SYS32_Hardware.exe,32671232
374654,1790398337159,HpDrvPre.sys,19128
374654,1790398337159,MpCmdRun.log,22022
374654,1790398337159,MpSigStub.log,7992
374654,1790398337174,SYS32_Hardware.exe,32671232
375169,1790398337674,HpDrvPre.sys,19128
375169,1790398337674,MpCmdRun.log,22022
375169,1790398337690,MpSigStub.log,7992
375169,1790398337690,SYS32_Hardware.exe,32671232
375685,1790398338190,HpDrvPre.sys,19128
375685,1790398338190,MpCmdRun.log,22022
375685,1790398338190,MpSigStub.log,7992
375685,1790398338206,SYS32_Hardware.exe,32671232
376216,1790398338721,HpDrvPre.sys,19128
376216,1790398338721,MpCmdRun.log,22022
376216,1790398338721,MpSigStub.log,7992
376216,1790398338737,SYS32_Hardware.exe,32671232
376763,1790398339268,HpDrvPre.sys,19128
376763,1790398339268,MpCmdRun.log,22022
376763,1790398339284,MpSigStub.log,7992
376763,1790398339284,SYS32_Hardware.exe,32671232
377294,1790398339799,HpDrvPre.sys,19128
377294,1790398339799,MpCmdRun.log,22022
377294,1790398339799,MpSigStub.log,7992
377294,1790398339815,SYS32_Hardware.exe,32671232
377810,1790398340315,HpDrvPre.sys,19128
377810,1790398340315,MpCmdRun.log,22022
377810,1790398340315,MpSigStub.log,7992
377810,1790398340331,SYS32_Hardware.exe,32671232
378353,1790398340862,HpDrvPre.sys,19128
378353,1790398340862,MpCmdRun.log,22022
378353,1790398340878,MpSigStub.log,7992
378353,1790398340878,SYS32_Hardware.exe,32671232
378920,1790398341425,HpDrvPre.sys,19128
378920,1790398341425,MpCmdRun.log,22022
378920,1790398341441,MpSigStub.log,7992
378920,1790398341441,SYS32_Hardware.exe,32671232
379467,1790398341972,HpDrvPre.sys,19128
379467,1790398341972,MpCmdRun.log,22022
379467,1790398341972,MpSigStub.log,7992
379467,1790398341987,SYS32_Hardware.exe,32671232
379998,1790398342503,HpDrvPre.sys,19128
379998,1790398342503,MpCmdRun.log,22022
379998,1790398342503,MpSigStub.log,7992
379998,1790398342519,SYS32_Hardware.exe,32671232
380531,1790398343034,HpDrvPre.sys,19128
380531,1790398343034,MpCmdRun.log,22022
380531,1790398343050,MpSigStub.log,7992
380531,1790398343066,SYS32_Hardware.exe,32671232
381123,1790398343628,HpDrvPre.sys,19128
381123,1790398343628,MpCmdRun.log,22022
381123,1790398343628,MpSigStub.log,7992
381123,1790398343644,SYS32_Hardware.exe,32671232
381639,1790398344144,HpDrvPre.sys,19128
381639,1790398344144,MpCmdRun.log,22022
381639,1790398344159,MpSigStub.log,7992
381639,1790398344175,SYS32_Hardware.exe,32671232
382185,1790398344691,HpDrvPre.sys,19128
382185,1790398344691,MpCmdRun.log,22022
382185,1790398344706,MpSigStub.log,7992
382185,1790398344706,SYS32_Hardware.exe,32671232
382718,1790398345222,HpDrvPre.sys,19128
382718,1790398345222,MpCmdRun.log,22022
382718,1790398345237,MpSigStub.log,7992
382718,1790398345237,SYS32_Hardware.exe,32671232
383248,1790398345753,HpDrvPre.sys,19128
383248,1790398345769,MpCmdRun.log,22022
383248,1790398345769,MpSigStub.log,7992
383248,1790398345784,SYS32_Hardware.exe,32671232
383796,1790398346301,HpDrvPre.sys,19128
383796,1790398346301,MpCmdRun.log,22022
383796,1790398346317,MpSigStub.log,7992
383796,1790398346317,SYS32_Hardware.exe,32671232
384312,1790398346817,HpDrvPre.sys,19128
384312,1790398346817,MpCmdRun.log,22022
384312,1790398346832,MpSigStub.log,7992
384312,1790398346848,SYS32_Hardware.exe,32671232
384890,1790398347395,HpDrvPre.sys,19128
384890,1790398347395,MpCmdRun.log,22022
384890,1790398347410,MpSigStub.log,7992
384890,1790398347410,SYS32_Hardware.exe,32671232
385452,1790398347957,HpDrvPre.sys,19128
385452,1790398347957,MpCmdRun.log,22022
385452,1790398347957,MpSigStub.log,7992
385452,1790398347988,SYS32_Hardware.exe,32671232
385983,1790398348488,HpDrvPre.sys,19128
385983,1790398348488,MpCmdRun.log,22022
385983,1790398348488,MpSigStub.log,7992
385983,1790398348504,SYS32_Hardware.exe,32671232
386515,1790398349020,HpDrvPre.sys,19128
386515,1790398349020,MpCmdRun.log,22022
386515,1790398349035,MpSigStub.log,7992
386515,1790398349035,SYS32_Hardware.exe,32671232
387046,1790398349551,HpDrvPre.sys,19128
387046,1790398349551,MpCmdRun.log,22022
387046,1790398349567,MpSigStub.log,7992
387046,1790398349567,SYS32_Hardware.exe,32671232
387561,1790398350067,HpDrvPre.sys,19128
387561,1790398350067,MpCmdRun.log,22022
387561,1790398350067,MpSigStub.log,7992
387561,1790398350082,SYS32_Hardware.exe,32671232
388077,1790398350582,HpDrvPre.sys,19128
388077,1790398350582,MpCmdRun.log,22022
388077,1790398350582,MpSigStub.log,7992
388077,1790398350598,SYS32_Hardware.exe,32671232
388608,1790398351113,HpDrvPre.sys,19128
388608,1790398351113,MpCmdRun.log,22022
388608,1790398351113,MpSigStub.log,7992
388608,1790398351129,SYS32_Hardware.exe,32671232
389151,1790398351817,HpDrvPre.sys,19128
389151,1790398352082,MpCmdRun.log,22022
389151,1790398352301,MpSigStub.log,7992
389151,1790398352551,SYS32_Hardware.exe,32671232
390578,1790398353082,HpDrvPre.sys,19128
390578,1790398353082,MpCmdRun.log,22022
390578,1790398353098,MpSigStub.log,7992
390578,1790398353113,SYS32_Hardware.exe,32671232
391124,1790398353629,HpDrvPre.sys,19128
391124,1790398353629,MpCmdRun.log,22022
391124,1790398353629,MpSigStub.log,7992
391124,1790398353645,SYS32_Hardware.exe,32671232
391640,1790398354145,HpDrvPre.sys,19128
391640,1790398354145,MpCmdRun.log,22022
391640,1790398354145,MpSigStub.log,7992
391640,1790398354160,SYS32_Hardware.exe,32671232
392157,1790398354662,HpDrvPre.sys,19128
392157,1790398354662,MpCmdRun.log,22022
392157,1790398354662,MpSigStub.log,7992
392157,1790398354677,SYS32_Hardware.exe,32671232
392688,1790398355193,HpDrvPre.sys,19128
392688,1790398355193,MpCmdRun.log,22022
392688,1790398355193,MpSigStub.log,7992
392688,1790398355209,SYS32_Hardware.exe,32671232
393204,1790398355709,HpDrvPre.sys,19128
393204,1790398355709,MpCmdRun.log,22022
393204,1790398355709,MpSigStub.log,7992
393204,1790398355724,SYS32_Hardware.exe,32671232
393719,1790398356224,HpDrvPre.sys,19128
393719,1790398356224,MpCmdRun.log,22022
393719,1790398356224,MpSigStub.log,7992
393719,1790398356240,SYS32_Hardware.exe,32671232
394237,1790398356740,HpDrvPre.sys,19128
394237,1790398356740,MpCmdRun.log,22022
394237,1790398356740,MpSigStub.log,7992
394237,1790398356756,SYS32_Hardware.exe,32671232
394766,1790398357271,HpDrvPre.sys,19128
394766,1790398357271,MpCmdRun.log,22022
394766,1790398357271,MpSigStub.log,7992
394766,1790398357287,SYS32_Hardware.exe,32671232
395297,1790398357802,HpDrvPre.sys,19128
395297,1790398357802,MpCmdRun.log,22022
395297,1790398357818,MpSigStub.log,7992
395297,1790398357818,SYS32_Hardware.exe,32671232
395813,1790398358318,HpDrvPre.sys,19128
395813,1790398358318,MpCmdRun.log,22022
395813,1790398358318,MpSigStub.log,7992
395813,1790398358334,SYS32_Hardware.exe,32671232
396344,1790398358849,HpDrvPre.sys,19128
396344,1790398358849,MpCmdRun.log,22022
396344,1790398358849,MpSigStub.log,7992
396344,1790398358865,SYS32_Hardware.exe,32671232
396907,1790398359412,HpDrvPre.sys,19128
396907,1790398359412,MpCmdRun.log,22022
396907,1790398359412,MpSigStub.log,7992
396907,1790398359427,SYS32_Hardware.exe,32671232
397438,1790398359943,HpDrvPre.sys,19128
397438,1790398359943,MpCmdRun.log,22022
397438,1790398359943,MpSigStub.log,7992
397438,1790398359959,SYS32_Hardware.exe,32671232
397969,1790398360474,HpDrvPre.sys,19128
397969,1790398360474,MpCmdRun.log,22022
397969,1790398360474,MpSigStub.log,7992
397969,1790398360490,SYS32_Hardware.exe,32671232
398485,1790398360990,HpDrvPre.sys,19128
398485,1790398360990,MpCmdRun.log,22022
398485,1790398360990,MpSigStub.log,7992
398485,1790398361006,SYS32_Hardware.exe,32671232
399032,1790398361537,HpDrvPre.sys,19128
399032,1790398361537,MpCmdRun.log,22022
399032,1790398361537,MpSigStub.log,7992
399032,1790398361552,SYS32_Hardware.exe,32671232
399563,1790398362068,HpDrvPre.sys,19128
399563,1790398362068,MpCmdRun.log,22022
399563,1790398362068,MpSigStub.log,7992
399563,1790398362084,SYS32_Hardware.exe,32671232
400078,1790398362584,HpDrvPre.sys,19128
400078,1790398362584,MpCmdRun.log,22022
400078,1790398362584,MpSigStub.log,7992
400078,1790398362599,SYS32_Hardware.exe,32671232
400638,1790398363146,HpDrvPre.sys,19128
400638,1790398363146,MpCmdRun.log,22022
400638,1790398363146,MpSigStub.log,7992
400638,1790398363162,SYS32_Hardware.exe,32671232
401173,1790398363678,HpDrvPre.sys,19128
401173,1790398363678,MpCmdRun.log,22022
401173,1790398363678,MpSigStub.log,7992
401173,1790398363694,SYS32_Hardware.exe,32671232
401720,1790398364225,HpDrvPre.sys,19128
401720,1790398364225,MpCmdRun.log,22022
401720,1790398364225,MpSigStub.log,7992
401720,1790398364241,SYS32_Hardware.exe,32671232
402251,1790398364756,HpDrvPre.sys,19128
402251,1790398364756,MpCmdRun.log,22022
402251,1790398364756,MpSigStub.log,7992
402251,1790398364772,SYS32_Hardware.exe,32671232
402798,1790398365303,HpDrvPre.sys,19128
402798,1790398365303,MpCmdRun.log,22022
402798,1790398365303,MpSigStub.log,7992
402798,1790398365319,SYS32_Hardware.exe,32671232
403345,1790398365850,HpDrvPre.sys,19128
403345,1790398365850,MpCmdRun.log,22022
403345,1790398365850,MpSigStub.log,7992
403345,1790398365866,SYS32_Hardware.exe,32671232
403862,1790398366366,HpDrvPre.sys,19128
403862,1790398366366,MpCmdRun.log,22022
403862,1790398366381,MpSigStub.log,7992
403862,1790398366381,SYS32_Hardware.exe,32671232
404392,1790398366897,HpDrvPre.sys,19128
404392,1790398366897,MpCmdRun.log,22022
404392,1790398366913,MpSigStub.log,7992
404392,1790398366913,SYS32_Hardware.exe,32671232
404939,1790398367444,HpDrvPre.sys,19128
404939,1790398367444,MpCmdRun.log,22022
404939,1790398367444,MpSigStub.log,7992
404939,1790398367459,SYS32_Hardware.exe,32671232
405486,1790398367991,HpDrvPre.sys,19128
405486,1790398367991,MpCmdRun.log,22022
405486,1790398368006,MpSigStub.log,7992
405486,1790398368006,SYS32_Hardware.exe,32671232
406032,1790398368538,HpDrvPre.sys,19128
406032,1790398368538,MpCmdRun.log,22022
406032,1790398368538,MpSigStub.log,7992
406032,1790398368553,SYS32_Hardware.exe,32671232
406564,1790398369069,HpDrvPre.sys,19128
406564,1790398369069,MpCmdRun.log,22022
406564,1790398369084,MpSigStub.log,7992
406564,1790398369084,SYS32_Hardware.exe,32671232
407126,1790398369631,HpDrvPre.sys,19128
407126,1790398369631,MpCmdRun.log,22022
407126,1790398369631,MpSigStub.log,7992
407126,1790398369647,SYS32_Hardware.exe,32671232
407642,1790398370147,HpDrvPre.sys,19128
407642,1790398370147,MpCmdRun.log,22022
407642,1790398370147,MpSigStub.log,7992
407642,1790398370163,SYS32_Hardware.exe,32671232
408157,1790398370663,HpDrvPre.sys,19128
408157,1790398370663,MpCmdRun.log,22022
408157,1790398370663,MpSigStub.log,7992
408157,1790398370678,SYS32_Hardware.exe,32671232
408689,1790398371194,HpDrvPre.sys,19128
408689,1790398371194,MpCmdRun.log,22022
408689,1790398371209,MpSigStub.log,7992
408689,1790398371225,SYS32_Hardware.exe,32671232
409237,1790398371741,HpDrvPre.sys,19128
409237,1790398371741,MpCmdRun.log,22022
409237,1790398371756,MpSigStub.log,7992
409237,1790398371756,SYS32_Hardware.exe,32671232
409767,1790398372272,HpDrvPre.sys,19128
409767,1790398372272,MpCmdRun.log,22022
409767,1790398372272,MpSigStub.log,7992
409767,1790398372288,SYS32_Hardware.exe,32671232
410314,1790398372819,HpDrvPre.sys,19128
410314,1790398372819,MpCmdRun.log,22022
410314,1790398372819,MpSigStub.log,7992
410314,1790398372834,SYS32_Hardware.exe,32671232
410845,1790398373350,HpDrvPre.sys,19128
410845,1790398373350,MpCmdRun.log,22022
410845,1790398373366,MpSigStub.log,7992
410845,1790398373366,SYS32_Hardware.exe,32671232
411376,1790398373881,HpDrvPre.sys,19128
411376,1790398373881,MpCmdRun.log,22022
411376,1790398373897,MpSigStub.log,7992
411376,1790398373897,SYS32_Hardware.exe,32671232
411907,1790398374413,HpDrvPre.sys,19128
411907,1790398374413,MpCmdRun.log,22022
411907,1790398374413,MpSigStub.log,7992
411907,1790398374428,SYS32_Hardware.exe,32671232
412439,1790398374944,HpDrvPre.sys,19128
412439,1790398374959,MpCmdRun.log,22022
412439,1790398374975,MpSigStub.log,7992
412439,1790398374975,SYS32_Hardware.exe,32671232
413017,1790398375522,HpDrvPre.sys,19128
413017,1790398375522,MpCmdRun.log,22022
413017,1790398375522,MpSigStub.log,7992
413017,1790398375538,SYS32_Hardware.exe,32671232
413532,1790398376038,HpDrvPre.sys,19128
413532,1790398376038,MpCmdRun.log,22022
413532,1790398376038,MpSigStub.log,7992
413532,1790398376053,SYS32_Hardware.exe,32671232
414064,1790398376569,HpDrvPre.sys,19128
414064,1790398376569,MpCmdRun.log,22022
414064,1790398376569,MpSigStub.log,7992
414064,1790398376584,SYS32_Hardware.exe,32671232
414595,1790398377100,HpDrvPre.sys,19128
414595,1790398377100,MpCmdRun.log,22022
414595,1790398377100,MpSigStub.log,7992
414595,1790398377116,SYS32_Hardware.exe,32671232
415127,1790398377631,HpDrvPre.sys,19128
415127,1790398377631,MpCmdRun.log,22022
415127,1790398377631,MpSigStub.log,7992
415127,1790398377647,SYS32_Hardware.exe,32671232
415642,1790398378147,HpDrvPre.sys,19128
415642,1790398378147,MpCmdRun.log,22022
415642,1790398378147,MpSigStub.log,7992
415642,1790398378163,SYS32_Hardware.exe,32671232
416173,1790398378678,HpDrvPre.sys,19128
416173,1790398378678,MpCmdRun.log,22022
416173,1790398378678,MpSigStub.log,7992
416173,1790398378694,SYS32_Hardware.exe,32671232
416736,1790398379241,HpDrvPre.sys,19128
416736,1790398379241,MpCmdRun.log,22022
416736,1790398379241,MpSigStub.log,7992
416736,1790398379256,SYS32_Hardware.exe,32671232
417251,1790398379756,HpDrvPre.sys,19128
417251,1790398379756,MpCmdRun.log,22022
417251,1790398379756,MpSigStub.log,7992
417251,1790398379772,SYS32_Hardware.exe,32671232
417782,1790398380288,HpDrvPre.sys,19128
417782,1790398380288,MpCmdRun.log,22022
417782,1790398380288,MpSigStub.log,7992
417782,1790398380303,SYS32_Hardware.exe,32671232
418352,1790398380866,HpDrvPre.sys,19128
418352,1790398380881,MpCmdRun.log,22022
418352,1790398380975,MpSigStub.log,7992
418352,1790398381084,SYS32_Hardware.exe,32671232
419220,1790398381725,HpDrvPre.sys,19128
419220,1790398381725,MpCmdRun.log,22022
419220,1790398381725,MpSigStub.log,7992
419220,1790398381991,SYS32_Hardware.exe,32671232
420003,1790398382523,HpDrvPre.sys,19128
420003,1790398382523,MpCmdRun.log,22022
420003,1790398382523,MpSigStub.log,7992
420003,1790398382538,SYS32_Hardware.exe,32671232
421955,1790398384476,HpDrvPre.sys,19128
421955,1790398384476,MpCmdRun.log,22022
421955,1790398384492,MpSigStub.log,7992
421955,1790398384492,SYS32_Hardware.exe,32671232
422533,1790398385038,HpDrvPre.sys,19128
422533,1790398385038,MpCmdRun.log,22022
422533,1790398385038,MpSigStub.log,7992
422533,1790398385054,SYS32_Hardware.exe,32671232
423065,1790398385570,HpDrvPre.sys,19128
423065,1790398385570,MpCmdRun.log,22022
423065,1790398385570,MpSigStub.log,7992
423065,1790398385585,SYS32_Hardware.exe,32671232
423580,1790398386085,HpDrvPre.sys,19128
423580,1790398386085,MpCmdRun.log,22022
423580,1790398386085,MpSigStub.log,7992
423580,1790398386101,SYS32_Hardware.exe,32671232
424143,1790398386648,HpDrvPre.sys,19128
424143,1790398386648,MpCmdRun.log,22022
424143,1790398386648,MpSigStub.log,7992
424143,1790398386663,SYS32_Hardware.exe,32671232
424721,1790398387226,HpDrvPre.sys,19128
424721,1790398387226,MpCmdRun.log,22022
424721,1790398387226,MpSigStub.log,7992
424721,1790398387242,SYS32_Hardware.exe,32671232
425252,1790398387757,HpDrvPre.sys,19128
425252,1790398387757,MpCmdRun.log,22022
425252,1790398387757,MpSigStub.log,7992
425252,1790398387773,SYS32_Hardware.exe,32671232
425768,1790398388273,HpDrvPre.sys,19128
425768,1790398388273,MpCmdRun.log,22022
425768,1790398388288,MpSigStub.log,7992
425768,1790398388288,SYS32_Hardware.exe,32671232
426299,1790398388804,HpDrvPre.sys,19128
426299,1790398388804,MpCmdRun.log,22022
426299,1790398388804,MpSigStub.log,7992
426299,1790398388820,SYS32_Hardware.exe,32671232
426841,1790398389345,HpDrvPre.sys,19128
426841,1790398389345,MpCmdRun.log,22022
426841,1790398389345,MpSigStub.log,7992
426841,1790398389361,SYS32_Hardware.exe,32671232
427356,1790398389861,HpDrvPre.sys,19128
427356,1790398389861,MpCmdRun.log,22022
427356,1790398389861,MpSigStub.log,7992
427356,1790398389877,SYS32_Hardware.exe,32671232
427888,1790398390392,HpDrvPre.sys,19128
427888,1790398390392,MpCmdRun.log,22022
427888,1790398390392,MpSigStub.log,7992
427888,1790398390408,SYS32_Hardware.exe,32671232
428434,1790398390939,HpDrvPre.sys,19128
428434,1790398390939,MpCmdRun.log,22022
428434,1790398390939,MpSigStub.log,7992
428434,1790398390955,SYS32_Hardware.exe,32671232
428966,1790398391470,HpDrvPre.sys,19128
428966,1790398391470,MpCmdRun.log,22022
428966,1790398391470,MpSigStub.log,7992
428966,1790398391486,SYS32_Hardware.exe,32671232
429512,1790398392017,HpDrvPre.sys,19128
429512,1790398392017,MpCmdRun.log,22022
429512,1790398392017,MpSigStub.log,7992
429512,1790398392033,SYS32_Hardware.exe,32671232
430028,1790398392533,HpDrvPre.sys,19128
430028,1790398392533,MpCmdRun.log,22022
430028,1790398392533,MpSigStub.log,7992
430028,1790398392549,SYS32_Hardware.exe,32671232
430575,1790398393080,HpDrvPre.sys,19128
430575,1790398393080,MpCmdRun.log,22022
430575,1790398393080,MpSigStub.log,7992
430575,1790398393095,SYS32_Hardware.exe,32671232
431091,1790398393595,HpDrvPre.sys,19128
431091,1790398393595,MpCmdRun.log,22022
431091,1790398393595,MpSigStub.log,7992
431091,1790398393611,SYS32_Hardware.exe,32671232
431606,1790398394111,HpDrvPre.sys,19128
431606,1790398394111,MpCmdRun.log,22022
431606,1790398394111,MpSigStub.log,7992
431606,1790398394127,SYS32_Hardware.exe,32671232
432122,1790398394627,HpDrvPre.sys,19128
432122,1790398394627,MpCmdRun.log,22022
432122,1790398394627,MpSigStub.log,7992
432122,1790398394642,SYS32_Hardware.exe,32671232
432653,1790398395158,HpDrvPre.sys,19128
432653,1790398395158,MpCmdRun.log,22022
432653,1790398395158,MpSigStub.log,7992
432653,1790398395174,SYS32_Hardware.exe,32671232
433184,1790398395689,HpDrvPre.sys,19128
433184,1790398395689,MpCmdRun.log,22022
433184,1790398395689,MpSigStub.log,7992
433184,1790398395705,SYS32_Hardware.exe,32671232
433700,1790398396205,HpDrvPre.sys,19128
433700,1790398396205,MpCmdRun.log,22022
433700,1790398396205,MpSigStub.log,7992
433700,1790398396220,SYS32_Hardware.exe,32671232
434231,1790398396736,HpDrvPre.sys,19128
434231,1790398396736,MpCmdRun.log,22022
434231,1790398396752,MpSigStub.log,7992
434231,1790398396752,SYS32_Hardware.exe,32671232
434778,1790398397283,HpDrvPre.sys,19128
434778,1790398397283,MpCmdRun.log,22022
434778,1790398397283,MpSigStub.log,7992
434778,1790398397299,SYS32_Hardware.exe,32671232
435293,1790398397799,HpDrvPre.sys,19128
435293,1790398397799,MpCmdRun.log,22022
435293,1790398397799,MpSigStub.log,7992
435293,1790398397814,SYS32_Hardware.exe,32671232
435809,1790398398314,HpDrvPre.sys,19128
435809,1790398398314,MpCmdRun.log,22022
435809,1790398398314,MpSigStub.log,7992
435809,1790398398330,SYS32_Hardware.exe,32671232
436325,1790398398830,HpDrvPre.sys,19128
436325,1790398398830,MpCmdRun.log,22022
436325,1790398398845,MpSigStub.log,7992
436325,1790398398845,SYS32_Hardware.exe,32671232
436923,1790398399428,HpDrvPre.sys,19128
436923,1790398399428,MpCmdRun.log,22022
436923,1790398399428,MpSigStub.log,7992
436923,1790398399444,SYS32_Hardware.exe,32671232
437454,1790398399959,HpDrvPre.sys,19128
437454,1790398399959,MpCmdRun.log,22022
437454,1790398399975,MpSigStub.log,7992
437454,1790398399975,SYS32_Hardware.exe,32671232
437971,1790398400476,HpDrvPre.sys,19128
437971,1790398400476,MpCmdRun.log,22022
437971,1790398400476,MpSigStub.log,7992
437971,1790398400492,SYS32_Hardware.exe,32671232
438643,1790398401148,HpDrvPre.sys,19128
438643,1790398401148,MpCmdRun.log,22022
438643,1790398401148,MpSigStub.log,7992
438643,1790398401164,SYS32_Hardware.exe,32671232
439158,1790398401664,HpDrvPre.sys,19128
439158,1790398401664,MpCmdRun.log,22022
439158,1790398401664,MpSigStub.log,7992
439158,1790398401679,SYS32_Hardware.exe,32671232
439674,1790398402179,HpDrvPre.sys,19128
439674,1790398402179,MpCmdRun.log,22022
439674,1790398402179,MpSigStub.log,7992
439674,1790398402195,SYS32_Hardware.exe,32671232
440191,1790398402696,HpDrvPre.sys,19128
440191,1790398402696,MpCmdRun.log,22022
440191,1790398402696,MpSigStub.log,7992
440191,1790398402712,SYS32_Hardware.exe,32671232
440809,1790398403314,HpDrvPre.sys,19128
440809,1790398403314,MpCmdRun.log,22022
440809,1790398403314,MpSigStub.log,7992
440809,1790398403329,SYS32_Hardware.exe,32671232
441324,1790398403829,HpDrvPre.sys,19128
441324,1790398403829,MpCmdRun.log,22022
441324,1790398403829,MpSigStub.log,7992
441324,1790398403845,SYS32_Hardware.exe,32671232
441840,1790398404345,HpDrvPre.sys,19128
441840,1790398404345,MpCmdRun.log,22022
441840,1790398404345,MpSigStub.log,7992
441840,1790398404361,SYS32_Hardware.exe,32671232
442371,1790398404876,HpDrvPre.sys,19128
442371,1790398404876,MpCmdRun.log,22022
442371,1790398404876,MpSigStub.log,7992
442371,1790398404892,SYS32_Hardware.exe,32671232
442903,1790398405407,HpDrvPre.sys,19128
442903,1790398405407,MpCmdRun.log,22022
442903,1790398405423,MpSigStub.log,7992
442903,1790398405423,SYS32_Hardware.exe,32671232
443449,1790398405954,HpDrvPre.sys,19128
443449,1790398405954,MpCmdRun.log,22022
443449,1790398405954,MpSigStub.log,7992
443449,1790398405954,SYS32_Hardware.exe,32671232
443996,1790398406501,HpDrvPre.sys,19128
443996,1790398406501,MpCmdRun.log,22022
443996,1790398406501,MpSigStub.log,7992
443996,1790398406517,SYS32_Hardware.exe,32671232
444527,1790398407032,HpDrvPre.sys,19128
444527,1790398407032,MpCmdRun.log,22022
444527,1790398407032,MpSigStub.log,7992
444527,1790398407048,SYS32_Hardware.exe,32671232
445074,1790398407579,HpDrvPre.sys,19128
445074,1790398407579,MpCmdRun.log,22022
445074,1790398407579,MpSigStub.log,7992
445074,1790398407595,SYS32_Hardware.exe,32671232
445590,1790398408095,HpDrvPre.sys,19128
445590,1790398408095,MpCmdRun.log,22022
445590,1790398408095,MpSigStub.log,7992
445590,1790398408111,SYS32_Hardware.exe,32671232
446106,1790398408611,HpDrvPre.sys,19128
446106,1790398408611,MpCmdRun.log,22022
446106,1790398408611,MpSigStub.log,7992
446106,1790398408626,SYS32_Hardware.exe,32671232
446639,1790398409144,HpDrvPre.sys,19128
446639,1790398409144,MpCmdRun.log,22022
446639,1790398409144,MpSigStub.log,7992
446639,1790398409159,SYS32_Hardware.exe,32671232
447155,1790398409660,HpDrvPre.sys,19128
447155,1790398409660,MpCmdRun.log,22022
447155,1790398409660,MpSigStub.log,7992
447155,1790398409675,SYS32_Hardware.exe,32671232
447671,1790398410176,HpDrvPre.sys,19128
447671,1790398410176,MpCmdRun.log,22022
447671,1790398410176,MpSigStub.log,7992
447671,1790398410207,SYS32_Hardware.exe,32671232
448220,1790398410725,HpDrvPre.sys,19128
448220,1790398410725,MpCmdRun.log,22022
448220,1790398410725,MpSigStub.log,7992
448220,1790398410741,SYS32_Hardware.exe,32671232
448751,1790398411256,HpDrvPre.sys,19128
448751,1790398411256,MpCmdRun.log,22022
448751,1790398411256,MpSigStub.log,7992
448751,1790398411272,SYS32_Hardware.exe,32671232
449268,1790398411772,HpDrvPre.sys,19128
449268,1790398411772,MpCmdRun.log,22022
449268,1790398411788,MpSigStub.log,7992
449268,1790398411788,SYS32_Hardware.exe,32671232
449799,1790398412303,HpDrvPre.sys,19128
449799,1790398412303,MpCmdRun.log,22022
449799,1790398412303,MpSigStub.log,7992
449799,1790398412319,SYS32_Hardware.exe,32671232
450314,1790398412819,HpDrvPre.sys,19128
450314,1790398412819,MpCmdRun.log,22022
450314,1790398412819,MpSigStub.log,7992
450314,1790398412835,SYS32_Hardware.exe,32671232
450862,1790398413366,HpDrvPre.sys,19128
450862,1790398413366,MpCmdRun.log,22022
450862,1790398413366,MpSigStub.log,7992
450862,1790398413381,SYS32_Hardware.exe,32671232
451377,1790398413882,HpDrvPre.sys,19128
451377,1790398413882,MpCmdRun.log,22022
451377,1790398413882,MpSigStub.log,7992
451377,1790398413897,SYS32_Hardware.exe,32671232
452496,1790398415022,HpDrvPre.sys,19128
452496,1790398415022,MpCmdRun.log,22022
452496,1790398415100,MpSigStub.log,7992
452496,1790398415100,SYS32_Hardware.exe,32671232
453126,1790398415631,HpDrvPre.sys,19128
453126,1790398415631,MpCmdRun.log,22022
453126,1790398415631,MpSigStub.log,7992
453126,1790398415631,SYS32_Hardware.exe,32671232
453658,1790398416163,HpDrvPre.sys,19128
453658,1790398416163,MpCmdRun.log,22022
453658,1790398416163,MpSigStub.log,7992
453658,1790398416178,SYS32_Hardware.exe,32671232
454177,1790398416682,HpDrvPre.sys,19128
454177,1790398416682,MpCmdRun.log,22022
454177,1790398416682,MpSigStub.log,7992
454177,1790398416697,SYS32_Hardware.exe,32671232
454723,1790398417229,HpDrvPre.sys,19128
454723,1790398417229,MpCmdRun.log,22022
454723,1790398417229,MpSigStub.log,7992
454723,1790398417244,SYS32_Hardware.exe,32671232
455239,1790398417744,HpDrvPre.sys,19128
455239,1790398417744,MpCmdRun.log,22022
455239,1790398417744,MpSigStub.log,7992
455239,1790398417760,SYS32_Hardware.exe,32671232
455755,1790398418260,HpDrvPre.sys,19128
455755,1790398418260,MpCmdRun.log,22022
455755,1790398418260,MpSigStub.log,7992
455755,1790398418276,SYS32_Hardware.exe,32671232
456272,1790398418776,HpDrvPre.sys,19128
456272,1790398418776,MpCmdRun.log,22022
456272,1790398418776,MpSigStub.log,7992
456272,1790398418791,SYS32_Hardware.exe,32671232
456817,1790398419322,HpDrvPre.sys,19128
456817,1790398419322,MpCmdRun.log,22022
456817,1790398419322,MpSigStub.log,7992
456817,1790398419338,SYS32_Hardware.exe,32671232
457349,1790398419854,HpDrvPre.sys,19128
457349,1790398419854,MpCmdRun.log,22022
457349,1790398419854,MpSigStub.log,7992
457349,1790398419869,SYS32_Hardware.exe,32671232
457880,1790398420385,HpDrvPre.sys,19128
457880,1790398420385,MpCmdRun.log,22022
457880,1790398420385,MpSigStub.log,7992
457880,1790398420401,SYS32_Hardware.exe,32671232
458411,1790398420916,HpDrvPre.sys,19128
458411,1790398420916,MpCmdRun.log,22022
458411,1790398420916,MpSigStub.log,7992
458411,1790398420932,SYS32_Hardware.exe,32671232
458942,1790398421447,HpDrvPre.sys,19128
458942,1790398421447,MpCmdRun.log,22022
458942,1790398421447,MpSigStub.log,7992
458942,1790398421463,SYS32_Hardware.exe,32671232
459459,1790398421965,HpDrvPre.sys,19128
459459,1790398421965,MpCmdRun.log,22022
459459,1790398421965,MpSigStub.log,7992
459459,1790398421980,SYS32_Hardware.exe,32671232
459978,1790398422483,HpDrvPre.sys,19128
459978,1790398422483,MpCmdRun.log,22022
459978,1790398422483,MpSigStub.log,7992
459978,1790398422499,SYS32_Hardware.exe,32671232
460510,1790398423014,HpDrvPre.sys,19128
460510,1790398423014,MpCmdRun.log,22022
460510,1790398423030,MpSigStub.log,7992
460510,1790398423046,SYS32_Hardware.exe,32671232
461103,1790398423608,HpDrvPre.sys,19128
461103,1790398423608,MpCmdRun.log,22022
461103,1790398423624,MpSigStub.log,7992
461103,1790398423624,SYS32_Hardware.exe,32671232
461650,1790398424155,HpDrvPre.sys,19128
461650,1790398424155,MpCmdRun.log,22022
461650,1790398424155,MpSigStub.log,7992
461650,1790398424171,SYS32_Hardware.exe,32671232
462181,1790398424686,HpDrvPre.sys,19128
462181,1790398424686,MpCmdRun.log,22022
462181,1790398424686,MpSigStub.log,7992
462181,1790398424702,SYS32_Hardware.exe,32671232
462728,1790398425233,HpDrvPre.sys,19128
462728,1790398425233,MpCmdRun.log,22022
462728,1790398425233,MpSigStub.log,7992
462728,1790398425249,SYS32_Hardware.exe,32671232
463259,1790398425764,HpDrvPre.sys,19128
463259,1790398425764,MpCmdRun.log,22022
463259,1790398425780,MpSigStub.log,7992
463259,1790398425796,SYS32_Hardware.exe,32671232
463797,1790398426302,HpDrvPre.sys,19128
463797,1790398426302,MpCmdRun.log,22022
463797,1790398426302,MpSigStub.log,7992
463797,1790398426318,SYS32_Hardware.exe,32671232
464313,1790398426818,HpDrvPre.sys,19128
464313,1790398426818,MpCmdRun.log,22022
464313,1790398426833,MpSigStub.log,7992
464313,1790398426849,SYS32_Hardware.exe,32671232
464907,1790398427411,HpDrvPre.sys,19128
464907,1790398427411,MpCmdRun.log,22022
464907,1790398427411,MpSigStub.log,7992
464907,1790398427427,SYS32_Hardware.exe,32671232
465453,1790398427958,HpDrvPre.sys,19128
465453,1790398427958,MpCmdRun.log,22022
465453,1790398427974,MpSigStub.log,7992
465453,1790398427974,SYS32_Hardware.exe,32671232
465984,1790398428490,HpDrvPre.sys,19128
465984,1790398428490,MpCmdRun.log,22022
465984,1790398428506,MpSigStub.log,7992
465984,1790398428521,SYS32_Hardware.exe,32671232
466550,1790398429055,HpDrvPre.sys,19128
466550,1790398429055,MpCmdRun.log,22022
466550,1790398429070,MpSigStub.log,7992
466550,1790398429070,SYS32_Hardware.exe,32671232
467112,1790398429617,HpDrvPre.sys,19128
467112,1790398429617,MpCmdRun.log,22022
467112,1790398429617,MpSigStub.log,7992
467112,1790398429633,SYS32_Hardware.exe,32671232
467630,1790398430135,HpDrvPre.sys,19128
467630,1790398430135,MpCmdRun.log,22022
467630,1790398430135,MpSigStub.log,7992
467630,1790398430150,SYS32_Hardware.exe,32671232
468146,1790398430650,HpDrvPre.sys,19128
468146,1790398430650,MpCmdRun.log,22022
468146,1790398430666,MpSigStub.log,7992
468146,1790398430682,SYS32_Hardware.exe,32671232
468725,1790398431230,HpDrvPre.sys,19128
468725,1790398431230,MpCmdRun.log,22022
468725,1790398431230,MpSigStub.log,7992
468725,1790398431245,SYS32_Hardware.exe,32671232
469260,1790398431765,HpDrvPre.sys,19128
469260,1790398431765,MpCmdRun.log,22022
469260,1790398431781,MpSigStub.log,7992
469260,1790398431781,SYS32_Hardware.exe,32671232
469791,1790398432296,HpDrvPre.sys,19128
469791,1790398432296,MpCmdRun.log,22022
469791,1790398432296,MpSigStub.log,7992
469791,1790398432312,SYS32_Hardware.exe,32671232
470307,1790398432812,HpDrvPre.sys,19128
470307,1790398432812,MpCmdRun.log,22022
470307,1790398432812,MpSigStub.log,7992
470307,1790398432827,SYS32_Hardware.exe,32671232
470838,1790398433343,HpDrvPre.sys,19128
470838,1790398433343,MpCmdRun.log,22022
470838,1790398433343,MpSigStub.log,7992
470838,1790398433359,SYS32_Hardware.exe,32671232
471354,1790398433859,HpDrvPre.sys,19128
471354,1790398433859,MpCmdRun.log,22022
471354,1790398433859,MpSigStub.log,7992
471354,1790398433874,SYS32_Hardware.exe,32671232
471869,1790398434374,HpDrvPre.sys,19128
471869,1790398434374,MpCmdRun.log,22022
471869,1790398434390,MpSigStub.log,7992
471869,1790398434390,SYS32_Hardware.exe,32671232
472385,1790398434890,HpDrvPre.sys,19128
472385,1790398434890,MpCmdRun.log,22022
472385,1790398434890,MpSigStub.log,7992
472385,1790398434906,SYS32_Hardware.exe,32671232
472932,1790398435437,HpDrvPre.sys,19128
472932,1790398435437,MpCmdRun.log,22022
472932,1790398435437,MpSigStub.log,7992
472932,1790398435452,SYS32_Hardware.exe,32671232
473463,1790398435968,HpDrvPre.sys,19128
473463,1790398435968,MpCmdRun.log,22022
473463,1790398435968,MpSigStub.log,7992
473463,1790398435984,SYS32_Hardware.exe,32671232
473995,1790398436499,HpDrvPre.sys,19128
473995,1790398436499,MpCmdRun.log,22022
473995,1790398436515,MpSigStub.log,7992
473995,1790398436515,SYS32_Hardware.exe,32671232
474557,1790398437062,HpDrvPre.sys,19128
474557,1790398437062,MpCmdRun.log,22022
474557,1790398437062,MpSigStub.log,7992
474557,1790398437077,SYS32_Hardware.exe,32671232
475090,1790398437595,HpDrvPre.sys,19128
475090,1790398437595,MpCmdRun.log,22022
475090,1790398437595,MpSigStub.log,7992
475090,1790398437610,SYS32_Hardware.exe,32671232
475605,1790398438110,HpDrvPre.sys,19128
475605,1790398438110,MpCmdRun.log,22022
475605,1790398438110,MpSigStub.log,7992
475605,1790398438126,SYS32_Hardware.exe,32671232
476136,1790398438642,HpDrvPre.sys,19128
476136,1790398438642,MpCmdRun.log,22022
476136,1790398438642,MpSigStub.log,7992
476136,1790398438657,SYS32_Hardware.exe,32671232
476684,1790398439189,HpDrvPre.sys,19128
476684,1790398439189,MpCmdRun.log,22022
476684,1790398439189,MpSigStub.log,7992
476684,1790398439204,SYS32_Hardware.exe,32671232
477215,1790398439720,HpDrvPre.sys,19128
477215,1790398439720,MpCmdRun.log,22022
477215,1790398439720,MpSigStub.log,7992
477215,1790398439735,SYS32_Hardware.exe,32671232
477746,1790398440251,HpDrvPre.sys,19128
477746,1790398440251,MpCmdRun.log,22022
477746,1790398440251,MpSigStub.log,7992
477746,1790398440267,SYS32_Hardware.exe,32671232
478262,1790398440767,HpDrvPre.sys,19128
478262,1790398440767,MpCmdRun.log,22022
478262,1790398440782,MpSigStub.log,7992
478262,1790398440782,SYS32_Hardware.exe,32671232
478809,1790398441314,HpDrvPre.sys,19128
478809,1790398441314,MpCmdRun.log,22022
478809,1790398441329,MpSigStub.log,7992
478809,1790398441329,SYS32_Hardware.exe,32671232
479324,1790398441829,HpDrvPre.sys,19128
479324,1790398441829,MpCmdRun.log,22022
479324,1790398441829,MpSigStub.log,7992
479324,1790398441845,SYS32_Hardware.exe,32671232
479856,1790398442361,HpDrvPre.sys,19128
479856,1790398442361,MpCmdRun.log,22022
479856,1790398442361,MpSigStub.log,7992
479856,1790398442377,SYS32_Hardware.exe,32671232
480387,1790398442892,HpDrvPre.sys,19128
480387,1790398442892,MpCmdRun.log,22022
480387,1790398442892,MpSigStub.log,7992
480387,1790398442908,SYS32_Hardware.exe,32671232
480934,1790398443439,HpDrvPre.sys,19128
480934,1790398443439,MpCmdRun.log,22022
480934,1790398443439,MpSigStub.log,7992
480934,1790398443455,SYS32_Hardware.exe,32671232
481450,1790398443955,HpDrvPre.sys,19128
481450,1790398443955,MpCmdRun.log,22022
481450,1790398443955,MpSigStub.log,7992
481450,1790398443971,SYS32_Hardware.exe,32671232
481981,1790398444486,HpDrvPre.sys,19128
481981,1790398444486,MpCmdRun.log,22022
481981,1790398444486,MpSigStub.log,7992
481981,1790398444502,SYS32_Hardware.exe,32671232
482515,1790398445020,HpDrvPre.sys,19128
482515,1790398445035,MpCmdRun.log,22022
482515,1790398445035,MpSigStub.log,7992
482515,1790398445051,SYS32_Hardware.exe,32671232
483647,1790398446160,HpDrvPre.sys,19128
483647,1790398446270,MpCmdRun.log,22022
483647,1790398446285,MpSigStub.log,7992
483647,1790398446301,SYS32_Hardware.exe,32671232
484327,1790398446832,HpDrvPre.sys,19128
484327,1790398446832,MpCmdRun.log,22022
484327,1790398446848,MpSigStub.log,7992
484327,1790398446848,SYS32_Hardware.exe,32671232
484890,1790398447395,HpDrvPre.sys,19128
484890,1790398447395,MpCmdRun.log,22022
484890,1790398447410,MpSigStub.log,7992
484890,1790398447410,SYS32_Hardware.exe,32671232
485421,1790398447926,HpDrvPre.sys,19128
485421,1790398447926,MpCmdRun.log,22022
485421,1790398447926,MpSigStub.log,7992
485421,1790398447941,SYS32_Hardware.exe,32671232
485936,1790398448441,HpDrvPre.sys,19128
485936,1790398448441,MpCmdRun.log,22022
485936,1790398448457,MpSigStub.log,7992
485936,1790398448457,SYS32_Hardware.exe,32671232
486467,1790398448973,HpDrvPre.sys,19128
486467,1790398448973,MpCmdRun.log,22022
486467,1790398448973,MpSigStub.log,7992
486467,1790398448988,SYS32_Hardware.exe,32671232
487014,1790398449520,HpDrvPre.sys,19128
487014,1790398449520,MpCmdRun.log,22022
487014,1790398449520,MpSigStub.log,7992
487014,1790398449535,SYS32_Hardware.exe,32671232
487561,1790398450066,HpDrvPre.sys,19128
487561,1790398450066,MpCmdRun.log,22022
487561,1790398450066,MpSigStub.log,7992
487561,1790398450082,SYS32_Hardware.exe,32671232
488078,1790398450582,HpDrvPre.sys,19128
488078,1790398450582,MpCmdRun.log,22022
488078,1790398450582,MpSigStub.log,7992
488078,1790398450598,SYS32_Hardware.exe,32671232
488624,1790398451129,HpDrvPre.sys,19128
488624,1790398451129,MpCmdRun.log,22022
488624,1790398451129,MpSigStub.log,7992
488624,1790398451145,SYS32_Hardware.exe,32671232
489140,1790398451645,HpDrvPre.sys,19128
489140,1790398451645,MpCmdRun.log,22022
489140,1790398451660,MpSigStub.log,7992
489140,1790398451660,SYS32_Hardware.exe,32671232
489671,1790398452176,HpDrvPre.sys,19128
489671,1790398452176,MpCmdRun.log,22022
489671,1790398452176,MpSigStub.log,7992
489671,1790398452192,SYS32_Hardware.exe,32671232
490203,1790398452707,HpDrvPre.sys,19128
490203,1790398452707,MpCmdRun.log,22022
490203,1790398452723,MpSigStub.log,7992
490203,1790398452723,SYS32_Hardware.exe,32671232
490749,1790398453254,HpDrvPre.sys,19128
490749,1790398453254,MpCmdRun.log,22022
490749,1790398453254,MpSigStub.log,7992
490749,1790398453270,SYS32_Hardware.exe,32671232
491265,1790398453770,HpDrvPre.sys,19128
491265,1790398453770,MpCmdRun.log,22022
491265,1790398453770,MpSigStub.log,7992
491265,1790398453785,SYS32_Hardware.exe,32671232
491781,1790398454285,HpDrvPre.sys,19128
491781,1790398454285,MpCmdRun.log,22022
491781,1790398454285,MpSigStub.log,7992
491781,1790398454301,SYS32_Hardware.exe,32671232
492311,1790398454817,HpDrvPre.sys,19128
492311,1790398454832,MpCmdRun.log,22022
492311,1790398454832,MpSigStub.log,7992
492311,1790398454832,SYS32_Hardware.exe,32671232
492858,1790398455364,HpDrvPre.sys,19128
492858,1790398455364,MpCmdRun.log,22022
492858,1790398455364,MpSigStub.log,7992
492858,1790398455379,SYS32_Hardware.exe,32671232
493375,1790398455880,HpDrvPre.sys,19128
493375,1790398455880,MpCmdRun.log,22022
493375,1790398455880,MpSigStub.log,7992
493375,1790398455942,SYS32_Hardware.exe,32671232
493953,1790398456458,HpDrvPre.sys,19128
493953,1790398456458,MpCmdRun.log,22022
493953,1790398456458,MpSigStub.log,7992
493953,1790398456474,SYS32_Hardware.exe,32671232
494469,1790398456974,HpDrvPre.sys,19128
494469,1790398456974,MpCmdRun.log,22022
494469,1790398456989,MpSigStub.log,7992
494469,1790398457005,SYS32_Hardware.exe,32671232
495031,1790398457537,HpDrvPre.sys,19128
495031,1790398457537,MpCmdRun.log,22022
495031,1790398457537,MpSigStub.log,7992
495031,1790398457552,SYS32_Hardware.exe,32671232
495563,1790398458068,HpDrvPre.sys,19128
495563,1790398458068,MpCmdRun.log,22022
495563,1790398458068,MpSigStub.log,7992
495563,1790398458083,SYS32_Hardware.exe,32671232
496078,1790398458583,HpDrvPre.sys,19128
496078,1790398458583,MpCmdRun.log,22022
496078,1790398458583,MpSigStub.log,7992
496078,1790398458599,SYS32_Hardware.exe,32671232
496610,1790398459115,HpDrvPre.sys,19128
496610,1790398459115,MpCmdRun.log,22022
496610,1790398459115,MpSigStub.log,7992
496610,1790398459130,SYS32_Hardware.exe,32671232
497156,1790398459662,HpDrvPre.sys,19128
497156,1790398459662,MpCmdRun.log,22022
497156,1790398459662,MpSigStub.log,7992
497156,1790398459677,SYS32_Hardware.exe,32671232
497672,1790398460177,HpDrvPre.sys,19128
497672,1790398460177,MpCmdRun.log,22022
497672,1790398460177,MpSigStub.log,7992
497672,1790398460193,SYS32_Hardware.exe,32671232
498188,1790398460693,HpDrvPre.sys,19128
498188,1790398460693,MpCmdRun.log,22022
498188,1790398460693,MpSigStub.log,7992
498188,1790398460708,SYS32_Hardware.exe,32671232
498719,1790398461224,HpDrvPre.sys,19128
498719,1790398461224,MpCmdRun.log,22022
498719,1790398461224,MpSigStub.log,7992
498719,1790398461240,SYS32_Hardware.exe,32671232
499242,1790398461747,HpDrvPre.sys,19128
499242,1790398461747,MpCmdRun.log,22022
499242,1790398461747,MpSigStub.log,7992
499242,1790398461763,SYS32_Hardware.exe,32671232
499758,1790398462263,HpDrvPre.sys,19128
499758,1790398462263,MpCmdRun.log,22022
499758,1790398462263,MpSigStub.log,7992
499758,1790398462278,SYS32_Hardware.exe,32671232
500273,1790398462778,HpDrvPre.sys,19128
500273,1790398462778,MpCmdRun.log,22022
500273,1790398462778,MpSigStub.log,7992
500273,1790398462794,SYS32_Hardware.exe,32671232
500836,1790398463341,HpDrvPre.sys,19128
500836,1790398463372,MpCmdRun.log,22022
500836,1790398463372,MpSigStub.log,7992
500836,1790398463372,SYS32_Hardware.exe,32671232
501383,1790398463888,HpDrvPre.sys,19128
501383,1790398463888,MpCmdRun.log,22022
501383,1790398463888,MpSigStub.log,7992
501383,1790398463903,SYS32_Hardware.exe,32671232
501914,1790398464419,HpDrvPre.sys,19128
501914,1790398464419,MpCmdRun.log,22022
501914,1790398464419,MpSigStub.log,7992
501914,1790398464435,SYS32_Hardware.exe,32671232
502445,1790398464950,HpDrvPre.sys,19128
502445,1790398464950,MpCmdRun.log,22022
502445,1790398464966,MpSigStub.log,7992
502445,1790398464966,SYS32_Hardware.exe,32671232
502976,1790398465481,HpDrvPre.sys,19128
502976,1790398465481,MpCmdRun.log,22022
502976,1790398465497,MpSigStub.log,7992
502976,1790398465497,SYS32_Hardware.exe,32671232
503524,1790398466028,HpDrvPre.sys,19128
503524,1790398466028,MpCmdRun.log,22022
503524,1790398466028,MpSigStub.log,7992
503524,1790398466044,SYS32_Hardware.exe,32671232
504055,1790398466560,HpDrvPre.sys,19128
504055,1790398466560,MpCmdRun.log,22022
504055,1790398466560,MpSigStub.log,7992
504055,1790398466575,SYS32_Hardware.exe,32671232
504601,1790398467106,HpDrvPre.sys,19128
504601,1790398467106,MpCmdRun.log,22022
504601,1790398467122,MpSigStub.log,7992
504601,1790398467122,SYS32_Hardware.exe,32671232
505117,1790398467622,HpDrvPre.sys,19128
505117,1790398467622,MpCmdRun.log,22022
505117,1790398467622,MpSigStub.log,7992
505117,1790398467638,SYS32_Hardware.exe,32671232
505648,1790398468153,HpDrvPre.sys,19128
505648,1790398468153,MpCmdRun.log,22022
505648,1790398468153,MpSigStub.log,7992
505648,1790398468169,SYS32_Hardware.exe,32671232
506164,1790398468669,HpDrvPre.sys,19128
506164,1790398468669,MpCmdRun.log,22022
506164,1790398468685,MpSigStub.log,7992
506164,1790398468685,SYS32_Hardware.exe,32671232
506711,1790398469216,HpDrvPre.sys,19128
506711,1790398469216,MpCmdRun.log,22022
506711,1790398469216,MpSigStub.log,7992
506711,1790398469231,SYS32_Hardware.exe,32671232
507242,1790398469747,HpDrvPre.sys,19128
507242,1790398469747,MpCmdRun.log,22022
507242,1790398469747,MpSigStub.log,7992
507242,1790398469763,SYS32_Hardware.exe,32671232
507773,1790398470278,HpDrvPre.sys,19128
507773,1790398470278,MpCmdRun.log,22022
507773,1790398470278,MpSigStub.log,7992
507773,1790398470294,SYS32_Hardware.exe,32671232
508289,1790398470794,HpDrvPre.sys,19128
508289,1790398470794,MpCmdRun.log,22022
508289,1790398470794,MpSigStub.log,7992
508289,1790398470810,SYS32_Hardware.exe,32671232
508836,1790398471341,HpDrvPre.sys,19128
508836,1790398471341,MpCmdRun.log,22022
508836,1790398471341,MpSigStub.log,7992
508836,1790398471356,SYS32_Hardware.exe,32671232
509351,1790398471856,HpDrvPre.sys,19128
509351,1790398471856,MpCmdRun.log,22022
509351,1790398471856,MpSigStub.log,7992
509351,1790398471872,SYS32_Hardware.exe,32671232
509883,1790398472388,HpDrvPre.sys,19128
509883,1790398472388,MpCmdRun.log,22022
509883,1790398472388,MpSigStub.log,7992
509883,1790398472403,SYS32_Hardware.exe,32671232
510399,1790398472903,HpDrvPre.sys,19128
510399,1790398472903,MpCmdRun.log,22022
510399,1790398472903,MpSigStub.log,7992
510399,1790398472919,SYS32_Hardware.exe,32671232
510929,1790398473435,HpDrvPre.sys,19128
510929,1790398473435,MpCmdRun.log,22022
510929,1790398473435,MpSigStub.log,7992
510929,1790398473450,SYS32_Hardware.exe,32671232
511445,1790398473950,HpDrvPre.sys,19128
511445,1790398473950,MpCmdRun.log,22022
511445,1790398473950,MpSigStub.log,7992
511445,1790398473966,SYS32_Hardware.exe,32671232
511962,1790398474466,HpDrvPre.sys,19128
511962,1790398474466,MpCmdRun.log,22022
511962,1790398474497,MpSigStub.log,7992
511962,1790398474497,SYS32_Hardware.exe,32671232
512539,1790398475044,HpDrvPre.sys,19128
512539,1790398475044,MpCmdRun.log,22022
512539,1790398475044,MpSigStub.log,7992
512539,1790398475060,SYS32_Hardware.exe,32671232
513070,1790398475575,HpDrvPre.sys,19128
513070,1790398475575,MpCmdRun.log,22022
513070,1790398475575,MpSigStub.log,7992
513070,1790398475591,SYS32_Hardware.exe,32671232
513586,1790398476091,HpDrvPre.sys,19128
513586,1790398476091,MpCmdRun.log,22022
513586,1790398476091,MpSigStub.log,7992
513586,1790398476107,SYS32_Hardware.exe,32671232
514218,1790398476716,HpDrvPre.sys,19128
514218,1790398477356,MpCmdRun.log,22022
514218,1790398477435,MpSigStub.log,7992
514218,1790398477450,SYS32_Hardware.exe,32671232
515445,1790398477950,HpDrvPre.sys,19128
515445,1790398477950,MpCmdRun.log,22022
515445,1790398477950,MpSigStub.log,7992
515445,1790398477966,SYS32_Hardware.exe,32671232
515976,1790398478481,HpDrvPre.sys,19128
515976,1790398478481,MpCmdRun.log,22022
515976,1790398478481,MpSigStub.log,7992
515976,1790398478497,SYS32_Hardware.exe,32671232
516679,1790398479185,HpDrvPre.sys,19128
516679,1790398479185,MpCmdRun.log,22022
516679,1790398479185,MpSigStub.log,7992
516679,1790398479200,SYS32_Hardware.exe,32671232
517195,1790398479700,HpDrvPre.sys,19128
517195,1790398479700,MpCmdRun.log,22022
517195,1790398479700,MpSigStub.log,7992
517195,1790398479716,SYS32_Hardware.exe,32671232
517711,1790398480216,HpDrvPre.sys,19128
517711,1790398480216,MpCmdRun.log,22022
517711,1790398480216,MpSigStub.log,7992
517711,1790398480231,SYS32_Hardware.exe,32671232
518226,1790398480731,HpDrvPre.sys,19128
518226,1790398480731,MpCmdRun.log,22022
518226,1790398480731,MpSigStub.log,7992
518226,1790398480747,SYS32_Hardware.exe,32671232
518851,1790398481356,HpDrvPre.sys,19128
518851,1790398481356,MpCmdRun.log,22022
518851,1790398481372,MpSigStub.log,7992
518851,1790398481388,SYS32_Hardware.exe,32671232
519398,1790398481903,HpDrvPre.sys,19128
519398,1790398481903,MpCmdRun.log,22022
519398,1790398481919,MpSigStub.log,7992
519398,1790398481919,SYS32_Hardware.exe,32671232
519914,1790398482419,HpDrvPre.sys,19128
519914,1790398482419,MpCmdRun.log,22022
519914,1790398482419,MpSigStub.log,7992
519914,1790398482435,SYS32_Hardware.exe,32671232
520445,1790398482950,HpDrvPre.sys,19128
520445,1790398482950,MpCmdRun.log,22022
520445,1790398482950,MpSigStub.log,7992
520445,1790398482966,SYS32_Hardware.exe,32671232
521070,1790398483575,HpDrvPre.sys,19128
521070,1790398483575,MpCmdRun.log,22022
521070,1790398483575,MpSigStub.log,7992
521070,1790398483591,SYS32_Hardware.exe,32671232
522649,1790398485153,HpDrvPre.sys,19128
522649,1790398485169,MpCmdRun.log,22022
522649,1790398485169,MpSigStub.log,7992
522649,1790398485185,SYS32_Hardware.exe,32671232
523226,1790398485731,HpDrvPre.sys,19128
523226,1790398485731,MpCmdRun.log,22022
523226,1790398485731,MpSigStub.log,7992
523226,1790398485747,SYS32_Hardware.exe,32671232
523758,1790398486263,HpDrvPre.sys,19128
523758,1790398486263,MpCmdRun.log,22022
523758,1790398486263,MpSigStub.log,7992
523758,1790398486278,SYS32_Hardware.exe,32671232
524278,1790398486783,HpDrvPre.sys,19128
524278,1790398486783,MpCmdRun.log,22022
524278,1790398486783,MpSigStub.log,7992
524278,1790398486799,SYS32_Hardware.exe,32671232
525093,1790398487598,HpDrvPre.sys,19128
525093,1790398487598,MpCmdRun.log,22022
525093,1790398487598,MpSigStub.log,7992
525093,1790398487614,SYS32_Hardware.exe,32671232
525614,1790398488119,HpDrvPre.sys,19128
525614,1790398488119,MpCmdRun.log,22022
525614,1790398488150,MpSigStub.log,7992
525614,1790398488166,SYS32_Hardware.exe,32671232
526177,1790398488682,HpDrvPre.sys,19128
526177,1790398488682,MpCmdRun.log,22022
526177,1790398488682,MpSigStub.log,7992
526177,1790398488698,SYS32_Hardware.exe,32671232
526755,1790398489260,HpDrvPre.sys,19128
526755,1790398489260,MpCmdRun.log,22022
526755,1790398489260,MpSigStub.log,7992
526755,1790398489276,SYS32_Hardware.exe,32671232
527271,1790398489776,HpDrvPre.sys,19128
527271,1790398489776,MpCmdRun.log,22022
527271,1790398489776,MpSigStub.log,7992
527271,1790398489792,SYS32_Hardware.exe,32671232
527802,1790398490307,HpDrvPre.sys,19128
527802,1790398490307,MpCmdRun.log,22022
527802,1790398490307,MpSigStub.log,7992
527802,1790398490323,SYS32_Hardware.exe,32671232
528337,1790398490838,HpDrvPre.sys,19128
528337,1790398490838,MpCmdRun.log,22022
528337,1790398490838,MpSigStub.log,7992
528337,1790398490854,SYS32_Hardware.exe,32671232
528927,1790398491432,HpDrvPre.sys,19128
528927,1790398491432,MpCmdRun.log,22022
528927,1790398491448,MpSigStub.log,7992
528927,1790398491448,SYS32_Hardware.exe,32671232
529474,1790398491979,HpDrvPre.sys,19128
529474,1790398491979,MpCmdRun.log,22022
529474,1790398491979,MpSigStub.log,7992
529474,1790398491995,SYS32_Hardware.exe,32671232
529989,1790398492495,HpDrvPre.sys,19128
529989,1790398492495,MpCmdRun.log,22022
529989,1790398492495,MpSigStub.log,7992
529989,1790398492510,SYS32_Hardware.exe,32671232
530527,1790398493032,HpDrvPre.sys,19128
530527,1790398493032,MpCmdRun.log,22022
530527,1790398493048,MpSigStub.log,7992
530527,1790398493048,SYS32_Hardware.exe,32671232
531090,1790398493595,HpDrvPre.sys,19128
531090,1790398493595,MpCmdRun.log,22022
531090,1790398493595,MpSigStub.log,7992
531090,1790398493610,SYS32_Hardware.exe,32671232
531605,1790398494110,HpDrvPre.sys,19128
531605,1790398494110,MpCmdRun.log,22022
531605,1790398494110,MpSigStub.log,7992
531605,1790398494126,SYS32_Hardware.exe,32671232
532152,1790398494657,HpDrvPre.sys,19128
532152,1790398494657,MpCmdRun.log,22022
532152,1790398494657,MpSigStub.log,7992
532152,1790398494673,SYS32_Hardware.exe,32671232
532684,1790398495188,HpDrvPre.sys,19128
532684,1790398495188,MpCmdRun.log,22022
532684,1790398495204,MpSigStub.log,7992
532684,1790398495204,SYS32_Hardware.exe,32671232
533232,1790398495738,HpDrvPre.sys,19128
533232,1790398495738,MpCmdRun.log,22022
533232,1790398495738,MpSigStub.log,7992
533232,1790398495753,SYS32_Hardware.exe,32671232
533813,1790398496363,HpDrvPre.sys,19128
533813,1790398496456,MpCmdRun.log,22022
533813,1790398496456,MpSigStub.log,7992
533813,1790398496488,SYS32_Hardware.exe,32671232
534514,1790398497019,HpDrvPre.sys,19128
534514,1790398497019,MpCmdRun.log,22022
534514,1790398497050,MpSigStub.log,7992
534514,1790398497050,SYS32_Hardware.exe,32671232
535155,1790398497660,HpDrvPre.sys,19128
535155,1790398497660,MpCmdRun.log,22022
535155,1790398497675,MpSigStub.log,7992
535155,1790398497675,SYS32_Hardware.exe,32671232
535670,1790398498175,HpDrvPre.sys,19128
535670,1790398498175,MpCmdRun.log,22022
535670,1790398498191,MpSigStub.log,7992
535670,1790398498191,SYS32_Hardware.exe,32671232
536202,1790398498706,HpDrvPre.sys,19128
536202,1790398498706,MpCmdRun.log,22022
536202,1790398498722,MpSigStub.log,7992
536202,1790398498738,SYS32_Hardware.exe,32671232
536804,1790398499309,HpDrvPre.sys,19128
536804,1790398499309,MpCmdRun.log,22022
536804,1790398499309,MpSigStub.log,7992
536804,1790398499324,SYS32_Hardware.exe,32671232
537320,1790398499824,HpDrvPre.sys,19128
537320,1790398499824,MpCmdRun.log,22022
537320,1790398499840,MpSigStub.log,7992
537320,1790398499840,SYS32_Hardware.exe,32671232
537853,1790398500356,HpDrvPre.sys,19128
537853,1790398500356,MpCmdRun.log,22022
537853,1790398500356,MpSigStub.log,7992
537853,1790398500371,SYS32_Hardware.exe,32671232
538382,1790398500887,HpDrvPre.sys,19128
538382,1790398500887,MpCmdRun.log,22022
538382,1790398500902,MpSigStub.log,7992
538382,1790398500902,SYS32_Hardware.exe,32671232
539111,1790398501616,HpDrvPre.sys,19128
539111,1790398501616,MpCmdRun.log,22022
539111,1790398501616,MpSigStub.log,7992
539111,1790398501632,SYS32_Hardware.exe,32671232
539632,1790398502136,HpDrvPre.sys,19128
539632,1790398502136,MpCmdRun.log,22022
539632,1790398502136,MpSigStub.log,7992
539632,1790398502152,SYS32_Hardware.exe,32671232
540149,1790398502654,HpDrvPre.sys,19128
540149,1790398502654,MpCmdRun.log,22022
540149,1790398502654,MpSigStub.log,7992
540149,1790398502670,SYS32_Hardware.exe,32671232
540745,1790398503250,HpDrvPre.sys,19128
540745,1790398503250,MpCmdRun.log,22022
540745,1790398503250,MpSigStub.log,7992
540745,1790398503266,SYS32_Hardware.exe,32671232
541276,1790398503781,HpDrvPre.sys,19128
541276,1790398503781,MpCmdRun.log,22022
541276,1790398503781,MpSigStub.log,7992
541276,1790398503797,SYS32_Hardware.exe,32671232
541813,1790398504318,HpDrvPre.sys,19128
541813,1790398504318,MpCmdRun.log,22022
541813,1790398504318,MpSigStub.log,7992
541813,1790398504334,SYS32_Hardware.exe,32671232
542353,1790398504858,HpDrvPre.sys,19128
542353,1790398504858,MpCmdRun.log,22022
542353,1790398504874,MpSigStub.log,7992
542353,1790398504889,SYS32_Hardware.exe,32671232
542979,1790398505514,HpDrvPre.sys,19128
542979,1790398505530,MpCmdRun.log,22022
542979,1790398505530,MpSigStub.log,7992
542979,1790398505561,SYS32_Hardware.exe,32671232
543563,1790398506068,HpDrvPre.sys,19128
543563,1790398506068,MpCmdRun.log,22022
543563,1790398506068,MpSigStub.log,7992
543563,1790398506084,SYS32_Hardware.exe,32671232
544079,1790398506724,HpDrvPre.sys,19128
544079,1790398506724,MpCmdRun.log,22022
544079,1790398506724,MpSigStub.log,7992
544079,1790398506740,SYS32_Hardware.exe,32671232
544896,1790398507401,HpDrvPre.sys,19128
544896,1790398507401,MpCmdRun.log,22022
544896,1790398507401,MpSigStub.log,7992
544896,1790398507417,SYS32_Hardware.exe,32671232
545629,1790398508433,HpDrvPre.sys,19128
545629,1790398508433,MpCmdRun.log,22022
545629,1790398508589,MpSigStub.log,7992
545629,1790398508589,SYS32_Hardware.exe,32671232
546724,1790398509229,HpDrvPre.sys,19128
546724,1790398509229,MpCmdRun.log,22022
546724,1790398509229,MpSigStub.log,7992
546724,1790398509245,SYS32_Hardware.exe,32671232
547256,1790398509761,HpDrvPre.sys,19128
547256,1790398509761,MpCmdRun.log,22022
547256,1790398509776,MpSigStub.log,7992
547256,1790398509776,SYS32_Hardware.exe,32671232
547802,1790398510308,HpDrvPre.sys,19128
547802,1790398510308,MpCmdRun.log,22022
547802,1790398510308,MpSigStub.log,7992
547802,1790398510323,SYS32_Hardware.exe,32671232
548328,1790398510833,HpDrvPre.sys,19128
548328,1790398510833,MpCmdRun.log,22022
548328,1790398510833,MpSigStub.log,7992
548328,1790398510849,SYS32_Hardware.exe,32671232
548859,1790398511364,HpDrvPre.sys,19128
548859,1790398511364,MpCmdRun.log,22022
548859,1790398511364,MpSigStub.log,7992
548859,1790398511380,SYS32_Hardware.exe,32671232
549375,1790398511880,HpDrvPre.sys,19128
549375,1790398511880,MpCmdRun.log,22022
549375,1790398511880,MpSigStub.log,7992
549375,1790398511895,SYS32_Hardware.exe,32671232
549906,1790398512411,HpDrvPre.sys,19128
549906,1790398512411,MpCmdRun.log,22022
549906,1790398512411,MpSigStub.log,7992
549906,1790398512427,SYS32_Hardware.exe,32671232
550437,1790398512942,HpDrvPre.sys,19128
550437,1790398512942,MpCmdRun.log,22022
550437,1790398512942,MpSigStub.log,7992
550437,1790398512958,SYS32_Hardware.exe,32671232
551035,1790398513541,HpDrvPre.sys,19128
551035,1790398513541,MpCmdRun.log,22022
551035,1790398513541,MpSigStub.log,7992
551035,1790398513556,SYS32_Hardware.exe,32671232
551551,1790398514088,HpDrvPre.sys,19128
551551,1790398514088,MpCmdRun.log,22022
551551,1790398514088,MpSigStub.log,7992
551551,1790398514103,SYS32_Hardware.exe,32671232
552098,1790398514603,HpDrvPre.sys,19128
552098,1790398514603,MpCmdRun.log,22022
552098,1790398514603,MpSigStub.log,7992
552098,1790398514619,SYS32_Hardware.exe,32671232
553026,1790398515530,HpDrvPre.sys,19128
553026,1790398515530,MpCmdRun.log,22022
553026,1790398515546,MpSigStub.log,7992
553026,1790398515546,SYS32_Hardware.exe,32671232
553560,1790398516065,HpDrvPre.sys,19128
553560,1790398516065,MpCmdRun.log,22022
553560,1790398516065,MpSigStub.log,7992
553560,1790398516080,SYS32_Hardware.exe,32671232
554106,1790398516612,HpDrvPre.sys,19128
554106,1790398516612,MpCmdRun.log,22022
554106,1790398516612,MpSigStub.log,7992
554106,1790398516627,SYS32_Hardware.exe,32671232
554642,1790398517147,HpDrvPre.sys,19128
554642,1790398517147,MpCmdRun.log,22022
554642,1790398517147,MpSigStub.log,7992
554642,1790398517163,SYS32_Hardware.exe,32671232
555170,1790398517674,HpDrvPre.sys,19128
555170,1790398517674,MpCmdRun.log,22022
555170,1790398517674,MpSigStub.log,7992
555170,1790398517690,SYS32_Hardware.exe,32671232
555686,1790398518190,HpDrvPre.sys,19128
555686,1790398518190,MpCmdRun.log,22022
555686,1790398518206,MpSigStub.log,7992
555686,1790398518206,SYS32_Hardware.exe,32671232
556232,1790398518737,HpDrvPre.sys,19128
556232,1790398518737,MpCmdRun.log,22022
556232,1790398518737,MpSigStub.log,7992
556232,1790398518753,SYS32_Hardware.exe,32671232
556779,1790398519284,HpDrvPre.sys,19128
556779,1790398519284,MpCmdRun.log,22022
556779,1790398519299,MpSigStub.log,7992
556779,1790398519299,SYS32_Hardware.exe,32671232
557303,1790398519808,HpDrvPre.sys,19128
557303,1790398519808,MpCmdRun.log,22022
557303,1790398519823,MpSigStub.log,7992
557303,1790398519823,SYS32_Hardware.exe,32671232
557839,1790398520342,HpDrvPre.sys,19128
557839,1790398520342,MpCmdRun.log,22022
557839,1790398520358,MpSigStub.log,7992
557839,1790398520358,SYS32_Hardware.exe,32671232
558384,1790398520889,HpDrvPre.sys,19128
558384,1790398520889,MpCmdRun.log,22022
558384,1790398520889,MpSigStub.log,7992
558384,1790398520905,SYS32_Hardware.exe,32671232
558931,1790398521436,HpDrvPre.sys,19128
558931,1790398521436,MpCmdRun.log,22022
558931,1790398521436,MpSigStub.log,7992
558931,1790398521452,SYS32_Hardware.exe,32671232
559447,1790398521952,HpDrvPre.sys,19128
559447,1790398521952,MpCmdRun.log,22022
559447,1790398521952,MpSigStub.log,7992
559447,1790398521967,SYS32_Hardware.exe,32671232
559983,1790398522489,HpDrvPre.sys,19128
559983,1790398522489,MpCmdRun.log,22022
559983,1790398522489,MpSigStub.log,7992
559983,1790398522504,SYS32_Hardware.exe,32671232
560530,1790398523036,HpDrvPre.sys,19128
560530,1790398523036,MpCmdRun.log,22022
560530,1790398523036,MpSigStub.log,7992
560530,1790398523051,SYS32_Hardware.exe,32671232
561072,1790398523577,HpDrvPre.sys,19128
561072,1790398523577,MpCmdRun.log,22022
561072,1790398523577,MpSigStub.log,7992
561072,1790398523592,SYS32_Hardware.exe,32671232
561603,1790398524108,HpDrvPre.sys,19128
561603,1790398524108,MpCmdRun.log,22022
561603,1790398524108,MpSigStub.log,7992
561603,1790398524124,SYS32_Hardware.exe,32671232
562119,1790398524624,HpDrvPre.sys,19128
562119,1790398524624,MpCmdRun.log,22022
562119,1790398524624,MpSigStub.log,7992
562119,1790398524640,SYS32_Hardware.exe,32671232
562932,1790398525437,HpDrvPre.sys,19128
562932,1790398525437,MpCmdRun.log,22022
562932,1790398525437,MpSigStub.log,7992
562932,1790398525453,SYS32_Hardware.exe,32671232
563456,1790398525961,HpDrvPre.sys,19128
563456,1790398525961,MpCmdRun.log,22022
563456,1790398525961,MpSigStub.log,7992
563456,1790398525977,SYS32_Hardware.exe,32671232
563984,1790398526489,HpDrvPre.sys,19128
563984,1790398526489,MpCmdRun.log,22022
563984,1790398526489,MpSigStub.log,7992
563984,1790398526505,SYS32_Hardware.exe,32671232
564573,1790398527077,HpDrvPre.sys,19128
564573,1790398527077,MpCmdRun.log,22022
564573,1790398527077,MpSigStub.log,7992
564573,1790398527093,SYS32_Hardware.exe,32671232
565104,1790398527608,HpDrvPre.sys,19128
565104,1790398527608,MpCmdRun.log,22022
565104,1790398527624,MpSigStub.log,7992
565104,1790398527640,SYS32_Hardware.exe,32671232
565650,1790398528155,HpDrvPre.sys,19128
565650,1790398528155,MpCmdRun.log,22022
565650,1790398528171,MpSigStub.log,7992
565650,1790398528171,SYS32_Hardware.exe,32671232
566181,1790398528687,HpDrvPre.sys,19128
566181,1790398528687,MpCmdRun.log,22022
566181,1790398528687,MpSigStub.log,7992
566181,1790398528702,SYS32_Hardware.exe,32671232
566728,1790398529233,HpDrvPre.sys,19128
566728,1790398529233,MpCmdRun.log,22022
566728,1790398529233,MpSigStub.log,7992
566728,1790398529249,SYS32_Hardware.exe,32671232
567244,1790398529750,HpDrvPre.sys,19128
567244,1790398529750,MpCmdRun.log,22022
567244,1790398529750,MpSigStub.log,7992
567244,1790398529765,SYS32_Hardware.exe,32671232
567767,1790398530272,HpDrvPre.sys,19128
567767,1790398530272,MpCmdRun.log,22022
567767,1790398530272,MpSigStub.log,7992
567767,1790398530287,SYS32_Hardware.exe,32671232
568292,1790398530797,HpDrvPre.sys,19128
568292,1790398530797,MpCmdRun.log,22022
568292,1790398530797,MpSigStub.log,7992
568292,1790398530828,SYS32_Hardware.exe,32671232
568870,1790398531375,HpDrvPre.sys,19128
568870,1790398531375,MpCmdRun.log,22022
568870,1790398531390,MpSigStub.log,7992
568870,1790398531390,SYS32_Hardware.exe,32671232
569396,1790398531901,HpDrvPre.sys,19128
569396,1790398531901,MpCmdRun.log,22022
569396,1790398531901,MpSigStub.log,7992
569396,1790398531916,SYS32_Hardware.exe,32671232
569917,1790398532422,HpDrvPre.sys,19128
569917,1790398532422,MpCmdRun.log,22022
569917,1790398532422,MpSigStub.log,7992
569917,1790398532437,SYS32_Hardware.exe,32671232
570448,1790398532953,HpDrvPre.sys,19128
570448,1790398532953,MpCmdRun.log,22022
570448,1790398532953,MpSigStub.log,7992
570448,1790398532969,SYS32_Hardware.exe,32671232
571060,1790398533565,HpDrvPre.sys,19128
571060,1790398533565,MpCmdRun.log,22022
571060,1790398533565,MpSigStub.log,7992
571060,1790398533581,SYS32_Hardware.exe,32671232
571576,1790398534081,HpDrvPre.sys,19128
571576,1790398534081,MpCmdRun.log,22022
571576,1790398534081,MpSigStub.log,7992
571576,1790398534096,SYS32_Hardware.exe,32671232
572091,1790398534596,HpDrvPre.sys,19128
572091,1790398534596,MpCmdRun.log,22022
572091,1790398534596,MpSigStub.log,7992
572091,1790398534612,SYS32_Hardware.exe,32671232
572623,1790398535128,HpDrvPre.sys,19128
572623,1790398535128,MpCmdRun.log,22022
572623,1790398535128,MpSigStub.log,7992
572623,1790398535143,SYS32_Hardware.exe,32671232
573158,1790398535663,HpDrvPre.sys,19128
573158,1790398535663,MpCmdRun.log,22022
573158,1790398535663,MpSigStub.log,7992
573158,1790398535679,SYS32_Hardware.exe,32671232
573706,1790398536210,HpDrvPre.sys,19128
573706,1790398536210,MpCmdRun.log,22022
573706,1790398536225,MpSigStub.log,7992
573706,1790398536225,SYS32_Hardware.exe,32671232
574223,1790398536728,HpDrvPre.sys,19128
574223,1790398536728,MpCmdRun.log,22022
574223,1790398536744,MpSigStub.log,7992
574223,1790398536744,SYS32_Hardware.exe,32671232
575017,1790398537522,HpDrvPre.sys,19128
575017,1790398537522,MpCmdRun.log,22022
575017,1790398537522,MpSigStub.log,7992
575017,1790398537537,SYS32_Hardware.exe,32671232
575548,1790398538053,HpDrvPre.sys,19128
575548,1790398538053,MpCmdRun.log,22022
575548,1790398538053,MpSigStub.log,7992
575548,1790398538069,SYS32_Hardware.exe,32671232
576079,1790398538584,HpDrvPre.sys,19128
576079,1790398538584,MpCmdRun.log,22022
576079,1790398538584,MpSigStub.log,7992
576079,1790398538615,SYS32_Hardware.exe,32671232
577751,1790398540256,HpDrvPre.sys,19128
577751,1790398540256,MpCmdRun.log,22022
577751,1790398540256,MpSigStub.log,7992
577751,1790398540272,SYS32_Hardware.exe,32671232
578275,1790398540780,HpDrvPre.sys,19128
578275,1790398540780,MpCmdRun.log,22022
578275,1790398540780,MpSigStub.log,7992
578275,1790398540795,SYS32_Hardware.exe,32671232
578870,1790398541375,HpDrvPre.sys,19128
578870,1790398541375,MpCmdRun.log,22022
578870,1790398541375,MpSigStub.log,7992
578870,1790398541390,SYS32_Hardware.exe,32671232
579415,1790398541921,HpDrvPre.sys,19128
579415,1790398541921,MpCmdRun.log,22022
579415,1790398541921,MpSigStub.log,7992
579415,1790398541936,SYS32_Hardware.exe,32671232
579938,1790398542443,HpDrvPre.sys,19128
579938,1790398542443,MpCmdRun.log,22022
579938,1790398542443,MpSigStub.log,7992
579938,1790398542458,SYS32_Hardware.exe,32671232
580453,1790398542958,HpDrvPre.sys,19128
580453,1790398542958,MpCmdRun.log,22022
580453,1790398542958,MpSigStub.log,7992
580453,1790398542974,SYS32_Hardware.exe,32671232
581000,1790398543505,HpDrvPre.sys,19128
581000,1790398543505,MpCmdRun.log,22022
581000,1790398543505,MpSigStub.log,7992
581000,1790398543537,SYS32_Hardware.exe,32671232
581547,1790398544052,HpDrvPre.sys,19128
581547,1790398544052,MpCmdRun.log,22022
581547,1790398544052,MpSigStub.log,7992
581547,1790398544068,SYS32_Hardware.exe,32671232
582063,1790398544568,HpDrvPre.sys,19128
582063,1790398544568,MpCmdRun.log,22022
582063,1790398544583,MpSigStub.log,7992
582063,1790398544583,SYS32_Hardware.exe,32671232
582766,1790398545271,HpDrvPre.sys,19128
582766,1790398545271,MpCmdRun.log,22022
582766,1790398545271,MpSigStub.log,7992
582766,1790398545287,SYS32_Hardware.exe,32671232
583299,1790398545802,HpDrvPre.sys,19128
583299,1790398545802,MpCmdRun.log,22022
583299,1790398545818,MpSigStub.log,7992
583299,1790398545818,SYS32_Hardware.exe,32671232
583829,1790398546412,HpDrvPre.sys,19128
583829,1790398546427,MpCmdRun.log,22022
583829,1790398546427,MpSigStub.log,7992
583829,1790398546443,SYS32_Hardware.exe,32671232
584452,1790398546957,HpDrvPre.sys,19128
584452,1790398546957,MpCmdRun.log,22022
584452,1790398546957,MpSigStub.log,7992
584452,1790398546973,SYS32_Hardware.exe,32671232
585179,1790398547684,HpDrvPre.sys,19128
585179,1790398547684,MpCmdRun.log,22022
585179,1790398547684,MpSigStub.log,7992
585179,1790398547700,SYS32_Hardware.exe,32671232
585711,1790398548216,HpDrvPre.sys,19128
585711,1790398548216,MpCmdRun.log,22022
585711,1790398548231,MpSigStub.log,7992
585711,1790398548231,SYS32_Hardware.exe,32671232
586226,1790398548731,HpDrvPre.sys,19128
586226,1790398548731,MpCmdRun.log,22022
586226,1790398548731,MpSigStub.log,7992
586226,1790398548747,SYS32_Hardware.exe,32671232
586900,1790398549405,HpDrvPre.sys,19128
586900,1790398549405,MpCmdRun.log,22022
586900,1790398549405,MpSigStub.log,7992
586900,1790398549423,SYS32_Hardware.exe,32671232
587422,1790398549926,HpDrvPre.sys,19128
587422,1790398549926,MpCmdRun.log,22022
587422,1790398549942,MpSigStub.log,7992
587422,1790398549942,SYS32_Hardware.exe,32671232
587944,1790398550448,HpDrvPre.sys,19128
587944,1790398550448,MpCmdRun.log,22022
587944,1790398550448,MpSigStub.log,7992
587944,1790398550464,SYS32_Hardware.exe,32671232
588459,1790398550964,HpDrvPre.sys,19128
588459,1790398550964,MpCmdRun.log,22022
588459,1790398550964,MpSigStub.log,7992
588459,1790398550980,SYS32_Hardware.exe,32671232
589052,1790398551558,HpDrvPre.sys,19128
589052,1790398551558,MpCmdRun.log,22022
589052,1790398551558,MpSigStub.log,7992
589052,1790398551573,SYS32_Hardware.exe,32671232
589595,1790398552100,HpDrvPre.sys,19128
589595,1790398552100,MpCmdRun.log,22022
589595,1790398552100,MpSigStub.log,7992
589595,1790398552116,SYS32_Hardware.exe,32671232
590131,1790398552636,HpDrvPre.sys,19128
590131,1790398552636,MpCmdRun.log,22022
590131,1790398552636,MpSigStub.log,7992
590131,1790398552651,SYS32_Hardware.exe,32671232
590740,1790398553245,HpDrvPre.sys,19128
590740,1790398553245,MpCmdRun.log,22022
590740,1790398553260,MpSigStub.log,7992
590740,1790398553276,SYS32_Hardware.exe,32671232
591291,1790398553796,HpDrvPre.sys,19128
591291,1790398553796,MpCmdRun.log,22022
591291,1790398553811,MpSigStub.log,7992
591291,1790398553827,SYS32_Hardware.exe,32671232
591841,1790398554345,HpDrvPre.sys,19128
591841,1790398554345,MpCmdRun.log,22022
591841,1790398554376,MpSigStub.log,7992
591841,1790398554376,SYS32_Hardware.exe,32671232
592392,1790398554892,HpDrvPre.sys,19128
592392,1790398554908,MpCmdRun.log,22022
592392,1790398554939,MpSigStub.log,7992
592392,1790398554955,SYS32_Hardware.exe,32671232
593014,1790398555519,HpDrvPre.sys,19128
593014,1790398555519,MpCmdRun.log,22022
593014,1790398555519,MpSigStub.log,7992
593014,1790398555535,SYS32_Hardware.exe,32671232
593530,1790398556035,HpDrvPre.sys,19128
593530,1790398556035,MpCmdRun.log,22022
593530,1790398556035,MpSigStub.log,7992
593530,1790398556051,SYS32_Hardware.exe,32671232
594045,1790398556551,HpDrvPre.sys,19128
594045,1790398556551,MpCmdRun.log,22022
594045,1790398556551,MpSigStub.log,7992
594045,1790398556566,SYS32_Hardware.exe,32671232
594577,1790398557082,HpDrvPre.sys,19128
594577,1790398557082,MpCmdRun.log,22022
594577,1790398557082,MpSigStub.log,7992
594577,1790398557097,SYS32_Hardware.exe,32671232
595124,1790398557629,HpDrvPre.sys,19128
595124,1790398557629,MpCmdRun.log,22022
595124,1790398557644,MpSigStub.log,7992
595124,1790398557660,SYS32_Hardware.exe,32671232
595671,1790398558176,HpDrvPre.sys,19128
595671,1790398558176,MpCmdRun.log,22022
595671,1790398558191,MpSigStub.log,7992
595671,1790398558191,SYS32_Hardware.exe,32671232
596202,1790398558707,HpDrvPre.sys,19128
596202,1790398558707,MpCmdRun.log,22022
596202,1790398558707,MpSigStub.log,7992
596202,1790398558722,SYS32_Hardware.exe,32671232
596733,1790398559238,HpDrvPre.sys,19128
596733,1790398559238,MpCmdRun.log,22022
596733,1790398559238,MpSigStub.log,7992
596733,1790398559254,SYS32_Hardware.exe,32671232
597264,1790398559769,HpDrvPre.sys,19128
597264,1790398559769,MpCmdRun.log,22022
597264,1790398559769,MpSigStub.log,7992
597264,1790398559785,SYS32_Hardware.exe,32671232
597780,1790398560285,HpDrvPre.sys,19128
597780,1790398560285,MpCmdRun.log,22022
597780,1790398560285,MpSigStub.log,7992
597780,1790398560301,SYS32_Hardware.exe,32671232
598311,1790398560816,HpDrvPre.sys,19128
598311,1790398560816,MpCmdRun.log,22022
598311,1790398560816,MpSigStub.log,7992
598311,1790398560832,SYS32_Hardware.exe,32671232
598876,1790398561382,HpDrvPre.sys,19128
598876,1790398561382,MpCmdRun.log,22022
598876,1790398561382,MpSigStub.log,7992
598876,1790398561491,SYS32_Hardware.exe,32671232
599490,1790398561994,HpDrvPre.sys,19128
599490,1790398561994,MpCmdRun.log,22022
599490,1790398561994,MpSigStub.log,7992
599490,1790398562010,SYS32_Hardware.exe,32671232
600022,1790398562527,HpDrvPre.sys,19128
600022,1790398562527,MpCmdRun.log,22022
600022,1790398562527,MpSigStub.log,7992
600022,1790398562543,SYS32_Hardware.exe,32671232
600584,1790398563089,HpDrvPre.sys,19128
600584,1790398563089,MpCmdRun.log,22022
600584,1790398563105,MpSigStub.log,7992
600584,1790398563105,SYS32_Hardware.exe,32671232
601100,1790398563605,HpDrvPre.sys,19128
601100,1790398563605,MpCmdRun.log,22022
601100,1790398563605,MpSigStub.log,7992
601100,1790398563621,SYS32_Hardware.exe,32671232
601647,1790398564214,HpDrvPre.sys,19128
601647,1790398564214,MpCmdRun.log,22022
601647,1790398564230,MpSigStub.log,7992
601647,1790398564230,SYS32_Hardware.exe,32671232
602240,1790398564746,HpDrvPre.sys,19128
602240,1790398564746,MpCmdRun.log,22022
602240,1790398564746,MpSigStub.log,7992
602240,1790398564761,SYS32_Hardware.exe,32671232
602775,1790398565280,HpDrvPre.sys,19128
602775,1790398565280,MpCmdRun.log,22022
602775,1790398565280,MpSigStub.log,7992
602775,1790398565296,SYS32_Hardware.exe,32671232
603306,1790398565812,HpDrvPre.sys,19128
603306,1790398565812,MpCmdRun.log,22022
603306,1790398565812,MpSigStub.log,7992
603306,1790398565827,SYS32_Hardware.exe,32671232
603822,1790398566343,HpDrvPre.sys,19128
603822,1790398566343,MpCmdRun.log,22022
603822,1790398566343,MpSigStub.log,7992
603822,1790398566358,SYS32_Hardware.exe,32671232
604362,1790398566867,HpDrvPre.sys,19128
604362,1790398566867,MpCmdRun.log,22022
604362,1790398566867,MpSigStub.log,7992
604362,1790398566883,SYS32_Hardware.exe,32671232
604956,1790398567461,HpDrvPre.sys,19128
604956,1790398567461,MpCmdRun.log,22022
604956,1790398567461,MpSigStub.log,7992
604956,1790398567476,SYS32_Hardware.exe,32671232
605471,1790398567976,HpDrvPre.sys,19128
605471,1790398567976,MpCmdRun.log,22022
605471,1790398567976,MpSigStub.log,7992
605471,1790398567992,SYS32_Hardware.exe,32671232
606002,1790398568508,HpDrvPre.sys,19128
606002,1790398568508,MpCmdRun.log,22022
606002,1790398568508,MpSigStub.log,7992
606002,1790398568523,SYS32_Hardware.exe,32671232
606567,1790398569070,HpDrvPre.sys,19128
606567,1790398569070,MpCmdRun.log,22022
606567,1790398569086,MpSigStub.log,7992
606567,1790398569117,SYS32_Hardware.exe,32671232
607129,1790398569634,HpDrvPre.sys,19128
607129,1790398569634,MpCmdRun.log,22022
607129,1790398569634,MpSigStub.log,7992
607129,1790398569649,SYS32_Hardware.exe,32671232
608155,1790398570665,HpDrvPre.sys,19128
608155,1790398570774,MpCmdRun.log,22022
608155,1790398570806,MpSigStub.log,7992
608155,1790398570821,SYS32_Hardware.exe,32671232
608865,1790398571371,HpDrvPre.sys,19128
608865,1790398571371,MpCmdRun.log,22022
608865,1790398571371,MpSigStub.log,7992
608865,1790398571386,SYS32_Hardware.exe,32671232
609383,1790398571886,HpDrvPre.sys,19128
609383,1790398571886,MpCmdRun.log,22022
609383,1790398571886,MpSigStub.log,7992
609383,1790398571902,SYS32_Hardware.exe,32671232
609912,1790398572417,HpDrvPre.sys,19128
609912,1790398572417,MpCmdRun.log,22022
609912,1790398572433,MpSigStub.log,7992
609912,1790398572433,SYS32_Hardware.exe,32671232
610432,1790398572936,HpDrvPre.sys,19128
610432,1790398572936,MpCmdRun.log,22022
610432,1790398572952,MpSigStub.log,7992
610432,1790398572952,SYS32_Hardware.exe,32671232
611014,1790398573519,HpDrvPre.sys,19128
611014,1790398573519,MpCmdRun.log,22022
611014,1790398573535,MpSigStub.log,7992
611014,1790398573535,SYS32_Hardware.exe,32671232
611567,1790398574072,HpDrvPre.sys,19128
611567,1790398574072,MpCmdRun.log,22022
611567,1790398574072,MpSigStub.log,7992
611567,1790398574088,SYS32_Hardware.exe,32671232
612114,1790398574619,HpDrvPre.sys,19128
612114,1790398574619,MpCmdRun.log,22022
612114,1790398574635,MpSigStub.log,7992
612114,1790398574635,SYS32_Hardware.exe,32671232
612676,1790398575213,HpDrvPre.sys,19128
612676,1790398575213,MpCmdRun.log,22022
612676,1790398575213,MpSigStub.log,7992
612676,1790398575228,SYS32_Hardware.exe,32671232
613223,1790398575728,HpDrvPre.sys,19128
613223,1790398575728,MpCmdRun.log,22022
613223,1790398575728,MpSigStub.log,7992
613223,1790398575744,SYS32_Hardware.exe,32671232
613740,1790398576245,HpDrvPre.sys,19128
613740,1790398576245,MpCmdRun.log,22022
613740,1790398576245,MpSigStub.log,7992
613740,1790398576261,SYS32_Hardware.exe,32671232
614272,1790398576777,HpDrvPre.sys,19128
614272,1790398576777,MpCmdRun.log,22022
614272,1790398576792,MpSigStub.log,7992
614272,1790398576792,SYS32_Hardware.exe,32671232
614818,1790398577323,HpDrvPre.sys,19128
614818,1790398577323,MpCmdRun.log,22022
614818,1790398577323,MpSigStub.log,7992
614818,1790398577339,SYS32_Hardware.exe,32671232
615334,1790398577839,HpDrvPre.sys,19128
615334,1790398577839,MpCmdRun.log,22022
615334,1790398577839,MpSigStub.log,7992
615334,1790398577855,SYS32_Hardware.exe,32671232
615851,1790398578355,HpDrvPre.sys,19128
615851,1790398578355,MpCmdRun.log,22022
615851,1790398578370,MpSigStub.log,7992
615851,1790398578417,SYS32_Hardware.exe,32671232
616429,1790398578933,HpDrvPre.sys,19128
616429,1790398578933,MpCmdRun.log,22022
616429,1790398578948,MpSigStub.log,7992
616429,1790398578980,SYS32_Hardware.exe,32671232
617006,1790398579511,HpDrvPre.sys,19128
617006,1790398579511,MpCmdRun.log,22022
617006,1790398579527,MpSigStub.log,7992
617006,1790398579542,SYS32_Hardware.exe,32671232
617568,1790398580073,HpDrvPre.sys,19128
617568,1790398580073,MpCmdRun.log,22022
617568,1790398580073,MpSigStub.log,7992
617568,1790398580089,SYS32_Hardware.exe,32671232
618087,1790398580592,HpDrvPre.sys,19128
618087,1790398580592,MpCmdRun.log,22022
618087,1790398580608,MpSigStub.log,7992
618087,1790398580655,SYS32_Hardware.exe,32671232
618719,1790398581217,HpDrvPre.sys,19128
618719,1790398581233,MpCmdRun.log,22022
618719,1790398581233,MpSigStub.log,7992
618719,1790398581264,SYS32_Hardware.exe,32671232
619263,1790398581768,HpDrvPre.sys,19128
619263,1790398581768,MpCmdRun.log,22022
619263,1790398581784,MpSigStub.log,7992
619263,1790398581784,SYS32_Hardware.exe,32671232
619794,1790398582300,HpDrvPre.sys,19128
619794,1790398582300,MpCmdRun.log,22022
619794,1790398582300,MpSigStub.log,7992
619794,1790398582315,SYS32_Hardware.exe,32671232
620310,1790398582815,HpDrvPre.sys,19128
620310,1790398582815,MpCmdRun.log,22022
620310,1790398582831,MpSigStub.log,7992
620310,1790398582831,SYS32_Hardware.exe,32671232
620906,1790398583412,HpDrvPre.sys,19128
620906,1790398583412,MpCmdRun.log,22022
620906,1790398583412,MpSigStub.log,7992
620906,1790398583427,SYS32_Hardware.exe,32671232
621423,1790398583929,HpDrvPre.sys,19128
621423,1790398583929,MpCmdRun.log,22022
621423,1790398583929,MpSigStub.log,7992
621423,1790398583944,SYS32_Hardware.exe,32671232
621939,1790398584444,HpDrvPre.sys,19128
621939,1790398584444,MpCmdRun.log,22022
621939,1790398584444,MpSigStub.log,7992
621939,1790398584460,SYS32_Hardware.exe,32671232
622472,1790398584977,HpDrvPre.sys,19128
622472,1790398584977,MpCmdRun.log,22022
622472,1790398584977,MpSigStub.log,7992
622472,1790398584993,SYS32_Hardware.exe,32671232
623052,1790398585558,HpDrvPre.sys,19128
623052,1790398585558,MpCmdRun.log,22022
623052,1790398585558,MpSigStub.log,7992
623052,1790398585573,SYS32_Hardware.exe,32671232
623568,1790398586073,HpDrvPre.sys,19128
623568,1790398586073,MpCmdRun.log,22022
623568,1790398586073,MpSigStub.log,7992
623568,1790398586104,SYS32_Hardware.exe,32671232
624102,1790398586608,HpDrvPre.sys,19128
624102,1790398586608,MpCmdRun.log,22022
624102,1790398586608,MpSigStub.log,7992
624102,1790398586623,SYS32_Hardware.exe,32671232
624659,1790398587164,HpDrvPre.sys,19128
624659,1790398587164,MpCmdRun.log,22022
624659,1790398587164,MpSigStub.log,7992
624659,1790398587180,SYS32_Hardware.exe,32671232
625175,1790398587680,HpDrvPre.sys,19128
625175,1790398587680,MpCmdRun.log,22022
625175,1790398587680,MpSigStub.log,7992
625175,1790398587696,SYS32_Hardware.exe,32671232
625696,1790398588200,HpDrvPre.sys,19128
625696,1790398588200,MpCmdRun.log,22022
625696,1790398588200,MpSigStub.log,7992
625696,1790398588216,SYS32_Hardware.exe,32671232
626227,1790398588732,HpDrvPre.sys,19128
626227,1790398588732,MpCmdRun.log,22022
626227,1790398588732,MpSigStub.log,7992
626227,1790398588747,SYS32_Hardware.exe,32671232
626962,1790398589466,HpDrvPre.sys,19128
626962,1790398589466,MpCmdRun.log,22022
626962,1790398589466,MpSigStub.log,7992
626962,1790398589482,SYS32_Hardware.exe,32671232
627494,1790398589997,HpDrvPre.sys,19128
627494,1790398589997,MpCmdRun.log,22022
627494,1790398590013,MpSigStub.log,7992
627494,1790398590029,SYS32_Hardware.exe,32671232
628055,1790398590560,HpDrvPre.sys,19128
628055,1790398590560,MpCmdRun.log,22022
628055,1790398590576,MpSigStub.log,7992
628055,1790398590591,SYS32_Hardware.exe,32671232
628618,1790398591123,HpDrvPre.sys,19128
628618,1790398591123,MpCmdRun.log,22022
628618,1790398591138,MpSigStub.log,7992
628618,1790398591138,SYS32_Hardware.exe,32671232
629149,1790398591654,HpDrvPre.sys,19128
629149,1790398591654,MpCmdRun.log,22022
629149,1790398591669,MpSigStub.log,7992
629149,1790398591685,SYS32_Hardware.exe,32671232
629698,1790398592201,HpDrvPre.sys,19128
629698,1790398592201,MpCmdRun.log,22022
629698,1790398592216,MpSigStub.log,7992
629698,1790398592232,SYS32_Hardware.exe,32671232
630253,1790398592759,HpDrvPre.sys,19128
630253,1790398592759,MpCmdRun.log,22022
630253,1790398592774,MpSigStub.log,7992
630253,1790398592774,SYS32_Hardware.exe,32671232
630879,1790398593384,HpDrvPre.sys,19128
630879,1790398593384,MpCmdRun.log,22022
630879,1790398593384,MpSigStub.log,7992
630879,1790398593399,SYS32_Hardware.exe,32671232
631410,1790398593915,HpDrvPre.sys,19128
631410,1790398593915,MpCmdRun.log,22022
631410,1790398593915,MpSigStub.log,7992
631410,1790398593930,SYS32_Hardware.exe,32671232
631942,1790398594446,HpDrvPre.sys,19128
631942,1790398594446,MpCmdRun.log,22022
631942,1790398594462,MpSigStub.log,7992
631942,1790398594477,SYS32_Hardware.exe,32671232
632488,1790398594993,HpDrvPre.sys,19128
632488,1790398594993,MpCmdRun.log,22022
632488,1790398595009,MpSigStub.log,7992
632488,1790398595024,SYS32_Hardware.exe,32671232
633113,1790398595618,HpDrvPre.sys,19128
633113,1790398595634,MpCmdRun.log,22022
633113,1790398595634,MpSigStub.log,7992
633113,1790398595649,SYS32_Hardware.exe,32671232
633660,1790398596165,HpDrvPre.sys,19128
633660,1790398596165,MpCmdRun.log,22022
633660,1790398596180,MpSigStub.log,7992
633660,1790398596196,SYS32_Hardware.exe,32671232
634192,1790398596696,HpDrvPre.sys,19128
634192,1790398596696,MpCmdRun.log,22022
634192,1790398596712,MpSigStub.log,7992
634192,1790398596712,SYS32_Hardware.exe,32671232
634786,1790398597290,HpDrvPre.sys,19128
634786,1790398597290,MpCmdRun.log,22022
634786,1790398597305,MpSigStub.log,7992
634786,1790398597321,SYS32_Hardware.exe,32671232
635316,1790398597821,HpDrvPre.sys,19128
635316,1790398597821,MpCmdRun.log,22022
635316,1790398597837,MpSigStub.log,7992
635316,1790398597837,SYS32_Hardware.exe,32671232
635851,1790398598352,HpDrvPre.sys,19128
635851,1790398598352,MpCmdRun.log,22022
635851,1790398598368,MpSigStub.log,7992
635851,1790398598384,SYS32_Hardware.exe,32671232
636412,1790398598915,HpDrvPre.sys,19128
636412,1790398598915,MpCmdRun.log,22022
636412,1790398598930,MpSigStub.log,7992
636412,1790398598946,SYS32_Hardware.exe,32671232
636972,1790398599477,HpDrvPre.sys,19128
636972,1790398599477,MpCmdRun.log,22022
636972,1790398599493,MpSigStub.log,7992
636972,1790398599493,SYS32_Hardware.exe,32671232
637519,1790398600024,HpDrvPre.sys,19128
637519,1790398600024,MpCmdRun.log,22022
637519,1790398600040,MpSigStub.log,7992
637519,1790398600040,SYS32_Hardware.exe,32671232
638052,1790398600556,HpDrvPre.sys,19128
638052,1790398600556,MpCmdRun.log,22022
638052,1790398600572,MpSigStub.log,7992
638052,1790398600572,SYS32_Hardware.exe,32671232
638599,1790398601103,HpDrvPre.sys,19128
638599,1790398601135,MpCmdRun.log,22022
638599,1790398601744,MpSigStub.log,7992
638599,1790398602260,SYS32_Hardware.exe,32671232
640286,1790398602791,HpDrvPre.sys,19128
640286,1790398602791,MpCmdRun.log,22022
640286,1790398602806,MpSigStub.log,7992
640286,1790398602806,SYS32_Hardware.exe,32671232
640896,1790398603400,HpDrvPre.sys,19128
640896,1790398603400,MpCmdRun.log,22022
640896,1790398603400,MpSigStub.log,7992
640896,1790398603431,SYS32_Hardware.exe,32671232
641427,1790398603932,HpDrvPre.sys,19128
641427,1790398603932,MpCmdRun.log,22022
641427,1790398603932,MpSigStub.log,7992
641427,1790398603948,SYS32_Hardware.exe,32671232
641947,1790398604452,HpDrvPre.sys,19128
641947,1790398604452,MpCmdRun.log,22022
641947,1790398604467,MpSigStub.log,7992
641947,1790398604467,SYS32_Hardware.exe,32671232
642478,1790398604983,HpDrvPre.sys,19128
642478,1790398604983,MpCmdRun.log,22022
642478,1790398604983,MpSigStub.log,7992
642478,1790398604999,SYS32_Hardware.exe,32671232
643134,1790398605639,HpDrvPre.sys,19128
643134,1790398605639,MpCmdRun.log,22022
643134,1790398605639,MpSigStub.log,7992
643134,1790398605655,SYS32_Hardware.exe,32671232
643660,1790398606165,HpDrvPre.sys,19128
643660,1790398606165,MpCmdRun.log,22022
643660,1790398606165,MpSigStub.log,7992
643660,1790398606181,SYS32_Hardware.exe,32671232
644175,1790398606681,HpDrvPre.sys,19128
644175,1790398606681,MpCmdRun.log,22022
644175,1790398606681,MpSigStub.log,7992
644175,1790398606696,SYS32_Hardware.exe,32671232
644772,1790398607277,HpDrvPre.sys,19128
644772,1790398607277,MpCmdRun.log,22022
644772,1790398607277,MpSigStub.log,7992
644772,1790398607293,SYS32_Hardware.exe,32671232
645294,1790398607799,HpDrvPre.sys,19128
645294,1790398607799,MpCmdRun.log,22022
645294,1790398607799,MpSigStub.log,7992
645294,1790398607815,SYS32_Hardware.exe,32671232
645818,1790398608323,HpDrvPre.sys,19128
645818,1790398608323,MpCmdRun.log,22022
645818,1790398608323,MpSigStub.log,7992
645818,1790398608339,SYS32_Hardware.exe,32671232
646334,1790398608840,HpDrvPre.sys,19128
646334,1790398608840,MpCmdRun.log,22022
646334,1790398608840,MpSigStub.log,7992
646334,1790398608855,SYS32_Hardware.exe,32671232
646897,1790398609402,HpDrvPre.sys,19128
646897,1790398609402,MpCmdRun.log,22022
646897,1790398609402,MpSigStub.log,7992
646897,1790398609418,SYS32_Hardware.exe,32671232
647413,1790398609918,HpDrvPre.sys,19128
647413,1790398609918,MpCmdRun.log,22022
647413,1790398609918,MpSigStub.log,7992
647413,1790398609918,SYS32_Hardware.exe,32671232
647944,1790398610449,HpDrvPre.sys,19128
647944,1790398610449,MpCmdRun.log,22022
647944,1790398610449,MpSigStub.log,7992
647944,1790398610465,SYS32_Hardware.exe,32671232
648471,1790398610976,HpDrvPre.sys,19128
648471,1790398610976,MpCmdRun.log,22022
648471,1790398610976,MpSigStub.log,7992
648471,1790398610992,SYS32_Hardware.exe,32671232
649070,1790398611573,HpDrvPre.sys,19128
649070,1790398611573,MpCmdRun.log,22022
649070,1790398611573,MpSigStub.log,7992
649070,1790398611589,SYS32_Hardware.exe,32671232
649592,1790398612097,HpDrvPre.sys,19128
649592,1790398612097,MpCmdRun.log,22022
649592,1790398612097,MpSigStub.log,7992
649592,1790398612112,SYS32_Hardware.exe,32671232
650139,1790398612643,HpDrvPre.sys,19128
650139,1790398612643,MpCmdRun.log,22022
650139,1790398612643,MpSigStub.log,7992
650139,1790398612659,SYS32_Hardware.exe,32671232
650690,1790398613195,HpDrvPre.sys,19128
650690,1790398613195,MpCmdRun.log,22022
650690,1790398613195,MpSigStub.log,7992
650690,1790398613211,SYS32_Hardware.exe,32671232
651206,1790398613711,HpDrvPre.sys,19128
651206,1790398613711,MpCmdRun.log,22022
651206,1790398613711,MpSigStub.log,7992
651206,1790398613726,SYS32_Hardware.exe,32671232
651737,1790398614242,HpDrvPre.sys,19128
651737,1790398614242,MpCmdRun.log,22022
651737,1790398614258,MpSigStub.log,7992
651737,1790398614258,SYS32_Hardware.exe,32671232
652268,1790398614773,HpDrvPre.sys,19128
652268,1790398614773,MpCmdRun.log,22022
652268,1790398614773,MpSigStub.log,7992
652268,1790398614789,SYS32_Hardware.exe,32671232
652909,1790398615414,HpDrvPre.sys,19128
652909,1790398615414,MpCmdRun.log,22022
652909,1790398615414,MpSigStub.log,7992
652909,1790398615414,SYS32_Hardware.exe,32671232
653426,1790398615930,HpDrvPre.sys,19128
653426,1790398615930,MpCmdRun.log,22022
653426,1790398615945,MpSigStub.log,7992
653426,1790398615961,SYS32_Hardware.exe,32671232
653959,1790398616463,HpDrvPre.sys,19128
653959,1790398616479,MpCmdRun.log,22022
653959,1790398616479,MpSigStub.log,7992
653959,1790398616495,SYS32_Hardware.exe,32671232
654505,1790398617010,HpDrvPre.sys,19128
654505,1790398617010,MpCmdRun.log,22022
654505,1790398617010,MpSigStub.log,7992
654505,1790398617026,SYS32_Hardware.exe,32671232
655071,1790398617576,HpDrvPre.sys,19128
655071,1790398617576,MpCmdRun.log,22022
655071,1790398617576,MpSigStub.log,7992
655071,1790398617592,SYS32_Hardware.exe,32671232
655591,1790398618097,HpDrvPre.sys,19128
655591,1790398618097,MpCmdRun.log,22022
655591,1790398618097,MpSigStub.log,7992
655591,1790398618112,SYS32_Hardware.exe,32671232
656109,1790398618614,HpDrvPre.sys,19128
656109,1790398618614,MpCmdRun.log,22022
656109,1790398618614,MpSigStub.log,7992
656109,1790398618630,SYS32_Hardware.exe,32671232
656703,1790398619208,HpDrvPre.sys,19128
656703,1790398619208,MpCmdRun.log,22022
656703,1790398619208,MpSigStub.log,7992
656703,1790398619224,SYS32_Hardware.exe,32671232
657219,1790398619724,HpDrvPre.sys,19128
657219,1790398619724,MpCmdRun.log,22022
657219,1790398619724,MpSigStub.log,7992
657219,1790398619739,SYS32_Hardware.exe,32671232
657751,1790398620255,HpDrvPre.sys,19128
657751,1790398620255,MpCmdRun.log,22022
657751,1790398620255,MpSigStub.log,7992
657751,1790398620271,SYS32_Hardware.exe,32671232
658281,1790398620786,HpDrvPre.sys,19128
658281,1790398620786,MpCmdRun.log,22022
658281,1790398620786,MpSigStub.log,7992
658281,1790398620802,SYS32_Hardware.exe,32671232
658890,1790398621396,HpDrvPre.sys,19128
658890,1790398621396,MpCmdRun.log,22022
658890,1790398621396,MpSigStub.log,7992
658890,1790398621411,SYS32_Hardware.exe,32671232
659422,1790398621927,HpDrvPre.sys,19128
659422,1790398621927,MpCmdRun.log,22022
659422,1790398621942,MpSigStub.log,7992
659422,1790398621942,SYS32_Hardware.exe,32671232
659937,1790398622442,HpDrvPre.sys,19128
659937,1790398622442,MpCmdRun.log,22022
659937,1790398622458,MpSigStub.log,7992
659937,1790398622458,SYS32_Hardware.exe,32671232
660469,1790398622974,HpDrvPre.sys,19128
660469,1790398622974,MpCmdRun.log,22022
660469,1790398622974,MpSigStub.log,7992
660469,1790398623005,SYS32_Hardware.exe,32671232
661080,1790398623585,HpDrvPre.sys,19128
661080,1790398623585,MpCmdRun.log,22022
661080,1790398623585,MpSigStub.log,7992
661080,1790398623601,SYS32_Hardware.exe,32671232
661611,1790398624116,HpDrvPre.sys,19128
661611,1790398624116,MpCmdRun.log,22022
661611,1790398624116,MpSigStub.log,7992
661611,1790398624132,SYS32_Hardware.exe,32671232
662156,1790398624661,HpDrvPre.sys,19128
662156,1790398624661,MpCmdRun.log,22022
662156,1790398624677,MpSigStub.log,7992
662156,1790398624677,SYS32_Hardware.exe,32671232
662781,1790398625286,HpDrvPre.sys,19128
662781,1790398625286,MpCmdRun.log,22022
662781,1790398625286,MpSigStub.log,7992
662781,1790398625302,SYS32_Hardware.exe,32671232
663313,1790398625818,HpDrvPre.sys,19128
663313,1790398625818,MpCmdRun.log,22022
663313,1790398625818,MpSigStub.log,7992
663313,1790398625833,SYS32_Hardware.exe,32671232
663859,1790398626365,HpDrvPre.sys,19128
663859,1790398626365,MpCmdRun.log,22022
663859,1790398626380,MpSigStub.log,7992
663859,1790398626380,SYS32_Hardware.exe,32671232
664391,1790398626896,HpDrvPre.sys,19128
664391,1790398626896,MpCmdRun.log,22022
664391,1790398626911,MpSigStub.log,7992
664391,1790398626911,SYS32_Hardware.exe,32671232
664976,1790398627481,HpDrvPre.sys,19128
664976,1790398627481,MpCmdRun.log,22022
664976,1790398627481,MpSigStub.log,7992
664976,1790398627497,SYS32_Hardware.exe,32671232
665497,1790398628002,HpDrvPre.sys,19128
665497,1790398628002,MpCmdRun.log,22022
665497,1790398628002,MpSigStub.log,7992
665497,1790398628018,SYS32_Hardware.exe,32671232
666013,1790398628518,HpDrvPre.sys,19128
666013,1790398628533,MpCmdRun.log,22022
666013,1790398628549,MpSigStub.log,7992
666013,1790398628565,SYS32_Hardware.exe,32671232
666638,1790398629143,HpDrvPre.sys,19128
666638,1790398629143,MpCmdRun.log,22022
666638,1790398629143,MpSigStub.log,7992
666638,1790398629158,SYS32_Hardware.exe,32671232
667182,1790398629686,HpDrvPre.sys,19128
667182,1790398629686,MpCmdRun.log,22022
667182,1790398629686,MpSigStub.log,7992
667182,1790398629702,SYS32_Hardware.exe,32671232
667713,1790398630218,HpDrvPre.sys,19128
667713,1790398630218,MpCmdRun.log,22022
667713,1790398630218,MpSigStub.log,7992
667713,1790398630234,SYS32_Hardware.exe,32671232
668229,1790398630734,HpDrvPre.sys,19128
668229,1790398630734,MpCmdRun.log,22022
668229,1790398630734,MpSigStub.log,7992
668229,1790398630750,SYS32_Hardware.exe,32671232
668823,1790398631328,HpDrvPre.sys,19128
668823,1790398631328,MpCmdRun.log,22022
668823,1790398631344,MpSigStub.log,7992
668823,1790398631344,SYS32_Hardware.exe,32671232
669355,1790398631859,HpDrvPre.sys,19128
669355,1790398631859,MpCmdRun.log,22022
669355,1790398631859,MpSigStub.log,7992
669355,1790398631875,SYS32_Hardware.exe,32671232
670012,1790398632531,HpDrvPre.sys,19128
670012,1790398633281,MpCmdRun.log,22022
670012,1790398633438,MpSigStub.log,7992
670012,1790398633453,SYS32_Hardware.exe,32671232
671448,1790398633953,HpDrvPre.sys,19128
671448,1790398633953,MpCmdRun.log,22022
671448,1790398633969,MpSigStub.log,7992
671448,1790398633969,SYS32_Hardware.exe,32671232
671979,1790398634484,HpDrvPre.sys,19128
671979,1790398634484,MpCmdRun.log,22022
671979,1790398634500,MpSigStub.log,7992
671979,1790398634500,SYS32_Hardware.exe,32671232
672574,1790398635079,HpDrvPre.sys,19128
672574,1790398635079,MpCmdRun.log,22022
672574,1790398635079,MpSigStub.log,7992
672574,1790398635094,SYS32_Hardware.exe,32671232
673114,1790398635610,HpDrvPre.sys,19128
673114,1790398635610,MpCmdRun.log,22022
673114,1790398635626,MpSigStub.log,7992
673114,1790398635641,SYS32_Hardware.exe,32671232
673652,1790398636157,HpDrvPre.sys,19128
673652,1790398636157,MpCmdRun.log,22022
673652,1790398636157,MpSigStub.log,7992
673652,1790398636172,SYS32_Hardware.exe,32671232
674171,1790398636677,HpDrvPre.sys,19128
674171,1790398636677,MpCmdRun.log,22022
674171,1790398636677,MpSigStub.log,7992
674171,1790398636692,SYS32_Hardware.exe,32671232
674750,1790398637255,HpDrvPre.sys,19128
674750,1790398637255,MpCmdRun.log,22022
674750,1790398637255,MpSigStub.log,7992
674750,1790398637270,SYS32_Hardware.exe,32671232
675269,1790398637774,HpDrvPre.sys,19128
675269,1790398637774,MpCmdRun.log,22022
675269,1790398637774,MpSigStub.log,7992
675269,1790398637790,SYS32_Hardware.exe,32671232
675785,1790398638290,HpDrvPre.sys,19128
675785,1790398638290,MpCmdRun.log,22022
675785,1790398638290,MpSigStub.log,7992
675785,1790398638305,SYS32_Hardware.exe,32671232
676326,1790398638831,HpDrvPre.sys,19128
676326,1790398638831,MpCmdRun.log,22022
676326,1790398638831,MpSigStub.log,7992
676326,1790398638847,SYS32_Hardware.exe,32671232
676888,1790398639394,HpDrvPre.sys,19128
676888,1790398639394,MpCmdRun.log,22022
676888,1790398639394,MpSigStub.log,7992
676888,1790398639409,SYS32_Hardware.exe,32671232
677404,1790398639909,HpDrvPre.sys,19128
677404,1790398639909,MpCmdRun.log,22022
677404,1790398639909,MpSigStub.log,7992
677404,1790398639925,SYS32_Hardware.exe,32671232
677920,1790398640425,HpDrvPre.sys,19128
677920,1790398640425,MpCmdRun.log,22022
677920,1790398640425,MpSigStub.log,7992
677920,1790398640440,SYS32_Hardware.exe,32671232
678437,1790398640940,HpDrvPre.sys,19128
678437,1790398640940,MpCmdRun.log,22022
678437,1790398640940,MpSigStub.log,7992
678437,1790398640956,SYS32_Hardware.exe,32671232
678967,1790398641472,HpDrvPre.sys,19128
678967,1790398641472,MpCmdRun.log,22022
678967,1790398641503,MpSigStub.log,7992
678967,1790398641503,SYS32_Hardware.exe,32671232
679519,1790398642024,HpDrvPre.sys,19128
679519,1790398642024,MpCmdRun.log,22022
679519,1790398642040,MpSigStub.log,7992
679519,1790398642040,SYS32_Hardware.exe,32671232
680035,1790398642540,HpDrvPre.sys,19128
680035,1790398642540,MpCmdRun.log,22022
680035,1790398642540,MpSigStub.log,7992
680035,1790398642555,SYS32_Hardware.exe,32671232
680629,1790398643134,HpDrvPre.sys,19128
680629,1790398643134,MpCmdRun.log,22022
680629,1790398643134,MpSigStub.log,7992
680629,1790398643149,SYS32_Hardware.exe,32671232
681148,1790398643653,HpDrvPre.sys,19128
681148,1790398643653,MpCmdRun.log,22022
681148,1790398643653,MpSigStub.log,7992
681148,1790398643669,SYS32_Hardware.exe,32671232
681664,1790398644169,HpDrvPre.sys,19128
681664,1790398644169,MpCmdRun.log,22022
681664,1790398644169,MpSigStub.log,7992
681664,1790398644185,SYS32_Hardware.exe,32671232
682182,1790398644687,HpDrvPre.sys,19128
682182,1790398644687,MpCmdRun.log,22022
682182,1790398644703,MpSigStub.log,7992
682182,1790398644703,SYS32_Hardware.exe,32671232
682746,1790398645252,HpDrvPre.sys,19128
682746,1790398645252,MpCmdRun.log,22022
682746,1790398645252,MpSigStub.log,7992
682746,1790398645267,SYS32_Hardware.exe,32671232
683269,1790398645774,HpDrvPre.sys,19128
683269,1790398645774,MpCmdRun.log,22022
683269,1790398645790,MpSigStub.log,7992
683269,1790398645790,SYS32_Hardware.exe,32671232
683816,1790398646321,HpDrvPre.sys,19128
683816,1790398646321,MpCmdRun.log,22022
683816,1790398646321,MpSigStub.log,7992
683816,1790398646337,SYS32_Hardware.exe,32671232
684331,1790398646837,HpDrvPre.sys,19128
684331,1790398646837,MpCmdRun.log,22022
684331,1790398646852,MpSigStub.log,7992
684331,1790398646852,SYS32_Hardware.exe,32671232
684863,1790398647368,HpDrvPre.sys,19128
684863,1790398647368,MpCmdRun.log,22022
684863,1790398647368,MpSigStub.log,7992
684863,1790398647384,SYS32_Hardware.exe,32671232
685394,1790398647899,HpDrvPre.sys,19128
685394,1790398647899,MpCmdRun.log,22022
685394,1790398647899,MpSigStub.log,7992
685394,1790398647915,SYS32_Hardware.exe,32671232
685910,1790398648415,HpDrvPre.sys,19128
685910,1790398648415,MpCmdRun.log,22022
685910,1790398648415,MpSigStub.log,7992
685910,1790398648430,SYS32_Hardware.exe,32671232
686457,1790398648962,HpDrvPre.sys,19128
686457,1790398648962,MpCmdRun.log,22022
686457,1790398648962,MpSigStub.log,7992
686457,1790398648977,SYS32_Hardware.exe,32671232
687081,1790398649587,HpDrvPre.sys,19128
687081,1790398649587,MpCmdRun.log,22022
687081,1790398649602,MpSigStub.log,7992
687081,1790398649602,SYS32_Hardware.exe,32671232
687597,1790398650102,HpDrvPre.sys,19128
687597,1790398650102,MpCmdRun.log,22022
687597,1790398650102,MpSigStub.log,7992
687597,1790398650118,SYS32_Hardware.exe,32671232
688128,1790398650634,HpDrvPre.sys,19128
688128,1790398650634,MpCmdRun.log,22022
688128,1790398650634,MpSigStub.log,7992
688128,1790398650649,SYS32_Hardware.exe,32671232
688762,1790398651267,HpDrvPre.sys,19128
688762,1790398651267,MpCmdRun.log,22022
688762,1790398651267,MpSigStub.log,7992
688762,1790398651283,SYS32_Hardware.exe,32671232
689291,1790398651796,HpDrvPre.sys,19128
689291,1790398651796,MpCmdRun.log,22022
689291,1790398651796,MpSigStub.log,7992
689291,1790398651812,SYS32_Hardware.exe,32671232
689824,1790398652328,HpDrvPre.sys,19128
689824,1790398652328,MpCmdRun.log,22022
689824,1790398652343,MpSigStub.log,7992
689824,1790398652343,SYS32_Hardware.exe,32671232
690359,1790398652864,HpDrvPre.sys,19128
690359,1790398652864,MpCmdRun.log,22022
690359,1790398652864,MpSigStub.log,7992
690359,1790398652879,SYS32_Hardware.exe,32671232
690905,1790398653411,HpDrvPre.sys,19128
690905,1790398653411,MpCmdRun.log,22022
690905,1790398653411,MpSigStub.log,7992
690905,1790398653426,SYS32_Hardware.exe,32671232
691437,1790398653942,HpDrvPre.sys,19128
691437,1790398653942,MpCmdRun.log,22022
691437,1790398653942,MpSigStub.log,7992
691437,1790398653957,SYS32_Hardware.exe,32671232
691968,1790398654473,HpDrvPre.sys,19128
691968,1790398654473,MpCmdRun.log,22022
691968,1790398654473,MpSigStub.log,7992
691968,1790398654489,SYS32_Hardware.exe,32671232
692491,1790398654997,HpDrvPre.sys,19128
692491,1790398654997,MpCmdRun.log,22022
692491,1790398654997,MpSigStub.log,7992
692491,1790398655012,SYS32_Hardware.exe,32671232
693167,1790398655673,HpDrvPre.sys,19128
693167,1790398655673,MpCmdRun.log,22022
693167,1790398655673,MpSigStub.log,7992
693167,1790398655688,SYS32_Hardware.exe,32671232
693683,1790398656188,HpDrvPre.sys,19128
693683,1790398656188,MpCmdRun.log,22022
693683,1790398656188,MpSigStub.log,7992
693683,1790398656204,SYS32_Hardware.exe,32671232
694199,1790398656704,HpDrvPre.sys,19128
694199,1790398656704,MpCmdRun.log,22022
694199,1790398656704,MpSigStub.log,7992
694199,1790398656719,SYS32_Hardware.exe,32671232
694808,1790398657313,HpDrvPre.sys,19128
694808,1790398657313,MpCmdRun.log,22022
694808,1790398657313,MpSigStub.log,7992
694808,1790398657329,SYS32_Hardware.exe,32671232
695339,1790398657844,HpDrvPre.sys,19128
695339,1790398657844,MpCmdRun.log,22022
695339,1790398657844,MpSigStub.log,7992
695339,1790398657860,SYS32_Hardware.exe,32671232
695871,1790398658376,HpDrvPre.sys,19128
695871,1790398658376,MpCmdRun.log,22022
695871,1790398658391,MpSigStub.log,7992
695871,1790398658391,SYS32_Hardware.exe,32671232
696386,1790398658891,HpDrvPre.sys,19128
696386,1790398658891,MpCmdRun.log,22022
696386,1790398658891,MpSigStub.log,7992
696386,1790398658907,SYS32_Hardware.exe,32671232
696980,1790398659485,HpDrvPre.sys,19128
696980,1790398659485,MpCmdRun.log,22022
696980,1790398659485,MpSigStub.log,7992
696980,1790398659501,SYS32_Hardware.exe,32671232
697503,1790398660007,HpDrvPre.sys,19128
697503,1790398660007,MpCmdRun.log,22022
697503,1790398660023,MpSigStub.log,7992
697503,1790398660023,SYS32_Hardware.exe,32671232
698033,1790398660539,HpDrvPre.sys,19128
698033,1790398660539,MpCmdRun.log,22022
698033,1790398660539,MpSigStub.log,7992
698033,1790398660554,SYS32_Hardware.exe,32671232
698661,1790398661166,HpDrvPre.sys,19128
698661,1790398661166,MpCmdRun.log,22022
698661,1790398661166,MpSigStub.log,7992
698661,1790398661181,SYS32_Hardware.exe,32671232
699176,1790398661681,HpDrvPre.sys,19128
699176,1790398661681,MpCmdRun.log,22022
699176,1790398661681,MpSigStub.log,7992
699176,1790398661697,SYS32_Hardware.exe,32671232
699692,1790398662197,HpDrvPre.sys,19128
699692,1790398662197,MpCmdRun.log,22022
699692,1790398662213,MpSigStub.log,7992
699692,1790398662213,SYS32_Hardware.exe,32671232
700224,1790398662729,HpDrvPre.sys,19128
700224,1790398662729,MpCmdRun.log,22022
700224,1790398662729,MpSigStub.log,7992
700224,1790398662745,SYS32_Hardware.exe,32671232
700771,1790398663276,HpDrvPre.sys,19128
700771,1790398663276,MpCmdRun.log,22022
700771,1790398663276,MpSigStub.log,7992
700771,1790398663291,SYS32_Hardware.exe,32671232
701650,1790398664515,HpDrvPre.sys,19128
701650,1790398664515,MpCmdRun.log,22022
701650,1790398664593,MpSigStub.log,7992
701650,1790398664609,SYS32_Hardware.exe,32671232
702729,1790398665234,HpDrvPre.sys,19128
702729,1790398665234,MpCmdRun.log,22022
702729,1790398665234,MpSigStub.log,7992
702729,1790398665249,SYS32_Hardware.exe,32671232
703249,1790398665749,HpDrvPre.sys,19128
703249,1790398665765,MpCmdRun.log,22022
703249,1790398665765,MpSigStub.log,7992
703249,1790398665765,SYS32_Hardware.exe,32671232
703776,1790398666281,HpDrvPre.sys,19128
703776,1790398666281,MpCmdRun.log,22022
703776,1790398666281,MpSigStub.log,7992
703776,1790398666296,SYS32_Hardware.exe,32671232
704307,1790398666812,HpDrvPre.sys,19128
704307,1790398666812,MpCmdRun.log,22022
704307,1790398666812,MpSigStub.log,7992
704307,1790398666827,SYS32_Hardware.exe,32671232
704869,1790398667374,HpDrvPre.sys,19128
704869,1790398667374,MpCmdRun.log,22022
704869,1790398667374,MpSigStub.log,7992
704869,1790398667390,SYS32_Hardware.exe,32671232
705401,1790398667906,HpDrvPre.sys,19128
705401,1790398667906,MpCmdRun.log,22022
705401,1790398667921,MpSigStub.log,7992
705401,1790398667937,SYS32_Hardware.exe,32671232
705948,1790398668452,HpDrvPre.sys,19128
705948,1790398668452,MpCmdRun.log,22022
705948,1790398668468,MpSigStub.log,7992
705948,1790398668468,SYS32_Hardware.exe,32671232
706463,1790398668968,HpDrvPre.sys,19128
706463,1790398668968,MpCmdRun.log,22022
706463,1790398668968,MpSigStub.log,7992
706463,1790398668984,SYS32_Hardware.exe,32671232
707027,1790398669532,HpDrvPre.sys,19128
707027,1790398669532,MpCmdRun.log,22022
707027,1790398669532,MpSigStub.log,7992
707027,1790398669547,SYS32_Hardware.exe,32671232
707542,1790398670047,HpDrvPre.sys,19128
707542,1790398670047,MpCmdRun.log,22022
707542,1790398670047,MpSigStub.log,7992
707542,1790398670063,SYS32_Hardware.exe,32671232
708058,1790398670563,HpDrvPre.sys,19128
708058,1790398670563,MpCmdRun.log,22022
708058,1790398670563,MpSigStub.log,7992
708058,1790398670579,SYS32_Hardware.exe,32671232
708589,1790398671094,HpDrvPre.sys,19128
708589,1790398671094,MpCmdRun.log,22022
708589,1790398671094,MpSigStub.log,7992
708589,1790398671110,SYS32_Hardware.exe,32671232
709105,1790398671610,HpDrvPre.sys,19128
709105,1790398671610,MpCmdRun.log,22022
709105,1790398671625,MpSigStub.log,7992
709105,1790398671625,SYS32_Hardware.exe,32671232
709620,1790398672125,HpDrvPre.sys,19128
709620,1790398672125,MpCmdRun.log,22022
709620,1790398672125,MpSigStub.log,7992
709620,1790398672141,SYS32_Hardware.exe,32671232
710136,1790398672641,HpDrvPre.sys,19128
710136,1790398672641,MpCmdRun.log,22022
710136,1790398672641,MpSigStub.log,7992
710136,1790398672657,SYS32_Hardware.exe,32671232
710683,1790398673188,HpDrvPre.sys,19128
710683,1790398673188,MpCmdRun.log,22022
710683,1790398673188,MpSigStub.log,7992
710683,1790398673204,SYS32_Hardware.exe,32671232
711198,1790398673704,HpDrvPre.sys,19128
711198,1790398673704,MpCmdRun.log,22022
711198,1790398673704,MpSigStub.log,7992
711198,1790398673719,SYS32_Hardware.exe,32671232
711714,1790398674250,HpDrvPre.sys,19128
711714,1790398674250,MpCmdRun.log,22022
711714,1790398674250,MpSigStub.log,7992
711714,1790398674266,SYS32_Hardware.exe,32671232
712261,1790398674766,HpDrvPre.sys,19128
712261,1790398674766,MpCmdRun.log,22022
712261,1790398674766,MpSigStub.log,7992
712261,1790398674782,SYS32_Hardware.exe,32671232
712792,1790398675297,HpDrvPre.sys,19128
712792,1790398675297,MpCmdRun.log,22022
712792,1790398675297,MpSigStub.log,7992
712792,1790398675313,SYS32_Hardware.exe,32671232
713324,1790398675829,HpDrvPre.sys,19128
713324,1790398675829,MpCmdRun.log,22022
713324,1790398675829,MpSigStub.log,7992
713324,1790398675844,SYS32_Hardware.exe,32671232
713855,1790398676360,HpDrvPre.sys,19128
713855,1790398676360,MpCmdRun.log,22022
713855,1790398676360,MpSigStub.log,7992
713855,1790398676375,SYS32_Hardware.exe,32671232
714386,1790398676891,HpDrvPre.sys,19128
714386,1790398676891,MpCmdRun.log,22022
714386,1790398676907,MpSigStub.log,7992
714386,1790398676907,SYS32_Hardware.exe,32671232
714933,1790398677438,HpDrvPre.sys,19128
714933,1790398677438,MpCmdRun.log,22022
714933,1790398677438,MpSigStub.log,7992
714933,1790398677454,SYS32_Hardware.exe,32671232
715464,1790398677969,HpDrvPre.sys,19128
715464,1790398677969,MpCmdRun.log,22022
715464,1790398677969,MpSigStub.log,7992
715464,1790398677985,SYS32_Hardware.exe,32671232
715995,1790398678500,HpDrvPre.sys,19128
715995,1790398678500,MpCmdRun.log,22022
715995,1790398678500,MpSigStub.log,7992
715995,1790398678516,SYS32_Hardware.exe,32671232
716542,1790398679047,HpDrvPre.sys,19128
716542,1790398679047,MpCmdRun.log,22022
716542,1790398679047,MpSigStub.log,7992
716542,1790398679063,SYS32_Hardware.exe,32671232
717074,1790398679579,HpDrvPre.sys,19128
717074,1790398679579,MpCmdRun.log,22022
717074,1790398679579,MpSigStub.log,7992
717074,1790398679594,SYS32_Hardware.exe,32671232
717605,1790398680110,HpDrvPre.sys,19128
717605,1790398680110,MpCmdRun.log,22022
717605,1790398680110,MpSigStub.log,7992
717605,1790398680125,SYS32_Hardware.exe,32671232
718136,1790398680641,HpDrvPre.sys,19128
718136,1790398680641,MpCmdRun.log,22022
718136,1790398680641,MpSigStub.log,7992
718136,1790398680657,SYS32_Hardware.exe,32671232
718698,1790398681204,HpDrvPre.sys,19128
718698,1790398681204,MpCmdRun.log,22022
718698,1790398681204,MpSigStub.log,7992
718698,1790398681219,SYS32_Hardware.exe,32671232
719230,1790398681735,HpDrvPre.sys,19128
719230,1790398681735,MpCmdRun.log,22022
719230,1790398681735,MpSigStub.log,7992
719230,1790398681750,SYS32_Hardware.exe,32671232
719761,1790398682266,HpDrvPre.sys,19128
719761,1790398682266,MpCmdRun.log,22022
719761,1790398682266,MpSigStub.log,7992
719761,1790398682282,SYS32_Hardware.exe,32671232
720292,1790398682797,HpDrvPre.sys,19128
720292,1790398682797,MpCmdRun.log,22022
720292,1790398682797,MpSigStub.log,7992
720292,1790398682813,SYS32_Hardware.exe,32671232
720823,1790398683329,HpDrvPre.sys,19128
720823,1790398683329,MpCmdRun.log,22022
720823,1790398683329,MpSigStub.log,7992
720823,1790398683344,SYS32_Hardware.exe,32671232
721370,1790398683875,HpDrvPre.sys,19128
721370,1790398683875,MpCmdRun.log,22022
721370,1790398683875,MpSigStub.log,7992
721370,1790398683891,SYS32_Hardware.exe,32671232
721902,1790398684407,HpDrvPre.sys,19128
721902,1790398684407,MpCmdRun.log,22022
721902,1790398684407,MpSigStub.log,7992
721902,1790398684422,SYS32_Hardware.exe,32671232
722418,1790398684922,HpDrvPre.sys,19128
722418,1790398684922,MpCmdRun.log,22022
722418,1790398684938,MpSigStub.log,7992
722418,1790398684954,SYS32_Hardware.exe,32671232
722995,1790398685500,HpDrvPre.sys,19128
722995,1790398685500,MpCmdRun.log,22022
722995,1790398685500,MpSigStub.log,7992
722995,1790398685516,SYS32_Hardware.exe,32671232
723511,1790398686016,HpDrvPre.sys,19128
723511,1790398686016,MpCmdRun.log,22022
723511,1790398686016,MpSigStub.log,7992
723511,1790398686032,SYS32_Hardware.exe,32671232
724027,1790398686532,HpDrvPre.sys,19128
724027,1790398686532,MpCmdRun.log,22022
724027,1790398686547,MpSigStub.log,7992
724027,1790398686547,SYS32_Hardware.exe,32671232
724558,1790398687063,HpDrvPre.sys,19128
724558,1790398687063,MpCmdRun.log,22022
724558,1790398687063,MpSigStub.log,7992
724558,1790398687079,SYS32_Hardware.exe,32671232
725089,1790398687594,HpDrvPre.sys,19128
725089,1790398687594,MpCmdRun.log,22022
725089,1790398687594,MpSigStub.log,7992
725089,1790398687610,SYS32_Hardware.exe,32671232
725605,1790398688110,HpDrvPre.sys,19128
725605,1790398688110,MpCmdRun.log,22022
725605,1790398688125,MpSigStub.log,7992
725605,1790398688125,SYS32_Hardware.exe,32671232
726120,1790398688625,HpDrvPre.sys,19128
726120,1790398688625,MpCmdRun.log,22022
726120,1790398688641,MpSigStub.log,7992
726120,1790398688641,SYS32_Hardware.exe,32671232
726683,1790398689188,HpDrvPre.sys,19128
726683,1790398689188,MpCmdRun.log,22022
726683,1790398689188,MpSigStub.log,7992
726683,1790398689204,SYS32_Hardware.exe,32671232
727214,1790398689719,HpDrvPre.sys,19128
727214,1790398689719,MpCmdRun.log,22022
727214,1790398689719,MpSigStub.log,7992
727214,1790398689735,SYS32_Hardware.exe,32671232
727746,1790398690250,HpDrvPre.sys,19128
727746,1790398690250,MpCmdRun.log,22022
727746,1790398690250,MpSigStub.log,7992
727746,1790398690266,SYS32_Hardware.exe,32671232
728276,1790398690782,HpDrvPre.sys,19128
728276,1790398690782,MpCmdRun.log,22022
728276,1790398690782,MpSigStub.log,7992
728276,1790398690797,SYS32_Hardware.exe,32671232
728823,1790398691329,HpDrvPre.sys,19128
728823,1790398691329,MpCmdRun.log,22022
728823,1790398691329,MpSigStub.log,7992
728823,1790398691344,SYS32_Hardware.exe,32671232
729366,1790398691871,HpDrvPre.sys,19128
729366,1790398691871,MpCmdRun.log,22022
729366,1790398691871,MpSigStub.log,7992
729366,1790398691887,SYS32_Hardware.exe,32671232
729898,1790398692403,HpDrvPre.sys,19128
729898,1790398692418,MpCmdRun.log,22022
729898,1790398692418,MpSigStub.log,7992
729898,1790398692434,SYS32_Hardware.exe,32671232
730445,1790398692950,HpDrvPre.sys,19128
730445,1790398692950,MpCmdRun.log,22022
730445,1790398692950,MpSigStub.log,7992
730445,1790398692965,SYS32_Hardware.exe,32671232
731007,1790398693512,HpDrvPre.sys,19128
731007,1790398693512,MpCmdRun.log,22022
731007,1790398693512,MpSigStub.log,7992
731007,1790398693528,SYS32_Hardware.exe,32671232
731538,1790398694043,HpDrvPre.sys,19128
731538,1790398694043,MpCmdRun.log,22022
731538,1790398694043,MpSigStub.log,7992
731538,1790398694059,SYS32_Hardware.exe,32671232
732069,1790398694575,HpDrvPre.sys,19128
732069,1790398694575,MpCmdRun.log,22022
732069,1790398694575,MpSigStub.log,7992
732069,1790398694590,SYS32_Hardware.exe,32671232
733081,1790398695575,HpDrvPre.sys,19128
733081,1790398695575,MpCmdRun.log,22022
733081,1790398695700,MpSigStub.log,7992
733081,1790398695746,SYS32_Hardware.exe,32671232
733757,1790398696262,HpDrvPre.sys,19128
733757,1790398696262,MpCmdRun.log,22022
733757,1790398696262,MpSigStub.log,7992
733757,1790398696278,SYS32_Hardware.exe,32671232
734290,1790398696809,HpDrvPre.sys,19128
734290,1790398696809,MpCmdRun.log,22022
734290,1790398696809,MpSigStub.log,7992
734290,1790398696825,SYS32_Hardware.exe,32671232
734835,1790398697340,HpDrvPre.sys,19128
734835,1790398697340,MpCmdRun.log,22022
734835,1790398697340,MpSigStub.log,7992
734835,1790398697356,SYS32_Hardware.exe,32671232
735351,1790398697856,HpDrvPre.sys,19128
735351,1790398697856,MpCmdRun.log,22022
735351,1790398697856,MpSigStub.log,7992
735351,1790398697871,SYS32_Hardware.exe,32671232
735866,1790398698371,HpDrvPre.sys,19128
735866,1790398698371,MpCmdRun.log,22022
735866,1790398698387,MpSigStub.log,7992
735866,1790398698403,SYS32_Hardware.exe,32671232
736429,1790398698934,HpDrvPre.sys,19128
736429,1790398698934,MpCmdRun.log,22022
736429,1790398698934,MpSigStub.log,7992
736429,1790398698950,SYS32_Hardware.exe,32671232
736960,1790398699465,HpDrvPre.sys,19128
736960,1790398699465,MpCmdRun.log,22022
736960,1790398699481,MpSigStub.log,7992
736960,1790398699481,SYS32_Hardware.exe,32671232
737491,1790398699996,HpDrvPre.sys,19128
737491,1790398699996,MpCmdRun.log,22022
737491,1790398700012,MpSigStub.log,7992
737491,1790398700012,SYS32_Hardware.exe,32671232
738038,1790398700543,HpDrvPre.sys,19128
738038,1790398700543,MpCmdRun.log,22022
738038,1790398700543,MpSigStub.log,7992
738038,1790398700559,SYS32_Hardware.exe,32671232
738601,1790398701106,HpDrvPre.sys,19128
738601,1790398701106,MpCmdRun.log,22022
738601,1790398701106,MpSigStub.log,7992
738601,1790398701121,SYS32_Hardware.exe,32671232
739132,1790398701637,HpDrvPre.sys,19128
739132,1790398701637,MpCmdRun.log,22022
739132,1790398701653,MpSigStub.log,7992
739132,1790398701653,SYS32_Hardware.exe,32671232
739679,1790398702184,HpDrvPre.sys,19128
739679,1790398702184,MpCmdRun.log,22022
739679,1790398702200,MpSigStub.log,7992
739679,1790398702200,SYS32_Hardware.exe,32671232
740210,1790398702715,HpDrvPre.sys,19128
740210,1790398702715,MpCmdRun.log,22022
740210,1790398702715,MpSigStub.log,7992
740210,1790398702731,SYS32_Hardware.exe,32671232
740747,1790398703253,HpDrvPre.sys,19128
740747,1790398703253,MpCmdRun.log,22022
740747,1790398703268,MpSigStub.log,7992
740747,1790398703268,SYS32_Hardware.exe,32671232
741264,1790398703768,HpDrvPre.sys,19128
741264,1790398703768,MpCmdRun.log,22022
741264,1790398703768,MpSigStub.log,7992
741264,1790398703784,SYS32_Hardware.exe,32671232
741841,1790398704346,HpDrvPre.sys,19128
741841,1790398704346,MpCmdRun.log,22022
741841,1790398704346,MpSigStub.log,7992
741841,1790398704361,SYS32_Hardware.exe,32671232
742372,1790398704877,HpDrvPre.sys,19128
742372,1790398704877,MpCmdRun.log,22022
742372,1790398704877,MpSigStub.log,7992
742372,1790398704892,SYS32_Hardware.exe,32671232
742919,1790398705424,HpDrvPre.sys,19128
742919,1790398705424,MpCmdRun.log,22022
742919,1790398705424,MpSigStub.log,7992
742919,1790398705439,SYS32_Hardware.exe,32671232
743450,1790398705955,HpDrvPre.sys,19128
743450,1790398705955,MpCmdRun.log,22022
743450,1790398705955,MpSigStub.log,7992
743450,1790398705971,SYS32_Hardware.exe,32671232
743965,1790398706471,HpDrvPre.sys,19128
743965,1790398706471,MpCmdRun.log,22022
743965,1790398706471,MpSigStub.log,7992
743965,1790398706486,SYS32_Hardware.exe,32671232
744497,1790398707002,HpDrvPre.sys,19128
744497,1790398707002,MpCmdRun.log,22022
744497,1790398707002,MpSigStub.log,7992
744497,1790398707017,SYS32_Hardware.exe,32671232
745046,1790398707549,HpDrvPre.sys,19128
745046,1790398707549,MpCmdRun.log,22022
745046,1790398707564,MpSigStub.log,7992
745046,1790398707564,SYS32_Hardware.exe,32671232
745591,1790398708096,HpDrvPre.sys,19128
745591,1790398708096,MpCmdRun.log,22022
745591,1790398708111,MpSigStub.log,7992
745591,1790398708111,SYS32_Hardware.exe,32671232
746122,1790398708627,HpDrvPre.sys,19128
746122,1790398708627,MpCmdRun.log,22022
746122,1790398708642,MpSigStub.log,7992
746122,1790398708642,SYS32_Hardware.exe,32671232
746684,1790398709189,HpDrvPre.sys,19128
746684,1790398709189,MpCmdRun.log,22022
746684,1790398709189,MpSigStub.log,7992
746684,1790398709205,SYS32_Hardware.exe,32671232
747216,1790398709721,HpDrvPre.sys,19128
747216,1790398709721,MpCmdRun.log,22022
747216,1790398709736,MpSigStub.log,7992
747216,1790398709736,SYS32_Hardware.exe,32671232
747747,1790398710252,HpDrvPre.sys,19128
747747,1790398710252,MpCmdRun.log,22022
747747,1790398710252,MpSigStub.log,7992
747747,1790398710267,SYS32_Hardware.exe,32671232
748278,1790398710783,HpDrvPre.sys,19128
748278,1790398710783,MpCmdRun.log,22022
748278,1790398710783,MpSigStub.log,7992
748278,1790398710799,SYS32_Hardware.exe,32671232
748841,1790398711346,HpDrvPre.sys,19128
748841,1790398711346,MpCmdRun.log,22022
748841,1790398711346,MpSigStub.log,7992
748841,1790398711361,SYS32_Hardware.exe,32671232
749372,1790398711877,HpDrvPre.sys,19128
749372,1790398711877,MpCmdRun.log,22022
749372,1790398711877,MpSigStub.log,7992
749372,1790398711892,SYS32_Hardware.exe,32671232
749887,1790398712392,HpDrvPre.sys,19128
749887,1790398712392,MpCmdRun.log,22022
749887,1790398712392,MpSigStub.log,7992
749887,1790398712408,SYS32_Hardware.exe,32671232
750419,1790398712924,HpDrvPre.sys,19128
750419,1790398712924,MpCmdRun.log,22022
750419,1790398712939,MpSigStub.log,7992
750419,1790398712939,SYS32_Hardware.exe,32671232
750966,1790398713471,HpDrvPre.sys,19128
750966,1790398713471,MpCmdRun.log,22022
750966,1790398713471,MpSigStub.log,7992
750966,1790398713486,SYS32_Hardware.exe,32671232
751497,1790398714002,HpDrvPre.sys,19128
751497,1790398714002,MpCmdRun.log,22022
751497,1790398714002,MpSigStub.log,7992
751497,1790398714017,SYS32_Hardware.exe,32671232
752012,1790398714517,HpDrvPre.sys,19128
752012,1790398714517,MpCmdRun.log,22022
752012,1790398714517,MpSigStub.log,7992
752012,1790398714533,SYS32_Hardware.exe,32671232
752559,1790398715064,HpDrvPre.sys,19128
752559,1790398715064,MpCmdRun.log,22022
752559,1790398715064,MpSigStub.log,7992
752559,1790398715080,SYS32_Hardware.exe,32671232
753106,1790398715611,HpDrvPre.sys,19128
753106,1790398715611,MpCmdRun.log,22022
753106,1790398715611,MpSigStub.log,7992
753106,1790398715627,SYS32_Hardware.exe,32671232
753622,1790398716127,HpDrvPre.sys,19128
753622,1790398716127,MpCmdRun.log,22022
753622,1790398716127,MpSigStub.log,7992
753622,1790398716142,SYS32_Hardware.exe,32671232
754137,1790398716642,HpDrvPre.sys,19128
754137,1790398716642,MpCmdRun.log,22022
754137,1790398716642,MpSigStub.log,7992
754137,1790398716658,SYS32_Hardware.exe,32671232
754684,1790398717189,HpDrvPre.sys,19128
754684,1790398717189,MpCmdRun.log,22022
754684,1790398717189,MpSigStub.log,7992
754684,1790398717205,SYS32_Hardware.exe,32671232
755200,1790398717705,HpDrvPre.sys,19128
755200,1790398717705,MpCmdRun.log,22022
755200,1790398717721,MpSigStub.log,7992
755200,1790398717721,SYS32_Hardware.exe,32671232
755731,1790398718236,HpDrvPre.sys,19128
755731,1790398718236,MpCmdRun.log,22022
755731,1790398718236,MpSigStub.log,7992
755731,1790398718252,SYS32_Hardware.exe,32671232
756247,1790398718752,HpDrvPre.sys,19128
756247,1790398718752,MpCmdRun.log,22022
756247,1790398718767,MpSigStub.log,7992
756247,1790398718783,SYS32_Hardware.exe,32671232
756809,1790398719314,HpDrvPre.sys,19128
756809,1790398719314,MpCmdRun.log,22022
756809,1790398719330,MpSigStub.log,7992
756809,1790398719330,SYS32_Hardware.exe,32671232
757325,1790398719830,HpDrvPre.sys,19128
757325,1790398719830,MpCmdRun.log,22022
757325,1790398719830,MpSigStub.log,7992
757325,1790398719846,SYS32_Hardware.exe,32671232
757856,1790398720361,HpDrvPre.sys,19128
757856,1790398720361,MpCmdRun.log,22022
757856,1790398720361,MpSigStub.log,7992
757856,1790398720377,SYS32_Hardware.exe,32671232
758372,1790398720877,HpDrvPre.sys,19128
758372,1790398720877,MpCmdRun.log,22022
758372,1790398720892,MpSigStub.log,7992
758372,1790398720892,SYS32_Hardware.exe,32671232
758919,1790398721424,HpDrvPre.sys,19128
758919,1790398721424,MpCmdRun.log,22022
758919,1790398721424,MpSigStub.log,7992
758919,1790398721439,SYS32_Hardware.exe,32671232
759435,1790398721939,HpDrvPre.sys,19128
759435,1790398721939,MpCmdRun.log,22022
759435,1790398721939,MpSigStub.log,7992
759435,1790398721955,SYS32_Hardware.exe,32671232
759981,1790398722486,HpDrvPre.sys,19128
759981,1790398722486,MpCmdRun.log,22022
759981,1790398722486,MpSigStub.log,7992
759981,1790398722502,SYS32_Hardware.exe,32671232
760528,1790398723033,HpDrvPre.sys,19128
760528,1790398723049,MpCmdRun.log,22022
760528,1790398723049,MpSigStub.log,7992
760528,1790398723064,SYS32_Hardware.exe,32671232
761091,1790398723596,HpDrvPre.sys,19128
761091,1790398723596,MpCmdRun.log,22022
761091,1790398723596,MpSigStub.log,7992
761091,1790398723611,SYS32_Hardware.exe,32671232
761606,1790398724111,HpDrvPre.sys,19128
761606,1790398724111,MpCmdRun.log,22022
761606,1790398724127,MpSigStub.log,7992
761606,1790398724127,SYS32_Hardware.exe,32671232
762122,1790398724627,HpDrvPre.sys,19128
762122,1790398724627,MpCmdRun.log,22022
762122,1790398724627,MpSigStub.log,7992
762122,1790398724642,SYS32_Hardware.exe,32671232
762684,1790398725189,HpDrvPre.sys,19128
762684,1790398725189,MpCmdRun.log,22022
762684,1790398725189,MpSigStub.log,7992
762684,1790398725205,SYS32_Hardware.exe,32671232
763200,1790398725705,HpDrvPre.sys,19128
763200,1790398725705,MpCmdRun.log,22022
763200,1790398725705,MpSigStub.log,7992
763200,1790398725721,SYS32_Hardware.exe,32671232
763946,1790398726439,HpDrvPre.sys,19128
763946,1790398726767,MpCmdRun.log,22022
763946,1790398726892,MpSigStub.log,7992
763946,1790398726908,SYS32_Hardware.exe,32671232
764981,1790398727486,HpDrvPre.sys,19128
764981,1790398727486,MpCmdRun.log,22022
764981,1790398727502,MpSigStub.log,7992
764981,1790398727502,SYS32_Hardware.exe,32671232
765512,1790398728017,HpDrvPre.sys,19128
765512,1790398728017,MpCmdRun.log,22022
765512,1790398728033,MpSigStub.log,7992
765512,1790398728033,SYS32_Hardware.exe,32671232
766028,1790398728533,HpDrvPre.sys,19128
766028,1790398728533,MpCmdRun.log,22022
766028,1790398728549,MpSigStub.log,7992
766028,1790398728549,SYS32_Hardware.exe,32671232
766575,1790398729080,HpDrvPre.sys,19128
766575,1790398729080,MpCmdRun.log,22022
766575,1790398729096,MpSigStub.log,7992
766575,1790398729096,SYS32_Hardware.exe,32671232
767106,1790398729611,HpDrvPre.sys,19128
767106,1790398729611,MpCmdRun.log,22022
767106,1790398729611,MpSigStub.log,7992
767106,1790398729627,SYS32_Hardware.exe,32671232
767622,1790398730127,HpDrvPre.sys,19128
767622,1790398730127,MpCmdRun.log,22022
767622,1790398730127,MpSigStub.log,7992
767622,1790398730142,SYS32_Hardware.exe,32671232
768137,1790398730642,HpDrvPre.sys,19128
768137,1790398730642,MpCmdRun.log,22022
768137,1790398730642,MpSigStub.log,7992
768137,1790398730658,SYS32_Hardware.exe,32671232
768684,1790398731189,HpDrvPre.sys,19128
768684,1790398731189,MpCmdRun.log,22022
768684,1790398731205,MpSigStub.log,7992
768684,1790398731205,SYS32_Hardware.exe,32671232
769216,1790398731721,HpDrvPre.sys,19128
769216,1790398731721,MpCmdRun.log,22022
769216,1790398731721,MpSigStub.log,7992
769216,1790398731736,SYS32_Hardware.exe,32671232
769731,1790398732236,HpDrvPre.sys,19128
769731,1790398732236,MpCmdRun.log,22022
769731,1790398732236,MpSigStub.log,7992
769731,1790398732252,SYS32_Hardware.exe,32671232
770247,1790398732752,HpDrvPre.sys,19128
770247,1790398732752,MpCmdRun.log,22022
770247,1790398732752,MpSigStub.log,7992
770247,1790398732767,SYS32_Hardware.exe,32671232
770794,1790398733299,HpDrvPre.sys,19128
770794,1790398733299,MpCmdRun.log,22022
770794,1790398733299,MpSigStub.log,7992
770794,1790398733314,SYS32_Hardware.exe,32671232
771309,1790398733814,HpDrvPre.sys,19128
771309,1790398733814,MpCmdRun.log,22022
771309,1790398733830,MpSigStub.log,7992
771309,1790398733846,SYS32_Hardware.exe,32671232
771843,1790398734347,HpDrvPre.sys,19128
771843,1790398734347,MpCmdRun.log,22022
771843,1790398734363,MpSigStub.log,7992
771843,1790398734363,SYS32_Hardware.exe,32671232
772374,1790398734879,HpDrvPre.sys,19128
772374,1790398734879,MpCmdRun.log,22022
772374,1790398734894,MpSigStub.log,7992
772374,1790398734894,SYS32_Hardware.exe,32671232
772952,1790398735457,HpDrvPre.sys,19128
772952,1790398735457,MpCmdRun.log,22022
772952,1790398735472,MpSigStub.log,7992
772952,1790398735488,SYS32_Hardware.exe,32671232
773531,1790398736035,HpDrvPre.sys,19128
773531,1790398736035,MpCmdRun.log,22022
773531,1790398736035,MpSigStub.log,7992
773531,1790398736051,SYS32_Hardware.exe,32671232
774077,1790398736582,HpDrvPre.sys,19128
774077,1790398736582,MpCmdRun.log,22022
774077,1790398736597,MpSigStub.log,7992
774077,1790398736597,SYS32_Hardware.exe,32671232
774671,1790398737177,HpDrvPre.sys,19128
774671,1790398737177,MpCmdRun.log,22022
774671,1790398737177,MpSigStub.log,7992
774671,1790398737192,SYS32_Hardware.exe,32671232
775203,1790398737708,HpDrvPre.sys,19128
775203,1790398737708,MpCmdRun.log,22022
775203,1790398737724,MpSigStub.log,7992
775203,1790398737724,SYS32_Hardware.exe,32671232
775735,1790398738239,HpDrvPre.sys,19128
775735,1790398738239,MpCmdRun.log,22022
775735,1790398738239,MpSigStub.log,7992
775735,1790398738255,SYS32_Hardware.exe,32671232
776273,1790398738777,HpDrvPre.sys,19128
776273,1790398738777,MpCmdRun.log,22022
776273,1790398738793,MpSigStub.log,7992
776273,1790398738793,SYS32_Hardware.exe,32671232
776870,1790398739375,HpDrvPre.sys,19128
776870,1790398739375,MpCmdRun.log,22022
776870,1790398739375,MpSigStub.log,7992
776870,1790398739391,SYS32_Hardware.exe,32671232
777401,1790398739906,HpDrvPre.sys,19128
777401,1790398739906,MpCmdRun.log,22022
777401,1790398739922,MpSigStub.log,7992
777401,1790398739922,SYS32_Hardware.exe,32671232
777935,1790398740440,HpDrvPre.sys,19128
777935,1790398740440,MpCmdRun.log,22022
777935,1790398740440,MpSigStub.log,7992
777935,1790398740456,SYS32_Hardware.exe,32671232
778452,1790398740956,HpDrvPre.sys,19128
778452,1790398740956,MpCmdRun.log,22022
778452,1790398740971,MpSigStub.log,7992
778452,1790398740987,SYS32_Hardware.exe,32671232
779076,1790398741581,HpDrvPre.sys,19128
779076,1790398741581,MpCmdRun.log,22022
779076,1790398741596,MpSigStub.log,7992
779076,1790398741596,SYS32_Hardware.exe,32671232
779622,1790398742127,HpDrvPre.sys,19128
779622,1790398742127,MpCmdRun.log,22022
779622,1790398742127,MpSigStub.log,7992
779622,1790398742143,SYS32_Hardware.exe,32671232
780156,1790398742660,HpDrvPre.sys,19128
780156,1790398742660,MpCmdRun.log,22022
780156,1790398742675,MpSigStub.log,7992
780156,1790398742675,SYS32_Hardware.exe,32671232
780748,1790398743254,HpDrvPre.sys,19128
780748,1790398743254,MpCmdRun.log,22022
780748,1790398743269,MpSigStub.log,7992
780748,1790398743269,SYS32_Hardware.exe,32671232
781280,1790398743785,HpDrvPre.sys,19128
781280,1790398743785,MpCmdRun.log,22022
781280,1790398743800,MpSigStub.log,7992
781280,1790398743800,SYS32_Hardware.exe,32671232
781811,1790398744316,HpDrvPre.sys,19128
781811,1790398744316,MpCmdRun.log,22022
781811,1790398744332,MpSigStub.log,7992
781811,1790398744332,SYS32_Hardware.exe,32671232
782331,1790398744837,HpDrvPre.sys,19128
782331,1790398744837,MpCmdRun.log,22022
782331,1790398744837,MpSigStub.log,7992
782331,1790398744852,SYS32_Hardware.exe,32671232
782976,1790398745481,HpDrvPre.sys,19128
782976,1790398745481,MpCmdRun.log,22022
782976,1790398745497,MpSigStub.log,7992
782976,1790398745497,SYS32_Hardware.exe,32671232
783523,1790398746028,HpDrvPre.sys,19128
783523,1790398746028,MpCmdRun.log,22022
783523,1790398746028,MpSigStub.log,7992
783523,1790398746044,SYS32_Hardware.exe,32671232
784054,1790398746559,HpDrvPre.sys,19128
784054,1790398746559,MpCmdRun.log,22022
784054,1790398746575,MpSigStub.log,7992
784054,1790398746575,SYS32_Hardware.exe,32671232
784633,1790398747138,HpDrvPre.sys,19128
784633,1790398747138,MpCmdRun.log,22022
784633,1790398747153,MpSigStub.log,7992
784633,1790398747153,SYS32_Hardware.exe,32671232
785171,1790398747677,HpDrvPre.sys,19128
785171,1790398747677,MpCmdRun.log,22022
785171,1790398747692,MpSigStub.log,7992
785171,1790398747692,SYS32_Hardware.exe,32671232
785703,1790398748208,HpDrvPre.sys,19128
785703,1790398748208,MpCmdRun.log,22022
785703,1790398748208,MpSigStub.log,7992
785703,1790398748223,SYS32_Hardware.exe,32671232
786234,1790398748739,HpDrvPre.sys,19128
786234,1790398748739,MpCmdRun.log,22022
786234,1790398748755,MpSigStub.log,7992
786234,1790398748770,SYS32_Hardware.exe,32671232
786799,1790398749303,HpDrvPre.sys,19128
786799,1790398749303,MpCmdRun.log,22022
786799,1790398749303,MpSigStub.log,7992
786799,1790398749319,SYS32_Hardware.exe,32671232
787334,1790398749839,HpDrvPre.sys,19128
787334,1790398749935,MpCmdRun.log,22022
787334,1790398749935,MpSigStub.log,7992
787334,1790398749950,SYS32_Hardware.exe,32671232
787961,1790398750466,HpDrvPre.sys,19128
787961,1790398750466,MpCmdRun.log,22022
787961,1790398750466,MpSigStub.log,7992
787961,1790398750482,SYS32_Hardware.exe,32671232
788494,1790398750999,HpDrvPre.sys,19128
788494,1790398750999,MpCmdRun.log,22022
788494,1790398751015,MpSigStub.log,7992
788494,1790398751030,SYS32_Hardware.exe,32671232
789101,1790398751604,HpDrvPre.sys,19128
789101,1790398751604,MpCmdRun.log,22022
789101,1790398751635,MpSigStub.log,7992
789101,1790398751667,SYS32_Hardware.exe,32671232
789693,1790398752198,HpDrvPre.sys,19128
789693,1790398752198,MpCmdRun.log,22022
789693,1790398752214,MpSigStub.log,7992
789693,1790398752214,SYS32_Hardware.exe,32671232
790240,1790398752745,HpDrvPre.sys,19128
790240,1790398752745,MpCmdRun.log,22022
790240,1790398752760,MpSigStub.log,7992
790240,1790398752776,SYS32_Hardware.exe,32671232
790928,1790398753433,HpDrvPre.sys,19128
790928,1790398753433,MpCmdRun.log,22022
790928,1790398753433,MpSigStub.log,7992
790928,1790398753449,SYS32_Hardware.exe,32671232
791459,1790398753964,HpDrvPre.sys,19128
791459,1790398753964,MpCmdRun.log,22022
791459,1790398753980,MpSigStub.log,7992
791459,1790398753980,SYS32_Hardware.exe,32671232
792009,1790398754514,HpDrvPre.sys,19128
792009,1790398754514,MpCmdRun.log,22022
792009,1790398754514,MpSigStub.log,7992
792009,1790398754529,SYS32_Hardware.exe,32671232
792556,1790398755061,HpDrvPre.sys,19128
792556,1790398755061,MpCmdRun.log,22022
792556,1790398755061,MpSigStub.log,7992
792556,1790398755076,SYS32_Hardware.exe,32671232
793102,1790398755607,HpDrvPre.sys,19128
793102,1790398755607,MpCmdRun.log,22022
793102,1790398755607,MpSigStub.log,7992
793102,1790398755623,SYS32_Hardware.exe,32671232
793618,1790398756123,HpDrvPre.sys,19128
793618,1790398756123,MpCmdRun.log,22022
793618,1790398756123,MpSigStub.log,7992
793618,1790398756139,SYS32_Hardware.exe,32671232
794134,1790398756639,HpDrvPre.sys,19128
794134,1790398756639,MpCmdRun.log,22022
794134,1790398756639,MpSigStub.log,7992
794134,1790398756654,SYS32_Hardware.exe,32671232
794725,1790398757232,HpDrvPre.sys,19128
794725,1790398757264,MpCmdRun.log,22022
794725,1790398757279,MpSigStub.log,7992
794725,1790398758217,SYS32_Hardware.exe,32671232
796227,1790398758732,HpDrvPre.sys,19128
796227,1790398758732,MpCmdRun.log,22022
796227,1790398758748,MpSigStub.log,7992
796227,1790398758764,SYS32_Hardware.exe,32671232
796774,1790398759279,HpDrvPre.sys,19128
796774,1790398759279,MpCmdRun.log,22022
796774,1790398759279,MpSigStub.log,7992
796774,1790398759295,SYS32_Hardware.exe,32671232
797307,1790398759812,HpDrvPre.sys,19128
797307,1790398759812,MpCmdRun.log,22022
797307,1790398759812,MpSigStub.log,7992
797307,1790398759827,SYS32_Hardware.exe,32671232
797854,1790398760359,HpDrvPre.sys,19128
797854,1790398760359,MpCmdRun.log,22022
797854,1790398760374,MpSigStub.log,7992
797854,1790398760374,SYS32_Hardware.exe,32671232
798375,1790398760880,HpDrvPre.sys,19128
798375,1790398760880,MpCmdRun.log,22022
798375,1790398760880,MpSigStub.log,7992
798375,1790398760896,SYS32_Hardware.exe,32671232
798922,1790398761427,HpDrvPre.sys,19128
798922,1790398761427,MpCmdRun.log,22022
798922,1790398761427,MpSigStub.log,7992
798922,1790398761442,SYS32_Hardware.exe,32671232
799459,1790398761964,HpDrvPre.sys,19128
799459,1790398761964,MpCmdRun.log,22022
799459,1790398761979,MpSigStub.log,7992
799459,1790398761979,SYS32_Hardware.exe,32671232
800006,1790398762511,HpDrvPre.sys,19128
800006,1790398762511,MpCmdRun.log,22022
800006,1790398762526,MpSigStub.log,7992
800006,1790398762526,SYS32_Hardware.exe,32671232
800568,1790398763073,HpDrvPre.sys,19128
800568,1790398763073,MpCmdRun.log,22022
800568,1790398763089,MpSigStub.log,7992
800568,1790398763104,SYS32_Hardware.exe,32671232
801115,1790398763620,HpDrvPre.sys,19128
801115,1790398763620,MpCmdRun.log,22022
801115,1790398763620,MpSigStub.log,7992
801115,1790398763636,SYS32_Hardware.exe,32671232
801662,1790398764167,HpDrvPre.sys,19128
801662,1790398764167,MpCmdRun.log,22022
801662,1790398764167,MpSigStub.log,7992
801662,1790398764183,SYS32_Hardware.exe,32671232
802178,1790398764683,HpDrvPre.sys,19128
802178,1790398764683,MpCmdRun.log,22022
802178,1790398764683,MpSigStub.log,7992
802178,1790398764699,SYS32_Hardware.exe,32671232
802743,1790398765247,HpDrvPre.sys,19128
802743,1790398765247,MpCmdRun.log,22022
802743,1790398765247,MpSigStub.log,7992
802743,1790398765263,SYS32_Hardware.exe,32671232
803289,1790398765794,HpDrvPre.sys,19128
803289,1790398765794,MpCmdRun.log,22022
803289,1790398765794,MpSigStub.log,7992
803289,1790398765810,SYS32_Hardware.exe,32671232
803806,1790398766310,HpDrvPre.sys,19128
803806,1790398766310,MpCmdRun.log,22022
803806,1790398766310,MpSigStub.log,7992
803806,1790398766326,SYS32_Hardware.exe,32671232
804352,1790398766857,HpDrvPre.sys,19128
804352,1790398766857,MpCmdRun.log,22022
804352,1790398766872,MpSigStub.log,7992
804352,1790398766888,SYS32_Hardware.exe,32671232
804994,1790398767499,HpDrvPre.sys,19128
804994,1790398767499,MpCmdRun.log,22022
804994,1790398767514,MpSigStub.log,7992
804994,1790398767514,SYS32_Hardware.exe,32671232
805543,1790398768046,HpDrvPre.sys,19128
805543,1790398768046,MpCmdRun.log,22022
805543,1790398768061,MpSigStub.log,7992
805543,1790398768061,SYS32_Hardware.exe,32671232
806088,1790398768593,HpDrvPre.sys,19128
806088,1790398768593,MpCmdRun.log,22022
806088,1790398768608,MpSigStub.log,7992
806088,1790398768624,SYS32_Hardware.exe,32671232
806650,1790398769155,HpDrvPre.sys,19128
806650,1790398769155,MpCmdRun.log,22022
806650,1790398769171,MpSigStub.log,7992
806650,1790398769186,SYS32_Hardware.exe,32671232
807206,1790398769711,HpDrvPre.sys,19128
807206,1790398769711,MpCmdRun.log,22022
807206,1790398769711,MpSigStub.log,7992
807206,1790398769727,SYS32_Hardware.exe,32671232
807753,1790398770258,HpDrvPre.sys,19128
807753,1790398770258,MpCmdRun.log,22022
807753,1790398770274,MpSigStub.log,7992
807753,1790398770274,SYS32_Hardware.exe,32671232
808285,1790398770790,HpDrvPre.sys,19128
808285,1790398770790,MpCmdRun.log,22022
808285,1790398770790,MpSigStub.log,7992
808285,1790398770805,SYS32_Hardware.exe,32671232
808847,1790398771352,HpDrvPre.sys,19128
808847,1790398771352,MpCmdRun.log,22022
808847,1790398771368,MpSigStub.log,7992
808847,1790398771368,SYS32_Hardware.exe,32671232
809369,1790398771874,HpDrvPre.sys,19128
809369,1790398771874,MpCmdRun.log,22022
809369,1790398771874,MpSigStub.log,7992
809369,1790398771890,SYS32_Hardware.exe,32671232
809917,1790398772421,HpDrvPre.sys,19128
809917,1790398772421,MpCmdRun.log,22022
809917,1790398772437,MpSigStub.log,7992
809917,1790398772437,SYS32_Hardware.exe,32671232
810447,1790398772953,HpDrvPre.sys,19128
810447,1790398772953,MpCmdRun.log,22022
810447,1790398772953,MpSigStub.log,7992
810447,1790398772968,SYS32_Hardware.exe,32671232
811121,1790398773626,HpDrvPre.sys,19128
811121,1790398773626,MpCmdRun.log,22022
811121,1790398773626,MpSigStub.log,7992
811121,1790398773641,SYS32_Hardware.exe,32671232
811653,1790398774157,HpDrvPre.sys,19128
811653,1790398774157,MpCmdRun.log,22022
811653,1790398774173,MpSigStub.log,7992
811653,1790398774173,SYS32_Hardware.exe,32671232
812183,1790398774688,HpDrvPre.sys,19128
812183,1790398774688,MpCmdRun.log,22022
812183,1790398774688,MpSigStub.log,7992
812183,1790398774704,SYS32_Hardware.exe,32671232
812746,1790398775251,HpDrvPre.sys,19128
812746,1790398775251,MpCmdRun.log,22022
812746,1790398775251,MpSigStub.log,7992
812746,1790398775282,SYS32_Hardware.exe,32671232
813279,1790398775782,HpDrvPre.sys,19128
813279,1790398775782,MpCmdRun.log,22022
813279,1790398775798,MpSigStub.log,7992
813279,1790398775813,SYS32_Hardware.exe,32671232
813824,1790398776329,HpDrvPre.sys,19128
813824,1790398776329,MpCmdRun.log,22022
813824,1790398776329,MpSigStub.log,7992
813824,1790398776345,SYS32_Hardware.exe,32671232
814355,1790398776860,HpDrvPre.sys,19128
814355,1790398776860,MpCmdRun.log,22022
814355,1790398776860,MpSigStub.log,7992
814355,1790398776876,SYS32_Hardware.exe,32671232
814996,1790398777501,HpDrvPre.sys,19128
814996,1790398777501,MpCmdRun.log,22022
814996,1790398777501,MpSigStub.log,7992
814996,1790398777517,SYS32_Hardware.exe,32671232
815528,1790398778032,HpDrvPre.sys,19128
815528,1790398778032,MpCmdRun.log,22022
815528,1790398778032,MpSigStub.log,7992
815528,1790398778048,SYS32_Hardware.exe,32671232
816043,1790398778548,HpDrvPre.sys,19128
816043,1790398778548,MpCmdRun.log,22022
816043,1790398778548,MpSigStub.log,7992
816043,1790398778563,SYS32_Hardware.exe,32671232
816590,1790398779095,HpDrvPre.sys,19128
816590,1790398779095,MpCmdRun.log,22022
816590,1790398779095,MpSigStub.log,7992
816590,1790398779110,SYS32_Hardware.exe,32671232
817137,1790398779642,HpDrvPre.sys,19128
817137,1790398779642,MpCmdRun.log,22022
817137,1790398779642,MpSigStub.log,7992
817137,1790398779657,SYS32_Hardware.exe,32671232
817671,1790398780177,HpDrvPre.sys,19128
817671,1790398780177,MpCmdRun.log,22022
817671,1790398780192,MpSigStub.log,7992
817671,1790398780192,SYS32_Hardware.exe,32671232
818203,1790398780708,HpDrvPre.sys,19128
818203,1790398780708,MpCmdRun.log,22022
818203,1790398780708,MpSigStub.log,7992
818203,1790398780723,SYS32_Hardware.exe,32671232
818765,1790398781270,HpDrvPre.sys,19128
818765,1790398781270,MpCmdRun.log,22022
818765,1790398781286,MpSigStub.log,7992
818765,1790398781302,SYS32_Hardware.exe,32671232
819300,1790398781805,HpDrvPre.sys,19128
819300,1790398781805,MpCmdRun.log,22022
819300,1790398781805,MpSigStub.log,7992
819300,1790398781821,SYS32_Hardware.exe,32671232
819834,1790398782338,HpDrvPre.sys,19128
819834,1790398782338,MpCmdRun.log,22022
819834,1790398782354,MpSigStub.log,7992
819834,1790398782354,SYS32_Hardware.exe,32671232
820364,1790398782870,HpDrvPre.sys,19128
820364,1790398782870,MpCmdRun.log,22022
820364,1790398782870,MpSigStub.log,7992
820364,1790398782885,SYS32_Hardware.exe,32671232
820943,1790398783448,HpDrvPre.sys,19128
820943,1790398783448,MpCmdRun.log,22022
820943,1790398783448,MpSigStub.log,7992
820943,1790398783463,SYS32_Hardware.exe,32671232
821460,1790398783966,HpDrvPre.sys,19128
821460,1790398783966,MpCmdRun.log,22022
821460,1790398783966,MpSigStub.log,7992
821460,1790398783981,SYS32_Hardware.exe,32671232
821985,1790398784490,HpDrvPre.sys,19128
821985,1790398784490,MpCmdRun.log,22022
821985,1790398784490,MpSigStub.log,7992
821985,1790398784506,SYS32_Hardware.exe,32671232
822640,1790398785145,HpDrvPre.sys,19128
822640,1790398785145,MpCmdRun.log,22022
822640,1790398785145,MpSigStub.log,7992
822640,1790398785160,SYS32_Hardware.exe,32671232
823155,1790398785661,HpDrvPre.sys,19128
823155,1790398785661,MpCmdRun.log,22022
823155,1790398785661,MpSigStub.log,7992
823155,1790398785676,SYS32_Hardware.exe,32671232
823689,1790398786207,HpDrvPre.sys,19128
823689,1790398786207,MpCmdRun.log,22022
823689,1790398786239,MpSigStub.log,7992
823689,1790398786270,SYS32_Hardware.exe,32671232
824268,1790398786770,HpDrvPre.sys,19128
824268,1790398786770,MpCmdRun.log,22022
824268,1790398786785,MpSigStub.log,7992
824268,1790398786785,SYS32_Hardware.exe,32671232
824827,1790398787332,HpDrvPre.sys,19128
824827,1790398787332,MpCmdRun.log,22022
824827,1790398787332,MpSigStub.log,7992
824827,1790398787348,SYS32_Hardware.exe,32671232
825379,1790398787879,HpDrvPre.sys,19128
825379,1790398787879,MpCmdRun.log,22022
825379,1790398787895,MpSigStub.log,7992
825379,1790398787942,SYS32_Hardware.exe,32671232
828170,1790398790676,HpDrvPre.sys,19128
828170,1790398790676,MpCmdRun.log,22022
828170,1790398790692,MpSigStub.log,7992
828170,1790398790707,SYS32_Hardware.exe,32671232
828734,1790398791254,HpDrvPre.sys,19128
828734,1790398791332,MpCmdRun.log,22022
828734,1790398791442,MpSigStub.log,7992
828734,1790398791598,SYS32_Hardware.exe,32671232
829963,1790398792504,HpDrvPre.sys,19128
829963,1790398792660,MpCmdRun.log,22022
829963,1790398792707,MpSigStub.log,7992
829963,1790398792785,SYS32_Hardware.exe,32671232
830974,1790398793660,HpDrvPre.sys,19128
830974,1790398793770,MpCmdRun.log,22022
830974,1790398793926,MpSigStub.log,7992
830974,1790398793957,SYS32_Hardware.exe,32671232
832125,1790398794629,HpDrvPre.sys,19128
832125,1790398794676,MpCmdRun.log,22022
832125,1790398794723,MpSigStub.log,7992
832125,1790398794785,SYS32_Hardware.exe,32671232
832990,1790398795504,HpDrvPre.sys,19128
832990,1790398795598,MpCmdRun.log,22022
832990,1790398795660,MpSigStub.log,7992
832990,1790398795739,SYS32_Hardware.exe,32671232
833802,1790398796301,HpDrvPre.sys,19128
833802,1790398796348,MpCmdRun.log,22022
833802,1790398796551,MpSigStub.log,7992
833802,1790398796582,SYS32_Hardware.exe,32671232
835028,1790398797535,HpDrvPre.sys,19128
835028,1790398797660,MpCmdRun.log,22022
835028,1790398797676,MpSigStub.log,7992
835028,1790398797707,SYS32_Hardware.exe,32671232
835720,1790398798285,HpDrvPre.sys,19128
835720,1790398798457,MpCmdRun.log,22022
835720,1790398798473,MpSigStub.log,7992
835720,1790398798832,SYS32_Hardware.exe,32671232
837095,1790398799692,HpDrvPre.sys,19128
837095,1790398799848,MpCmdRun.log,22022
837095,1790398799879,MpSigStub.log,7992
837095,1790398800129,SYS32_Hardware.exe,32671232
838391,1790398800957,HpDrvPre.sys,19128
838391,1790398800989,MpCmdRun.log,22022
838391,1790398801035,MpSigStub.log,7992
838391,1790398801082,SYS32_Hardware.exe,32671232
839171,1790398801676,HpDrvPre.sys,19128
839171,1790398801692,MpCmdRun.log,22022
839171,1790398801707,MpSigStub.log,7992
839171,1790398801848,SYS32_Hardware.exe,32671232
839907,1790398802493,HpDrvPre.sys,19128
839907,1790398802535,MpCmdRun.log,22022
839907,1790398802631,MpSigStub.log,7992
839907,1790398802707,SYS32_Hardware.exe,32671232
840904,1790398803410,HpDrvPre.sys,19128
840904,1790398803457,MpCmdRun.log,22022
840904,1790398803582,MpSigStub.log,7992
840904,1790398803754,SYS32_Hardware.exe,32671232
841830,1790398804348,HpDrvPre.sys,19128
841830,1790398804473,MpCmdRun.log,22022
841830,1790398804660,MpSigStub.log,7992
841830,1790398804754,SYS32_Hardware.exe,32671232
843098,1790398805614,HpDrvPre.sys,19128
843098,1790398805676,MpCmdRun.log,22022
843098,1790398805692,MpSigStub.log,7992
843098,1790398805692,SYS32_Hardware.exe,32671232
843705,1790398806223,HpDrvPre.sys,19128
843705,1790398806254,MpCmdRun.log,22022
843705,1790398806270,MpSigStub.log,7992
843705,1790398806317,SYS32_Hardware.exe,32671232
844413,1790398806910,HpDrvPre.sys,19128
844413,1790398806926,MpCmdRun.log,22022
844413,1790398807051,MpSigStub.log,7992
844413,1790398807098,SYS32_Hardware.exe,32671232
845205,1790398807723,HpDrvPre.sys,19128
845205,1790398807739,MpCmdRun.log,22022
845205,1790398807770,MpSigStub.log,7992
845205,1790398807832,SYS32_Hardware.exe,32671232
845849,1790398808410,HpDrvPre.sys,19128
845849,1790398808457,MpCmdRun.log,22022
845849,1790398808582,MpSigStub.log,7992
845849,1790398808723,SYS32_Hardware.exe,32671232
847164,1790398809676,HpDrvPre.sys,19128
847164,1790398809707,MpCmdRun.log,22022
847164,1790398809864,MpSigStub.log,7992
847164,1790398810035,SYS32_Hardware.exe,32671232
848282,1790398810785,HpDrvPre.sys,19128
848282,1790398810910,MpCmdRun.log,22022
848282,1790398810926,MpSigStub.log,7992
848282,1790398811239,SYS32_Hardware.exe,32671232
849607,1790398812114,HpDrvPre.sys,19128
849607,1790398812207,MpCmdRun.log,22022
849607,1790398812223,MpSigStub.log,7992
849607,1790398812364,SYS32_Hardware.exe,32671232
850512,1790398813020,HpDrvPre.sys,19128
850512,1790398813067,MpCmdRun.log,22022
850512,1790398813082,MpSigStub.log,7992
850512,1790398813160,SYS32_Hardware.exe,32671232
851289,1790398813801,HpDrvPre.sys,19128
851289,1790398813879,MpCmdRun.log,22022
851289,1790398813926,MpSigStub.log,7992
851289,1790398813989,SYS32_Hardware.exe,32671232
852051,1790398814567,HpDrvPre.sys,19128
852051,1790398814614,MpCmdRun.log,22022
852051,1790398814707,MpSigStub.log,7992
852051,1790398814864,SYS32_Hardware.exe,32671232
853442,1790398815942,HpDrvPre.sys,19128
853442,1790398815957,MpCmdRun.log,22022
853442,1790398816051,MpSigStub.log,7992
853442,1790398816067,SYS32_Hardware.exe,32671232
854095,1790398816598,HpDrvPre.sys,19128
854095,1790398816645,MpCmdRun.log,22022
854095,1790398816879,MpSigStub.log,7992
854095,1790398816942,SYS32_Hardware.exe,32671232
855355,1790398817895,HpDrvPre.sys,19128
855355,1790398817942,MpCmdRun.log,22022
855355,1790398818035,MpSigStub.log,7992
855355,1790398818145,SYS32_Hardware.exe,32671232
856312,1790398818848,HpDrvPre.sys,19128
856312,1790398818926,MpCmdRun.log,22022
856312,1790398819020,MpSigStub.log,7992
856312,1790398819082,SYS32_Hardware.exe,32671232
857283,1790398819801,HpDrvPre.sys,19128
857283,1790398820020,MpCmdRun.log,22022
857283,1790398820035,MpSigStub.log,7992
857283,1790398820129,SYS32_Hardware.exe,32671232
858144,1790398820645,HpDrvPre.sys,19128
858144,1790398820707,MpCmdRun.log,22022
858144,1790398824629,MpSigStub.log,7992
858144,1790398824661,SYS32_Hardware.exe,32671232
863345,1790398825848,HpDrvPre.sys,19128
863345,1790398826020,MpCmdRun.log,22022
863345,1790398826051,MpSigStub.log,7992
863345,1790398826129,SYS32_Hardware.exe,32671232
864203,1790398826707,HpDrvPre.sys,19128
864203,1790398826801,MpCmdRun.log,22022
864203,1790398826942,MpSigStub.log,7992
864203,1790398827051,SYS32_Hardware.exe,32671232
865219,1790398827723,HpDrvPre.sys,19128
865219,1790398827739,MpCmdRun.log,22022
865219,1790398827785,MpSigStub.log,7992
865219,1790398827832,SYS32_Hardware.exe,32671232
865963,1790398828504,HpDrvPre.sys,19128
865963,1790398828520,MpCmdRun.log,22022
865963,1790398828629,MpSigStub.log,7992
865963,1790398828645,SYS32_Hardware.exe,32671232
866671,1790398829176,HpDrvPre.sys,19128
866671,1790398829348,MpCmdRun.log,22022
866671,1790398829457,MpSigStub.log,7992
866671,1790398829582,SYS32_Hardware.exe,32671232
867653,1790398830270,HpDrvPre.sys,19128
867653,1790398830473,MpCmdRun.log,22022
867653,1790398830489,MpSigStub.log,7992
867653,1790398830567,SYS32_Hardware.exe,32671232
868730,1790398831239,HpDrvPre.sys,19128
868730,1790398831301,MpCmdRun.log,22022
868730,1790398831379,MpSigStub.log,7992
868730,1790398831442,SYS32_Hardware.exe,32671232
869520,1790398832020,HpDrvPre.sys,19128
869520,1790398832035,MpCmdRun.log,22022
869520,1790398832067,MpSigStub.log,7992
869520,1790398832098,SYS32_Hardware.exe,32671232
870128,1790398832676,HpDrvPre.sys,19128
870128,1790398832739,MpCmdRun.log,22022
870128,1790398832832,MpSigStub.log,7992
870128,1790398832957,SYS32_Hardware.exe,32671232
871219,1790398833739,HpDrvPre.sys,19128
871219,1790398833832,MpCmdRun.log,22022
871219,1790398833895,MpSigStub.log,7992
871219,1790398833957,SYS32_Hardware.exe,32671232
872103,1790398834645,HpDrvPre.sys,19128
872103,1790398834754,MpCmdRun.log,22022
872103,1790398834942,MpSigStub.log,7992
872103,1790398835035,SYS32_Hardware.exe,32671232
873233,1790398835739,HpDrvPre.sys,19128
873233,1790398835739,MpCmdRun.log,22022
873233,1790398835754,MpSigStub.log,7992
873233,1790398835770,SYS32_Hardware.exe,32671232
873807,1790398836317,HpDrvPre.sys,19128
873807,1790398836332,MpCmdRun.log,22022
873807,1790398836645,MpSigStub.log,7992
873807,1790398837223,SYS32_Hardware.exe,32671232
875316,1790398837864,HpDrvPre.sys,19128
875316,1790398837942,MpCmdRun.log,22022
875316,1790398838004,MpSigStub.log,7992
875316,1790398838020,SYS32_Hardware.exe,32671232
876078,1790398838582,HpDrvPre.sys,19128
876078,1790398838614,MpCmdRun.log,22022
876078,1790398838754,MpSigStub.log,7992
876078,1790398838817,SYS32_Hardware.exe,32671232
877285,1790398839801,HpDrvPre.sys,19128
877285,1790398839848,MpCmdRun.log,22022
877285,1790398839910,MpSigStub.log,7992
877285,1790398839989,SYS32_Hardware.exe,32671232
878164,1790398840739,HpDrvPre.sys,19128
878164,1790398840864,MpCmdRun.log,22022
878164,1790398840864,MpSigStub.log,7992
878164,1790398840926,SYS32_Hardware.exe,32671232
879236,1790398841754,HpDrvPre.sys,19128
879236,1790398841895,MpCmdRun.log,22022
879236,1790398842004,MpSigStub.log,7992
879236,1790398842082,SYS32_Hardware.exe,32671232
880155,1790398842661,HpDrvPre.sys,19128
880155,1790398842661,MpCmdRun.log,22022
880155,1790398842676,MpSigStub.log,7992
880155,1790398842676,SYS32_Hardware.exe,32671232
880783,1790398843285,HpDrvPre.sys,19128
880783,1790398843301,MpCmdRun.log,22022
880783,1790398843332,MpSigStub.log,7992
880783,1790398843395,SYS32_Hardware.exe,32671232
881457,1790398843957,HpDrvPre.sys,19128
881457,1790398844004,MpCmdRun.log,22022
881457,1790398844051,MpSigStub.log,7992
881457,1790398844082,SYS32_Hardware.exe,32671232
882120,1790398844629,HpDrvPre.sys,19128
882120,1790398844660,MpCmdRun.log,22022
882120,1790398844676,MpSigStub.log,7992
882120,1790398844770,SYS32_Hardware.exe,32671232
882892,1790398845395,HpDrvPre.sys,19128
882892,1790398845426,MpCmdRun.log,22022
882892,1790398845489,MpSigStub.log,7992
882892,1790398845504,SYS32_Hardware.exe,32671232
883580,1790398846082,HpDrvPre.sys,19128
883580,1790398846082,MpCmdRun.log,22022
883580,1790398846098,MpSigStub.log,7992
883580,1790398846098,SYS32_Hardware.exe,32671232
884113,1790398846614,HpDrvPre.sys,19128
884113,1790398846692,MpCmdRun.log,22022
884113,1790398846739,MpSigStub.log,7992
884113,1790398846739,SYS32_Hardware.exe,32671232
884915,1790398847442,HpDrvPre.sys,19128
884915,1790398847520,MpCmdRun.log,22022
884915,1790398847582,MpSigStub.log,7992
884915,1790398847660,SYS32_Hardware.exe,32671232
885765,1790398848270,HpDrvPre.sys,19128
885765,1790398848332,MpCmdRun.log,22022
885765,1790398848332,MpSigStub.log,7992
885765,1790398848348,SYS32_Hardware.exe,32671232
886343,1790398848848,HpDrvPre.sys,19128
886343,1790398848848,MpCmdRun.log,22022
886343,1790398848848,MpSigStub.log,7992
886343,1790398848864,SYS32_Hardware.exe,32671232
886874,1790398849379,HpDrvPre.sys,19128
886874,1790398849379,MpCmdRun.log,22022
886874,1790398849379,MpSigStub.log,7992
886874,1790398849395,SYS32_Hardware.exe,32671232
887404,1790398849909,HpDrvPre.sys,19128
887404,1790398849909,MpCmdRun.log,22022
887404,1790398849909,MpSigStub.log,7992
887404,1790398849925,SYS32_Hardware.exe,32671232
887935,1790398850440,HpDrvPre.sys,19128
887935,1790398850440,MpCmdRun.log,22022
887935,1790398850440,MpSigStub.log,7992
887935,1790398850456,SYS32_Hardware.exe,32671232
888451,1790398850956,HpDrvPre.sys,19128
888451,1790398850956,MpCmdRun.log,22022
888451,1790398850956,MpSigStub.log,7992
888451,1790398850956,SYS32_Hardware.exe,32671232
888972,1790398851477,HpDrvPre.sys,19128
888972,1790398851477,MpCmdRun.log,22022
888972,1790398851477,MpSigStub.log,7992
888972,1790398851493,SYS32_Hardware.exe,32671232
889502,1790398852007,HpDrvPre.sys,19128
889502,1790398852007,MpCmdRun.log,22022
889502,1790398852007,MpSigStub.log,7992
889502,1790398852022,SYS32_Hardware.exe,32671232
890018,1790398852522,HpDrvPre.sys,19128
890018,1790398852522,MpCmdRun.log,22022
890018,1790398852522,MpSigStub.log,7992
890018,1790398852538,SYS32_Hardware.exe,32671232
890549,1790398853054,HpDrvPre.sys,19128
890549,1790398853054,MpCmdRun.log,22022
890549,1790398853054,MpSigStub.log,7992
890549,1790398853070,SYS32_Hardware.exe,32671232
891079,1790398853584,HpDrvPre.sys,19128
891079,1790398853584,MpCmdRun.log,22022
891079,1790398853584,MpSigStub.log,7992
891079,1790398853600,SYS32_Hardware.exe,32671232
891607,1790398854112,HpDrvPre.sys,19128
891607,1790398854112,MpCmdRun.log,22022
891607,1790398854112,MpSigStub.log,7992
891607,1790398854128,SYS32_Hardware.exe,32671232
892123,1790398854628,HpDrvPre.sys,19128
892123,1790398854643,MpCmdRun.log,22022
892123,1790398854643,MpSigStub.log,7992
892123,1790398854643,SYS32_Hardware.exe,32671232
892743,1790398855237,HpDrvPre.sys,19128
892743,1790398855237,MpCmdRun.log,22022
892743,1790398855253,MpSigStub.log,7992
892743,1790398855565,SYS32_Hardware.exe,32671232
893576,1790398856081,HpDrvPre.sys,19128
893576,1790398856081,MpCmdRun.log,22022
893576,1790398856097,MpSigStub.log,7992
893576,1790398856097,SYS32_Hardware.exe,32671232
894105,1790398856610,HpDrvPre.sys,19128
894105,1790398856610,MpCmdRun.log,22022
894105,1790398856610,MpSigStub.log,7992
894105,1790398856626,SYS32_Hardware.exe,32671232
894636,1790398857141,HpDrvPre.sys,19128
894636,1790398857141,MpCmdRun.log,22022
894636,1790398857141,MpSigStub.log,7992
894636,1790398857157,SYS32_Hardware.exe,32671232
895152,1790398857657,HpDrvPre.sys,19128
895152,1790398857657,MpCmdRun.log,22022
895152,1790398857657,MpSigStub.log,7992
895152,1790398857673,SYS32_Hardware.exe,32671232
895683,1790398858188,HpDrvPre.sys,19128
895683,1790398858188,MpCmdRun.log,22022
895683,1790398858188,MpSigStub.log,7992
895683,1790398858188,SYS32_Hardware.exe,32671232
896212,1790398858717,HpDrvPre.sys,19128
896212,1790398858717,MpCmdRun.log,22022
896212,1790398858717,MpSigStub.log,7992
896212,1790398858732,SYS32_Hardware.exe,32671232
896756,1790398859260,HpDrvPre.sys,19128
896756,1790398859260,MpCmdRun.log,22022
896756,1790398859260,MpSigStub.log,7992
896756,1790398859276,SYS32_Hardware.exe,32671232
897281,1790398859786,HpDrvPre.sys,19128
897281,1790398859786,MpCmdRun.log,22022
897281,1790398859786,MpSigStub.log,7992
897281,1790398859786,SYS32_Hardware.exe,32671232
897807,1790398860311,HpDrvPre.sys,19128
897807,1790398860311,MpCmdRun.log,22022
897807,1790398860311,MpSigStub.log,7992
897807,1790398860327,SYS32_Hardware.exe,32671232
898322,1790398860827,HpDrvPre.sys,19128
898322,1790398860827,MpCmdRun.log,22022
898322,1790398860827,MpSigStub.log,7992
898322,1790398860827,SYS32_Hardware.exe,32671232
898842,1790398861346,HpDrvPre.sys,19128
898842,1790398861346,MpCmdRun.log,22022
898842,1790398861346,MpSigStub.log,7992
898842,1790398861362,SYS32_Hardware.exe,32671232
899357,1790398861862,HpDrvPre.sys,19128
899357,1790398861862,MpCmdRun.log,22022
899357,1790398861862,MpSigStub.log,7992
899357,1790398861862,SYS32_Hardware.exe,32671232
899885,1790398862389,HpDrvPre.sys,19128
899885,1790398862389,MpCmdRun.log,22022
899885,1790398862389,MpSigStub.log,7992
899885,1790398862405,SYS32_Hardware.exe,32671232
900404,1790398862909,HpDrvPre.sys,19128
900404,1790398862909,MpCmdRun.log,22022
900404,1790398862924,MpSigStub.log,7992
900404,1790398862924,SYS32_Hardware.exe,32671232
900941,1790398863446,HpDrvPre.sys,19128
900941,1790398863446,MpCmdRun.log,22022
900941,1790398863446,MpSigStub.log,7992
900941,1790398863446,SYS32_Hardware.exe,32671232
901464,1790398863969,HpDrvPre.sys,19128
901464,1790398863969,MpCmdRun.log,22022
901464,1790398863969,MpSigStub.log,7992
901464,1790398863984,SYS32_Hardware.exe,32671232
901996,1790398864501,HpDrvPre.sys,19128
901996,1790398864501,MpCmdRun.log,22022
901996,1790398864501,MpSigStub.log,7992
901996,1790398864517,SYS32_Hardware.exe,32671232
902526,1790398865030,HpDrvPre.sys,19128
902526,1790398865030,MpCmdRun.log,22022
902526,1790398865030,MpSigStub.log,7992
902526,1790398865046,SYS32_Hardware.exe,32671232
903069,1790398865574,HpDrvPre.sys,19128
903069,1790398865574,MpCmdRun.log,22022
903069,1790398865574,MpSigStub.log,7992
903069,1790398865589,SYS32_Hardware.exe,32671232
903591,1790398866095,HpDrvPre.sys,19128
903591,1790398866095,MpCmdRun.log,22022
903591,1790398866111,MpSigStub.log,7992
903591,1790398866111,SYS32_Hardware.exe,32671232
904134,1790398866638,HpDrvPre.sys,19128
904134,1790398866638,MpCmdRun.log,22022
904134,1790398866638,MpSigStub.log,7992
904134,1790398866654,SYS32_Hardware.exe,32671232
904649,1790398867154,HpDrvPre.sys,19128
904649,1790398867154,MpCmdRun.log,22022
904649,1790398867154,MpSigStub.log,7992
904649,1790398867170,SYS32_Hardware.exe,32671232
905165,1790398867670,HpDrvPre.sys,19128
905165,1790398867670,MpCmdRun.log,22022
905165,1790398867670,MpSigStub.log,7992
905165,1790398867685,SYS32_Hardware.exe,32671232
905696,1790398868201,HpDrvPre.sys,19128
905696,1790398868201,MpCmdRun.log,22022
905696,1790398868201,MpSigStub.log,7992
905696,1790398868217,SYS32_Hardware.exe,32671232
906226,1790398868731,HpDrvPre.sys,19128
906226,1790398868731,MpCmdRun.log,22022
906226,1790398868731,MpSigStub.log,7992
906226,1790398868747,SYS32_Hardware.exe,32671232
906750,1790398869255,HpDrvPre.sys,19128
906750,1790398869255,MpCmdRun.log,22022
906750,1790398869255,MpSigStub.log,7992
906750,1790398869286,SYS32_Hardware.exe,32671232
907291,1790398869796,HpDrvPre.sys,19128
907291,1790398869796,MpCmdRun.log,22022
907291,1790398869796,MpSigStub.log,7992
907291,1790398869811,SYS32_Hardware.exe,32671232
907823,1790398870326,HpDrvPre.sys,19128
907823,1790398870326,MpCmdRun.log,22022
907823,1790398870326,MpSigStub.log,7992
907823,1790398870342,SYS32_Hardware.exe,32671232
908352,1790398870858,HpDrvPre.sys,19128
908352,1790398870858,MpCmdRun.log,22022
908352,1790398870858,MpSigStub.log,7992
908352,1790398870873,SYS32_Hardware.exe,32671232
908899,1790398871404,HpDrvPre.sys,19128
908899,1790398871404,MpCmdRun.log,22022
908899,1790398871404,MpSigStub.log,7992
908899,1790398871420,SYS32_Hardware.exe,32671232
909415,1790398871920,HpDrvPre.sys,19128
909415,1790398871920,MpCmdRun.log,22022
909415,1790398871936,MpSigStub.log,7992
909415,1790398871936,SYS32_Hardware.exe,32671232
909962,1790398872467,HpDrvPre.sys,19128
909962,1790398872467,MpCmdRun.log,22022
909962,1790398872483,MpSigStub.log,7992
909962,1790398872483,SYS32_Hardware.exe,32671232
910477,1790398872983,HpDrvPre.sys,19128
910477,1790398872983,MpCmdRun.log,22022
910477,1790398872998,MpSigStub.log,7992
910477,1790398872998,SYS32_Hardware.exe,32671232
911040,1790398873545,HpDrvPre.sys,19128
911040,1790398873545,MpCmdRun.log,22022
911040,1790398873545,MpSigStub.log,7992
911040,1790398873561,SYS32_Hardware.exe,32671232
911565,1790398874070,HpDrvPre.sys,19128
911565,1790398874070,MpCmdRun.log,22022
911565,1790398874070,MpSigStub.log,7992
911565,1790398874086,SYS32_Hardware.exe,32671232
912081,1790398874586,HpDrvPre.sys,19128
912081,1790398874586,MpCmdRun.log,22022
912081,1790398874586,MpSigStub.log,7992
912081,1790398874602,SYS32_Hardware.exe,32671232
912613,1790398875118,HpDrvPre.sys,19128
912613,1790398875118,MpCmdRun.log,22022
912613,1790398875118,MpSigStub.log,7992
912613,1790398875133,SYS32_Hardware.exe,32671232
913129,1790398875633,HpDrvPre.sys,19128
913129,1790398875633,MpCmdRun.log,22022
913129,1790398875633,MpSigStub.log,7992
913129,1790398875649,SYS32_Hardware.exe,32671232
913644,1790398876149,HpDrvPre.sys,19128
913644,1790398876149,MpCmdRun.log,22022
913644,1790398876149,MpSigStub.log,7992
913644,1790398876149,SYS32_Hardware.exe,32671232
914160,1790398876665,HpDrvPre.sys,19128
914160,1790398876665,MpCmdRun.log,22022
914160,1790398876665,MpSigStub.log,7992
914160,1790398876665,SYS32_Hardware.exe,32671232
914685,1790398877190,HpDrvPre.sys,19128
914685,1790398877190,MpCmdRun.log,22022
914685,1790398877190,MpSigStub.log,7992
914685,1790398877206,SYS32_Hardware.exe,32671232
915201,1790398877706,HpDrvPre.sys,19128
915201,1790398877706,MpCmdRun.log,22022
915201,1790398877706,MpSigStub.log,7992
915201,1790398877722,SYS32_Hardware.exe,32671232
915717,1790398878222,HpDrvPre.sys,19128
915717,1790398878222,MpCmdRun.log,22022
915717,1790398878237,MpSigStub.log,7992
915717,1790398878237,SYS32_Hardware.exe,32671232
916233,1790398878737,HpDrvPre.sys,19128
916233,1790398878737,MpCmdRun.log,22022
916233,1790398878737,MpSigStub.log,7992
916233,1790398878753,SYS32_Hardware.exe,32671232
916773,1790398879278,HpDrvPre.sys,19128
916773,1790398879278,MpCmdRun.log,22022
916773,1790398879278,MpSigStub.log,7992
916773,1790398879294,SYS32_Hardware.exe,32671232
917289,1790398879794,HpDrvPre.sys,19128
917289,1790398879794,MpCmdRun.log,22022
917289,1790398879794,MpSigStub.log,7992
917289,1790398879810,SYS32_Hardware.exe,32671232
917810,1790398880314,HpDrvPre.sys,19128
917810,1790398880314,MpCmdRun.log,22022
917810,1790398880314,MpSigStub.log,7992
917810,1790398880330,SYS32_Hardware.exe,32671232
918335,1790398880840,HpDrvPre.sys,19128
918335,1790398880840,MpCmdRun.log,22022
918335,1790398880840,MpSigStub.log,7992
918335,1790398880856,SYS32_Hardware.exe,32671232
918867,1790398881371,HpDrvPre.sys,19128
918867,1790398881371,MpCmdRun.log,22022
918867,1790398881371,MpSigStub.log,7992
918867,1790398881387,SYS32_Hardware.exe,32671232
919397,1790398881902,HpDrvPre.sys,19128
919397,1790398881902,MpCmdRun.log,22022
919397,1790398881902,MpSigStub.log,7992
919397,1790398881918,SYS32_Hardware.exe,32671232
919913,1790398882418,HpDrvPre.sys,19128
919913,1790398882428,MpCmdRun.log,22022
919913,1790398882428,MpSigStub.log,7992
919913,1790398882428,SYS32_Hardware.exe,32671232
920439,1790398882943,HpDrvPre.sys,19128
920439,1790398882943,MpCmdRun.log,22022
920439,1790398882943,MpSigStub.log,7992
920439,1790398882959,SYS32_Hardware.exe,32671232
920954,1790398883459,HpDrvPre.sys,19128
920954,1790398883459,MpCmdRun.log,22022
920954,1790398883459,MpSigStub.log,7992
920954,1790398883475,SYS32_Hardware.exe,32671232
921470,1790398883975,HpDrvPre.sys,19128
921470,1790398883975,MpCmdRun.log,22022
921470,1790398883975,MpSigStub.log,7992
921470,1790398883975,SYS32_Hardware.exe,32671232
921992,1790398884497,HpDrvPre.sys,19128
921992,1790398884497,MpCmdRun.log,23316
921992,1790398884497,MpSigStub.log,7992
921992,1790398884512,SYS32_Hardware.exe,32671232
922523,1790398885028,HpDrvPre.sys,19128
922523,1790398885028,MpCmdRun.log,23316
922523,1790398885028,MpSigStub.log,7992
922523,1790398885028,SYS32_Hardware.exe,32671232
923045,1790398885548,HpDrvPre.sys,19128
923045,1790398885548,MpCmdRun.log,23316
923045,1790398885563,MpSigStub.log,7992
923045,1790398885563,SYS32_Hardware.exe,32671232
923773,1790398886269,HpDrvPre.sys,19128
923773,1790398886269,MpCmdRun.log,23316
923773,1790398886566,MpSigStub.log,7992
923773,1790398886566,SYS32_Hardware.exe,32671232
924692,1790398887196,HpDrvPre.sys,19128
924692,1790398887196,MpCmdRun.log,23316
924692,1790398887215,MpSigStub.log,7992
924692,1790398887231,SYS32_Hardware.exe,32671232
925239,1790398887744,HpDrvPre.sys,19128
925239,1790398887744,MpCmdRun.log,23316
925239,1790398887744,MpSigStub.log,7992
925239,1790398887759,SYS32_Hardware.exe,32671232
925761,1790398888267,HpDrvPre.sys,19128
925761,1790398888267,MpCmdRun.log,23316
925761,1790398888267,MpSigStub.log,7992
925761,1790398888282,SYS32_Hardware.exe,32671232
926290,1790398888795,HpDrvPre.sys,19128
926290,1790398888795,MpCmdRun.log,23316
926290,1790398888795,MpSigStub.log,7992
926290,1790398888810,SYS32_Hardware.exe,32671232
926830,1790398889335,HpDrvPre.sys,19128
926830,1790398889335,MpCmdRun.log,23316
926830,1790398889335,MpSigStub.log,7992
926830,1790398889350,SYS32_Hardware.exe,32671232
927361,1790398889866,HpDrvPre.sys,19128
927361,1790398889866,MpCmdRun.log,23316
927361,1790398889881,MpSigStub.log,7992
927361,1790398889881,SYS32_Hardware.exe,32671232
927889,1790398890393,HpDrvPre.sys,19128
927889,1790398890393,MpCmdRun.log,23316
927889,1790398890393,MpSigStub.log,7992
927889,1790398890409,SYS32_Hardware.exe,32671232
928416,1790398890921,HpDrvPre.sys,19128
928416,1790398890921,MpCmdRun.log,23316
928416,1790398890921,MpSigStub.log,7992
928416,1790398890936,SYS32_Hardware.exe,32671232
928951,1790398891456,HpDrvPre.sys,19128
928951,1790398891456,MpCmdRun.log,23316
928951,1790398891456,MpSigStub.log,7992
928951,1790398891466,SYS32_Hardware.exe,32671232
929464,1790398891969,HpDrvPre.sys,19128
929464,1790398891969,MpCmdRun.log,23316
929464,1790398891969,MpSigStub.log,7992
929464,1790398891984,SYS32_Hardware.exe,32671232
929985,1790398892490,HpDrvPre.sys,19128
929985,1790398892490,MpCmdRun.log,23316
929985,1790398892490,MpSigStub.log,7992
929985,1790398892509,SYS32_Hardware.exe,32671232
930522,1790398893027,HpDrvPre.sys,19128
930522,1790398893027,MpCmdRun.log,23316
930522,1790398893027,MpSigStub.log,7992
930522,1790398893040,SYS32_Hardware.exe,32671232
931055,1790398893560,HpDrvPre.sys,19128
931055,1790398893560,MpCmdRun.log,23316
931055,1790398893560,MpSigStub.log,7992
931055,1790398893572,SYS32_Hardware.exe,32671232
931572,1790398894078,HpDrvPre.sys,19128
931572,1790398894078,MpCmdRun.log,23316
931572,1790398894078,MpSigStub.log,7992
931572,1790398894078,SYS32_Hardware.exe,32671232
932088,1790398894593,HpDrvPre.sys,19128
932088,1790398894593,MpCmdRun.log,23316
932088,1790398894593,MpSigStub.log,7992
932088,1790398894609,SYS32_Hardware.exe,32671232
932623,1790398895128,HpDrvPre.sys,19128
932623,1790398895128,MpCmdRun.log,23316
932623,1790398895128,MpSigStub.log,7992
932623,1790398895144,SYS32_Hardware.exe,32671232
933142,1790398895647,HpDrvPre.sys,19128
933142,1790398895647,MpCmdRun.log,23316
933142,1790398895647,MpSigStub.log,7992
933142,1790398895663,SYS32_Hardware.exe,32671232
933666,1790398896171,HpDrvPre.sys,19128
933666,1790398896171,MpCmdRun.log,23316
933666,1790398896171,MpSigStub.log,7992
933666,1790398896187,SYS32_Hardware.exe,32671232
934186,1790398896690,HpDrvPre.sys,19128
934186,1790398896690,MpCmdRun.log,23316
934186,1790398896690,MpSigStub.log,7992
934186,1790398896724,SYS32_Hardware.exe,32671232
934744,1790398897249,HpDrvPre.sys,19128
934744,1790398897249,MpCmdRun.log,23316
934744,1790398897249,MpSigStub.log,7992
934744,1790398897264,SYS32_Hardware.exe,32671232
935270,1790398897774,HpDrvPre.sys,19128
935270,1790398897774,MpCmdRun.log,23316
935270,1790398897774,MpSigStub.log,7992
935270,1790398897790,SYS32_Hardware.exe,32671232
935795,1790398898300,HpDrvPre.sys,19128
935795,1790398898300,MpCmdRun.log,23316
935795,1790398898300,MpSigStub.log,7992
935795,1790398898315,SYS32_Hardware.exe,32671232
936316,1790398898822,HpDrvPre.sys,19128
936316,1790398898822,MpCmdRun.log,23316
936316,1790398898822,MpSigStub.log,7992
936316,1790398898837,SYS32_Hardware.exe,32671232
936847,1790398899353,HpDrvPre.sys,19128
936847,1790398899353,MpCmdRun.log,23316
936847,1790398899353,MpSigStub.log,7992
936847,1790398899368,SYS32_Hardware.exe,32671232
937369,1790398899874,HpDrvPre.sys,19128
937369,1790398899874,MpCmdRun.log,23316
937369,1790398899874,MpSigStub.log,7992
937369,1790398899890,SYS32_Hardware.exe,32671232
937926,1790398900431,HpDrvPre.sys,19128
937926,1790398900431,MpCmdRun.log,23316
937926,1790398900431,MpSigStub.log,7992
937926,1790398900447,SYS32_Hardware.exe,32671232
938447,1790398900951,HpDrvPre.sys,19128
938447,1790398900951,MpCmdRun.log,23316
938447,1790398900967,MpSigStub.log,7992
938447,1790398900967,SYS32_Hardware.exe,32671232
938989,1790398901494,HpDrvPre.sys,19128
938989,1790398901494,MpCmdRun.log,23316
938989,1790398901494,MpSigStub.log,7992
938989,1790398901510,SYS32_Hardware.exe,32671232
939517,1790398902022,HpDrvPre.sys,19128
939517,1790398902022,MpCmdRun.log,23316
939517,1790398902022,MpSigStub.log,7992
939517,1790398902038,SYS32_Hardware.exe,32671232
940035,1790398902540,HpDrvPre.sys,19128
940035,1790398902540,MpCmdRun.log,23316
940035,1790398902540,MpSigStub.log,7992
940035,1790398902556,SYS32_Hardware.exe,32671232
940573,1790398903078,HpDrvPre.sys,19128
940573,1790398903078,MpCmdRun.log,23316
940573,1790398903093,MpSigStub.log,7992
940573,1790398903093,SYS32_Hardware.exe,32671232
941102,1790398903607,HpDrvPre.sys,19128
941102,1790398903607,MpCmdRun.log,23316
941102,1790398903607,MpSigStub.log,7992
941102,1790398903623,SYS32_Hardware.exe,32671232
941631,1790398904136,HpDrvPre.sys,19128
941631,1790398904136,MpCmdRun.log,23316
941631,1790398904136,MpSigStub.log,7992
941631,1790398904152,SYS32_Hardware.exe,32671232
942156,1790398904661,HpDrvPre.sys,19128
942156,1790398904661,MpCmdRun.log,23316
942156,1790398904677,MpSigStub.log,7992
942156,1790398904677,SYS32_Hardware.exe,32671232
942687,1790398905193,HpDrvPre.sys,19128
942687,1790398905193,MpCmdRun.log,23316
942687,1790398905193,MpSigStub.log,7992
942687,1790398905208,SYS32_Hardware.exe,32671232
943203,1790398905708,HpDrvPre.sys,19128
943203,1790398905708,MpCmdRun.log,23316
943203,1790398905708,MpSigStub.log,7992
943203,1790398905724,SYS32_Hardware.exe,32671232
943719,1790398906224,HpDrvPre.sys,19128
943719,1790398906224,MpCmdRun.log,23316
943719,1790398906224,MpSigStub.log,7992
943719,1790398906224,SYS32_Hardware.exe,32671232
944240,1790398906745,HpDrvPre.sys,19128
944240,1790398906745,MpCmdRun.log,23316
944240,1790398906745,MpSigStub.log,7992
944240,1790398906761,SYS32_Hardware.exe,32671232
944779,1790398907284,HpDrvPre.sys,19128
944779,1790398907284,MpCmdRun.log,23316
944779,1790398907284,MpSigStub.log,7992
944779,1790398907300,SYS32_Hardware.exe,32671232
945302,1790398907807,HpDrvPre.sys,19128
945302,1790398907807,MpCmdRun.log,23316
945302,1790398907807,MpSigStub.log,7992
945302,1790398907822,SYS32_Hardware.exe,32671232
945833,1790398908338,HpDrvPre.sys,19128
945833,1790398908338,MpCmdRun.log,23316
945833,1790398908338,MpSigStub.log,7992
945833,1790398908353,SYS32_Hardware.exe,32671232
946353,1790398908858,HpDrvPre.sys,19128
946353,1790398908858,MpCmdRun.log,23316
946353,1790398908858,MpSigStub.log,7992
946353,1790398908874,SYS32_Hardware.exe,32671232
946892,1790398909397,HpDrvPre.sys,19128
946892,1790398909397,MpCmdRun.log,23316
946892,1790398909397,MpSigStub.log,7992
946892,1790398909425,SYS32_Hardware.exe,32671232
947429,1790398909934,HpDrvPre.sys,19128
947429,1790398909934,MpCmdRun.log,23316
947429,1790398909934,MpSigStub.log,7992
947429,1790398909949,SYS32_Hardware.exe,32671232
947959,1790398910464,HpDrvPre.sys,19128
947959,1790398910464,MpCmdRun.log,23316
947959,1790398910464,MpSigStub.log,7992
947959,1790398910479,SYS32_Hardware.exe,32671232
948488,1790398910993,HpDrvPre.sys,19128
948488,1790398910993,MpCmdRun.log,23316
948488,1790398910993,MpSigStub.log,7992
948488,1790398911008,SYS32_Hardware.exe,32671232
949024,1790398911527,HpDrvPre.sys,19128
949024,1790398911527,MpCmdRun.log,23316
949024,1790398911543,MpSigStub.log,7992
949024,1790398911543,SYS32_Hardware.exe,32671232
949541,1790398912046,HpDrvPre.sys,19128
949541,1790398912046,MpCmdRun.log,23316
949541,1790398912046,MpSigStub.log,7992
949541,1790398912062,SYS32_Hardware.exe,32671232
950058,1790398912563,HpDrvPre.sys,19128
950058,1790398912563,MpCmdRun.log,23316
950058,1790398912563,MpSigStub.log,7992
950058,1790398912580,SYS32_Hardware.exe,32671232
950596,1790398913101,HpDrvPre.sys,19128
950596,1790398913101,MpCmdRun.log,23316
950596,1790398913101,MpSigStub.log,7992
950596,1790398913117,SYS32_Hardware.exe,32671232
951119,1790398913624,HpDrvPre.sys,19128
951119,1790398913624,MpCmdRun.log,23316
951119,1790398913624,MpSigStub.log,7992
951119,1790398913640,SYS32_Hardware.exe,32671232
951650,1790398914155,HpDrvPre.sys,19128
951650,1790398914155,MpCmdRun.log,23316
951650,1790398914155,MpSigStub.log,7992
951650,1790398914171,SYS32_Hardware.exe,32671232
952173,1790398914678,HpDrvPre.sys,19128
952173,1790398914687,MpCmdRun.log,23316
952173,1790398914687,MpSigStub.log,7992
952173,1790398914703,SYS32_Hardware.exe,32671232
952713,1790398915218,HpDrvPre.sys,19128
952713,1790398915218,MpCmdRun.log,23316
952713,1790398915218,MpSigStub.log,7992
952713,1790398915218,SYS32_Hardware.exe,32671232
953241,1790398915746,HpDrvPre.sys,19128
953241,1790398915746,MpCmdRun.log,23316
953241,1790398915746,MpSigStub.log,7992
953241,1790398915746,SYS32_Hardware.exe,32671232
953763,1790398916267,HpDrvPre.sys,19128
953763,1790398916267,MpCmdRun.log,23316
953763,1790398916267,MpSigStub.log,7992
953763,1790398916283,SYS32_Hardware.exe,32671232
954288,1790398916790,HpDrvPre.sys,19128
954288,1790398916853,MpCmdRun.log,23316
954288,1790398916868,MpSigStub.log,7992
954288,1790398916868,SYS32_Hardware.exe,32671232
955046,1790398917540,HpDrvPre.sys,19128
955046,1790398917540,MpCmdRun.log,23316
955046,1790398917556,MpSigStub.log,7992
955046,1790398917556,SYS32_Hardware.exe,32671232
955604,1790398918109,HpDrvPre.sys,19128
955604,1790398918109,MpCmdRun.log,23316
955604,1790398918109,MpSigStub.log,7992
955604,1790398918124,SYS32_Hardware.exe,32671232
956135,1790398918640,HpDrvPre.sys,19128
956135,1790398918640,MpCmdRun.log,23316
956135,1790398918640,MpSigStub.log,7992
956135,1790398918655,SYS32_Hardware.exe,32671232
956668,1790398919172,HpDrvPre.sys,19128
956668,1790398919172,MpCmdRun.log,23316
956668,1790398919172,MpSigStub.log,7992
956668,1790398919189,SYS32_Hardware.exe,32671232
957198,1790398919703,HpDrvPre.sys,19128
957198,1790398919703,MpCmdRun.log,23316
957198,1790398919703,MpSigStub.log,7992
957198,1790398919718,SYS32_Hardware.exe,32671232
957727,1790398920232,HpDrvPre.sys,19128
957727,1790398920232,MpCmdRun.log,23316
957727,1790398920232,MpSigStub.log,7992
957727,1790398920232,SYS32_Hardware.exe,32671232
958250,1790398920755,HpDrvPre.sys,19128
958250,1790398920755,MpCmdRun.log,23316
958250,1790398920755,MpSigStub.log,7992
958250,1790398920770,SYS32_Hardware.exe,32671232
958784,1790398921289,HpDrvPre.sys,19128
958784,1790398921289,MpCmdRun.log,23316
958784,1790398921305,MpSigStub.log,7992
958784,1790398921305,SYS32_Hardware.exe,32671232
959300,1790398921805,HpDrvPre.sys,19128
959300,1790398921805,MpCmdRun.log,23316
959300,1790398921805,MpSigStub.log,7992
959300,1790398921821,SYS32_Hardware.exe,32671232
959827,1790398922332,HpDrvPre.sys,19128
959827,1790398922332,MpCmdRun.log,23316
959827,1790398922332,MpSigStub.log,7992
959827,1790398922348,SYS32_Hardware.exe,32671232
960344,1790398922849,HpDrvPre.sys,19128
960344,1790398922849,MpCmdRun.log,23316
960344,1790398922849,MpSigStub.log,7992
960344,1790398922864,SYS32_Hardware.exe,32671232
960888,1790398923393,HpDrvPre.sys,19128
960888,1790398923393,MpCmdRun.log,23316
960888,1790398923393,MpSigStub.log,7992
960888,1790398923408,SYS32_Hardware.exe,32671232
961417,1790398923921,HpDrvPre.sys,19128
961417,1790398923921,MpCmdRun.log,23316
961417,1790398923921,MpSigStub.log,7992
961417,1790398923937,SYS32_Hardware.exe,32671232
961947,1790398924452,HpDrvPre.sys,19128
961947,1790398924452,MpCmdRun.log,23316
961947,1790398924452,MpSigStub.log,7992
961947,1790398924468,SYS32_Hardware.exe,32671232
962469,1790398924974,HpDrvPre.sys,19128
962469,1790398924974,MpCmdRun.log,23316
962469,1790398924974,MpSigStub.log,7992
962469,1790398924990,SYS32_Hardware.exe,32671232
963001,1790398925506,HpDrvPre.sys,19128
963001,1790398925506,MpCmdRun.log,23316
963001,1790398925506,MpSigStub.log,7992
963001,1790398925521,SYS32_Hardware.exe,32671232
963526,1790398926030,HpDrvPre.sys,19128
963526,1790398926030,MpCmdRun.log,23316
963526,1790398926030,MpSigStub.log,7992
963526,1790398926046,SYS32_Hardware.exe,32671232
964048,1790398926553,HpDrvPre.sys,19128
964048,1790398926553,MpCmdRun.log,23316
964048,1790398926553,MpSigStub.log,7992
964048,1790398926569,SYS32_Hardware.exe,32671232
964591,1790398927096,HpDrvPre.sys,19128
964591,1790398927096,MpCmdRun.log,23316
964591,1790398927112,MpSigStub.log,7992
964591,1790398927112,SYS32_Hardware.exe,32671232
965135,1790398927640,HpDrvPre.sys,19128
965135,1790398927640,MpCmdRun.log,23316
965135,1790398927640,MpSigStub.log,7992
965135,1790398927656,SYS32_Hardware.exe,32671232
965666,1790398928171,HpDrvPre.sys,19128
965666,1790398928171,MpCmdRun.log,23316
965666,1790398928171,MpSigStub.log,7992
965666,1790398928186,SYS32_Hardware.exe,32671232
966185,1790398928690,HpDrvPre.sys,19128
966185,1790398928690,MpCmdRun.log,23316
966185,1790398928705,MpSigStub.log,7992
966185,1790398928709,SYS32_Hardware.exe,32671232
966720,1790398929225,HpDrvPre.sys,19128
966720,1790398929225,MpCmdRun.log,23316
966720,1790398929225,MpSigStub.log,7992
966720,1790398929241,SYS32_Hardware.exe,32671232
967237,1790398929742,HpDrvPre.sys,19128
967237,1790398929742,MpCmdRun.log,23316
967237,1790398929742,MpSigStub.log,7992
967237,1790398929758,SYS32_Hardware.exe,32671232
967770,1790398930274,HpDrvPre.sys,19128
967770,1790398930274,MpCmdRun.log,23316
967770,1790398930274,MpSigStub.log,7992
967770,1790398930289,SYS32_Hardware.exe,32671232
968342,1790398930836,HpDrvPre.sys,19128
968342,1790398930836,MpCmdRun.log,23316
968342,1790398930930,MpSigStub.log,7992
968342,1790398931164,SYS32_Hardware.exe,32671232
969159,1790398931664,HpDrvPre.sys,19128
969159,1790398931664,MpCmdRun.log,23316
969159,1790398931664,MpSigStub.log,7992
969159,1790398931680,SYS32_Hardware.exe,32671232
969706,1790398932211,HpDrvPre.sys,19128
969706,1790398932211,MpCmdRun.log,23316
969706,1790398932211,MpSigStub.log,7992
969706,1790398932227,SYS32_Hardware.exe,32671232
970225,1790398932727,HpDrvPre.sys,19128
970225,1790398932727,MpCmdRun.log,23316
970225,1790398932774,MpSigStub.log,7992
970225,1790398932805,SYS32_Hardware.exe,32671232
971077,1790398933602,HpDrvPre.sys,19128
971077,1790398933618,MpCmdRun.log,23316
971077,1790398933649,MpSigStub.log,7992
971077,1790398933664,SYS32_Hardware.exe,32671232
971682,1790398934180,HpDrvPre.sys,19128
971682,1790398934211,MpCmdRun.log,23316
971682,1790398934227,MpSigStub.log,7992
971682,1790398934258,SYS32_Hardware.exe,32671232
972285,1790398934789,HpDrvPre.sys,19128
972285,1790398934789,MpCmdRun.log,23316
972285,1790398934789,MpSigStub.log,7992
972285,1790398934805,SYS32_Hardware.exe,32671232
973490,1790398936008,HpDrvPre.sys,19128
973490,1790398936024,MpCmdRun.log,23316
973490,1790398936024,MpSigStub.log,7992
973490,1790398936071,SYS32_Hardware.exe,32671232
974089,1790398936593,HpDrvPre.sys,19128
974089,1790398936593,MpCmdRun.log,23316
974089,1790398936593,MpSigStub.log,7992
974089,1790398936609,SYS32_Hardware.exe,32671232
974624,1790398937127,HpDrvPre.sys,19128
974624,1790398937127,MpCmdRun.log,23316
974624,1790398937143,MpSigStub.log,7992
974624,1790398937143,SYS32_Hardware.exe,32671232
975138,1790398937643,HpDrvPre.sys,19128
975138,1790398937643,MpCmdRun.log,23316
975138,1790398937659,MpSigStub.log,7992
975138,1790398937659,SYS32_Hardware.exe,32671232
975654,1790398938159,HpDrvPre.sys,19128
975654,1790398938159,MpCmdRun.log,23316
975654,1790398938159,MpSigStub.log,7992
975654,1790398938174,SYS32_Hardware.exe,32671232
976170,1790398938674,HpDrvPre.sys,19128
976170,1790398938674,MpCmdRun.log,23316
976170,1790398938674,MpSigStub.log,7992
976170,1790398938690,SYS32_Hardware.exe,32671232
976721,1790398939217,HpDrvPre.sys,19128
976721,1790398939217,MpCmdRun.log,23316
976721,1790398939232,MpSigStub.log,7992
976721,1790398939232,SYS32_Hardware.exe,32671232
977255,1790398939760,HpDrvPre.sys,19128
977255,1790398939760,MpCmdRun.log,23316
977255,1790398939760,MpSigStub.log,7992
977255,1790398939776,SYS32_Hardware.exe,32671232
977781,1790398940286,HpDrvPre.sys,19128
977781,1790398940286,MpCmdRun.log,23316
977781,1790398940286,MpSigStub.log,7992
977781,1790398940302,SYS32_Hardware.exe,32671232
978300,1790398940805,HpDrvPre.sys,19128
978300,1790398940805,MpCmdRun.log,23316
978300,1790398940805,MpSigStub.log,7992
978300,1790398940820,SYS32_Hardware.exe,32671232
978835,1790398941340,HpDrvPre.sys,19128
978835,1790398941340,MpCmdRun.log,23316
978835,1790398941340,MpSigStub.log,7992
978835,1790398941355,SYS32_Hardware.exe,32671232
979353,1790398941856,HpDrvPre.sys,19128
979353,1790398941872,MpCmdRun.log,23316
979353,1790398941872,MpSigStub.log,7992
979353,1790398941872,SYS32_Hardware.exe,32671232
979869,1790398942374,HpDrvPre.sys,19128
979869,1790398942374,MpCmdRun.log,23316
979869,1790398942390,MpSigStub.log,7992
979869,1790398942390,SYS32_Hardware.exe,32671232
980391,1790398942896,HpDrvPre.sys,19128
980391,1790398942896,MpCmdRun.log,23316
980391,1790398942896,MpSigStub.log,7992
980391,1790398942912,SYS32_Hardware.exe,32671232
980922,1790398943427,HpDrvPre.sys,19128
980922,1790398943427,MpCmdRun.log,23316
980922,1790398943443,MpSigStub.log,7992
980922,1790398943443,SYS32_Hardware.exe,32671232
981453,1790398943959,HpDrvPre.sys,19128
981453,1790398943959,MpCmdRun.log,23316
981453,1790398943974,MpSigStub.log,7992
981453,1790398943974,SYS32_Hardware.exe,32671232
981969,1790398944474,HpDrvPre.sys,19128
981969,1790398944474,MpCmdRun.log,23316
981969,1790398944474,MpSigStub.log,7992
981969,1790398944490,SYS32_Hardware.exe,32671232
982485,1790398944990,HpDrvPre.sys,19128
982485,1790398944990,MpCmdRun.log,23316
982485,1790398944990,MpSigStub.log,7992
982485,1790398945006,SYS32_Hardware.exe,32671232
983016,1790398945521,HpDrvPre.sys,19128
983016,1790398945521,MpCmdRun.log,23316
983016,1790398945521,MpSigStub.log,7992
983016,1790398945537,SYS32_Hardware.exe,32671232
983568,1790398946756,HpDrvPre.sys,19128
983568,1790398946881,MpCmdRun.log,23316
983568,1790398947021,MpSigStub.log,7992
983568,1790398947506,SYS32_Hardware.exe,32671232
986450,1790398948959,HpDrvPre.sys,19128
986450,1790398948959,MpCmdRun.log,23316
986450,1790398948959,MpSigStub.log,7992
986450,1790398948959,SYS32_Hardware.exe,32671232
987016,1790398949521,HpDrvPre.sys,19128
987016,1790398949521,MpCmdRun.log,23316
987016,1790398949521,MpSigStub.log,7992
987016,1790398949536,SYS32_Hardware.exe,32671232
987532,1790398950037,HpDrvPre.sys,19128
987532,1790398950037,MpCmdRun.log,23316
987532,1790398950037,MpSigStub.log,7992
987532,1790398950052,SYS32_Hardware.exe,32671232
988061,1790398950566,HpDrvPre.sys,19128
988061,1790398950566,MpCmdRun.log,23316
988061,1790398950581,MpSigStub.log,7992
988061,1790398950597,SYS32_Hardware.exe,32671232
988613,1790398951118,HpDrvPre.sys,19128
988613,1790398951118,MpCmdRun.log,23316
988613,1790398951118,MpSigStub.log,7992
988613,1790398951133,SYS32_Hardware.exe,32671232
989143,1790398951647,HpDrvPre.sys,19128
989143,1790398951647,MpCmdRun.log,23316
989143,1790398951647,MpSigStub.log,7992
989143,1790398951663,SYS32_Hardware.exe,32671232
989662,1790398952167,HpDrvPre.sys,19128
989662,1790398952167,MpCmdRun.log,23316
989662,1790398952167,MpSigStub.log,7992
989662,1790398952182,SYS32_Hardware.exe,32671232
990208,1790398952712,HpDrvPre.sys,19128
990208,1790398952712,MpCmdRun.log,23316
990208,1790398952728,MpSigStub.log,7992
990208,1790398952728,SYS32_Hardware.exe,32671232
990745,1790398953250,HpDrvPre.sys,19128
990745,1790398953250,MpCmdRun.log,23316
990745,1790398953250,MpSigStub.log,7992
990745,1790398953266,SYS32_Hardware.exe,32671232
991276,1790398953781,HpDrvPre.sys,19128
991276,1790398953781,MpCmdRun.log,23316
991276,1790398953797,MpSigStub.log,7992
991276,1790398953797,SYS32_Hardware.exe,32671232
991809,1790398954314,HpDrvPre.sys,19128
991809,1790398954314,MpCmdRun.log,23316
991809,1790398954326,MpSigStub.log,7992
991809,1790398954326,SYS32_Hardware.exe,32671232
992341,1790398954846,HpDrvPre.sys,19128
992341,1790398954846,MpCmdRun.log,23316
992341,1790398954846,MpSigStub.log,7992
992341,1790398954846,SYS32_Hardware.exe,32671232
992871,1790398955376,HpDrvPre.sys,19128
992871,1790398955376,MpCmdRun.log,23316
992871,1790398955376,MpSigStub.log,7992
992871,1790398955391,SYS32_Hardware.exe,32671232
993387,1790398955892,HpDrvPre.sys,19128
993387,1790398955892,MpCmdRun.log,23316
993387,1790398955892,MpSigStub.log,7992
993387,1790398955908,SYS32_Hardware.exe,32671232
993920,1790398956425,HpDrvPre.sys,19128
993920,1790398956425,MpCmdRun.log,23316
993920,1790398956425,MpSigStub.log,7992
993920,1790398956440,SYS32_Hardware.exe,32671232
994435,1790398956940,HpDrvPre.sys,19128
994435,1790398956940,MpCmdRun.log,23316
994435,1790398956940,MpSigStub.log,7992
994435,1790398956956,SYS32_Hardware.exe,32671232
994967,1790398957472,HpDrvPre.sys,19128
994967,1790398957472,MpCmdRun.log,23316
994967,1790398957472,MpSigStub.log,7992
994967,1790398957488,SYS32_Hardware.exe,32671232
995498,1790398958003,HpDrvPre.sys,19128
995498,1790398958003,MpCmdRun.log,23316
995498,1790398958003,MpSigStub.log,7992
995498,1790398958019,SYS32_Hardware.exe,32671232
996014,1790398958519,HpDrvPre.sys,19128
996014,1790398958519,MpCmdRun.log,23316
996014,1790398958519,MpSigStub.log,7992
996014,1790398958535,SYS32_Hardware.exe,32671232
996546,1790398959051,HpDrvPre.sys,19128
996546,1790398959051,MpCmdRun.log,23316
996546,1790398959051,MpSigStub.log,7992
996546,1790398959066,SYS32_Hardware.exe,32671232
997077,1790398959582,HpDrvPre.sys,19128
997077,1790398959582,MpCmdRun.log,23316
997077,1790398959582,MpSigStub.log,7992
997077,1790398959598,SYS32_Hardware.exe,32671232
997592,1790398960098,HpDrvPre.sys,19128
997592,1790398960098,MpCmdRun.log,23316
997592,1790398960098,MpSigStub.log,7992
997592,1790398960113,SYS32_Hardware.exe,32671232
998115,1790398960620,HpDrvPre.sys,19128
998115,1790398960620,MpCmdRun.log,23316
998115,1790398960620,MpSigStub.log,7992
998115,1790398960636,SYS32_Hardware.exe,32671232
998646,1790398961152,HpDrvPre.sys,19128
998646,1790398961152,MpCmdRun.log,23316
998646,1790398961152,MpSigStub.log,7992
998646,1790398961167,SYS32_Hardware.exe,32671232
999365,1790398961859,HpDrvPre.sys,19128
999365,1790398961859,MpCmdRun.log,23316
999365,1790398962265,MpSigStub.log,7992
999365,1790398962328,SYS32_Hardware.exe,32671232
1000338,1790398962843,HpDrvPre.sys,19128
1000338,1790398962843,MpCmdRun.log,23316
1000338,1790398962843,MpSigStub.log,7992
1000338,1790398962859,SYS32_Hardware.exe,32671232
1000870,1790398963375,HpDrvPre.sys,19128
1000870,1790398963375,MpCmdRun.log,23316
1000870,1790398963375,MpSigStub.log,7992
1000870,1790398963390,SYS32_Hardware.exe,32671232
1001389,1790398963893,HpDrvPre.sys,19128
1001389,1790398963893,MpCmdRun.log,23316
1001389,1790398963893,MpSigStub.log,7992
1001389,1790398963909,SYS32_Hardware.exe,32671232
1001904,1790398964409,HpDrvPre.sys,19128
1001904,1790398964409,MpCmdRun.log,23316
1001904,1790398964409,MpSigStub.log,7992
1001904,1790398964425,SYS32_Hardware.exe,32671232
1002427,1790398964932,HpDrvPre.sys,19128
1002427,1790398964932,MpCmdRun.log,23316
1002427,1790398964932,MpSigStub.log,7992
1002427,1790398964948,SYS32_Hardware.exe,32671232
1002967,1790398965471,HpDrvPre.sys,19128
1002967,1790398965471,MpCmdRun.log,23316
1002967,1790398965471,MpSigStub.log,7992
1002967,1790398965487,SYS32_Hardware.exe,32671232
1003487,1790398965993,HpDrvPre.sys,19128
1003487,1790398965993,MpCmdRun.log,23316
1003487,1790398965993,MpSigStub.log,7992
1003487,1790398965993,SYS32_Hardware.exe,32671232
1004003,1790398966508,HpDrvPre.sys,19128
1004003,1790398966508,MpCmdRun.log,23316
1004003,1790398966508,MpSigStub.log,7992
1004003,1790398966524,SYS32_Hardware.exe,32671232
1004548,1790398967053,HpDrvPre.sys,19128
1004548,1790398967053,MpCmdRun.log,23316
1004548,1790398967053,MpSigStub.log,7992
1004548,1790398967068,SYS32_Hardware.exe,32671232
1005092,1790398967597,HpDrvPre.sys,19128
1005092,1790398967597,MpCmdRun.log,23316
1005092,1790398967612,MpSigStub.log,7992
1005092,1790398967612,SYS32_Hardware.exe,32671232
1005607,1790398968112,HpDrvPre.sys,19128
1005607,1790398968112,MpCmdRun.log,23316
1005607,1790398968112,MpSigStub.log,7992
1005607,1790398968128,SYS32_Hardware.exe,32671232
1006123,1790398968628,HpDrvPre.sys,19128
1006123,1790398968628,MpCmdRun.log,23316
1006123,1790398968628,MpSigStub.log,7992
1006123,1790398968644,SYS32_Hardware.exe,32671232
1006685,1790398969191,HpDrvPre.sys,19128
1006685,1790398969191,MpCmdRun.log,23316
1006685,1790398969191,MpSigStub.log,7992
1006685,1790398969206,SYS32_Hardware.exe,32671232
1007201,1790398969706,HpDrvPre.sys,19128
1007201,1790398969706,MpCmdRun.log,23316
1007201,1790398969706,MpSigStub.log,7992
1007201,1790398969722,SYS32_Hardware.exe,32671232
1007717,1790398970222,HpDrvPre.sys,19128
1007717,1790398970222,MpCmdRun.log,23316
1007717,1790398970238,MpSigStub.log,7992
1007717,1790398970238,SYS32_Hardware.exe,32671232
1008248,1790398970753,HpDrvPre.sys,19128
1008248,1790398970753,MpCmdRun.log,23316
1008248,1790398970753,MpSigStub.log,7992
1008248,1790398970769,SYS32_Hardware.exe,32671232
1008796,1790398971300,HpDrvPre.sys,19128
1008796,1790398971300,MpCmdRun.log,23316
1008796,1790398971300,MpSigStub.log,7992
1008796,1790398971316,SYS32_Hardware.exe,32671232
1009311,1790398971816,HpDrvPre.sys,19128
1009311,1790398971816,MpCmdRun.log,23316
1009311,1790398971816,MpSigStub.log,7992
1009311,1790398971832,SYS32_Hardware.exe,32671232
1009827,1790398972332,HpDrvPre.sys,19128
1009827,1790398972332,MpCmdRun.log,23316
1009827,1790398972346,MpSigStub.log,7992
1009827,1790398972359,SYS32_Hardware.exe,32671232
1010354,1790398972859,HpDrvPre.sys,19128
1010354,1790398972859,MpCmdRun.log,23316
1010354,1790398972859,MpSigStub.log,7992
1010354,1790398972875,SYS32_Hardware.exe,32671232
1010904,1790398973409,HpDrvPre.sys,19128
1010904,1790398973409,MpCmdRun.log,23316
1010904,1790398973409,MpSigStub.log,7992
1010904,1790398973425,SYS32_Hardware.exe,32671232
1011436,1790398973941,HpDrvPre.sys,19128
1011436,1790398973941,MpCmdRun.log,23316
1011436,1790398973941,MpSigStub.log,7992
1011436,1790398973957,SYS32_Hardware.exe,32671232
1011952,1790398974457,HpDrvPre.sys,19128
1011952,1790398974457,MpCmdRun.log,23316
1011952,1790398974473,MpSigStub.log,7992
1011952,1790398974473,SYS32_Hardware.exe,32671232
1012483,1790398974988,HpDrvPre.sys,19128
1012483,1790398974988,MpCmdRun.log,23316
1012483,1790398974988,MpSigStub.log,7992
1012483,1790398975004,SYS32_Hardware.exe,32671232
1013032,1790398975537,HpDrvPre.sys,19128
1013032,1790398975537,MpCmdRun.log,23316
1013032,1790398975537,MpSigStub.log,7992
1013032,1790398975553,SYS32_Hardware.exe,32671232
1013548,1790398976053,HpDrvPre.sys,19128
1013548,1790398976053,MpCmdRun.log,23316
1013548,1790398976053,MpSigStub.log,7992
1013548,1790398976084,SYS32_Hardware.exe,32671232
1014079,1790398976584,HpDrvPre.sys,19128
1014079,1790398976584,MpCmdRun.log,23316
1014079,1790398976584,MpSigStub.log,7992
1014079,1790398976600,SYS32_Hardware.exe,32671232
1014611,1790398977116,HpDrvPre.sys,19128
1014611,1790398977116,MpCmdRun.log,23316
1014611,1790398977116,MpSigStub.log,7992
1014611,1790398977131,SYS32_Hardware.exe,32671232
1015142,1790398977647,HpDrvPre.sys,19128
1015142,1790398977647,MpCmdRun.log,23316
1015142,1790398977647,MpSigStub.log,7992
1015142,1790398977663,SYS32_Hardware.exe,32671232
1015673,1790398978178,HpDrvPre.sys,19128
1015673,1790398978178,MpCmdRun.log,23316
1015673,1790398978178,MpSigStub.log,7992
1015673,1790398978194,SYS32_Hardware.exe,32671232
1016189,1790398978694,HpDrvPre.sys,19128
1016189,1790398978694,MpCmdRun.log,23316
1016189,1790398978694,MpSigStub.log,7992
1016189,1790398978710,SYS32_Hardware.exe,32671232
1016733,1790398979238,HpDrvPre.sys,19128
1016733,1790398979238,MpCmdRun.log,23316
1016733,1790398979238,MpSigStub.log,7992
1016733,1790398979253,SYS32_Hardware.exe,32671232
1017266,1790398979772,HpDrvPre.sys,19128
1017266,1790398979772,MpCmdRun.log,23316
1017266,1790398979772,MpSigStub.log,7992
1017266,1790398979787,SYS32_Hardware.exe,32671232
1017794,1790398980299,HpDrvPre.sys,19128
1017794,1790398980299,MpCmdRun.log,23316
1017794,1790398980299,MpSigStub.log,7992
1017794,1790398980315,SYS32_Hardware.exe,32671232
1018319,1790398980824,HpDrvPre.sys,19128
1018319,1790398980824,MpCmdRun.log,23316
1018319,1790398980839,MpSigStub.log,7992
1018319,1790398980855,SYS32_Hardware.exe,32671232
1018913,1790398981418,HpDrvPre.sys,19128
1018913,1790398981418,MpCmdRun.log,23316
1018913,1790398981433,MpSigStub.log,7992
1018913,1790398981433,SYS32_Hardware.exe,32671232
1019639,1790398982136,HpDrvPre.sys,19128
1019639,1790398982136,MpCmdRun.log,23316
1019639,1790398982511,MpSigStub.log,7992
1019639,1790398982527,SYS32_Hardware.exe,32671232
1020756,1790398983261,HpDrvPre.sys,19128
1020756,1790398983261,MpCmdRun.log,23316
1020756,1790398983261,MpSigStub.log,7992
1020756,1790398983293,SYS32_Hardware.exe,32671232
1021288,1790398983793,HpDrvPre.sys,19128
1021288,1790398983793,MpCmdRun.log,23316
1021288,1790398983808,MpSigStub.log,7992
1021288,1790398983808,SYS32_Hardware.exe,32671232
1021806,1790398984311,HpDrvPre.sys,19128
1021806,1790398984311,MpCmdRun.log,23316
1021806,1790398984311,MpSigStub.log,7992
1021806,1790398984326,SYS32_Hardware.exe,32671232
1022338,1790398984843,HpDrvPre.sys,19128
1022338,1790398984843,MpCmdRun.log,23316
1022338,1790398984843,MpSigStub.log,7992
1022338,1790398984859,SYS32_Hardware.exe,32671232
1022885,1790398985390,HpDrvPre.sys,19128
1022885,1790398985390,MpCmdRun.log,23316
1022885,1790398985390,MpSigStub.log,7992
1022885,1790398985406,SYS32_Hardware.exe,32671232
1023401,1790398985906,HpDrvPre.sys,19128
1023401,1790398985906,MpCmdRun.log,23316
1023401,1790398985906,MpSigStub.log,7992
1023401,1790398985921,SYS32_Hardware.exe,32671232
1023932,1790398986437,HpDrvPre.sys,19128
1023932,1790398986437,MpCmdRun.log,23316
1023932,1790398986453,MpSigStub.log,7992
1023932,1790398986453,SYS32_Hardware.exe,32671232
1024479,1790398986984,HpDrvPre.sys,19128
1024479,1790398986984,MpCmdRun.log,23316
1024479,1790398987000,MpSigStub.log,7992
1024479,1790398987000,SYS32_Hardware.exe,32671232
1025042,1790398987545,HpDrvPre.sys,19128
1025042,1790398987545,MpCmdRun.log,23316
1025042,1790398987561,MpSigStub.log,7992
1025042,1790398987576,SYS32_Hardware.exe,32671232
1025587,1790398988092,HpDrvPre.sys,19128
1025587,1790398988092,MpCmdRun.log,23316
1025587,1790398988092,MpSigStub.log,7992
1025587,1790398988108,SYS32_Hardware.exe,32671232
