ms,epoch,path,bytes
63,1790408307064,bb3a785178f443fda931098a5a9a306b.db.ses,53
63,1790408307095,CAPTURED_bb3a785178f443fda931098a5a9a306b.db.ses,53
63,1790408307095,FXSAPIDebugLogFile.txt,0
63,1790408307111,FXSTIFFDebugLogFile.txt,0
63,1790408307111,MpCmdRun-13-421CFC91-A93E-42AB-A35C-F06F127FCC44.lock,0
63,1790408307127,MpCmdRun-13-53C9D589-6B66-4F30-9BAB-9A0193B0BAFC.lock,0
63,1790408307127,MpCmdRun.log,18092
63,1790408307142,CAPTURED_MpCmdRun.log,18092
63,1790408307142,MpSigStub.log,97512
63,1790408307158,CAPTURED_MpSigStub.log,97512
63,1790408307158,msedge_installer.log,68015
63,1790408307174,CAPTURED_msedge_installer.log,68015
63,1790408307174,skin.zip,231625
63,1790408307205,CAPTURED_skin.zip,231625
63,1790408307205,SYS32_Hardware.exe,32671232
894,1790408307845,bb3a785178f443fda931098a5a9a306b.db.ses,53
894,1790408307845,FXSAPIDebugLogFile.txt,0
894,1790408307845,FXSTIFFDebugLogFile.txt,0
894,1790408307861,MpCmdRun-13-421CFC91-A93E-42AB-A35C-F06F127FCC44.lock,0
894,1790408307861,MpCmdRun-13-53C9D589-6B66-4F30-9BAB-9A0193B0BAFC.lock,0
894,1790408307877,MpCmdRun.log,18092
894,1790408307877,MpSigStub.log,97512
894,1790408307892,msedge_installer.log,68015
894,1790408307892,skin.zip,231625
894,1790408307908,SYS32_Hardware.exe,32671232
1503,1790408308455,bb3a785178f443fda931098a5a9a306b.db.ses,53
1503,1790408308455,FXSAPIDebugLogFile.txt,0
1503,1790408308455,FXSTIFFDebugLogFile.txt,0
1503,1790408308470,MpCmdRun-13-421CFC91-A93E-42AB-A35C-F06F127FCC44.lock,0
1503,1790408308470,MpCmdRun-13-53C9D589-6B66-4F30-9BAB-9A0193B0BAFC.lock,0
1503,1790408308486,MpCmdRun.log,18092
1503,1790408308486,MpSigStub.log,97512
1503,1790408308486,msedge_installer.log,68015
1503,1790408308502,skin.zip,231625
1503,1790408308502,SYS32_Hardware.exe,32671232
2066,1790408309017,bb3a785178f443fda931098a5a9a306b.db.ses,53
2066,1790408309017,FXSAPIDebugLogFile.txt,0
2066,1790408309017,FXSTIFFDebugLogFile.txt,0
2066,1790408309033,MpCmdRun-13-421CFC91-A93E-42AB-A35C-F06F127FCC44.lock,0
2066,1790408309033,MpCmdRun-13-53C9D589-6B66-4F30-9BAB-9A0193B0BAFC.lock,0
2066,1790408309033,MpCmdRun.log,18092
2066,1790408309049,MpSigStub.log,97512
2066,1790408309049,msedge_installer.log,68015
2066,1790408309049,skin.zip,231625
2066,1790408309064,SYS32_Hardware.exe,32671232
2644,1790408309595,bb3a785178f443fda931098a5a9a306b.db.ses,53
2644,1790408309595,FXSAPIDebugLogFile.txt,0
2644,1790408309595,FXSTIFFDebugLogFile.txt,0
2644,1790408309611,MpCmdRun-13-421CFC91-A93E-42AB-A35C-F06F127FCC44.lock,0
2644,1790408309611,MpCmdRun-13-53C9D589-6B66-4F30-9BAB-9A0193B0BAFC.lock,0
2644,1790408309611,MpCmdRun.log,18092
2644,1790408309627,MpSigStub.log,97512
2644,1790408309627,msedge_installer.log,68015
2644,1790408309627,skin.zip,231625
2644,1790408309642,SYS32_Hardware.exe,32671232
3191,1790408310142,bb3a785178f443fda931098a5a9a306b.db.ses,53
3191,1790408310142,FXSAPIDebugLogFile.txt,0
3191,1790408310158,FXSTIFFDebugLogFile.txt,0
3191,1790408310174,MpCmdRun-13-421CFC91-A93E-42AB-A35C-F06F127FCC44.lock,0
3191,1790408310189,MpCmdRun-13-53C9D589-6B66-4F30-9BAB-9A0193B0BAFC.lock,0
3191,1790408310189,MpCmdRun.log,18092
3191,1790408310205,MpSigStub.log,97512
3191,1790408310220,msedge_installer.log,68015
3191,1790408310220,skin.zip,231625
3191,1790408310236,SYS32_Hardware.exe,32671232
3800,1790408310752,bb3a785178f443fda931098a5a9a306b.db.ses,53
3800,1790408310752,FXSAPIDebugLogFile.txt,0
3800,1790408310752,FXSTIFFDebugLogFile.txt,0
3800,1790408310752,MpCmdRun-13-421CFC91-A93E-42AB-A35C-F06F127FCC44.lock,0
3800,1790408310767,MpCmdRun-13-53C9D589-6B66-4F30-9BAB-9A0193B0BAFC.lock,0
3800,1790408310767,MpCmdRun.log,18092
3800,1790408310767,MpSigStub.log,97512
3800,1790408310783,msedge_installer.log,68015
3800,1790408310783,skin.zip,231625
3800,1790408310799,SYS32_Hardware.exe,32671232
4363,1790408311314,bb3a785178f443fda931098a5a9a306b.db.ses,53
4363,1790408311314,FXSAPIDebugLogFile.txt,0
4363,1790408311314,FXSTIFFDebugLogFile.txt,0
4363,1790408311314,MpCmdRun-13-421CFC91-A93E-42AB-A35C-F06F127FCC44.lock,0
4363,1790408311330,MpCmdRun-13-53C9D589-6B66-4F30-9BAB-9A0193B0BAFC.lock,0
4363,1790408311330,MpCmdRun.log,18092
4363,1790408311330,MpSigStub.log,97512
4363,1790408311345,msedge_installer.log,68015
4363,1790408311345,skin.zip,231625
4363,1790408311345,SYS32_Hardware.exe,32671232
4926,1790408311877,bb3a785178f443fda931098a5a9a306b.db.ses,53
4926,1790408311877,FXSAPIDebugLogFile.txt,0
4926,1790408311877,FXSTIFFDebugLogFile.txt,0
4926,1790408311892,MpCmdRun-13-421CFC91-A93E-42AB-A35C-F06F127FCC44.lock,0
4926,1790408311892,MpCmdRun-13-53C9D589-6B66-4F30-9BAB-9A0193B0BAFC.lock,0
4926,1790408311892,MpCmdRun.log,18092
4926,1790408311908,MpSigStub.log,97512
4926,1790408311908,msedge_installer.log,68015
4926,1790408311908,skin.zip,231625
4926,1790408311924,SYS32_Hardware.exe,32671232
5473,1790408312424,bb3a785178f443fda931098a5a9a306b.db.ses,53
5473,1790408312424,FXSAPIDebugLogFile.txt,0
5473,1790408312424,FXSTIFFDebugLogFile.txt,0
5473,1790408312439,MpCmdRun-13-421CFC91-A93E-42AB-A35C-F06F127FCC44.lock,0
5473,1790408312455,MpCmdRun-13-53C9D589-6B66-4F30-9BAB-9A0193B0BAFC.lock,0
5473,1790408312486,MpCmdRun.log,18092
5473,1790408312486,MpSigStub.log,97512
5473,1790408312486,msedge_installer.log,68015
5473,1790408312502,skin.zip,231625
5473,1790408312517,SYS32_Hardware.exe,32671232
6081,1790408313033,bb3a785178f443fda931098a5a9a306b.db.ses,53
6081,1790408313033,FXSAPIDebugLogFile.txt,0
6081,1790408313033,FXSTIFFDebugLogFile.txt,0
6081,1790408313049,MpCmdRun-13-421CFC91-A93E-42AB-A35C-F06F127FCC44.lock,0
6081,1790408313049,MpCmdRun-13-53C9D589-6B66-4F30-9BAB-9A0193B0BAFC.lock,0
6081,1790408313049,MpCmdRun.log,18092
6081,1790408313064,MpSigStub.log,97512
6081,1790408313064,msedge_installer.log,68015
6081,1790408313064,skin.zip,231625
6081,1790408313080,SYS32_Hardware.exe,32671232
6645,1790408313595,bb3a785178f443fda931098a5a9a306b.db.ses,53
6645,1790408313595,FXSAPIDebugLogFile.txt,0
6645,1790408313611,FXSTIFFDebugLogFile.txt,0
6645,1790408313611,MpCmdRun-13-421CFC91-A93E-42AB-A35C-F06F127FCC44.lock,0
6645,1790408313627,MpCmdRun-13-53C9D589-6B66-4F30-9BAB-9A0193B0BAFC.lock,0
6645,1790408313642,MpCmdRun.log,18092
6645,1790408313642,MpSigStub.log,97512
6645,1790408313658,msedge_installer.log,68015
6645,1790408313674,skin.zip,231625
6645,1790408313674,SYS32_Hardware.exe,32671232
7238,1790408314189,bb3a785178f443fda931098a5a9a306b.db.ses,53
7238,1790408314189,FXSAPIDebugLogFile.txt,0
7238,1790408314205,FXSTIFFDebugLogFile.txt,0
7238,1790408314220,MpCmdRun-13-421CFC91-A93E-42AB-A35C-F06F127FCC44.lock,0
7238,1790408314236,MpCmdRun-13-53C9D589-6B66-4F30-9BAB-9A0193B0BAFC.lock,0
7238,1790408314252,MpCmdRun.log,18092
7238,1790408314252,MpSigStub.log,97512
7238,1790408314267,msedge_installer.log,68015
7238,1790408314283,skin.zip,231625
7238,1790408314299,SYS32_Hardware.exe,32671232
7878,1790408314830,bb3a785178f443fda931098a5a9a306b.db.ses,53
7878,1790408314830,FXSAPIDebugLogFile.txt,0
7878,1790408314830,FXSTIFFDebugLogFile.txt,0
7878,1790408314830,MpCmdRun-13-421CFC91-A93E-42AB-A35C-F06F127FCC44.lock,0
7878,1790408314845,MpCmdRun-13-53C9D589-6B66-4F30-9BAB-9A0193B0BAFC.lock,0
7878,1790408314845,MpCmdRun.log,18092
7878,1790408314861,MpSigStub.log,97512
7878,1790408314861,msedge_installer.log,68015
7878,1790408314861,skin.zip,231625
7878,1790408314877,SYS32_Hardware.exe,32671232
8441,1790408315392,bb3a785178f443fda931098a5a9a306b.db.ses,53
8441,1790408315392,FXSAPIDebugLogFile.txt,0
8441,1790408315392,FXSTIFFDebugLogFile.txt,0
8441,1790408315408,MpCmdRun-13-421CFC91-A93E-42AB-A35C-F06F127FCC44.lock,0
8441,1790408315408,MpCmdRun-13-53C9D589-6B66-4F30-9BAB-9A0193B0BAFC.lock,0
8441,1790408315424,MpCmdRun.log,18092
8441,1790408315424,MpSigStub.log,101966
8441,1790408315439,msedge_installer.log,68015
8441,1790408315439,skin.zip,231625
8441,1790408315455,SYS32_Hardware.exe,32671232
9035,1790408315986,bb3a785178f443fda931098a5a9a306b.db.ses,53
9035,1790408315986,FXSAPIDebugLogFile.txt,0
9035,1790408315986,FXSTIFFDebugLogFile.txt,0
9035,1790408316002,MpCmdRun-13-421CFC91-A93E-42AB-A35C-F06F127FCC44.lock,0
9035,1790408316002,MpCmdRun-13-53C9D589-6B66-4F30-9BAB-9A0193B0BAFC.lock,0
9035,1790408316017,MpCmdRun.log,18092
9035,1790408316033,MpSigStub.log,101966
9035,1790408316049,msedge_installer.log,68015
9035,1790408316049,skin.zip,231625
9035,1790408316064,SYS32_Hardware.exe,32671232
9629,1790408316580,bb3a785178f443fda931098a5a9a306b.db.ses,53
9629,1790408316580,FXSAPIDebugLogFile.txt,0
9629,1790408316595,FXSTIFFDebugLogFile.txt,0
9629,1790408316611,MpCmdRun-13-421CFC91-A93E-42AB-A35C-F06F127FCC44.lock,0
9629,1790408316627,MpCmdRun-13-53C9D589-6B66-4F30-9BAB-9A0193B0BAFC.lock,0
9629,1790408316627,MpCmdRun.log,18092
9629,1790408316642,MpSigStub.log,101966
9629,1790408316658,msedge_installer.log,68015
9629,1790408316674,skin.zip,231625
9629,1790408316689,SYS32_Hardware.exe,32671232
10253,1790408317205,bb3a785178f443fda931098a5a9a306b.db.ses,53
10253,1790408317205,FXSAPIDebugLogFile.txt,0
10253,1790408317205,FXSTIFFDebugLogFile.txt,0
10253,1790408317220,MpCmdRun-13-421CFC91-A93E-42AB-A35C-F06F127FCC44.lock,0
10253,1790408317220,MpCmdRun-13-53C9D589-6B66-4F30-9BAB-9A0193B0BAFC.lock,0
10253,1790408317220,MpCmdRun.log,18092
10253,1790408317236,MpSigStub.log,101966
10253,1790408317236,msedge_installer.log,68015
10253,1790408317236,skin.zip,231625
10253,1790408317252,SYS32_Hardware.exe,32671232
10816,1790408317767,6834468F-AB8A-9B27-5DCD-15CBF9D4AE8F.man,145589
10816,1790408317767,CAPTURED_6834468F-AB8A-9B27-5DCD-15CBF9D4AE8F.man,145589
10816,1790408317767,bb3a785178f443fda931098a5a9a306b.db.ses,53
10816,1790408317783,FXSAPIDebugLogFile.txt,0
10816,1790408317783,FXSTIFFDebugLogFile.txt,0
10816,1790408317799,MpCmdRun-13-421CFC91-A93E-42AB-A35C-F06F127FCC44.lock,0
10816,1790408317799,MpCmdRun-13-53C9D589-6B66-4F30-9BAB-9A0193B0BAFC.lock,0
10816,1790408317814,MpCmdRun.log,18092
10816,1790408317814,MpSigStub.log,101966
10816,1790408317814,msedge_installer.log,68015
10816,1790408317830,skin.zip,231625
10816,1790408317830,SYS32_Hardware.exe,32671232
11378,1790408318330,bb3a785178f443fda931098a5a9a306b.db.ses,53
11378,1790408318330,FXSAPIDebugLogFile.txt,0
11378,1790408318330,FXSTIFFDebugLogFile.txt,0
11378,1790408318330,MpCmdRun-13-421CFC91-A93E-42AB-A35C-F06F127FCC44.lock,0
11378,1790408318345,MpCmdRun-13-53C9D589-6B66-4F30-9BAB-9A0193B0BAFC.lock,0
11378,1790408318345,MpCmdRun.log,18092
11378,1790408318361,MpSigStub.log,101966
11378,1790408318361,msedge_installer.log,68015
11378,1790408318377,skin.zip,231625
11378,1790408318377,SYS32_Hardware.exe,32671232
11925,1790408318877,bb3a785178f443fda931098a5a9a306b.db.ses,53
11925,1790408318877,FXSAPIDebugLogFile.txt,0
11925,1790408318877,FXSTIFFDebugLogFile.txt,0
11925,1790408318877,MpCmdRun-13-421CFC91-A93E-42AB-A35C-F06F127FCC44.lock,0
11925,1790408318892,MpCmdRun-13-53C9D589-6B66-4F30-9BAB-9A0193B0BAFC.lock,0
11925,1790408318892,MpCmdRun.log,18092
11925,1790408318908,MpSigStub.log,101966
11925,1790408318908,msedge_installer.log,68015
11925,1790408318908,skin.zip,231625
11925,1790408318924,SYS32_Hardware.exe,32671232
12472,1790408319424,bb3a785178f443fda931098a5a9a306b.db.ses,53
12472,1790408319424,FXSAPIDebugLogFile.txt,0
12472,1790408319424,FXSTIFFDebugLogFile.txt,0
12472,1790408319424,MpCmdRun-13-421CFC91-A93E-42AB-A35C-F06F127FCC44.lock,0
12472,1790408319439,MpCmdRun-13-53C9D589-6B66-4F30-9BAB-9A0193B0BAFC.lock,0
12472,1790408319439,MpCmdRun.log,18092
12472,1790408319455,MpSigStub.log,101966
12472,1790408319455,msedge_installer.log,68015
12472,1790408319470,skin.zip,231625
12472,1790408319486,SYS32_Hardware.exe,32671232
13050,1790408320002,bb3a785178f443fda931098a5a9a306b.db.ses,53
13050,1790408320002,FXSAPIDebugLogFile.txt,0
13050,1790408320002,FXSTIFFDebugLogFile.txt,0
13050,1790408320017,MpCmdRun-13-421CFC91-A93E-42AB-A35C-F06F127FCC44.lock,0
13050,1790408320017,MpCmdRun-13-53C9D589-6B66-4F30-9BAB-9A0193B0BAFC.lock,0
13050,1790408320033,MpCmdRun.log,18092
13050,1790408320033,MpSigStub.log,101966
13050,1790408320049,msedge_installer.log,68015
13050,1790408320049,skin.zip,231625
13050,1790408320064,SYS32_Hardware.exe,32671232
13628,1790408320580,bb3a785178f443fda931098a5a9a306b.db.ses,53
13628,1790408320580,FXSAPIDebugLogFile.txt,0
13628,1790408320580,FXSTIFFDebugLogFile.txt,0
13628,1790408320595,MpCmdRun-13-421CFC91-A93E-42AB-A35C-F06F127FCC44.lock,0
13628,1790408320595,MpCmdRun-13-53C9D589-6B66-4F30-9BAB-9A0193B0BAFC.lock,0
13628,1790408320595,MpCmdRun.log,18092
13628,1790408320611,MpSigStub.log,101966
13628,1790408320611,msedge_installer.log,68015
13628,1790408320611,skin.zip,231625
13628,1790408320627,SYS32_Hardware.exe,32671232
14190,1790408321142,bb3a785178f443fda931098a5a9a306b.db.ses,53
14190,1790408321142,FXSAPIDebugLogFile.txt,0
14190,1790408321142,FXSTIFFDebugLogFile.txt,0
14190,1790408321142,MpCmdRun-13-421CFC91-A93E-42AB-A35C-F06F127FCC44.lock,0
14190,1790408321158,MpCmdRun-13-53C9D589-6B66-4F30-9BAB-9A0193B0BAFC.lock,0
14190,1790408321158,MpCmdRun.log,18092
14190,1790408321174,MpSigStub.log,101966
14190,1790408321174,msedge_installer.log,68015
14190,1790408321174,skin.zip,231625
14190,1790408321189,SYS32_Hardware.exe,32671232
14769,1790408321720,bb3a785178f443fda931098a5a9a306b.db.ses,53
14769,1790408321720,FXSAPIDebugLogFile.txt,0
14769,1790408321720,FXSTIFFDebugLogFile.txt,0
14769,1790408321720,MpCmdRun-13-421CFC91-A93E-42AB-A35C-F06F127FCC44.lock,0
14769,1790408321736,MpCmdRun-13-53C9D589-6B66-4F30-9BAB-9A0193B0BAFC.lock,0
14769,1790408321736,MpCmdRun.log,18092
14769,1790408321752,MpSigStub.log,101966
14769,1790408321752,msedge_installer.log,68015
14769,1790408321752,skin.zip,231625
14769,1790408321767,SYS32_Hardware.exe,32671232
15331,1790408322283,bb3a785178f443fda931098a5a9a306b.db.ses,53
15331,1790408322283,FXSAPIDebugLogFile.txt,0
15331,1790408322283,FXSTIFFDebugLogFile.txt,0
15331,1790408322299,MpCmdRun-13-421CFC91-A93E-42AB-A35C-F06F127FCC44.lock,0
15331,1790408322299,MpCmdRun-13-53C9D589-6B66-4F30-9BAB-9A0193B0BAFC.lock,0
15331,1790408322299,MpCmdRun.log,18092
15331,1790408322314,MpSigStub.log,101966
15331,1790408322314,msedge_installer.log,68015
15331,1790408322330,skin.zip,231625
15331,1790408322330,SYS32_Hardware.exe,32671232
15894,1790408322845,bb3a785178f443fda931098a5a9a306b.db.ses,53
15894,1790408322845,FXSAPIDebugLogFile.txt,0
15894,1790408322861,FXSTIFFDebugLogFile.txt,0
15894,1790408322892,MpCmdRun-13-421CFC91-A93E-42AB-A35C-F06F127FCC44.lock,0
15894,1790408322892,MpCmdRun-13-53C9D589-6B66-4F30-9BAB-9A0193B0BAFC.lock,0
15894,1790408322908,MpCmdRun.log,18092
15894,1790408322908,MpSigStub.log,101966
15894,1790408322924,msedge_installer.log,68015
15894,1790408322956,skin.zip,231625
15894,1790408322970,SYS32_Hardware.exe,32671232
16535,1790408323486,bb3a785178f443fda931098a5a9a306b.db.ses,53
16535,1790408323486,FXSAPIDebugLogFile.txt,0
16535,1790408323502,FXSTIFFDebugLogFile.txt,0
16535,1790408323517,MpCmdRun-13-421CFC91-A93E-42AB-A35C-F06F127FCC44.lock,0
16535,1790408323517,MpCmdRun-13-53C9D589-6B66-4F30-9BAB-9A0193B0BAFC.lock,0
16535,1790408323533,MpCmdRun.log,18092
16535,1790408323549,MpSigStub.log,101966
16535,1790408323564,msedge_installer.log,68015
16535,1790408323580,skin.zip,231625
16535,1790408323580,SYS32_Hardware.exe,32671232
17159,1790408324111,bb3a785178f443fda931098a5a9a306b.db.ses,53
17159,1790408324111,FXSAPIDebugLogFile.txt,0
17159,1790408324111,FXSTIFFDebugLogFile.txt,0
17159,1790408324111,MpCmdRun-13-421CFC91-A93E-42AB-A35C-F06F127FCC44.lock,0
17159,1790408324127,MpCmdRun-13-53C9D589-6B66-4F30-9BAB-9A0193B0BAFC.lock,0
17159,1790408324127,MpCmdRun.log,18092
17159,1790408324127,MpSigStub.log,101966
17159,1790408324142,msedge_installer.log,68015
17159,1790408324142,skin.zip,231625
17159,1790408324158,SYS32_Hardware.exe,32671232
17706,1790408324658,bb3a785178f443fda931098a5a9a306b.db.ses,53
17706,1790408324658,FXSAPIDebugLogFile.txt,0
17706,1790408324658,FXSTIFFDebugLogFile.txt,0
17706,1790408324658,MpCmdRun-13-421CFC91-A93E-42AB-A35C-F06F127FCC44.lock,0
17706,1790408324674,MpCmdRun-13-53C9D589-6B66-4F30-9BAB-9A0193B0BAFC.lock,0
17706,1790408324674,MpCmdRun.log,18092
17706,1790408324689,MpSigStub.log,101966
17706,1790408324689,msedge_installer.log,68015
17706,1790408324689,skin.zip,231625
17706,1790408324705,SYS32_Hardware.exe,32671232
18269,1790408325220,bb3a785178f443fda931098a5a9a306b.db.ses,53
18269,1790408325220,FXSAPIDebugLogFile.txt,0
18269,1790408325220,FXSTIFFDebugLogFile.txt,0
18269,1790408325220,MpCmdRun-13-421CFC91-A93E-42AB-A35C-F06F127FCC44.lock,0
18269,1790408325236,MpCmdRun-13-53C9D589-6B66-4F30-9BAB-9A0193B0BAFC.lock,0
18269,1790408325236,MpCmdRun.log,18092
18269,1790408325252,MpSigStub.log,101966
18269,1790408325252,msedge_installer.log,68015
18269,1790408325252,skin.zip,231625
18269,1790408325267,SYS32_Hardware.exe,32671232
18831,1790408325783,bb3a785178f443fda931098a5a9a306b.db.ses,53
18831,1790408325783,FXSAPIDebugLogFile.txt,0
18831,1790408325783,FXSTIFFDebugLogFile.txt,0
18831,1790408325799,MpCmdRun-13-421CFC91-A93E-42AB-A35C-F06F127FCC44.lock,0
18831,1790408325799,MpCmdRun-13-53C9D589-6B66-4F30-9BAB-9A0193B0BAFC.lock,0
18831,1790408325799,MpCmdRun.log,18092
18831,1790408325814,MpSigStub.log,101966
18831,1790408325814,msedge_installer.log,68015
18831,1790408325830,skin.zip,231625
18831,1790408325830,SYS32_Hardware.exe,32671232
19394,1790408326345,bb3a785178f443fda931098a5a9a306b.db.ses,53
19394,1790408326345,FXSAPIDebugLogFile.txt,0
19394,1790408326345,FXSTIFFDebugLogFile.txt,0
19394,1790408326361,MpCmdRun-13-421CFC91-A93E-42AB-A35C-F06F127FCC44.lock,0
19394,1790408326361,MpCmdRun-13-53C9D589-6B66-4F30-9BAB-9A0193B0BAFC.lock,0
19394,1790408326377,MpCmdRun.log,18092
19394,1790408326377,MpSigStub.log,101966
19394,1790408326392,msedge_installer.log,68015
19394,1790408326408,skin.zip,231625
19394,1790408326408,SYS32_Hardware.exe,32671232
19987,1790408326939,bb3a785178f443fda931098a5a9a306b.db.ses,53
19987,1790408326939,FXSAPIDebugLogFile.txt,0
19987,1790408326939,FXSTIFFDebugLogFile.txt,0
19987,1790408326939,MpCmdRun-13-421CFC91-A93E-42AB-A35C-F06F127FCC44.lock,0
19987,1790408326955,MpCmdRun-13-53C9D589-6B66-4F30-9BAB-9A0193B0BAFC.lock,0
19987,1790408326955,MpCmdRun.log,18092
19987,1790408326955,MpSigStub.log,101966
19987,1790408326970,msedge_installer.log,68015
19987,1790408326970,skin.zip,231625
19987,1790408326986,SYS32_Hardware.exe,32671232
20550,1790408327502,bb3a785178f443fda931098a5a9a306b.db.ses,53
20550,1790408327502,FXSAPIDebugLogFile.txt,0
20550,1790408327502,FXSTIFFDebugLogFile.txt,0
20550,1790408327517,MpCmdRun-13-421CFC91-A93E-42AB-A35C-F06F127FCC44.lock,0
20550,1790408327517,MpCmdRun-13-53C9D589-6B66-4F30-9BAB-9A0193B0BAFC.lock,0
20550,1790408327517,MpCmdRun.log,18092
20550,1790408327533,MpSigStub.log,101966
20550,1790408327549,msedge_installer.log,68015
20550,1790408327549,skin.zip,231625
20550,1790408327564,SYS32_Hardware.exe,32671232
21112,1790408328064,bb3a785178f443fda931098a5a9a306b.db.ses,53
21112,1790408328064,FXSAPIDebugLogFile.txt,0
21112,1790408328064,FXSTIFFDebugLogFile.txt,0
21112,1790408328064,MpCmdRun-13-421CFC91-A93E-42AB-A35C-F06F127FCC44.lock,0
21112,1790408328080,MpCmdRun-13-53C9D589-6B66-4F30-9BAB-9A0193B0BAFC.lock,0
21112,1790408328080,MpCmdRun.log,18092
21112,1790408328095,MpSigStub.log,101966
21112,1790408328095,msedge_installer.log,68015
21112,1790408328095,skin.zip,231625
21112,1790408328111,SYS32_Hardware.exe,32671232
21660,1790408328611,bb3a785178f443fda931098a5a9a306b.db.ses,53
21660,1790408328611,FXSAPIDebugLogFile.txt,0
21660,1790408328627,FXSTIFFDebugLogFile.txt,0
21660,1790408328627,MpCmdRun-13-421CFC91-A93E-42AB-A35C-F06F127FCC44.lock,0
21660,1790408328642,MpCmdRun-13-53C9D589-6B66-4F30-9BAB-9A0193B0BAFC.lock,0
21660,1790408328642,MpCmdRun.log,18092
21660,1790408328658,MpSigStub.log,101966
21660,1790408328674,msedge_installer.log,68015
21660,1790408328674,skin.zip,231625
21660,1790408328689,SYS32_Hardware.exe,32671232
22269,1790408329220,bb3a785178f443fda931098a5a9a306b.db.ses,53
22269,1790408329220,FXSAPIDebugLogFile.txt,0
22269,1790408329220,FXSTIFFDebugLogFile.txt,0
22269,1790408329220,MpCmdRun-13-421CFC91-A93E-42AB-A35C-F06F127FCC44.lock,0
22269,1790408329236,MpCmdRun-13-53C9D589-6B66-4F30-9BAB-9A0193B0BAFC.lock,0
22269,1790408329236,MpCmdRun.log,18092
22269,1790408329236,MpSigStub.log,101966
22269,1790408329252,msedge_installer.log,68015
22269,1790408329252,skin.zip,231625
22269,1790408329267,SYS32_Hardware.exe,32671232
22831,1790408329783,bb3a785178f443fda931098a5a9a306b.db.ses,53
22831,1790408329783,FXSAPIDebugLogFile.txt,0
22831,1790408329783,FXSTIFFDebugLogFile.txt,0
22831,1790408329799,MpCmdRun-13-421CFC91-A93E-42AB-A35C-F06F127FCC44.lock,0
22831,1790408329799,MpCmdRun-13-53C9D589-6B66-4F30-9BAB-9A0193B0BAFC.lock,0
22831,1790408329799,MpCmdRun.log,18092
22831,1790408329814,MpSigStub.log,101966
22831,1790408329814,msedge_installer.log,68015
22831,1790408329830,skin.zip,231625
22831,1790408329830,SYS32_Hardware.exe,32671232
23409,1790408330361,bb3a785178f443fda931098a5a9a306b.db.ses,53
23409,1790408330361,FXSAPIDebugLogFile.txt,0
23409,1790408330361,FXSTIFFDebugLogFile.txt,0
23409,1790408330361,MpCmdRun-13-421CFC91-A93E-42AB-A35C-F06F127FCC44.lock,0
23409,1790408330377,MpCmdRun-13-53C9D589-6B66-4F30-9BAB-9A0193B0BAFC.lock,0
23409,1790408330377,MpCmdRun.log,18092
23409,1790408330377,MpSigStub.log,101966
23409,1790408330392,msedge_installer.log,68015
23409,1790408330392,skin.zip,231625
23409,1790408330408,SYS32_Hardware.exe,32671232
23972,1790408330924,bb3a785178f443fda931098a5a9a306b.db.ses,53
23972,1790408330924,FXSAPIDebugLogFile.txt,0
23972,1790408330924,FXSTIFFDebugLogFile.txt,0
23972,1790408330924,MpCmdRun-13-421CFC91-A93E-42AB-A35C-F06F127FCC44.lock,0
23972,1790408330939,MpCmdRun-13-53C9D589-6B66-4F30-9BAB-9A0193B0BAFC.lock,0
23972,1790408330939,MpCmdRun.log,18092
23972,1790408330939,MpSigStub.log,101966
23972,1790408330955,msedge_installer.log,68015
23972,1790408330955,skin.zip,231625
23972,1790408330955,SYS32_Hardware.exe,32671232
24534,1790408331486,bb3a785178f443fda931098a5a9a306b.db.ses,53
24534,1790408331486,FXSAPIDebugLogFile.txt,0
24534,1790408331486,FXSTIFFDebugLogFile.txt,0
24534,1790408331502,MpCmdRun-13-421CFC91-A93E-42AB-A35C-F06F127FCC44.lock,0
24534,1790408331502,MpCmdRun-13-53C9D589-6B66-4F30-9BAB-9A0193B0BAFC.lock,0
24534,1790408331502,MpCmdRun.log,18092
24534,1790408331517,MpSigStub.log,101966
24534,1790408331517,msedge_installer.log,68015
24534,1790408331533,skin.zip,231625
24534,1790408331533,SYS32_Hardware.exe,32671232
25112,1790408332064,bb3a785178f443fda931098a5a9a306b.db.ses,53
25112,1790408332064,FXSAPIDebugLogFile.txt,0
25112,1790408332064,FXSTIFFDebugLogFile.txt,0
25112,1790408332080,MpCmdRun-13-421CFC91-A93E-42AB-A35C-F06F127FCC44.lock,0
25112,1790408332080,MpCmdRun-13-53C9D589-6B66-4F30-9BAB-9A0193B0BAFC.lock,0
25112,1790408332080,MpCmdRun.log,18092
25112,1790408332095,MpSigStub.log,101966
25112,1790408332095,msedge_installer.log,68015
25112,1790408332111,skin.zip,231625
25112,1790408332111,SYS32_Hardware.exe,32671232
25675,1790408332627,bb3a785178f443fda931098a5a9a306b.db.ses,53
25675,1790408332627,FXSAPIDebugLogFile.txt,0
25675,1790408332627,FXSTIFFDebugLogFile.txt,0
25675,1790408332642,MpCmdRun-13-421CFC91-A93E-42AB-A35C-F06F127FCC44.lock,0
25675,1790408332642,MpCmdRun-13-53C9D589-6B66-4F30-9BAB-9A0193B0BAFC.lock,0
25675,1790408332642,MpCmdRun.log,18092
25675,1790408332658,MpSigStub.log,101966
25675,1790408332658,msedge_installer.log,68015
25675,1790408332674,skin.zip,231625
25675,1790408332674,SYS32_Hardware.exe,32671232
26253,1790408333205,bb3a785178f443fda931098a5a9a306b.db.ses,53
26253,1790408333205,FXSAPIDebugLogFile.txt,0
26253,1790408333205,FXSTIFFDebugLogFile.txt,0
26253,1790408333220,MpCmdRun-13-421CFC91-A93E-42AB-A35C-F06F127FCC44.lock,0
26253,1790408333220,MpCmdRun-13-53C9D589-6B66-4F30-9BAB-9A0193B0BAFC.lock,0
26253,1790408333220,MpCmdRun.log,18092
26253,1790408333236,MpSigStub.log,101966
26253,1790408333236,msedge_installer.log,68015
26253,1790408333252,skin.zip,231625
26253,1790408333252,SYS32_Hardware.exe,32671232
26831,1790408333783,bb3a785178f443fda931098a5a9a306b.db.ses,53
26831,1790408333783,FXSAPIDebugLogFile.txt,0
26831,1790408333783,FXSTIFFDebugLogFile.txt,0
26831,1790408333799,MpCmdRun-13-421CFC91-A93E-42AB-A35C-F06F127FCC44.lock,0
26831,1790408333799,MpCmdRun-13-53C9D589-6B66-4F30-9BAB-9A0193B0BAFC.lock,0
26831,1790408333814,MpCmdRun.log,18092
26831,1790408333814,MpSigStub.log,101966
26831,1790408333830,msedge_installer.log,68015
26831,1790408333830,skin.zip,231625
26831,1790408333830,SYS32_Hardware.exe,32671232
27394,1790408334345,bb3a785178f443fda931098a5a9a306b.db.ses,53
27394,1790408334345,FXSAPIDebugLogFile.txt,0
27394,1790408334345,FXSTIFFDebugLogFile.txt,0
27394,1790408334361,MpCmdRun-13-421CFC91-A93E-42AB-A35C-F06F127FCC44.lock,0
27394,1790408334361,MpCmdRun-13-53C9D589-6B66-4F30-9BAB-9A0193B0BAFC.lock,0
27394,1790408334377,MpCmdRun.log,18092
27394,1790408334377,MpSigStub.log,101966
27394,1790408334392,msedge_installer.log,68015
27394,1790408334392,skin.zip,231625
27394,1790408334408,SYS32_Hardware.exe,32671232
27956,1790408334908,bb3a785178f443fda931098a5a9a306b.db.ses,53
27956,1790408334908,FXSAPIDebugLogFile.txt,0
27956,1790408334908,FXSTIFFDebugLogFile.txt,0
27956,1790408334924,MpCmdRun-13-421CFC91-A93E-42AB-A35C-F06F127FCC44.lock,0
27956,1790408334924,MpCmdRun-13-53C9D589-6B66-4F30-9BAB-9A0193B0BAFC.lock,0
27956,1790408334939,MpCmdRun.log,18092
27956,1790408334939,MpSigStub.log,101966
27956,1790408334939,msedge_installer.log,68015
27956,1790408334955,skin.zip,231625
27956,1790408334955,SYS32_Hardware.exe,32671232
28550,1790408335502,bb3a785178f443fda931098a5a9a306b.db.ses,53
28550,1790408335502,FXSAPIDebugLogFile.txt,0
28550,1790408335533,FXSTIFFDebugLogFile.txt,0
28550,1790408335549,MpCmdRun-13-421CFC91-A93E-42AB-A35C-F06F127FCC44.lock,0
28550,1790408335565,MpCmdRun-13-53C9D589-6B66-4F30-9BAB-9A0193B0BAFC.lock,0
28550,1790408335580,MpCmdRun.log,18092
28550,1790408335595,MpSigStub.log,101966
28550,1790408335611,msedge_installer.log,68015
28550,1790408335627,skin.zip,231625
28550,1790408335642,SYS32_Hardware.exe,32671232
29191,1790408336142,bb3a785178f443fda931098a5a9a306b.db.ses,53
29191,1790408336142,FXSAPIDebugLogFile.txt,0
29191,1790408336158,FXSTIFFDebugLogFile.txt,0
29191,1790408336158,MpCmdRun-13-421CFC91-A93E-42AB-A35C-F06F127FCC44.lock,0
29191,1790408336174,MpCmdRun-13-53C9D589-6B66-4F30-9BAB-9A0193B0BAFC.lock,0
29191,1790408336174,MpCmdRun.log,18092
29191,1790408336189,MpSigStub.log,101966
29191,1790408336189,msedge_installer.log,68015
29191,1790408336205,skin.zip,231625
29191,1790408336220,SYS32_Hardware.exe,32671232
29785,1790408336736,bb3a785178f443fda931098a5a9a306b.db.ses,53
29785,1790408336736,FXSAPIDebugLogFile.txt,0
29785,1790408336736,FXSTIFFDebugLogFile.txt,0
29785,1790408336752,MpCmdRun-13-421CFC91-A93E-42AB-A35C-F06F127FCC44.lock,0
29785,1790408336752,MpCmdRun-13-53C9D589-6B66-4F30-9BAB-9A0193B0BAFC.lock,0
29785,1790408336752,MpCmdRun.log,18092
29785,1790408336767,MpSigStub.log,101966
29785,1790408336767,msedge_installer.log,68015
29785,1790408336783,skin.zip,231625
29785,1790408336799,SYS32_Hardware.exe,32671232
30362,1790408337314,bb3a785178f443fda931098a5a9a306b.db.ses,53
30362,1790408337314,FXSAPIDebugLogFile.txt,0
30362,1790408337314,FXSTIFFDebugLogFile.txt,0
30362,1790408337330,MpCmdRun-13-421CFC91-A93E-42AB-A35C-F06F127FCC44.lock,0
30362,1790408337330,MpCmdRun-13-53C9D589-6B66-4F30-9BAB-9A0193B0BAFC.lock,0
30362,1790408337330,MpCmdRun.log,18092
30362,1790408337345,MpSigStub.log,101966
30362,1790408337345,msedge_installer.log,68015
30362,1790408337361,skin.zip,231625
30362,1790408337361,SYS32_Hardware.exe,32671232
30925,1790408337877,bb3a785178f443fda931098a5a9a306b.db.ses,53
30925,1790408337877,FXSAPIDebugLogFile.txt,0
30925,1790408337877,FXSTIFFDebugLogFile.txt,0
30925,1790408337892,MpCmdRun-13-421CFC91-A93E-42AB-A35C-F06F127FCC44.lock,0
30925,1790408337892,MpCmdRun-13-53C9D589-6B66-4F30-9BAB-9A0193B0BAFC.lock,0
30925,1790408337892,MpCmdRun.log,18092
30925,1790408337908,MpSigStub.log,101966
30925,1790408337908,msedge_installer.log,68015
30925,1790408337924,skin.zip,231625
30925,1790408337924,SYS32_Hardware.exe,32671232
31503,1790408338455,bb3a785178f443fda931098a5a9a306b.db.ses,53
31503,1790408338455,FXSAPIDebugLogFile.txt,0
31503,1790408338455,FXSTIFFDebugLogFile.txt,0
31503,1790408338470,MpCmdRun-13-421CFC91-A93E-42AB-A35C-F06F127FCC44.lock,0
31503,1790408338470,MpCmdRun-13-53C9D589-6B66-4F30-9BAB-9A0193B0BAFC.lock,0
31503,1790408338486,MpCmdRun.log,18092
31503,1790408338486,MpSigStub.log,101966
31503,1790408338502,msedge_installer.log,68015
31503,1790408338517,skin.zip,231625
31503,1790408338517,SYS32_Hardware.exe,32671232
32081,1790408339033,bb3a785178f443fda931098a5a9a306b.db.ses,53
32081,1790408339033,FXSAPIDebugLogFile.txt,0
32081,1790408339033,FXSTIFFDebugLogFile.txt,0
32081,1790408339049,MpCmdRun-13-421CFC91-A93E-42AB-A35C-F06F127FCC44.lock,0
32081,1790408339049,MpCmdRun-13-53C9D589-6B66-4F30-9BAB-9A0193B0BAFC.lock,0
32081,1790408339064,MpCmdRun.log,18092
32081,1790408339064,MpSigStub.log,101966
32081,1790408339064,msedge_installer.log,68015
32081,1790408339080,skin.zip,231625
32081,1790408339080,SYS32_Hardware.exe,32671232
32660,1790408339611,bb3a785178f443fda931098a5a9a306b.db.ses,53
32660,1790408339611,FXSAPIDebugLogFile.txt,0
32660,1790408339611,FXSTIFFDebugLogFile.txt,0
32660,1790408339627,MpCmdRun-13-421CFC91-A93E-42AB-A35C-F06F127FCC44.lock,0
32660,1790408339642,MpCmdRun-13-53C9D589-6B66-4F30-9BAB-9A0193B0BAFC.lock,0
32660,1790408339642,MpCmdRun.log,18092
32660,1790408339642,MpSigStub.log,101966
32660,1790408339658,msedge_installer.log,68015
32660,1790408339658,skin.zip,231625
32660,1790408339674,SYS32_Hardware.exe,32671232
33237,1790408340189,bb3a785178f443fda931098a5a9a306b.db.ses,53
33237,1790408340189,FXSAPIDebugLogFile.txt,0
33237,1790408340189,FXSTIFFDebugLogFile.txt,0
33237,1790408340205,MpCmdRun-13-421CFC91-A93E-42AB-A35C-F06F127FCC44.lock,0
33237,1790408340205,MpCmdRun-13-53C9D589-6B66-4F30-9BAB-9A0193B0BAFC.lock,0
33237,1790408340220,MpCmdRun.log,18250
33237,1790408340220,MpSigStub.log,101966
33237,1790408340236,msedge_installer.log,68015
33237,1790408340236,skin.zip,231625
33237,1790408340252,SYS32_Hardware.exe,32671232
33816,1790408340767,bb3a785178f443fda931098a5a9a306b.db.ses,53
33816,1790408340767,FXSAPIDebugLogFile.txt,0
33816,1790408340783,FXSTIFFDebugLogFile.txt,0
33816,1790408340783,MpCmdRun-13-421CFC91-A93E-42AB-A35C-F06F127FCC44.lock,0
33816,1790408340799,MpCmdRun-13-53C9D589-6B66-4F30-9BAB-9A0193B0BAFC.lock,0
33816,1790408340814,MpCmdRun.log,18250
33816,1790408340814,MpSigStub.log,101966
33816,1790408340830,msedge_installer.log,68015
33816,1790408340845,skin.zip,231625
33816,1790408340845,SYS32_Hardware.exe,32671232
34410,1790408341361,bb3a785178f443fda931098a5a9a306b.db.ses,53
34410,1790408341361,FXSAPIDebugLogFile.txt,0
34410,1790408341377,FXSTIFFDebugLogFile.txt,0
34410,1790408341377,MpCmdRun-13-421CFC91-A93E-42AB-A35C-F06F127FCC44.lock,0
34410,1790408341377,MpCmdRun-13-53C9D589-6B66-4F30-9BAB-9A0193B0BAFC.lock,0
34410,1790408341392,MpCmdRun.log,18250
34410,1790408341392,MpSigStub.log,101966
34410,1790408341408,msedge_installer.log,68015
34410,1790408341408,skin.zip,231625
34410,1790408341424,SYS32_Hardware.exe,32671232
35003,1790408341955,bb3a785178f443fda931098a5a9a306b.db.ses,53
35003,1790408341955,FXSAPIDebugLogFile.txt,0
35003,1790408341955,FXSTIFFDebugLogFile.txt,0
35003,1790408341970,MpCmdRun-13-421CFC91-A93E-42AB-A35C-F06F127FCC44.lock,0
35003,1790408341970,MpCmdRun-13-53C9D589-6B66-4F30-9BAB-9A0193B0BAFC.lock,0
35003,1790408341986,MpCmdRun.log,18250
35003,1790408341986,MpSigStub.log,101966
35003,1790408342002,msedge_installer.log,68015
35003,1790408342002,skin.zip,231625
35003,1790408342017,SYS32_Hardware.exe,32671232
35581,1790408342533,bb3a785178f443fda931098a5a9a306b.db.ses,53
35581,1790408342533,FXSAPIDebugLogFile.txt,0
35581,1790408342533,FXSTIFFDebugLogFile.txt,0
35581,1790408342549,MpCmdRun-13-421CFC91-A93E-42AB-A35C-F06F127FCC44.lock,0
35581,1790408342564,MpCmdRun-13-53C9D589-6B66-4F30-9BAB-9A0193B0BAFC.lock,0
35581,1790408342564,MpCmdRun.log,18250
35581,1790408342564,MpSigStub.log,101966
35581,1790408342580,msedge_installer.log,68015
35581,1790408342580,skin.zip,231625
35581,1790408342595,SYS32_Hardware.exe,32671232
36160,1790408343111,bb3a785178f443fda931098a5a9a306b.db.ses,53
36160,1790408343111,FXSAPIDebugLogFile.txt,0
36160,1790408343111,FXSTIFFDebugLogFile.txt,0
36160,1790408343127,MpCmdRun-13-421CFC91-A93E-42AB-A35C-F06F127FCC44.lock,0
36160,1790408343127,MpCmdRun-13-53C9D589-6B66-4F30-9BAB-9A0193B0BAFC.lock,0
36160,1790408343142,MpCmdRun.log,18250
36160,1790408343142,MpSigStub.log,101966
36160,1790408343158,msedge_installer.log,68015
36160,1790408343158,skin.zip,231625
36160,1790408343174,SYS32_Hardware.exe,32671232
36753,1790408343705,bb3a785178f443fda931098a5a9a306b.db.ses,53
36753,1790408343705,FXSAPIDebugLogFile.txt,0
36753,1790408343705,FXSTIFFDebugLogFile.txt,0
36753,1790408343720,MpCmdRun-13-421CFC91-A93E-42AB-A35C-F06F127FCC44.lock,0
36753,1790408343720,MpCmdRun-13-53C9D589-6B66-4F30-9BAB-9A0193B0BAFC.lock,0
36753,1790408343720,MpCmdRun.log,18250
36753,1790408343736,MpSigStub.log,101966
36753,1790408343752,msedge_installer.log,68015
36753,1790408343752,skin.zip,231625
36753,1790408343752,SYS32_Hardware.exe,32671232
37331,1790408344283,bb3a785178f443fda931098a5a9a306b.db.ses,53
37331,1790408344283,FXSAPIDebugLogFile.txt,0
37331,1790408344283,FXSTIFFDebugLogFile.txt,0
37331,1790408344299,MpCmdRun-13-421CFC91-A93E-42AB-A35C-F06F127FCC44.lock,0
37331,1790408344314,MpCmdRun-13-53C9D589-6B66-4F30-9BAB-9A0193B0BAFC.lock,0
37331,1790408344314,MpCmdRun.log,18250
37331,1790408344330,MpSigStub.log,101966
37331,1790408344361,msedge_installer.log,68015
37331,1790408344361,skin.zip,231625
37331,1790408344377,SYS32_Hardware.exe,32671232
37956,1790408344908,bb3a785178f443fda931098a5a9a306b.db.ses,53
37956,1790408344908,FXSAPIDebugLogFile.txt,0
37956,1790408344908,FXSTIFFDebugLogFile.txt,0
37956,1790408344924,MpCmdRun-13-421CFC91-A93E-42AB-A35C-F06F127FCC44.lock,0
37956,1790408344924,MpCmdRun-13-53C9D589-6B66-4F30-9BAB-9A0193B0BAFC.lock,0
37956,1790408344939,MpCmdRun.log,18250
37956,1790408344939,MpSigStub.log,101966
37956,1790408344955,msedge_installer.log,68015
37956,1790408344955,skin.zip,231625
37956,1790408344955,SYS32_Hardware.exe,32671232
38534,1790408345486,bb3a785178f443fda931098a5a9a306b.db.ses,53
38534,1790408345486,FXSAPIDebugLogFile.txt,0
38534,1790408345502,FXSTIFFDebugLogFile.txt,0
38534,1790408345517,MpCmdRun-13-421CFC91-A93E-42AB-A35C-F06F127FCC44.lock,0
38534,1790408345533,MpCmdRun-13-53C9D589-6B66-4F30-9BAB-9A0193B0BAFC.lock,0
38534,1790408345549,MpCmdRun.log,18250
38534,1790408345564,MpSigStub.log,101966
38534,1790408345580,msedge_installer.log,68015
38534,1790408345580,skin.zip,231625
38534,1790408345580,SYS32_Hardware.exe,32671232
39159,1790408346111,bb3a785178f443fda931098a5a9a306b.db.ses,53
39159,1790408346111,FXSAPIDebugLogFile.txt,0
39159,1790408346111,FXSTIFFDebugLogFile.txt,0
39159,1790408346127,MpCmdRun-13-421CFC91-A93E-42AB-A35C-F06F127FCC44.lock,0
39159,1790408346127,MpCmdRun-13-53C9D589-6B66-4F30-9BAB-9A0193B0BAFC.lock,0
39159,1790408346142,MpCmdRun.log,18250
39159,1790408346158,MpSigStub.log,101966
39159,1790408346158,msedge_installer.log,68015
39159,1790408346174,skin.zip,231625
39159,1790408346174,SYS32_Hardware.exe,32671232
39753,1790408346705,bb3a785178f443fda931098a5a9a306b.db.ses,53
39753,1790408346705,FXSAPIDebugLogFile.txt,0
39753,1790408346705,FXSTIFFDebugLogFile.txt,0
39753,1790408346720,MpCmdRun-13-421CFC91-A93E-42AB-A35C-F06F127FCC44.lock,0
39753,1790408346720,MpCmdRun-13-53C9D589-6B66-4F30-9BAB-9A0193B0BAFC.lock,0
39753,1790408346736,MpCmdRun.log,18250
39753,1790408346736,MpSigStub.log,101966
39753,1790408346752,msedge_installer.log,68015
39753,1790408346752,skin.zip,231625
39753,1790408346767,SYS32_Hardware.exe,32671232
40316,1790408347267,bb3a785178f443fda931098a5a9a306b.db.ses,53
40316,1790408347267,FXSAPIDebugLogFile.txt,0
40316,1790408347267,FXSTIFFDebugLogFile.txt,0
40316,1790408347283,MpCmdRun-13-421CFC91-A93E-42AB-A35C-F06F127FCC44.lock,0
40316,1790408347283,MpCmdRun-13-53C9D589-6B66-4F30-9BAB-9A0193B0BAFC.lock,0
40316,1790408347299,MpCmdRun.log,18250
40316,1790408347299,MpSigStub.log,101966
40316,1790408347314,msedge_installer.log,68015
40316,1790408347314,skin.zip,231625
40316,1790408347330,SYS32_Hardware.exe,32671232
40910,1790408347861,bb3a785178f443fda931098a5a9a306b.db.ses,53
40910,1790408347861,FXSAPIDebugLogFile.txt,0
40910,1790408347861,FXSTIFFDebugLogFile.txt,0
40910,1790408347877,MpCmdRun-13-421CFC91-A93E-42AB-A35C-F06F127FCC44.lock,0
40910,1790408347877,MpCmdRun-13-53C9D589-6B66-4F30-9BAB-9A0193B0BAFC.lock,0
40910,1790408347892,MpCmdRun.log,18250
40910,1790408347892,MpSigStub.log,101966
40910,1790408347892,msedge_installer.log,68015
40910,1790408347908,skin.zip,231625
40910,1790408347908,SYS32_Hardware.exe,32671232
41472,1790408348424,bb3a785178f443fda931098a5a9a306b.db.ses,53
41472,1790408348424,FXSAPIDebugLogFile.txt,0
41472,1790408348424,FXSTIFFDebugLogFile.txt,0
41472,1790408348439,MpCmdRun-13-421CFC91-A93E-42AB-A35C-F06F127FCC44.lock,0
41472,1790408348439,MpCmdRun-13-53C9D589-6B66-4F30-9BAB-9A0193B0BAFC.lock,0
41472,1790408348439,MpCmdRun.log,18250
41472,1790408348455,MpSigStub.log,101966
41472,1790408348455,msedge_installer.log,68015
41472,1790408348470,skin.zip,231625
41472,1790408348470,SYS32_Hardware.exe,32671232
42050,1790408349002,bb3a785178f443fda931098a5a9a306b.db.ses,53
42050,1790408349002,FXSAPIDebugLogFile.txt,0
42050,1790408349002,FXSTIFFDebugLogFile.txt,0
42050,1790408349002,MpCmdRun-13-421CFC91-A93E-42AB-A35C-F06F127FCC44.lock,0
42050,1790408349017,MpCmdRun-13-53C9D589-6B66-4F30-9BAB-9A0193B0BAFC.lock,0
42050,1790408349017,MpCmdRun.log,18250
42050,1790408349033,MpSigStub.log,101966
42050,1790408349033,msedge_installer.log,68015
42050,1790408349049,skin.zip,231625
42050,1790408349049,SYS32_Hardware.exe,32671232
42612,1790408349564,bb3a785178f443fda931098a5a9a306b.db.ses,53
42612,1790408349564,FXSAPIDebugLogFile.txt,0
42612,1790408349580,FXSTIFFDebugLogFile.txt,0
42612,1790408349580,MpCmdRun-13-421CFC91-A93E-42AB-A35C-F06F127FCC44.lock,0
42612,1790408349580,MpCmdRun-13-53C9D589-6B66-4F30-9BAB-9A0193B0BAFC.lock,0
42612,1790408349595,MpCmdRun.log,18250
42612,1790408349595,MpSigStub.log,101966
42612,1790408349611,msedge_installer.log,68015
42612,1790408349611,skin.zip,231625
42612,1790408349611,SYS32_Hardware.exe,32671232
43175,1790408350127,bb3a785178f443fda931098a5a9a306b.db.ses,53
43175,1790408350127,FXSAPIDebugLogFile.txt,0
43175,1790408350142,FXSTIFFDebugLogFile.txt,0
43175,1790408350142,MpCmdRun-13-421CFC91-A93E-42AB-A35C-F06F127FCC44.lock,0
43175,1790408350142,MpCmdRun-13-53C9D589-6B66-4F30-9BAB-9A0193B0BAFC.lock,0
43175,1790408350158,MpCmdRun.log,18250
43175,1790408350158,MpSigStub.log,101966
43175,1790408350174,msedge_installer.log,68015
43175,1790408350174,skin.zip,231625
43175,1790408350189,SYS32_Hardware.exe,32671232
43753,1790408350705,bb3a785178f443fda931098a5a9a306b.db.ses,53
43753,1790408350705,FXSAPIDebugLogFile.txt,0
43753,1790408350705,FXSTIFFDebugLogFile.txt,0
43753,1790408350720,MpCmdRun-13-421CFC91-A93E-42AB-A35C-F06F127FCC44.lock,0
43753,1790408350720,MpCmdRun-13-53C9D589-6B66-4F30-9BAB-9A0193B0BAFC.lock,0
43753,1790408350720,MpCmdRun.log,18250
43753,1790408350736,MpSigStub.log,101966
43753,1790408350736,msedge_installer.log,68015
43753,1790408350752,skin.zip,231625
43753,1790408350752,SYS32_Hardware.exe,32671232
44316,1790408351267,bb3a785178f443fda931098a5a9a306b.db.ses,53
44316,1790408351267,FXSAPIDebugLogFile.txt,0
44316,1790408351267,FXSTIFFDebugLogFile.txt,0
44316,1790408351267,MpCmdRun-13-421CFC91-A93E-42AB-A35C-F06F127FCC44.lock,0
44316,1790408351283,MpCmdRun-13-53C9D589-6B66-4F30-9BAB-9A0193B0BAFC.lock,0
44316,1790408351283,MpCmdRun.log,18250
44316,1790408351299,MpSigStub.log,101966
44316,1790408351299,msedge_installer.log,68015
44316,1790408351314,skin.zip,231625
44316,1790408351314,SYS32_Hardware.exe,32671232
44909,1790408351861,bb3a785178f443fda931098a5a9a306b.db.ses,53
44909,1790408351861,FXSAPIDebugLogFile.txt,0
44909,1790408351861,FXSTIFFDebugLogFile.txt,0
44909,1790408351861,MpCmdRun-13-421CFC91-A93E-42AB-A35C-F06F127FCC44.lock,0
44909,1790408351877,MpCmdRun-13-53C9D589-6B66-4F30-9BAB-9A0193B0BAFC.lock,0
44909,1790408351877,MpCmdRun.log,18250
44909,1790408351892,MpSigStub.log,101966
44909,1790408351892,msedge_installer.log,68015
44909,1790408351908,skin.zip,231625
44909,1790408351908,SYS32_Hardware.exe,32671232
45472,1790408352424,bb3a785178f443fda931098a5a9a306b.db.ses,53
45472,1790408352424,FXSAPIDebugLogFile.txt,0
45472,1790408352424,FXSTIFFDebugLogFile.txt,0
45472,1790408352424,MpCmdRun-13-421CFC91-A93E-42AB-A35C-F06F127FCC44.lock,0
45472,1790408352439,MpCmdRun-13-53C9D589-6B66-4F30-9BAB-9A0193B0BAFC.lock,0
45472,1790408352439,MpCmdRun.log,18250
45472,1790408352455,MpSigStub.log,101966
45472,1790408352455,msedge_installer.log,68015
45472,1790408352455,skin.zip,231625
45472,1790408352470,SYS32_Hardware.exe,32671232
46034,1790408352986,bb3a785178f443fda931098a5a9a306b.db.ses,53
46034,1790408352986,FXSAPIDebugLogFile.txt,0
46034,1790408352986,FXSTIFFDebugLogFile.txt,0
46034,1790408353002,MpCmdRun-13-421CFC91-A93E-42AB-A35C-F06F127FCC44.lock,0
46034,1790408353002,MpCmdRun-13-53C9D589-6B66-4F30-9BAB-9A0193B0BAFC.lock,0
46034,1790408353002,MpCmdRun.log,18250
46034,1790408353017,MpSigStub.log,101966
46034,1790408353017,msedge_installer.log,68015
46034,1790408353033,skin.zip,231625
46034,1790408353033,SYS32_Hardware.exe,32671232
46612,1790408353564,bb3a785178f443fda931098a5a9a306b.db.ses,53
46612,1790408353564,FXSAPIDebugLogFile.txt,0
46612,1790408353564,FXSTIFFDebugLogFile.txt,0
46612,1790408353580,MpCmdRun-13-421CFC91-A93E-42AB-A35C-F06F127FCC44.lock,0
46612,1790408353580,MpCmdRun-13-53C9D589-6B66-4F30-9BAB-9A0193B0BAFC.lock,0
46612,1790408353580,MpCmdRun.log,18250
46612,1790408353595,MpSigStub.log,101966
46612,1790408353595,msedge_installer.log,68015
46612,1790408353611,skin.zip,231625
46612,1790408353611,SYS32_Hardware.exe,32671232
47159,1790408354111,bb3a785178f443fda931098a5a9a306b.db.ses,53
47159,1790408354111,FXSAPIDebugLogFile.txt,0
47159,1790408354111,FXSTIFFDebugLogFile.txt,0
47159,1790408354111,MpCmdRun-13-421CFC91-A93E-42AB-A35C-F06F127FCC44.lock,0
47159,1790408354127,MpCmdRun-13-53C9D589-6B66-4F30-9BAB-9A0193B0BAFC.lock,0
47159,1790408354127,MpCmdRun.log,18250
47159,1790408354142,MpSigStub.log,101966
47159,1790408354142,msedge_installer.log,68015
47159,1790408354158,skin.zip,231625
47159,1790408354158,SYS32_Hardware.exe,32671232
47722,1790408354674,bb3a785178f443fda931098a5a9a306b.db.ses,53
47722,1790408354674,FXSAPIDebugLogFile.txt,0
47722,1790408354674,FXSTIFFDebugLogFile.txt,0
47722,1790408354689,MpCmdRun-13-421CFC91-A93E-42AB-A35C-F06F127FCC44.lock,0
47722,1790408354689,MpCmdRun-13-53C9D589-6B66-4F30-9BAB-9A0193B0BAFC.lock,0
47722,1790408354689,MpCmdRun.log,18250
47722,1790408354705,MpSigStub.log,101966
47722,1790408354705,msedge_installer.log,68015
47722,1790408354720,skin.zip,231625
47722,1790408354720,SYS32_Hardware.exe,32671232
48300,1790408355252,bb3a785178f443fda931098a5a9a306b.db.ses,53
48300,1790408355252,FXSAPIDebugLogFile.txt,0
48300,1790408355252,FXSTIFFDebugLogFile.txt,0
48300,1790408355267,MpCmdRun-13-421CFC91-A93E-42AB-A35C-F06F127FCC44.lock,0
48300,1790408355267,MpCmdRun-13-53C9D589-6B66-4F30-9BAB-9A0193B0BAFC.lock,0
48300,1790408355267,MpCmdRun.log,18250
48300,1790408355283,MpSigStub.log,101966
48300,1790408355283,msedge_installer.log,68015
48300,1790408355299,skin.zip,231625
48300,1790408355299,SYS32_Hardware.exe,32671232
48878,1790408355830,bb3a785178f443fda931098a5a9a306b.db.ses,53
48878,1790408355830,FXSAPIDebugLogFile.txt,0
48878,1790408355830,FXSTIFFDebugLogFile.txt,0
48878,1790408355845,MpCmdRun-13-421CFC91-A93E-42AB-A35C-F06F127FCC44.lock,0
48878,1790408355845,MpCmdRun-13-53C9D589-6B66-4F30-9BAB-9A0193B0BAFC.lock,0
48878,1790408355845,MpCmdRun.log,18250
48878,1790408355861,MpSigStub.log,101966
48878,1790408355861,msedge_installer.log,68015
48878,1790408355877,skin.zip,231625
48878,1790408355877,SYS32_Hardware.exe,32671232
49441,1790408356392,bb3a785178f443fda931098a5a9a306b.db.ses,53
49441,1790408356392,FXSAPIDebugLogFile.txt,0
49441,1790408356392,FXSTIFFDebugLogFile.txt,0
49441,1790408356408,MpCmdRun-13-421CFC91-A93E-42AB-A35C-F06F127FCC44.lock,0
49441,1790408356408,MpCmdRun-13-53C9D589-6B66-4F30-9BAB-9A0193B0BAFC.lock,0
49441,1790408356424,MpCmdRun.log,18250
49441,1790408356424,MpSigStub.log,101966
49441,1790408356439,msedge_installer.log,68015
49441,1790408356439,skin.zip,231625
49441,1790408356439,SYS32_Hardware.exe,32671232
50019,1790408356970,bb3a785178f443fda931098a5a9a306b.db.ses,53
50019,1790408356970,FXSAPIDebugLogFile.txt,0
50019,1790408356970,FXSTIFFDebugLogFile.txt,0
50019,1790408356986,MpCmdRun-13-421CFC91-A93E-42AB-A35C-F06F127FCC44.lock,0
50019,1790408356986,MpCmdRun-13-53C9D589-6B66-4F30-9BAB-9A0193B0BAFC.lock,0
50019,1790408356986,MpCmdRun.log,18250
50019,1790408357002,MpSigStub.log,101966
50019,1790408357002,msedge_installer.log,68015
50019,1790408357017,skin.zip,231625
50019,1790408357017,SYS32_Hardware.exe,32671232
50581,1790408357533,bb3a785178f443fda931098a5a9a306b.db.ses,53
50581,1790408357533,FXSAPIDebugLogFile.txt,0
50581,1790408357533,FXSTIFFDebugLogFile.txt,0
50581,1790408357549,MpCmdRun-13-421CFC91-A93E-42AB-A35C-F06F127FCC44.lock,0
50581,1790408357549,MpCmdRun-13-53C9D589-6B66-4F30-9BAB-9A0193B0BAFC.lock,0
50581,1790408357564,MpCmdRun.log,18250
50581,1790408357580,MpSigStub.log,101966
50581,1790408357580,msedge_installer.log,68015
50581,1790408357595,skin.zip,231625
50581,1790408357595,SYS32_Hardware.exe,32671232
51144,1790408358095,bb3a785178f443fda931098a5a9a306b.db.ses,53
51144,1790408358095,FXSAPIDebugLogFile.txt,0
51144,1790408358095,FXSTIFFDebugLogFile.txt,0
51144,1790408358111,MpCmdRun-13-421CFC91-A93E-42AB-A35C-F06F127FCC44.lock,0
51144,1790408358111,MpCmdRun-13-53C9D589-6B66-4F30-9BAB-9A0193B0BAFC.lock,0
51144,1790408358111,MpCmdRun.log,18250
51144,1790408358127,MpSigStub.log,101966
51144,1790408358127,msedge_installer.log,68015
51144,1790408358142,skin.zip,231625
51144,1790408358142,SYS32_Hardware.exe,32671232
51691,1790408358642,bb3a785178f443fda931098a5a9a306b.db.ses,53
51691,1790408358642,FXSAPIDebugLogFile.txt,0
51691,1790408358642,FXSTIFFDebugLogFile.txt,0
51691,1790408358658,MpCmdRun-13-421CFC91-A93E-42AB-A35C-F06F127FCC44.lock,0
51691,1790408358658,MpCmdRun-13-53C9D589-6B66-4F30-9BAB-9A0193B0BAFC.lock,0
51691,1790408358674,MpCmdRun.log,18250
51691,1790408358674,MpSigStub.log,101966
51691,1790408358689,msedge_installer.log,68015
51691,1790408358689,skin.zip,231625
51691,1790408358689,SYS32_Hardware.exe,32671232
52253,1790408359205,bb3a785178f443fda931098a5a9a306b.db.ses,53
52253,1790408359205,FXSAPIDebugLogFile.txt,0
52253,1790408359205,FXSTIFFDebugLogFile.txt,0
52253,1790408359205,MpCmdRun-13-421CFC91-A93E-42AB-A35C-F06F127FCC44.lock,0
52253,1790408359220,MpCmdRun-13-53C9D589-6B66-4F30-9BAB-9A0193B0BAFC.lock,0
52253,1790408359220,MpCmdRun.log,18250
52253,1790408359236,MpSigStub.log,101966
52253,1790408359236,msedge_installer.log,68015
52253,1790408359236,skin.zip,231625
52253,1790408359252,SYS32_Hardware.exe,32671232
52816,1790408359767,bb3a785178f443fda931098a5a9a306b.db.ses,53
52816,1790408359767,FXSAPIDebugLogFile.txt,0
52816,1790408359767,FXSTIFFDebugLogFile.txt,0
52816,1790408359783,MpCmdRun-13-421CFC91-A93E-42AB-A35C-F06F127FCC44.lock,0
52816,1790408359783,MpCmdRun-13-53C9D589-6B66-4F30-9BAB-9A0193B0BAFC.lock,0
52816,1790408359783,MpCmdRun.log,18250
52816,1790408359799,MpSigStub.log,101966
52816,1790408359799,msedge_installer.log,68015
52816,1790408359814,skin.zip,231625
52816,1790408359814,SYS32_Hardware.exe,32671232
53394,1790408360345,bb3a785178f443fda931098a5a9a306b.db.ses,53
53394,1790408360345,FXSAPIDebugLogFile.txt,0
53394,1790408360345,FXSTIFFDebugLogFile.txt,0
53394,1790408360345,MpCmdRun-13-421CFC91-A93E-42AB-A35C-F06F127FCC44.lock,0
53394,1790408360361,MpCmdRun-13-53C9D589-6B66-4F30-9BAB-9A0193B0BAFC.lock,0
53394,1790408360361,MpCmdRun.log,18250
53394,1790408360377,MpSigStub.log,101966
53394,1790408360377,msedge_installer.log,68015
53394,1790408360392,skin.zip,231625
53394,1790408360392,SYS32_Hardware.exe,32671232
53972,1790408360924,bb3a785178f443fda931098a5a9a306b.db.ses,53
53972,1790408360924,FXSAPIDebugLogFile.txt,0
53972,1790408360924,FXSTIFFDebugLogFile.txt,0
53972,1790408360924,MpCmdRun-13-421CFC91-A93E-42AB-A35C-F06F127FCC44.lock,0
53972,1790408360939,MpCmdRun-13-53C9D589-6B66-4F30-9BAB-9A0193B0BAFC.lock,0
53972,1790408360939,MpCmdRun.log,18250
53972,1790408360955,MpSigStub.log,101966
53972,1790408360955,msedge_installer.log,68015
53972,1790408360955,skin.zip,231625
53972,1790408360970,SYS32_Hardware.exe,32671232
54550,1790408361502,bb3a785178f443fda931098a5a9a306b.db.ses,53
54550,1790408361502,FXSAPIDebugLogFile.txt,0
54550,1790408361502,FXSTIFFDebugLogFile.txt,0
54550,1790408361517,MpCmdRun-13-421CFC91-A93E-42AB-A35C-F06F127FCC44.lock,0
54550,1790408361517,MpCmdRun-13-53C9D589-6B66-4F30-9BAB-9A0193B0BAFC.lock,0
54550,1790408361517,MpCmdRun.log,18250
54550,1790408361533,MpSigStub.log,101966
54550,1790408361533,msedge_installer.log,68015
54550,1790408361549,skin.zip,231625
54550,1790408361549,SYS32_Hardware.exe,32671232
55112,1790408362064,bb3a785178f443fda931098a5a9a306b.db.ses,53
55112,1790408362064,FXSAPIDebugLogFile.txt,0
55112,1790408362064,FXSTIFFDebugLogFile.txt,0
55112,1790408362064,MpCmdRun-13-421CFC91-A93E-42AB-A35C-F06F127FCC44.lock,0
55112,1790408362080,MpCmdRun-13-53C9D589-6B66-4F30-9BAB-9A0193B0BAFC.lock,0
55112,1790408362080,MpCmdRun.log,18250
55112,1790408362095,MpSigStub.log,101966
55112,1790408362095,msedge_installer.log,68015
55112,1790408362095,skin.zip,231625
55112,1790408362111,SYS32_Hardware.exe,32671232
55660,1790408362611,bb3a785178f443fda931098a5a9a306b.db.ses,53
55660,1790408362611,FXSAPIDebugLogFile.txt,0
55660,1790408362611,FXSTIFFDebugLogFile.txt,0
55660,1790408362627,MpCmdRun-13-421CFC91-A93E-42AB-A35C-F06F127FCC44.lock,0
55660,1790408362627,MpCmdRun-13-53C9D589-6B66-4F30-9BAB-9A0193B0BAFC.lock,0
55660,1790408362642,MpCmdRun.log,18250
55660,1790408362642,MpSigStub.log,101966
55660,1790408362658,msedge_installer.log,68015
55660,1790408362658,skin.zip,231625
55660,1790408362658,SYS32_Hardware.exe,32671232
56223,1790408363174,bb3a785178f443fda931098a5a9a306b.db.ses,53
56223,1790408363174,FXSAPIDebugLogFile.txt,0
56223,1790408363174,FXSTIFFDebugLogFile.txt,0
56223,1790408363189,MpCmdRun-13-421CFC91-A93E-42AB-A35C-F06F127FCC44.lock,0
56223,1790408363189,MpCmdRun-13-53C9D589-6B66-4F30-9BAB-9A0193B0BAFC.lock,0
56223,1790408363205,MpCmdRun.log,18250
56223,1790408363205,MpSigStub.log,101966
56223,1790408363220,msedge_installer.log,68015
56223,1790408363220,skin.zip,231625
56223,1790408363220,SYS32_Hardware.exe,32671232
56800,1790408363752,bb3a785178f443fda931098a5a9a306b.db.ses,53
56800,1790408363752,FXSAPIDebugLogFile.txt,0
56800,1790408363752,FXSTIFFDebugLogFile.txt,0
56800,1790408363767,MpCmdRun-13-421CFC91-A93E-42AB-A35C-F06F127FCC44.lock,0
56800,1790408363767,MpCmdRun-13-53C9D589-6B66-4F30-9BAB-9A0193B0BAFC.lock,0
56800,1790408363767,MpCmdRun.log,18250
56800,1790408363783,MpSigStub.log,101966
56800,1790408363783,msedge_installer.log,68015
56800,1790408363799,skin.zip,231625
56800,1790408363799,SYS32_Hardware.exe,32671232
57378,1790408364330,bb3a785178f443fda931098a5a9a306b.db.ses,53
57378,1790408364330,FXSAPIDebugLogFile.txt,0
57378,1790408364330,FXSTIFFDebugLogFile.txt,0
57378,1790408364330,MpCmdRun-13-421CFC91-A93E-42AB-A35C-F06F127FCC44.lock,0
57378,1790408364345,MpCmdRun-13-53C9D589-6B66-4F30-9BAB-9A0193B0BAFC.lock,0
57378,1790408364345,MpCmdRun.log,18250
57378,1790408364361,MpSigStub.log,101966
57378,1790408364361,msedge_installer.log,68015
57378,1790408364377,skin.zip,231625
57378,1790408364377,SYS32_Hardware.exe,32671232
57941,1790408364892,bb3a785178f443fda931098a5a9a306b.db.ses,53
57941,1790408364892,FXSAPIDebugLogFile.txt,0
57941,1790408364892,FXSTIFFDebugLogFile.txt,0
57941,1790408364908,MpCmdRun-13-421CFC91-A93E-42AB-A35C-F06F127FCC44.lock,0
57941,1790408364908,MpCmdRun-13-53C9D589-6B66-4F30-9BAB-9A0193B0BAFC.lock,0
57941,1790408364908,MpCmdRun.log,18250
57941,1790408364924,MpSigStub.log,101966
57941,1790408364924,msedge_installer.log,68015
57941,1790408364939,skin.zip,231625
57941,1790408364939,SYS32_Hardware.exe,32671232
58519,1790408365470,bb3a785178f443fda931098a5a9a306b.db.ses,53
58519,1790408365470,FXSAPIDebugLogFile.txt,0
58519,1790408365470,FXSTIFFDebugLogFile.txt,0
58519,1790408365486,MpCmdRun-13-421CFC91-A93E-42AB-A35C-F06F127FCC44.lock,0
58519,1790408365486,MpCmdRun-13-53C9D589-6B66-4F30-9BAB-9A0193B0BAFC.lock,0
58519,1790408365486,MpCmdRun.log,18250
58519,1790408365502,MpSigStub.log,101966
58519,1790408365502,msedge_installer.log,68015
58519,1790408365517,skin.zip,231625
58519,1790408365517,SYS32_Hardware.exe,32671232
59097,1790408366049,bb3a785178f443fda931098a5a9a306b.db.ses,53
59097,1790408366049,FXSAPIDebugLogFile.txt,0
59097,1790408366049,FXSTIFFDebugLogFile.txt,0
59097,1790408366064,MpCmdRun-13-421CFC91-A93E-42AB-A35C-F06F127FCC44.lock,0
59097,1790408366064,MpCmdRun-13-53C9D589-6B66-4F30-9BAB-9A0193B0BAFC.lock,0
59097,1790408366080,MpCmdRun.log,18250
59097,1790408366080,MpSigStub.log,101966
59097,1790408366080,msedge_installer.log,68015
59097,1790408366095,skin.zip,231625
59097,1790408366095,SYS32_Hardware.exe,32671232
59660,1790408366611,bb3a785178f443fda931098a5a9a306b.db.ses,53
59660,1790408366611,FXSAPIDebugLogFile.txt,0
59660,1790408366611,FXSTIFFDebugLogFile.txt,0
59660,1790408366627,MpCmdRun-13-421CFC91-A93E-42AB-A35C-F06F127FCC44.lock,0
59660,1790408366627,MpCmdRun-13-53C9D589-6B66-4F30-9BAB-9A0193B0BAFC.lock,0
59660,1790408366642,MpCmdRun.log,18250
59660,1790408366658,MpSigStub.log,101966
59660,1790408366658,msedge_installer.log,68015
59660,1790408366674,skin.zip,231625
59660,1790408366674,SYS32_Hardware.exe,32671232
60253,1790408367205,bb3a785178f443fda931098a5a9a306b.db.ses,53
60253,1790408367205,FXSAPIDebugLogFile.txt,0
60253,1790408367205,FXSTIFFDebugLogFile.txt,0
60253,1790408367220,MpCmdRun-13-421CFC91-A93E-42AB-A35C-F06F127FCC44.lock,0
60253,1790408367220,MpCmdRun-13-53C9D589-6B66-4F30-9BAB-9A0193B0BAFC.lock,0
60253,1790408367220,MpCmdRun.log,18250
60253,1790408367236,MpSigStub.log,101966
60253,1790408367236,msedge_installer.log,68015
60253,1790408367236,skin.zip,231625
60253,1790408367252,SYS32_Hardware.exe,32671232
60816,1790408367767,bb3a785178f443fda931098a5a9a306b.db.ses,53
60816,1790408367767,FXSAPIDebugLogFile.txt,0
60816,1790408367767,FXSTIFFDebugLogFile.txt,0
60816,1790408367767,MpCmdRun-13-421CFC91-A93E-42AB-A35C-F06F127FCC44.lock,0
60816,1790408367783,MpCmdRun-13-53C9D589-6B66-4F30-9BAB-9A0193B0BAFC.lock,0
60816,1790408367783,MpCmdRun.log,18250
60816,1790408367783,MpSigStub.log,101966
60816,1790408367799,msedge_installer.log,68015
60816,1790408367799,skin.zip,231625
60816,1790408367814,SYS32_Hardware.exe,32671232
61362,1790408368314,bb3a785178f443fda931098a5a9a306b.db.ses,53
61362,1790408368314,FXSAPIDebugLogFile.txt,0
61362,1790408368314,FXSTIFFDebugLogFile.txt,0
61362,1790408368314,MpCmdRun-13-421CFC91-A93E-42AB-A35C-F06F127FCC44.lock,0
61362,1790408368330,MpCmdRun-13-53C9D589-6B66-4F30-9BAB-9A0193B0BAFC.lock,0
61362,1790408368330,MpCmdRun.log,18250
61362,1790408368345,MpSigStub.log,101966
61362,1790408368345,msedge_installer.log,68015
61362,1790408368345,skin.zip,231625
61362,1790408368361,SYS32_Hardware.exe,32671232
61909,1790408368861,bb3a785178f443fda931098a5a9a306b.db.ses,53
61909,1790408368861,FXSAPIDebugLogFile.txt,0
61909,1790408368861,FXSTIFFDebugLogFile.txt,0
61909,1790408368861,MpCmdRun-13-421CFC91-A93E-42AB-A35C-F06F127FCC44.lock,0
61909,1790408368877,MpCmdRun-13-53C9D589-6B66-4F30-9BAB-9A0193B0BAFC.lock,0
61909,1790408368877,MpCmdRun.log,18250
61909,1790408368892,MpSigStub.log,101966
61909,1790408368892,msedge_installer.log,68015
61909,1790408368892,skin.zip,231625
61909,1790408368908,SYS32_Hardware.exe,32671232
62487,1790408369439,bb3a785178f443fda931098a5a9a306b.db.ses,53
62487,1790408369439,FXSAPIDebugLogFile.txt,0
62487,1790408369439,FXSTIFFDebugLogFile.txt,0
62487,1790408369439,MpCmdRun-13-421CFC91-A93E-42AB-A35C-F06F127FCC44.lock,0
62487,1790408369455,MpCmdRun-13-53C9D589-6B66-4F30-9BAB-9A0193B0BAFC.lock,0
62487,1790408369455,MpCmdRun.log,18250
62487,1790408369470,MpSigStub.log,101966
62487,1790408369470,msedge_installer.log,68015
62487,1790408369470,skin.zip,231625
62487,1790408369486,SYS32_Hardware.exe,32671232
63066,1790408370017,bb3a785178f443fda931098a5a9a306b.db.ses,53
63066,1790408370017,FXSAPIDebugLogFile.txt,0
63066,1790408370017,FXSTIFFDebugLogFile.txt,0
63066,1790408370033,MpCmdRun-13-421CFC91-A93E-42AB-A35C-F06F127FCC44.lock,0
63066,1790408370033,MpCmdRun-13-53C9D589-6B66-4F30-9BAB-9A0193B0BAFC.lock,0
63066,1790408370033,MpCmdRun.log,18250
63066,1790408370049,MpSigStub.log,101966
63066,1790408370049,msedge_installer.log,68015
63066,1790408370064,skin.zip,231625
63066,1790408370064,SYS32_Hardware.exe,32671232
63628,1790408370580,bb3a785178f443fda931098a5a9a306b.db.ses,53
63628,1790408370580,FXSAPIDebugLogFile.txt,0
63628,1790408370580,FXSTIFFDebugLogFile.txt,0
63628,1790408370580,MpCmdRun-13-421CFC91-A93E-42AB-A35C-F06F127FCC44.lock,0
63628,1790408370595,MpCmdRun-13-53C9D589-6B66-4F30-9BAB-9A0193B0BAFC.lock,0
63628,1790408370595,MpCmdRun.log,18250
63628,1790408370611,MpSigStub.log,101966
63628,1790408370611,msedge_installer.log,68015
63628,1790408370611,skin.zip,231625
63628,1790408370627,SYS32_Hardware.exe,32671232
64175,1790408371127,bb3a785178f443fda931098a5a9a306b.db.ses,53
64175,1790408371127,FXSAPIDebugLogFile.txt,0
64175,1790408371127,FXSTIFFDebugLogFile.txt,0
64175,1790408371142,MpCmdRun-13-421CFC91-A93E-42AB-A35C-F06F127FCC44.lock,0
64175,1790408371142,MpCmdRun-13-53C9D589-6B66-4F30-9BAB-9A0193B0BAFC.lock,0
64175,1790408371142,MpCmdRun.log,18250
64175,1790408371158,MpSigStub.log,101966
64175,1790408371158,msedge_installer.log,68015
64175,1790408371174,skin.zip,231625
64175,1790408371174,SYS32_Hardware.exe,32671232
64769,1790408371720,bb3a785178f443fda931098a5a9a306b.db.ses,53
64769,1790408371720,FXSAPIDebugLogFile.txt,0
64769,1790408371720,FXSTIFFDebugLogFile.txt,0
64769,1790408371736,MpCmdRun-13-421CFC91-A93E-42AB-A35C-F06F127FCC44.lock,0
64769,1790408371736,MpCmdRun-13-53C9D589-6B66-4F30-9BAB-9A0193B0BAFC.lock,0
64769,1790408371736,MpCmdRun.log,18250
64769,1790408371752,MpSigStub.log,101966
64769,1790408371752,msedge_installer.log,68015
64769,1790408371767,skin.zip,231625
64769,1790408371783,SYS32_Hardware.exe,32671232
65331,1790408372283,bb3a785178f443fda931098a5a9a306b.db.ses,53
65331,1790408372283,FXSAPIDebugLogFile.txt,0
65331,1790408372283,FXSTIFFDebugLogFile.txt,0
65331,1790408372299,MpCmdRun-13-421CFC91-A93E-42AB-A35C-F06F127FCC44.lock,0
65331,1790408372299,MpCmdRun-13-53C9D589-6B66-4F30-9BAB-9A0193B0BAFC.lock,0
65331,1790408372299,MpCmdRun.log,18250
65331,1790408372314,MpSigStub.log,101966
65331,1790408372314,msedge_installer.log,68015
65331,1790408372330,skin.zip,231625
65331,1790408372330,SYS32_Hardware.exe,32671232
65910,1790408372861,bb3a785178f443fda931098a5a9a306b.db.ses,53
65910,1790408372861,FXSAPIDebugLogFile.txt,0
65910,1790408372861,FXSTIFFDebugLogFile.txt,0
65910,1790408372877,MpCmdRun-13-421CFC91-A93E-42AB-A35C-F06F127FCC44.lock,0
65910,1790408372877,MpCmdRun-13-53C9D589-6B66-4F30-9BAB-9A0193B0BAFC.lock,0
65910,1790408372877,MpCmdRun.log,18250
65910,1790408372892,MpSigStub.log,101966
65910,1790408372892,msedge_installer.log,68015
65910,1790408372908,skin.zip,231625
65910,1790408372908,SYS32_Hardware.exe,32671232
66472,1790408373424,bb3a785178f443fda931098a5a9a306b.db.ses,53
66472,1790408373424,FXSAPIDebugLogFile.txt,0
66472,1790408373424,FXSTIFFDebugLogFile.txt,0
66472,1790408373424,MpCmdRun-13-421CFC91-A93E-42AB-A35C-F06F127FCC44.lock,0
66472,1790408373439,MpCmdRun-13-53C9D589-6B66-4F30-9BAB-9A0193B0BAFC.lock,0
66472,1790408373439,MpCmdRun.log,18250
66472,1790408373455,MpSigStub.log,101966
66472,1790408373455,msedge_installer.log,68015
66472,1790408373455,skin.zip,231625
66472,1790408373470,SYS32_Hardware.exe,32671232
67035,1790408373986,bb3a785178f443fda931098a5a9a306b.db.ses,53
67035,1790408373986,FXSAPIDebugLogFile.txt,0
67035,1790408373986,FXSTIFFDebugLogFile.txt,0
67035,1790408374002,MpCmdRun-13-421CFC91-A93E-42AB-A35C-F06F127FCC44.lock,0
67035,1790408374002,MpCmdRun-13-53C9D589-6B66-4F30-9BAB-9A0193B0BAFC.lock,0
67035,1790408374017,MpCmdRun.log,18250
67035,1790408374017,MpSigStub.log,101966
67035,1790408374033,msedge_installer.log,68015
67035,1790408374033,skin.zip,231625
67035,1790408374049,SYS32_Hardware.exe,32671232
67612,1790408374564,bb3a785178f443fda931098a5a9a306b.db.ses,53
67612,1790408374564,FXSAPIDebugLogFile.txt,0
67612,1790408374564,FXSTIFFDebugLogFile.txt,0
67612,1790408374580,MpCmdRun-13-421CFC91-A93E-42AB-A35C-F06F127FCC44.lock,0
67612,1790408374580,MpCmdRun-13-53C9D589-6B66-4F30-9BAB-9A0193B0BAFC.lock,0
67612,1790408374580,MpCmdRun.log,18250
67612,1790408374595,MpSigStub.log,101966
67612,1790408374595,msedge_installer.log,68015
67612,1790408374595,skin.zip,231625
67612,1790408374611,SYS32_Hardware.exe,32671232
68175,1790408375127,bb3a785178f443fda931098a5a9a306b.db.ses,53
68175,1790408375127,FXSAPIDebugLogFile.txt,0
68175,1790408375127,FXSTIFFDebugLogFile.txt,0
68175,1790408375142,MpCmdRun-13-421CFC91-A93E-42AB-A35C-F06F127FCC44.lock,0
68175,1790408375142,MpCmdRun-13-53C9D589-6B66-4F30-9BAB-9A0193B0BAFC.lock,0
68175,1790408375158,MpCmdRun.log,18250
68175,1790408375158,MpSigStub.log,101966
68175,1790408375158,msedge_installer.log,68015
68175,1790408375174,skin.zip,231625
68175,1790408375174,SYS32_Hardware.exe,32671232
68753,1790408375705,bb3a785178f443fda931098a5a9a306b.db.ses,53
68753,1790408375705,FXSAPIDebugLogFile.txt,0
68753,1790408375705,FXSTIFFDebugLogFile.txt,0
68753,1790408375705,MpCmdRun-13-421CFC91-A93E-42AB-A35C-F06F127FCC44.lock,0
68753,1790408375720,MpCmdRun-13-53C9D589-6B66-4F30-9BAB-9A0193B0BAFC.lock,0
68753,1790408375720,MpCmdRun.log,18250
68753,1790408375736,MpSigStub.log,101966
68753,1790408375736,msedge_installer.log,68015
68753,1790408375736,skin.zip,231625
68753,1790408375752,SYS32_Hardware.exe,32671232
69316,1790408376267,bb3a785178f443fda931098a5a9a306b.db.ses,53
69316,1790408376267,FXSAPIDebugLogFile.txt,0
69316,1790408376267,FXSTIFFDebugLogFile.txt,0
69316,1790408376283,MpCmdRun-13-421CFC91-A93E-42AB-A35C-F06F127FCC44.lock,0
69316,1790408376283,MpCmdRun-13-53C9D589-6B66-4F30-9BAB-9A0193B0BAFC.lock,0
69316,1790408376299,MpCmdRun.log,18250
69316,1790408376299,MpSigStub.log,101966
69316,1790408376314,msedge_installer.log,68015
69316,1790408376314,skin.zip,231625
69316,1790408376330,SYS32_Hardware.exe,32671232
69878,1790408376830,bb3a785178f443fda931098a5a9a306b.db.ses,53
69878,1790408376830,FXSAPIDebugLogFile.txt,0
69878,1790408376830,FXSTIFFDebugLogFile.txt,0
69878,1790408376845,MpCmdRun-13-421CFC91-A93E-42AB-A35C-F06F127FCC44.lock,0
69878,1790408376845,MpCmdRun-13-53C9D589-6B66-4F30-9BAB-9A0193B0BAFC.lock,0
69878,1790408376861,MpCmdRun.log,18250
69878,1790408376861,MpSigStub.log,101966
69878,1790408376877,msedge_installer.log,68015
69878,1790408376877,skin.zip,231625
69878,1790408376892,SYS32_Hardware.exe,32671232
70441,1790408377392,bb3a785178f443fda931098a5a9a306b.db.ses,53
70441,1790408377392,FXSAPIDebugLogFile.txt,0
70441,1790408377392,FXSTIFFDebugLogFile.txt,0
70441,1790408377392,MpCmdRun-13-421CFC91-A93E-42AB-A35C-F06F127FCC44.lock,0
70441,1790408377408,MpCmdRun-13-53C9D589-6B66-4F30-9BAB-9A0193B0BAFC.lock,0
70441,1790408377408,MpCmdRun.log,18250
70441,1790408377424,MpSigStub.log,101966
70441,1790408377424,msedge_installer.log,68015
70441,1790408377424,skin.zip,231625
70441,1790408377439,SYS32_Hardware.exe,32671232
71019,1790408377970,bb3a785178f443fda931098a5a9a306b.db.ses,53
71019,1790408377970,FXSAPIDebugLogFile.txt,0
71019,1790408377970,FXSTIFFDebugLogFile.txt,0
71019,1790408377986,MpCmdRun-13-421CFC91-A93E-42AB-A35C-F06F127FCC44.lock,0
71019,1790408377986,MpCmdRun-13-53C9D589-6B66-4F30-9BAB-9A0193B0BAFC.lock,0
71019,1790408378002,MpCmdRun.log,18250
71019,1790408378002,MpSigStub.log,101966
71019,1790408378017,msedge_installer.log,68015
71019,1790408378017,skin.zip,231625
71019,1790408378033,SYS32_Hardware.exe,32671232
71597,1790408378549,bb3a785178f443fda931098a5a9a306b.db.ses,53
71597,1790408378549,FXSAPIDebugLogFile.txt,0
71597,1790408378564,FXSTIFFDebugLogFile.txt,0
71597,1790408378564,MpCmdRun-13-421CFC91-A93E-42AB-A35C-F06F127FCC44.lock,0
71597,1790408378580,MpCmdRun-13-53C9D589-6B66-4F30-9BAB-9A0193B0BAFC.lock,0
71597,1790408378580,MpCmdRun.log,18250
71597,1790408378595,MpSigStub.log,101966
71597,1790408378611,msedge_installer.log,68015
71597,1790408378611,skin.zip,231625
71597,1790408378627,SYS32_Hardware.exe,32671232
72191,1790408379142,bb3a785178f443fda931098a5a9a306b.db.ses,53
72191,1790408379142,FXSAPIDebugLogFile.txt,0
72191,1790408379158,FXSTIFFDebugLogFile.txt,0
72191,1790408379174,MpCmdRun-13-421CFC91-A93E-42AB-A35C-F06F127FCC44.lock,0
72191,1790408379189,MpCmdRun-13-53C9D589-6B66-4F30-9BAB-9A0193B0BAFC.lock,0
72191,1790408379205,MpCmdRun.log,18250
72191,1790408379205,MpSigStub.log,101966
72191,1790408379220,msedge_installer.log,68015
72191,1790408379236,skin.zip,231625
72191,1790408379236,SYS32_Hardware.exe,32671232
72801,1790408379752,bb3a785178f443fda931098a5a9a306b.db.ses,53
72801,1790408379752,FXSAPIDebugLogFile.txt,0
72801,1790408379767,FXSTIFFDebugLogFile.txt,0
72801,1790408379783,MpCmdRun-13-421CFC91-A93E-42AB-A35C-F06F127FCC44.lock,0
72801,1790408379783,MpCmdRun-13-53C9D589-6B66-4F30-9BAB-9A0193B0BAFC.lock,0
72801,1790408379799,MpCmdRun.log,18250
72801,1790408379814,MpSigStub.log,101966
72801,1790408379814,msedge_installer.log,68015
72801,1790408379845,skin.zip,231625
72801,1790408379861,SYS32_Hardware.exe,32671232
73425,1790408380377,bb3a785178f443fda931098a5a9a306b.db.ses,53
73425,1790408380377,FXSAPIDebugLogFile.txt,0
73425,1790408380377,FXSTIFFDebugLogFile.txt,0
73425,1790408380392,MpCmdRun-13-421CFC91-A93E-42AB-A35C-F06F127FCC44.lock,0
73425,1790408380392,MpCmdRun-13-53C9D589-6B66-4F30-9BAB-9A0193B0BAFC.lock,0
73425,1790408380392,MpCmdRun.log,18250
73425,1790408380408,MpSigStub.log,101966
73425,1790408380424,msedge_installer.log,68015
73425,1790408380424,skin.zip,231625
73425,1790408380439,SYS32_Hardware.exe,32671232
73989,1790408380939,bb3a785178f443fda931098a5a9a306b.db.ses,53
73989,1790408380939,FXSAPIDebugLogFile.txt,0
73989,1790408380939,FXSTIFFDebugLogFile.txt,0
73989,1790408380955,MpCmdRun-13-421CFC91-A93E-42AB-A35C-F06F127FCC44.lock,0
73989,1790408380970,MpCmdRun-13-53C9D589-6B66-4F30-9BAB-9A0193B0BAFC.lock,0
73989,1790408380970,MpCmdRun.log,18250
73989,1790408380970,MpSigStub.log,101966
73989,1790408380986,msedge_installer.log,68015
73989,1790408380986,skin.zip,231625
73989,1790408381002,SYS32_Hardware.exe,32671232
74581,1790408381533,bb3a785178f443fda931098a5a9a306b.db.ses,53
74581,1790408381533,FXSAPIDebugLogFile.txt,0
74581,1790408381533,FXSTIFFDebugLogFile.txt,0
74581,1790408381549,MpCmdRun-13-421CFC91-A93E-42AB-A35C-F06F127FCC44.lock,0
74581,1790408381549,MpCmdRun-13-53C9D589-6B66-4F30-9BAB-9A0193B0BAFC.lock,0
74581,1790408381564,MpCmdRun.log,18250
74581,1790408381564,MpSigStub.log,101966
74581,1790408381580,msedge_installer.log,68015
74581,1790408381580,skin.zip,231625
74581,1790408381595,SYS32_Hardware.exe,32671232
75144,1790408382095,bb3a785178f443fda931098a5a9a306b.db.ses,53
75144,1790408382095,FXSAPIDebugLogFile.txt,0
75144,1790408382111,FXSTIFFDebugLogFile.txt,0
75144,1790408382111,MpCmdRun-13-421CFC91-A93E-42AB-A35C-F06F127FCC44.lock,0
75144,1790408382127,MpCmdRun-13-53C9D589-6B66-4F30-9BAB-9A0193B0BAFC.lock,0
75144,1790408382127,MpCmdRun.log,18250
75144,1790408382142,MpSigStub.log,101966
75144,1790408382142,msedge_installer.log,68015
75144,1790408382158,skin.zip,231625
75144,1790408382158,SYS32_Hardware.exe,32671232
75722,1790408382674,bb3a785178f443fda931098a5a9a306b.db.ses,53
75722,1790408382674,FXSAPIDebugLogFile.txt,0
75722,1790408382674,FXSTIFFDebugLogFile.txt,0
75722,1790408382689,MpCmdRun-13-421CFC91-A93E-42AB-A35C-F06F127FCC44.lock,0
75722,1790408382689,MpCmdRun-13-53C9D589-6B66-4F30-9BAB-9A0193B0BAFC.lock,0
75722,1790408382705,MpCmdRun.log,18250
75722,1790408382705,MpSigStub.log,101966
75722,1790408382720,msedge_installer.log,68015
75722,1790408382720,skin.zip,231625
75722,1790408382736,SYS32_Hardware.exe,32671232
76285,1790408383236,bb3a785178f443fda931098a5a9a306b.db.ses,53
76285,1790408383236,FXSAPIDebugLogFile.txt,0
76285,1790408383236,FXSTIFFDebugLogFile.txt,0
76285,1790408383252,MpCmdRun-13-421CFC91-A93E-42AB-A35C-F06F127FCC44.lock,0
76285,1790408383252,MpCmdRun-13-53C9D589-6B66-4F30-9BAB-9A0193B0BAFC.lock,0
76285,1790408383267,MpCmdRun.log,18250
76285,1790408383267,MpSigStub.log,101966
76285,1790408383283,msedge_installer.log,68015
76285,1790408383283,skin.zip,231625
76285,1790408383299,SYS32_Hardware.exe,32671232
76863,1790408383814,bb3a785178f443fda931098a5a9a306b.db.ses,53
76863,1790408383814,FXSAPIDebugLogFile.txt,0
76863,1790408383830,FXSTIFFDebugLogFile.txt,0
76863,1790408383830,MpCmdRun-13-421CFC91-A93E-42AB-A35C-F06F127FCC44.lock,0
76863,1790408383830,MpCmdRun-13-53C9D589-6B66-4F30-9BAB-9A0193B0BAFC.lock,0
76863,1790408383845,MpCmdRun.log,18250
76863,1790408383861,MpSigStub.log,101966
76863,1790408383861,msedge_installer.log,68015
76863,1790408383877,skin.zip,231625
76863,1790408383877,SYS32_Hardware.exe,32671232
77459,1790408384408,bb3a785178f443fda931098a5a9a306b.db.ses,53
77459,1790408384439,FXSAPIDebugLogFile.txt,0
77459,1790408384455,FXSTIFFDebugLogFile.txt,0
77459,1790408384470,MpCmdRun-13-421CFC91-A93E-42AB-A35C-F06F127FCC44.lock,0
77459,1790408384502,MpCmdRun-13-53C9D589-6B66-4F30-9BAB-9A0193B0BAFC.lock,0
77459,1790408384517,MpCmdRun.log,18250
77459,1790408384517,MpSigStub.log,101966
77459,1790408384533,msedge_installer.log,68015
77459,1790408384564,skin.zip,231625
77459,1790408384580,SYS32_Hardware.exe,32671232
78144,1790408385095,bb3a785178f443fda931098a5a9a306b.db.ses,53
78144,1790408385095,FXSAPIDebugLogFile.txt,0
78144,1790408385095,FXSTIFFDebugLogFile.txt,0
78144,1790408385111,MpCmdRun-13-421CFC91-A93E-42AB-A35C-F06F127FCC44.lock,0
78144,1790408385111,MpCmdRun-13-53C9D589-6B66-4F30-9BAB-9A0193B0BAFC.lock,0
78144,1790408385127,MpCmdRun.log,18250
78144,1790408385127,MpSigStub.log,101966
78144,1790408385142,msedge_installer.log,68015
78144,1790408385142,skin.zip,231625
78144,1790408385158,SYS32_Hardware.exe,32671232
78722,1790408385674,bb3a785178f443fda931098a5a9a306b.db.ses,53
78722,1790408385674,FXSAPIDebugLogFile.txt,0
78722,1790408385674,FXSTIFFDebugLogFile.txt,0
78722,1790408385689,MpCmdRun-13-421CFC91-A93E-42AB-A35C-F06F127FCC44.lock,0
78722,1790408385689,MpCmdRun-13-53C9D589-6B66-4F30-9BAB-9A0193B0BAFC.lock,0
78722,1790408385689,MpCmdRun.log,18250
78722,1790408385705,MpSigStub.log,101966
78722,1790408385720,msedge_installer.log,68015
78722,1790408385720,skin.zip,231625
78722,1790408385720,SYS32_Hardware.exe,32671232
79285,1790408386236,bb3a785178f443fda931098a5a9a306b.db.ses,53
79285,1790408386236,FXSAPIDebugLogFile.txt,0
79285,1790408386252,FXSTIFFDebugLogFile.txt,0
79285,1790408386252,MpCmdRun-13-421CFC91-A93E-42AB-A35C-F06F127FCC44.lock,0
79285,1790408386267,MpCmdRun-13-53C9D589-6B66-4F30-9BAB-9A0193B0BAFC.lock,0
79285,1790408386267,MpCmdRun.log,18250
79285,1790408386283,MpSigStub.log,101966
79285,1790408386283,msedge_installer.log,68015
79285,1790408386299,skin.zip,231625
79285,1790408386299,SYS32_Hardware.exe,32671232
79878,1790408386830,bb3a785178f443fda931098a5a9a306b.db.ses,53
79878,1790408386830,FXSAPIDebugLogFile.txt,0
79878,1790408386830,FXSTIFFDebugLogFile.txt,0
79878,1790408386845,MpCmdRun-13-421CFC91-A93E-42AB-A35C-F06F127FCC44.lock,0
79878,1790408386861,MpCmdRun-13-53C9D589-6B66-4F30-9BAB-9A0193B0BAFC.lock,0
79878,1790408386861,MpCmdRun.log,18250
79878,1790408386877,MpSigStub.log,101966
79878,1790408386892,msedge_installer.log,68015
79878,1790408386892,skin.zip,231625
79878,1790408386908,SYS32_Hardware.exe,32671232
80456,1790408387408,bb3a785178f443fda931098a5a9a306b.db.ses,53
80456,1790408387408,FXSAPIDebugLogFile.txt,0
80456,1790408387408,FXSTIFFDebugLogFile.txt,0
80456,1790408387424,MpCmdRun-13-421CFC91-A93E-42AB-A35C-F06F127FCC44.lock,0
80456,1790408387424,MpCmdRun-13-53C9D589-6B66-4F30-9BAB-9A0193B0BAFC.lock,0
80456,1790408387439,MpCmdRun.log,18250
80456,1790408387439,MpSigStub.log,101966
80456,1790408387455,msedge_installer.log,68015
80456,1790408387455,skin.zip,231625
80456,1790408387470,SYS32_Hardware.exe,32671232
81051,1790408388002,bb3a785178f443fda931098a5a9a306b.db.ses,53
81051,1790408388002,FXSAPIDebugLogFile.txt,0
81051,1790408388017,FXSTIFFDebugLogFile.txt,0
81051,1790408388017,MpCmdRun-13-421CFC91-A93E-42AB-A35C-F06F127FCC44.lock,0
81051,1790408388033,MpCmdRun-13-53C9D589-6B66-4F30-9BAB-9A0193B0BAFC.lock,0
81051,1790408388033,MpCmdRun.log,18250
81051,1790408388049,MpSigStub.log,105504
81051,1790408388049,msedge_installer.log,68015
81051,1790408388064,skin.zip,231625
81051,1790408388064,SYS32_Hardware.exe,32671232
81645,1790408388595,bb3a785178f443fda931098a5a9a306b.db.ses,53
81645,1790408388595,FXSAPIDebugLogFile.txt,0
81645,1790408388595,FXSTIFFDebugLogFile.txt,0
81645,1790408388611,MpCmdRun-13-421CFC91-A93E-42AB-A35C-F06F127FCC44.lock,0
81645,1790408388611,MpCmdRun-13-53C9D589-6B66-4F30-9BAB-9A0193B0BAFC.lock,0
81645,1790408388627,MpCmdRun.log,18250
81645,1790408388627,MpSigStub.log,105504
81645,1790408388642,msedge_installer.log,68015
81645,1790408388642,skin.zip,231625
81645,1790408388658,SYS32_Hardware.exe,32671232
82222,1790408389174,bb3a785178f443fda931098a5a9a306b.db.ses,53
82222,1790408389174,FXSAPIDebugLogFile.txt,0
82222,1790408389174,FXSTIFFDebugLogFile.txt,0
82222,1790408389189,MpCmdRun-13-421CFC91-A93E-42AB-A35C-F06F127FCC44.lock,0
82222,1790408389189,MpCmdRun-13-53C9D589-6B66-4F30-9BAB-9A0193B0BAFC.lock,0
82222,1790408389205,MpCmdRun.log,18250
82222,1790408389220,MpSigStub.log,105504
82222,1790408389220,msedge_installer.log,68015
82222,1790408389236,skin.zip,231625
82222,1790408389236,SYS32_Hardware.exe,32671232
82816,1790408389767,bb3a785178f443fda931098a5a9a306b.db.ses,53
82816,1790408389767,FXSAPIDebugLogFile.txt,0
82816,1790408389767,FXSTIFFDebugLogFile.txt,0
82816,1790408389783,MpCmdRun-13-421CFC91-A93E-42AB-A35C-F06F127FCC44.lock,0
82816,1790408389783,MpCmdRun-13-53C9D589-6B66-4F30-9BAB-9A0193B0BAFC.lock,0
82816,1790408389799,MpCmdRun.log,18250
82816,1790408389799,MpSigStub.log,105504
82816,1790408389814,msedge_installer.log,68015
82816,1790408389814,skin.zip,231625
82816,1790408389830,SYS32_Hardware.exe,32671232
83394,1790408390345,bb3a785178f443fda931098a5a9a306b.db.ses,53
83394,1790408390345,FXSAPIDebugLogFile.txt,0
83394,1790408390345,FXSTIFFDebugLogFile.txt,0
83394,1790408390361,MpCmdRun-13-421CFC91-A93E-42AB-A35C-F06F127FCC44.lock,0
83394,1790408390377,MpCmdRun.log,18250
83394,1790408390377,MpSigStub.log,105504
83394,1790408390392,msedge_installer.log,68015
83394,1790408390392,skin.zip,231625
83394,1790408390408,SYS32_Hardware.exe,32671232
83972,1790408390924,bb3a785178f443fda931098a5a9a306b.db.ses,53
83972,1790408390924,FXSAPIDebugLogFile.txt,0
83972,1790408390924,FXSTIFFDebugLogFile.txt,0
83972,1790408390939,MpCmdRun-13-421CFC91-A93E-42AB-A35C-F06F127FCC44.lock,0
83972,1790408390955,MpCmdRun.log,18250
83972,1790408390970,MpSigStub.log,105504
83972,1790408390986,msedge_installer.log,68015
83972,1790408390986,skin.zip,231625
83972,1790408391002,SYS32_Hardware.exe,32671232
84597,1790408391549,bb3a785178f443fda931098a5a9a306b.db.ses,53
84597,1790408391549,FXSAPIDebugLogFile.txt,0
84597,1790408391549,FXSTIFFDebugLogFile.txt,0
84597,1790408391564,MpCmdRun-13-421CFC91-A93E-42AB-A35C-F06F127FCC44.lock,0
84597,1790408391580,MpCmdRun.log,18250
84597,1790408391580,MpSigStub.log,105504
84597,1790408391595,msedge_installer.log,68015
84597,1790408391611,skin.zip,231625
84597,1790408391611,SYS32_Hardware.exe,32671232
85175,1790408392127,bb3a785178f443fda931098a5a9a306b.db.ses,53
85175,1790408392127,FXSAPIDebugLogFile.txt,0
85175,1790408392127,FXSTIFFDebugLogFile.txt,0
85175,1790408392142,MpCmdRun-13-421CFC91-A93E-42AB-A35C-F06F127FCC44.lock,0
85175,1790408392142,MpCmdRun.log,18250
85175,1790408392158,MpSigStub.log,105504
85175,1790408392158,msedge_installer.log,68015
85175,1790408392174,skin.zip,231625
85175,1790408392174,SYS32_Hardware.exe,32671232
85737,1790408392689,bb3a785178f443fda931098a5a9a306b.db.ses,53
85737,1790408392689,FXSAPIDebugLogFile.txt,0
85737,1790408392689,FXSTIFFDebugLogFile.txt,0
85737,1790408392705,MpCmdRun-13-421CFC91-A93E-42AB-A35C-F06F127FCC44.lock,0
85737,1790408392705,MpCmdRun.log,18250
85737,1790408392720,MpSigStub.log,105504
85737,1790408392720,msedge_installer.log,68015
85737,1790408392736,skin.zip,231625
85737,1790408392736,SYS32_Hardware.exe,32671232
86284,1790408393236,bb3a785178f443fda931098a5a9a306b.db.ses,53
86284,1790408393236,FXSAPIDebugLogFile.txt,0
86284,1790408393236,FXSTIFFDebugLogFile.txt,0
86284,1790408393252,MpCmdRun-13-421CFC91-A93E-42AB-A35C-F06F127FCC44.lock,0
86284,1790408393252,MpCmdRun.log,18250
86284,1790408393267,MpSigStub.log,105504
86284,1790408393267,msedge_installer.log,68015
86284,1790408393267,skin.zip,231625
86284,1790408393283,SYS32_Hardware.exe,32671232
86847,1790408393799,bb3a785178f443fda931098a5a9a306b.db.ses,53
86847,1790408393799,FXSAPIDebugLogFile.txt,0
86847,1790408393799,FXSTIFFDebugLogFile.txt,0
86847,1790408393814,MpCmdRun-13-421CFC91-A93E-42AB-A35C-F06F127FCC44.lock,0
86847,1790408393814,MpCmdRun.log,18250
86847,1790408393830,MpSigStub.log,105504
86847,1790408393830,msedge_installer.log,68015
86847,1790408393845,skin.zip,231625
86847,1790408393845,SYS32_Hardware.exe,32671232
87394,1790408394345,bb3a785178f443fda931098a5a9a306b.db.ses,53
87394,1790408394345,FXSAPIDebugLogFile.txt,0
87394,1790408394345,FXSTIFFDebugLogFile.txt,0
87394,1790408394361,MpCmdRun-13-421CFC91-A93E-42AB-A35C-F06F127FCC44.lock,0
87394,1790408394361,MpCmdRun.log,18250
87394,1790408394377,MpSigStub.log,105504
87394,1790408394377,msedge_installer.log,68015
87394,1790408394392,skin.zip,231625
87394,1790408394392,SYS32_Hardware.exe,32671232
87956,1790408394908,bb3a785178f443fda931098a5a9a306b.db.ses,53
87956,1790408394908,FXSAPIDebugLogFile.txt,0
87956,1790408394908,FXSTIFFDebugLogFile.txt,0
87956,1790408394924,MpCmdRun-13-421CFC91-A93E-42AB-A35C-F06F127FCC44.lock,0
87956,1790408394924,MpCmdRun.log,18250
87956,1790408394939,MpSigStub.log,105504
87956,1790408394939,msedge_installer.log,68015
87956,1790408394955,skin.zip,231625
87956,1790408394955,SYS32_Hardware.exe,32671232
88534,1790408395486,bb3a785178f443fda931098a5a9a306b.db.ses,53
88534,1790408395486,FXSAPIDebugLogFile.txt,0
88534,1790408395486,FXSTIFFDebugLogFile.txt,0
88534,1790408395502,MpCmdRun-13-421CFC91-A93E-42AB-A35C-F06F127FCC44.lock,0
88534,1790408395502,MpCmdRun.log,18250
88534,1790408395517,MpSigStub.log,105504
88534,1790408395517,msedge_installer.log,68015
88534,1790408395533,skin.zip,231625
88534,1790408395533,SYS32_Hardware.exe,32671232
89097,1790408396049,bb3a785178f443fda931098a5a9a306b.db.ses,53
89097,1790408396049,FXSAPIDebugLogFile.txt,0
89097,1790408396049,FXSTIFFDebugLogFile.txt,0
89097,1790408396064,MpCmdRun-13-421CFC91-A93E-42AB-A35C-F06F127FCC44.lock,0
89097,1790408396064,MpCmdRun.log,18250
89097,1790408396080,MpSigStub.log,105504
89097,1790408396080,msedge_installer.log,68015
89097,1790408396095,skin.zip,231625
89097,1790408396095,SYS32_Hardware.exe,32671232
89675,1790408396627,bb3a785178f443fda931098a5a9a306b.db.ses,53
89675,1790408396627,FXSAPIDebugLogFile.txt,0
89675,1790408396627,FXSTIFFDebugLogFile.txt,0
89675,1790408396642,MpCmdRun-13-421CFC91-A93E-42AB-A35C-F06F127FCC44.lock,0
89675,1790408396642,MpCmdRun.log,18250
89675,1790408396658,MpSigStub.log,105504
89675,1790408396658,msedge_installer.log,68015
89675,1790408396674,skin.zip,231625
89675,1790408396689,SYS32_Hardware.exe,32671232
90237,1790408397189,bb3a785178f443fda931098a5a9a306b.db.ses,53
90237,1790408397189,FXSAPIDebugLogFile.txt,0
90237,1790408397189,FXSTIFFDebugLogFile.txt,0
90237,1790408397205,MpCmdRun-13-421CFC91-A93E-42AB-A35C-F06F127FCC44.lock,0
90237,1790408397205,MpCmdRun.log,18250
90237,1790408397220,MpSigStub.log,105504
90237,1790408397220,msedge_installer.log,68015
90237,1790408397236,skin.zip,231625
90237,1790408397236,SYS32_Hardware.exe,32671232
90816,1790408397767,bb3a785178f443fda931098a5a9a306b.db.ses,53
90816,1790408397767,FXSAPIDebugLogFile.txt,0
90816,1790408397783,FXSTIFFDebugLogFile.txt,0
90816,1790408397799,MpCmdRun-13-421CFC91-A93E-42AB-A35C-F06F127FCC44.lock,0
90816,1790408397814,MpCmdRun.log,18250
90816,1790408397830,MpSigStub.log,105504
90816,1790408397830,msedge_installer.log,68015
90816,1790408397830,skin.zip,231625
90816,1790408397845,SYS32_Hardware.exe,32671232
91394,1790408398345,bb3a785178f443fda931098a5a9a306b.db.ses,53
91394,1790408398345,FXSAPIDebugLogFile.txt,0
91394,1790408398361,FXSTIFFDebugLogFile.txt,0
91394,1790408398377,MpCmdRun-13-421CFC91-A93E-42AB-A35C-F06F127FCC44.lock,0
91394,1790408398377,MpCmdRun.log,18250
91394,1790408398392,MpSigStub.log,105504
91394,1790408398392,msedge_installer.log,68015
91394,1790408398408,skin.zip,231625
91394,1790408398408,SYS32_Hardware.exe,32671232
91987,1790408398939,bb3a785178f443fda931098a5a9a306b.db.ses,53
91987,1790408398939,FXSAPIDebugLogFile.txt,0
91987,1790408398939,FXSTIFFDebugLogFile.txt,0
91987,1790408398955,MpCmdRun-13-421CFC91-A93E-42AB-A35C-F06F127FCC44.lock,0
91987,1790408398955,MpCmdRun.log,18250
91987,1790408398970,MpSigStub.log,105504
91987,1790408398970,msedge_installer.log,68015
91987,1790408398986,skin.zip,231625
91987,1790408398986,SYS32_Hardware.exe,32671232
92566,1790408399517,bb3a785178f443fda931098a5a9a306b.db.ses,53
92566,1790408399517,FXSAPIDebugLogFile.txt,0
92566,1790408399517,FXSTIFFDebugLogFile.txt,0
92566,1790408399533,MpCmdRun-13-421CFC91-A93E-42AB-A35C-F06F127FCC44.lock,0
92566,1790408399533,MpCmdRun.log,18250
92566,1790408399549,MpSigStub.log,105504
92566,1790408399549,msedge_installer.log,68015
92566,1790408399564,skin.zip,231625
92566,1790408399564,SYS32_Hardware.exe,32671232
93130,1790408400080,bb3a785178f443fda931098a5a9a306b.db.ses,53
93130,1790408400080,FXSAPIDebugLogFile.txt,0
93130,1790408400095,FXSTIFFDebugLogFile.txt,0
93130,1790408400111,MpCmdRun-13-421CFC91-A93E-42AB-A35C-F06F127FCC44.lock,0
93130,1790408400111,MpCmdRun.log,18250
93130,1790408400142,MpSigStub.log,105504
93130,1790408400158,msedge_installer.log,68015
93130,1790408400158,skin.zip,231625
93130,1790408400174,SYS32_Hardware.exe,32671232
93753,1790408400705,bb3a785178f443fda931098a5a9a306b.db.ses,53
93753,1790408400705,FXSAPIDebugLogFile.txt,0
93753,1790408400705,FXSTIFFDebugLogFile.txt,0
93753,1790408400705,MpCmdRun-13-421CFC91-A93E-42AB-A35C-F06F127FCC44.lock,0
93753,1790408400720,MpCmdRun.log,18250
93753,1790408400720,MpSigStub.log,105504
93753,1790408400736,msedge_installer.log,68015
93753,1790408400736,skin.zip,231625
93753,1790408400736,SYS32_Hardware.exe,32671232
94301,1790408401252,bb3a785178f443fda931098a5a9a306b.db.ses,53
94301,1790408401252,FXSAPIDebugLogFile.txt,0
94301,1790408401252,FXSTIFFDebugLogFile.txt,0
94301,1790408401267,MpCmdRun-13-421CFC91-A93E-42AB-A35C-F06F127FCC44.lock,0
94301,1790408401283,MpCmdRun.log,18250
94301,1790408401283,MpSigStub.log,105504
94301,1790408401283,msedge_installer.log,68015
94301,1790408401299,skin.zip,231625
94301,1790408401299,SYS32_Hardware.exe,32671232
94862,1790408401814,bb3a785178f443fda931098a5a9a306b.db.ses,53
94862,1790408401814,FXSAPIDebugLogFile.txt,0
94862,1790408401814,FXSTIFFDebugLogFile.txt,0
94862,1790408401830,MpCmdRun-13-421CFC91-A93E-42AB-A35C-F06F127FCC44.lock,0
94862,1790408401845,MpCmdRun.log,18250
94862,1790408401845,MpSigStub.log,105504
94862,1790408401845,msedge_installer.log,68015
94862,1790408401861,skin.zip,231625
94862,1790408401861,SYS32_Hardware.exe,32671232
95425,1790408402377,bb3a785178f443fda931098a5a9a306b.db.ses,53
95425,1790408402377,FXSAPIDebugLogFile.txt,0
95425,1790408402377,FXSTIFFDebugLogFile.txt,0
95425,1790408402377,MpCmdRun-13-421CFC91-A93E-42AB-A35C-F06F127FCC44.lock,0
95425,1790408402392,MpCmdRun.log,18250
95425,1790408402392,MpSigStub.log,105504
95425,1790408402408,msedge_installer.log,68015
95425,1790408402408,skin.zip,231625
95425,1790408402424,SYS32_Hardware.exe,32671232
95972,1790408402924,bb3a785178f443fda931098a5a9a306b.db.ses,53
95972,1790408402924,FXSAPIDebugLogFile.txt,0
95972,1790408402924,FXSTIFFDebugLogFile.txt,0
95972,1790408402939,MpCmdRun-13-421CFC91-A93E-42AB-A35C-F06F127FCC44.lock,0
95972,1790408402939,MpCmdRun.log,18250
95972,1790408402939,MpSigStub.log,105504
95972,1790408402955,msedge_installer.log,68015
95972,1790408402955,skin.zip,231625
95972,1790408402970,SYS32_Hardware.exe,32671232
96534,1790408403486,bb3a785178f443fda931098a5a9a306b.db.ses,53
96534,1790408403486,FXSAPIDebugLogFile.txt,0
96534,1790408403486,FXSTIFFDebugLogFile.txt,0
96534,1790408403486,MpCmdRun-13-421CFC91-A93E-42AB-A35C-F06F127FCC44.lock,0
96534,1790408403502,MpCmdRun.log,18250
96534,1790408403502,MpSigStub.log,105504
96534,1790408403517,msedge_installer.log,68015
96534,1790408403517,skin.zip,231625
96534,1790408403533,SYS32_Hardware.exe,32671232
97097,1790408404049,bb3a785178f443fda931098a5a9a306b.db.ses,53
97097,1790408404049,FXSAPIDebugLogFile.txt,0
97097,1790408404049,FXSTIFFDebugLogFile.txt,0
97097,1790408404064,MpCmdRun-13-421CFC91-A93E-42AB-A35C-F06F127FCC44.lock,0
97097,1790408404064,MpCmdRun.log,18250
97097,1790408404064,MpSigStub.log,105504
97097,1790408404080,msedge_installer.log,68015
97097,1790408404080,skin.zip,231625
97097,1790408404095,SYS32_Hardware.exe,32671232
97644,1790408404595,bb3a785178f443fda931098a5a9a306b.db.ses,53
97644,1790408404595,FXSAPIDebugLogFile.txt,0
97644,1790408404611,FXSTIFFDebugLogFile.txt,0
97644,1790408404611,MpCmdRun-13-421CFC91-A93E-42AB-A35C-F06F127FCC44.lock,0
97644,1790408404611,MpCmdRun.log,18250
97644,1790408404627,MpSigStub.log,105504
97644,1790408404627,msedge_installer.log,68015
97644,1790408404627,skin.zip,231625
97644,1790408404642,SYS32_Hardware.exe,32671232
98191,1790408405142,bb3a785178f443fda931098a5a9a306b.db.ses,53
98191,1790408405142,FXSAPIDebugLogFile.txt,0
98191,1790408405142,FXSTIFFDebugLogFile.txt,0
98191,1790408405158,MpCmdRun-13-421CFC91-A93E-42AB-A35C-F06F127FCC44.lock,0
98191,1790408405158,MpCmdRun.log,18250
98191,1790408405158,MpSigStub.log,105504
98191,1790408405174,msedge_installer.log,68015
98191,1790408405174,skin.zip,231625
98191,1790408405174,SYS32_Hardware.exe,32671232
98753,1790408405705,bb3a785178f443fda931098a5a9a306b.db.ses,53
98753,1790408405705,FXSAPIDebugLogFile.txt,0
98753,1790408405705,FXSTIFFDebugLogFile.txt,0
98753,1790408405720,MpCmdRun-13-421CFC91-A93E-42AB-A35C-F06F127FCC44.lock,0
98753,1790408405720,MpCmdRun.log,18250
98753,1790408405720,MpSigStub.log,105504
98753,1790408405736,msedge_installer.log,68015
98753,1790408405736,skin.zip,231625
98753,1790408405752,SYS32_Hardware.exe,32671232
99300,1790408406252,bb3a785178f443fda931098a5a9a306b.db.ses,53
99300,1790408406252,FXSAPIDebugLogFile.txt,0
99300,1790408406252,FXSTIFFDebugLogFile.txt,0
99300,1790408406267,MpCmdRun-13-421CFC91-A93E-42AB-A35C-F06F127FCC44.lock,0
99300,1790408406267,MpCmdRun.log,18250
99300,1790408406283,MpSigStub.log,105504
99300,1790408406283,msedge_installer.log,68015
99300,1790408406283,skin.zip,231625
99300,1790408406299,SYS32_Hardware.exe,32671232
99847,1790408406799,bb3a785178f443fda931098a5a9a306b.db.ses,53
99847,1790408406799,FXSAPIDebugLogFile.txt,0
99847,1790408406799,FXSTIFFDebugLogFile.txt,0
99847,1790408406814,MpCmdRun-13-421CFC91-A93E-42AB-A35C-F06F127FCC44.lock,0
99847,1790408406814,MpCmdRun.log,18250
99847,1790408406814,MpSigStub.log,105504
99847,1790408406830,msedge_installer.log,68015
99847,1790408406830,skin.zip,231625
99847,1790408406845,SYS32_Hardware.exe,32671232
100394,1790408407345,bb3a785178f443fda931098a5a9a306b.db.ses,53
100394,1790408407345,FXSAPIDebugLogFile.txt,0
100394,1790408407345,FXSTIFFDebugLogFile.txt,0
100394,1790408407361,MpCmdRun-13-421CFC91-A93E-42AB-A35C-F06F127FCC44.lock,0
100394,1790408407361,MpCmdRun.log,18250
100394,1790408407361,MpSigStub.log,105504
100394,1790408407377,msedge_installer.log,68015
100394,1790408407377,skin.zip,231625
100394,1790408407377,SYS32_Hardware.exe,32671232
100941,1790408407892,bb3a785178f443fda931098a5a9a306b.db.ses,53
100941,1790408407892,FXSAPIDebugLogFile.txt,0
100941,1790408407892,FXSTIFFDebugLogFile.txt,0
100941,1790408407908,MpCmdRun-13-421CFC91-A93E-42AB-A35C-F06F127FCC44.lock,0
100941,1790408407924,MpCmdRun.log,18250
100941,1790408407924,MpSigStub.log,105504
100941,1790408407939,msedge_installer.log,68015
100941,1790408407939,skin.zip,231625
100941,1790408407955,SYS32_Hardware.exe,32671232
101503,1790408408455,bb3a785178f443fda931098a5a9a306b.db.ses,53
101503,1790408408455,FXSAPIDebugLogFile.txt,0
101503,1790408408455,FXSTIFFDebugLogFile.txt,0
101503,1790408408455,MpCmdRun-13-421CFC91-A93E-42AB-A35C-F06F127FCC44.lock,0
101503,1790408408470,MpCmdRun.log,18250
101503,1790408408470,MpSigStub.log,105504
101503,1790408408486,msedge_installer.log,68015
101503,1790408408486,skin.zip,231625
101503,1790408408486,SYS32_Hardware.exe,32671232
102050,1790408409002,bb3a785178f443fda931098a5a9a306b.db.ses,53
102050,1790408409002,FXSAPIDebugLogFile.txt,0
102050,1790408409002,FXSTIFFDebugLogFile.txt,0
102050,1790408409002,MpCmdRun-13-421CFC91-A93E-42AB-A35C-F06F127FCC44.lock,0
102050,1790408409017,MpCmdRun.log,18250
102050,1790408409017,MpSigStub.log,105504
102050,1790408409033,msedge_installer.log,68015
102050,1790408409033,skin.zip,231625
102050,1790408409033,SYS32_Hardware.exe,32671232
102597,1790408409549,bb3a785178f443fda931098a5a9a306b.db.ses,53
102597,1790408409549,FXSAPIDebugLogFile.txt,0
102597,1790408409549,FXSTIFFDebugLogFile.txt,0
102597,1790408409564,MpCmdRun-13-421CFC91-A93E-42AB-A35C-F06F127FCC44.lock,0
102597,1790408409564,MpCmdRun.log,18250
102597,1790408409564,MpSigStub.log,105504
102597,1790408409580,msedge_installer.log,68015
102597,1790408409580,skin.zip,231625
102597,1790408409580,SYS32_Hardware.exe,32671232
103144,1790408410095,bb3a785178f443fda931098a5a9a306b.db.ses,53
103144,1790408410095,FXSAPIDebugLogFile.txt,0
103144,1790408410095,FXSTIFFDebugLogFile.txt,0
103144,1790408410095,MpCmdRun-13-421CFC91-A93E-42AB-A35C-F06F127FCC44.lock,0
103144,1790408410111,MpCmdRun.log,18250
103144,1790408410111,MpSigStub.log,105504
103144,1790408410127,msedge_installer.log,68015
103144,1790408410127,skin.zip,231625
103144,1790408410127,SYS32_Hardware.exe,32671232
103691,1790408410642,bb3a785178f443fda931098a5a9a306b.db.ses,53
103691,1790408410642,FXSAPIDebugLogFile.txt,0
103691,1790408410642,FXSTIFFDebugLogFile.txt,0
103691,1790408410642,MpCmdRun-13-421CFC91-A93E-42AB-A35C-F06F127FCC44.lock,0
103691,1790408410658,MpCmdRun.log,18250
103691,1790408410658,MpSigStub.log,105504
103691,1790408410674,msedge_installer.log,68015
103691,1790408410674,skin.zip,231625
103691,1790408410689,SYS32_Hardware.exe,32671232
104237,1790408411189,bb3a785178f443fda931098a5a9a306b.db.ses,53
104237,1790408411189,FXSAPIDebugLogFile.txt,0
104237,1790408411189,FXSTIFFDebugLogFile.txt,0
104237,1790408411189,MpCmdRun-13-421CFC91-A93E-42AB-A35C-F06F127FCC44.lock,0
104237,1790408411205,MpCmdRun.log,18250
104237,1790408411205,MpSigStub.log,105504
104237,1790408411220,msedge_installer.log,68015
104237,1790408411220,skin.zip,231625
104237,1790408411220,SYS32_Hardware.exe,32671232
104800,1790408411752,bb3a785178f443fda931098a5a9a306b.db.ses,53
104800,1790408411752,FXSAPIDebugLogFile.txt,0
104800,1790408411752,FXSTIFFDebugLogFile.txt,0
104800,1790408411767,MpCmdRun-13-421CFC91-A93E-42AB-A35C-F06F127FCC44.lock,0
104800,1790408411767,MpCmdRun.log,18250
104800,1790408411767,MpSigStub.log,105504
104800,1790408411783,msedge_installer.log,68015
104800,1790408411783,skin.zip,231625
104800,1790408411799,SYS32_Hardware.exe,32671232
105347,1790408412299,bb3a785178f443fda931098a5a9a306b.db.ses,53
105347,1790408412299,FXSAPIDebugLogFile.txt,0
105347,1790408412299,FXSTIFFDebugLogFile.txt,0
105347,1790408412314,MpCmdRun-13-421CFC91-A93E-42AB-A35C-F06F127FCC44.lock,0
105347,1790408412314,MpCmdRun.log,18250
105347,1790408412314,MpSigStub.log,105504
105347,1790408412330,msedge_installer.log,68015
105347,1790408412345,skin.zip,231625
105347,1790408412345,SYS32_Hardware.exe,32671232
105910,1790408412861,bb3a785178f443fda931098a5a9a306b.db.ses,53
105910,1790408412861,FXSAPIDebugLogFile.txt,0
105910,1790408412893,FXSTIFFDebugLogFile.txt,0
105910,1790408412924,MpCmdRun-13-421CFC91-A93E-42AB-A35C-F06F127FCC44.lock,0
105910,1790408412939,MpCmdRun.log,18250
105910,1790408412970,MpSigStub.log,105504
105910,1790408412986,msedge_installer.log,68015
105910,1790408413002,skin.zip,231625
105910,1790408413033,SYS32_Hardware.exe,32671232
106660,1790408413611,bb3a785178f443fda931098a5a9a306b.db.ses,53
106660,1790408413611,FXSAPIDebugLogFile.txt,0
106660,1790408413611,FXSTIFFDebugLogFile.txt,0
106660,1790408413627,MpCmdRun-13-421CFC91-A93E-42AB-A35C-F06F127FCC44.lock,0
106660,1790408413642,MpCmdRun.log,18250
106660,1790408413658,MpSigStub.log,105504
106660,1790408413689,msedge_installer.log,68015
106660,1790408413705,skin.zip,231625
106660,1790408413720,SYS32_Hardware.exe,32671232
107285,1790408414236,bb3a785178f443fda931098a5a9a306b.db.ses,53
107285,1790408414236,FXSAPIDebugLogFile.txt,0
107285,1790408414236,FXSTIFFDebugLogFile.txt,0
107285,1790408414252,MpCmdRun-13-421CFC91-A93E-42AB-A35C-F06F127FCC44.lock,0
107285,1790408414267,MpCmdRun.log,18250
107285,1790408414283,MpSigStub.log,105504
107285,1790408414299,msedge_installer.log,68015
107285,1790408414314,skin.zip,231625
107285,1790408414330,SYS32_Hardware.exe,32671232
107909,1790408414861,bb3a785178f443fda931098a5a9a306b.db.ses,53
107909,1790408414861,FXSAPIDebugLogFile.txt,0
107909,1790408414861,FXSTIFFDebugLogFile.txt,0
107909,1790408414877,MpCmdRun-13-421CFC91-A93E-42AB-A35C-F06F127FCC44.lock,0
107909,1790408414877,MpCmdRun.log,18250
107909,1790408414892,MpSigStub.log,105504
107909,1790408414892,msedge_installer.log,68015
107909,1790408414908,skin.zip,231625
107909,1790408414908,SYS32_Hardware.exe,32671232
108488,1790408415439,bb3a785178f443fda931098a5a9a306b.db.ses,53
108488,1790408415439,FXSAPIDebugLogFile.txt,0
108488,1790408415439,FXSTIFFDebugLogFile.txt,0
108488,1790408415455,MpCmdRun-13-421CFC91-A93E-42AB-A35C-F06F127FCC44.lock,0
108488,1790408415455,MpCmdRun.log,18250
108488,1790408415470,MpSigStub.log,105504
108488,1790408415486,msedge_installer.log,68015
108488,1790408415486,skin.zip,231625
108488,1790408415502,SYS32_Hardware.exe,32671232
109066,1790408416017,bb3a785178f443fda931098a5a9a306b.db.ses,53
109066,1790408416017,FXSAPIDebugLogFile.txt,0
109066,1790408416017,FXSTIFFDebugLogFile.txt,0
109066,1790408416033,MpCmdRun-13-421CFC91-A93E-42AB-A35C-F06F127FCC44.lock,0
109066,1790408416033,MpCmdRun.log,18250
109066,1790408416033,MpSigStub.log,105504
109066,1790408416049,msedge_installer.log,68015
109066,1790408416049,skin.zip,231625
109066,1790408416064,SYS32_Hardware.exe,32671232
109630,1790408416580,bb3a785178f443fda931098a5a9a306b.db.ses,53
109630,1790408416580,FXSAPIDebugLogFile.txt,0
109630,1790408416595,FXSTIFFDebugLogFile.txt,0
109630,1790408416627,MpCmdRun-13-421CFC91-A93E-42AB-A35C-F06F127FCC44.lock,0
109630,1790408416627,MpCmdRun.log,18250
109630,1790408416658,MpSigStub.log,105504
109630,1790408416658,msedge_installer.log,68015
109630,1790408416674,skin.zip,231625
109630,1790408416689,SYS32_Hardware.exe,32671232
110269,1790408417220,bb3a785178f443fda931098a5a9a306b.db.ses,53
110269,1790408417220,FXSAPIDebugLogFile.txt,0
110269,1790408417252,FXSTIFFDebugLogFile.txt,0
110269,1790408417267,MpCmdRun-13-421CFC91-A93E-42AB-A35C-F06F127FCC44.lock,0
110269,1790408417267,MpCmdRun.log,18250
110269,1790408417283,MpSigStub.log,105504
110269,1790408417299,msedge_installer.log,68015
110269,1790408417314,skin.zip,231625
110269,1790408417330,SYS32_Hardware.exe,32671232
110925,1790408417877,bb3a785178f443fda931098a5a9a306b.db.ses,53
110925,1790408417877,FXSAPIDebugLogFile.txt,0
110925,1790408417877,FXSTIFFDebugLogFile.txt,0
110925,1790408417892,MpCmdRun-13-421CFC91-A93E-42AB-A35C-F06F127FCC44.lock,0
110925,1790408417892,MpCmdRun.log,18250
110925,1790408417908,MpSigStub.log,105504
110925,1790408417908,msedge_installer.log,68015
110925,1790408417924,skin.zip,231625
110925,1790408417924,SYS32_Hardware.exe,32671232
111472,1790408418424,bb3a785178f443fda931098a5a9a306b.db.ses,53
111472,1790408418424,FXSAPIDebugLogFile.txt,0
111472,1790408418455,FXSTIFFDebugLogFile.txt,0
111472,1790408418470,MpCmdRun-13-421CFC91-A93E-42AB-A35C-F06F127FCC44.lock,0
111472,1790408418502,MpCmdRun.log,18250
111472,1790408418517,MpSigStub.log,105504
111472,1790408418549,msedge_installer.log,68015
111472,1790408418580,skin.zip,231625
111472,1790408418611,SYS32_Hardware.exe,32671232
112191,1790408419142,bb3a785178f443fda931098a5a9a306b.db.ses,53
112191,1790408419142,FXSAPIDebugLogFile.txt,0
112191,1790408419158,FXSTIFFDebugLogFile.txt,0
112191,1790408419174,MpCmdRun-13-421CFC91-A93E-42AB-A35C-F06F127FCC44.lock,0
112191,1790408419189,MpCmdRun.log,18250
112191,1790408419189,MpSigStub.log,105504
112191,1790408419205,msedge_installer.log,68015
112191,1790408419205,skin.zip,231625
112191,1790408419220,SYS32_Hardware.exe,32671232
112823,1790408419784,bb3a785178f443fda931098a5a9a306b.db.ses,53
112823,1790408419784,FXSAPIDebugLogFile.txt,0
112823,1790408419799,FXSTIFFDebugLogFile.txt,0
112823,1790408419815,MpCmdRun-13-421CFC91-A93E-42AB-A35C-F06F127FCC44.lock,0
112823,1790408419815,MpCmdRun.log,18250
112823,1790408419831,MpSigStub.log,105504
112823,1790408419846,msedge_installer.log,68015
112823,1790408419846,skin.zip,231625
112823,1790408419862,SYS32_Hardware.exe,32671232
113410,1790408420362,bb3a785178f443fda931098a5a9a306b.db.ses,53
113410,1790408420362,FXSAPIDebugLogFile.txt,0
113410,1790408420362,FXSTIFFDebugLogFile.txt,0
113410,1790408420378,MpCmdRun-13-421CFC91-A93E-42AB-A35C-F06F127FCC44.lock,0
113410,1790408420378,MpCmdRun.log,18250
113410,1790408420393,MpSigStub.log,105504
113410,1790408420393,msedge_installer.log,68015
113410,1790408420409,skin.zip,231625
113410,1790408420424,SYS32_Hardware.exe,32671232
114005,1790408420956,bb3a785178f443fda931098a5a9a306b.db.ses,53
114005,1790408420956,FXSAPIDebugLogFile.txt,0
114005,1790408420956,FXSTIFFDebugLogFile.txt,0
114005,1790408420971,MpCmdRun-13-421CFC91-A93E-42AB-A35C-F06F127FCC44.lock,0
114005,1790408420987,MpCmdRun.log,18250
114005,1790408421003,MpSigStub.log,105504
114005,1790408421003,msedge_installer.log,68015
114005,1790408421018,skin.zip,231625
114005,1790408421034,SYS32_Hardware.exe,32671232
114645,1790408421596,bb3a785178f443fda931098a5a9a306b.db.ses,53
114645,1790408421596,FXSAPIDebugLogFile.txt,0
114645,1790408421612,FXSTIFFDebugLogFile.txt,0
114645,1790408421628,MpCmdRun-13-421CFC91-A93E-42AB-A35C-F06F127FCC44.lock,0
114645,1790408421643,MpCmdRun.log,18250
114645,1790408421643,MpSigStub.log,105504
114645,1790408421643,msedge_installer.log,68015
114645,1790408421659,skin.zip,231625
114645,1790408421659,SYS32_Hardware.exe,32671232
115207,1790408422159,bb3a785178f443fda931098a5a9a306b.db.ses,53
115207,1790408422159,FXSAPIDebugLogFile.txt,0
115207,1790408422159,FXSTIFFDebugLogFile.txt,0
115207,1790408422174,MpCmdRun-13-421CFC91-A93E-42AB-A35C-F06F127FCC44.lock,0
115207,1790408422174,MpCmdRun.log,18250
115207,1790408422190,MpSigStub.log,105504
115207,1790408422190,msedge_installer.log,68015
115207,1790408422190,skin.zip,231625
115207,1790408422206,SYS32_Hardware.exe,32671232
115754,1790408422706,bb3a785178f443fda931098a5a9a306b.db.ses,53
115754,1790408422706,FXSAPIDebugLogFile.txt,0
115754,1790408422706,FXSTIFFDebugLogFile.txt,0
115754,1790408422721,MpCmdRun-13-421CFC91-A93E-42AB-A35C-F06F127FCC44.lock,0
115754,1790408422721,MpCmdRun.log,18250
115754,1790408422721,MpSigStub.log,105504
115754,1790408422737,msedge_installer.log,68015
115754,1790408422737,skin.zip,231625
115754,1790408422753,SYS32_Hardware.exe,32671232
116301,1790408423253,bb3a785178f443fda931098a5a9a306b.db.ses,53
116301,1790408423253,FXSAPIDebugLogFile.txt,0
116301,1790408423253,FXSTIFFDebugLogFile.txt,0
116301,1790408423268,MpCmdRun-13-421CFC91-A93E-42AB-A35C-F06F127FCC44.lock,0
116301,1790408423268,MpCmdRun.log,18250
116301,1790408423268,MpSigStub.log,105504
116301,1790408423284,msedge_installer.log,68015
116301,1790408423284,skin.zip,231625
116301,1790408423284,SYS32_Hardware.exe,32671232
116863,1790408423815,bb3a785178f443fda931098a5a9a306b.db.ses,53
116863,1790408423815,FXSAPIDebugLogFile.txt,0
116863,1790408423815,FXSTIFFDebugLogFile.txt,0
116863,1790408423831,MpCmdRun-13-421CFC91-A93E-42AB-A35C-F06F127FCC44.lock,0
116863,1790408423831,MpCmdRun.log,18250
116863,1790408423831,MpSigStub.log,105504
116863,1790408423846,msedge_installer.log,68015
116863,1790408423846,skin.zip,231625
116863,1790408423846,SYS32_Hardware.exe,32671232
117410,1790408424362,bb3a785178f443fda931098a5a9a306b.db.ses,53
117410,1790408424362,FXSAPIDebugLogFile.txt,0
117410,1790408424362,FXSTIFFDebugLogFile.txt,0
117410,1790408424362,MpCmdRun-13-421CFC91-A93E-42AB-A35C-F06F127FCC44.lock,0
117410,1790408424378,MpCmdRun.log,18250
117410,1790408424378,MpSigStub.log,105504
117410,1790408424393,msedge_installer.log,68015
117410,1790408424393,skin.zip,231625
117410,1790408424409,SYS32_Hardware.exe,32671232
117957,1790408424909,bb3a785178f443fda931098a5a9a306b.db.ses,53
117957,1790408424909,FXSAPIDebugLogFile.txt,0
117957,1790408424909,FXSTIFFDebugLogFile.txt,0
117957,1790408424924,MpCmdRun-13-421CFC91-A93E-42AB-A35C-F06F127FCC44.lock,0
117957,1790408424924,MpCmdRun.log,18250
117957,1790408424924,MpSigStub.log,105504
117957,1790408424940,msedge_installer.log,68015
117957,1790408424940,skin.zip,231625
117957,1790408424956,SYS32_Hardware.exe,32671232
118520,1790408425471,bb3a785178f443fda931098a5a9a306b.db.ses,53
118520,1790408425471,FXSAPIDebugLogFile.txt,0
118520,1790408425471,FXSTIFFDebugLogFile.txt,0
118520,1790408425471,MpCmdRun-13-421CFC91-A93E-42AB-A35C-F06F127FCC44.lock,0
118520,1790408425487,MpCmdRun.log,18250
118520,1790408425487,MpSigStub.log,105504
118520,1790408425503,msedge_installer.log,68015
118520,1790408425503,skin.zip,231625
118520,1790408425518,SYS32_Hardware.exe,32671232
119067,1790408426018,bb3a785178f443fda931098a5a9a306b.db.ses,53
119067,1790408426018,FXSAPIDebugLogFile.txt,0
119067,1790408426018,FXSTIFFDebugLogFile.txt,0
119067,1790408426034,MpCmdRun-13-421CFC91-A93E-42AB-A35C-F06F127FCC44.lock,0
119067,1790408426034,MpCmdRun.log,18250
119067,1790408426034,MpSigStub.log,105504
119067,1790408426049,msedge_installer.log,68015
119067,1790408426049,skin.zip,231625
119067,1790408426065,SYS32_Hardware.exe,32671232
119613,1790408426565,bb3a785178f443fda931098a5a9a306b.db.ses,53
119613,1790408426565,FXSAPIDebugLogFile.txt,0
119613,1790408426565,FXSTIFFDebugLogFile.txt,0
119613,1790408426581,MpCmdRun-13-421CFC91-A93E-42AB-A35C-F06F127FCC44.lock,0
119613,1790408426581,MpCmdRun.log,18250
119613,1790408426581,MpSigStub.log,105504
119613,1790408426596,msedge_installer.log,68015
119613,1790408426596,skin.zip,231625
119613,1790408426596,SYS32_Hardware.exe,32671232
120160,1790408427112,bb3a785178f443fda931098a5a9a306b.db.ses,53
120160,1790408427112,FXSAPIDebugLogFile.txt,0
120160,1790408427112,FXSTIFFDebugLogFile.txt,0
120160,1790408427128,MpCmdRun-13-421CFC91-A93E-42AB-A35C-F06F127FCC44.lock,0
120160,1790408427128,MpCmdRun.log,18250
120160,1790408427128,MpSigStub.log,105504
120160,1790408427143,msedge_installer.log,68015
120160,1790408427143,skin.zip,231625
120160,1790408427159,SYS32_Hardware.exe,32671232
120723,1790408427674,bb3a785178f443fda931098a5a9a306b.db.ses,53
120723,1790408427674,FXSAPIDebugLogFile.txt,0
120723,1790408427674,FXSTIFFDebugLogFile.txt,0
120723,1790408427690,MpCmdRun-13-421CFC91-A93E-42AB-A35C-F06F127FCC44.lock,0
120723,1790408427690,MpCmdRun.log,18250
120723,1790408427706,MpSigStub.log,105504
120723,1790408427706,msedge_installer.log,68015
120723,1790408427706,skin.zip,231625
120723,1790408427721,SYS32_Hardware.exe,32671232
121286,1790408428237,bb3a785178f443fda931098a5a9a306b.db.ses,53
121286,1790408428237,FXSAPIDebugLogFile.txt,0
121286,1790408428237,FXSTIFFDebugLogFile.txt,0
121286,1790408428253,MpCmdRun-13-421CFC91-A93E-42AB-A35C-F06F127FCC44.lock,0
121286,1790408428268,MpCmdRun.log,18250
121286,1790408428268,MpSigStub.log,105504
121286,1790408428284,msedge_installer.log,68015
121286,1790408428284,skin.zip,231625
121286,1790408428299,SYS32_Hardware.exe,32671232
121848,1790408428799,bb3a785178f443fda931098a5a9a306b.db.ses,53
121848,1790408428799,FXSAPIDebugLogFile.txt,0
121848,1790408428815,FXSTIFFDebugLogFile.txt,0
121848,1790408428831,MpCmdRun-13-421CFC91-A93E-42AB-A35C-F06F127FCC44.lock,0
121848,1790408428846,MpCmdRun.log,18250
121848,1790408428846,MpSigStub.log,105504
121848,1790408428862,msedge_installer.log,68015
121848,1790408428862,skin.zip,231625
121848,1790408428878,SYS32_Hardware.exe,32671232
122426,1790408429378,bb3a785178f443fda931098a5a9a306b.db.ses,53
122426,1790408429378,FXSAPIDebugLogFile.txt,0
122426,1790408429378,FXSTIFFDebugLogFile.txt,0
122426,1790408429393,MpCmdRun-13-421CFC91-A93E-42AB-A35C-F06F127FCC44.lock,0
122426,1790408429393,MpCmdRun.log,18250
122426,1790408429409,MpSigStub.log,105504
122426,1790408429409,msedge_installer.log,68015
122426,1790408429424,skin.zip,231625
122426,1790408429424,SYS32_Hardware.exe,32671232
123004,1790408429956,bb3a785178f443fda931098a5a9a306b.db.ses,53
123004,1790408429956,FXSAPIDebugLogFile.txt,0
123004,1790408429956,FXSTIFFDebugLogFile.txt,0
123004,1790408429971,MpCmdRun-13-421CFC91-A93E-42AB-A35C-F06F127FCC44.lock,0
123004,1790408429971,MpCmdRun.log,18250
123004,1790408429987,MpSigStub.log,105504
123004,1790408429987,msedge_installer.log,68015
123004,1790408430003,skin.zip,231625
123004,1790408430003,SYS32_Hardware.exe,32671232
123567,1790408430518,bb3a785178f443fda931098a5a9a306b.db.ses,53
123567,1790408430518,FXSAPIDebugLogFile.txt,0
123567,1790408430518,FXSTIFFDebugLogFile.txt,0
123567,1790408430534,MpCmdRun-13-421CFC91-A93E-42AB-A35C-F06F127FCC44.lock,0
123567,1790408430534,MpCmdRun.log,18250
123567,1790408430549,MpSigStub.log,105504
123567,1790408430565,msedge_installer.log,68015
123567,1790408430565,skin.zip,231625
123567,1790408430581,SYS32_Hardware.exe,32671232
124145,1790408431096,bb3a785178f443fda931098a5a9a306b.db.ses,53
124145,1790408431096,FXSAPIDebugLogFile.txt,0
124145,1790408431096,FXSTIFFDebugLogFile.txt,0
124145,1790408431112,MpCmdRun-13-421CFC91-A93E-42AB-A35C-F06F127FCC44.lock,0
124145,1790408431112,MpCmdRun.log,18250
124145,1790408431112,MpSigStub.log,105504
124145,1790408431128,msedge_installer.log,68015
124145,1790408431128,skin.zip,231625
124145,1790408431128,SYS32_Hardware.exe,32671232
124707,1790408431659,bb3a785178f443fda931098a5a9a306b.db.ses,53
124707,1790408431659,FXSAPIDebugLogFile.txt,0
124707,1790408431674,FXSTIFFDebugLogFile.txt,0
124707,1790408431674,MpCmdRun-13-421CFC91-A93E-42AB-A35C-F06F127FCC44.lock,0
124707,1790408431690,MpCmdRun.log,18250
124707,1790408431706,MpSigStub.log,105504
124707,1790408431706,msedge_installer.log,68015
124707,1790408431721,skin.zip,231625
124707,1790408431721,SYS32_Hardware.exe,32671232
125270,1790408432221,bb3a785178f443fda931098a5a9a306b.db.ses,53
125270,1790408432221,FXSAPIDebugLogFile.txt,0
125270,1790408432221,FXSTIFFDebugLogFile.txt,0
125270,1790408432237,MpCmdRun-13-421CFC91-A93E-42AB-A35C-F06F127FCC44.lock,0
125270,1790408432237,MpCmdRun.log,18250
125270,1790408432237,MpSigStub.log,105504
125270,1790408432253,msedge_installer.log,68015
125270,1790408432253,skin.zip,231625
125270,1790408432253,SYS32_Hardware.exe,32671232
125817,1790408432768,bb3a785178f443fda931098a5a9a306b.db.ses,53
125817,1790408432768,FXSAPIDebugLogFile.txt,0
125817,1790408432768,FXSTIFFDebugLogFile.txt,0
125817,1790408432768,MpCmdRun-13-421CFC91-A93E-42AB-A35C-F06F127FCC44.lock,0
125817,1790408432784,MpCmdRun.log,18250
125817,1790408432784,MpSigStub.log,105504
125817,1790408432799,msedge_installer.log,68015
125817,1790408432799,skin.zip,231625
125817,1790408432799,SYS32_Hardware.exe,32671232
126379,1790408433331,bb3a785178f443fda931098a5a9a306b.db.ses,53
126379,1790408433331,FXSAPIDebugLogFile.txt,0
126379,1790408433331,FXSTIFFDebugLogFile.txt,0
126379,1790408433346,MpCmdRun-13-421CFC91-A93E-42AB-A35C-F06F127FCC44.lock,0
126379,1790408433346,MpCmdRun.log,18250
126379,1790408433346,MpSigStub.log,105504
126379,1790408433362,msedge_installer.log,68015
126379,1790408433362,skin.zip,231625
126379,1790408433362,SYS32_Hardware.exe,32671232
126926,1790408433878,bb3a785178f443fda931098a5a9a306b.db.ses,53
126926,1790408433878,FXSAPIDebugLogFile.txt,0
126926,1790408433878,FXSTIFFDebugLogFile.txt,0
126926,1790408433878,MpCmdRun-13-421CFC91-A93E-42AB-A35C-F06F127FCC44.lock,0
126926,1790408433893,MpCmdRun.log,18250
126926,1790408433893,MpSigStub.log,105504
126926,1790408433909,msedge_installer.log,68015
126926,1790408433909,skin.zip,231625
126926,1790408433909,SYS32_Hardware.exe,32671232
127488,1790408434440,bb3a785178f443fda931098a5a9a306b.db.ses,53
127488,1790408434440,FXSAPIDebugLogFile.txt,0
127488,1790408434440,FXSTIFFDebugLogFile.txt,0
127488,1790408434456,MpCmdRun-13-421CFC91-A93E-42AB-A35C-F06F127FCC44.lock,0
127488,1790408434456,MpCmdRun.log,18250
127488,1790408434456,MpSigStub.log,105504
127488,1790408434471,msedge_installer.log,68015
127488,1790408434471,skin.zip,231625
127488,1790408434487,SYS32_Hardware.exe,32671232
128035,1790408434987,bb3a785178f443fda931098a5a9a306b.db.ses,53
128035,1790408434987,FXSAPIDebugLogFile.txt,0
128035,1790408434987,FXSTIFFDebugLogFile.txt,0
128035,1790408435003,MpCmdRun-13-421CFC91-A93E-42AB-A35C-F06F127FCC44.lock,0
128035,1790408435003,MpCmdRun.log,18250
128035,1790408435003,MpSigStub.log,105504
128035,1790408435018,msedge_installer.log,68015
128035,1790408435018,skin.zip,231625
128035,1790408435034,SYS32_Hardware.exe,32671232
128598,1790408435549,bb3a785178f443fda931098a5a9a306b.db.ses,53
128598,1790408435549,FXSAPIDebugLogFile.txt,0
128598,1790408435549,FXSTIFFDebugLogFile.txt,0
128598,1790408435565,MpCmdRun-13-421CFC91-A93E-42AB-A35C-F06F127FCC44.lock,0
128598,1790408435565,MpCmdRun.log,18250
128598,1790408435565,MpSigStub.log,105504
128598,1790408435565,msedge_installer.log,68015
128598,1790408435581,skin.zip,231625
128598,1790408435581,SYS32_Hardware.exe,32671232
129145,1790408436096,bb3a785178f443fda931098a5a9a306b.db.ses,53
129145,1790408436096,FXSAPIDebugLogFile.txt,0
129145,1790408436096,FXSTIFFDebugLogFile.txt,0
129145,1790408436096,MpCmdRun-13-421CFC91-A93E-42AB-A35C-F06F127FCC44.lock,0
129145,1790408436112,MpCmdRun.log,18250
129145,1790408436112,MpSigStub.log,105504
129145,1790408436128,msedge_installer.log,68015
129145,1790408436128,skin.zip,231625
129145,1790408436128,SYS32_Hardware.exe,32671232
129692,1790408436643,bb3a785178f443fda931098a5a9a306b.db.ses,53
129692,1790408436643,FXSAPIDebugLogFile.txt,0
129692,1790408436643,FXSTIFFDebugLogFile.txt,0
129692,1790408436659,MpCmdRun-13-421CFC91-A93E-42AB-A35C-F06F127FCC44.lock,0
129692,1790408436659,MpCmdRun.log,18250
129692,1790408436659,MpSigStub.log,105504
129692,1790408436674,msedge_installer.log,68015
129692,1790408436674,skin.zip,231625
129692,1790408436690,SYS32_Hardware.exe,32671232
130238,1790408437190,bb3a785178f443fda931098a5a9a306b.db.ses,53
130238,1790408437190,FXSAPIDebugLogFile.txt,0
130238,1790408437190,FXSTIFFDebugLogFile.txt,0
130238,1790408437190,MpCmdRun-13-421CFC91-A93E-42AB-A35C-F06F127FCC44.lock,0
130238,1790408437206,MpCmdRun.log,18250
130238,1790408437206,MpSigStub.log,105504
130238,1790408437206,msedge_installer.log,68015
130238,1790408437221,skin.zip,231625
130238,1790408437221,SYS32_Hardware.exe,32671232
130785,1790408437737,bb3a785178f443fda931098a5a9a306b.db.ses,53
130785,1790408437737,FXSAPIDebugLogFile.txt,0
130785,1790408437753,FXSTIFFDebugLogFile.txt,0
130785,1790408437753,MpCmdRun-13-421CFC91-A93E-42AB-A35C-F06F127FCC44.lock,0
130785,1790408437768,MpCmdRun.log,18250
130785,1790408437768,MpSigStub.log,105504
130785,1790408437784,msedge_installer.log,68015
130785,1790408437799,skin.zip,231625
130785,1790408437799,SYS32_Hardware.exe,32671232
131379,1790408438331,bb3a785178f443fda931098a5a9a306b.db.ses,53
131379,1790408438331,FXSAPIDebugLogFile.txt,0
131379,1790408438331,FXSTIFFDebugLogFile.txt,0
131379,1790408438331,MpCmdRun-13-421CFC91-A93E-42AB-A35C-F06F127FCC44.lock,0
131379,1790408438346,MpCmdRun.log,18250
131379,1790408438346,MpSigStub.log,105504
131379,1790408438362,msedge_installer.log,68015
131379,1790408438362,skin.zip,231625
131379,1790408438378,SYS32_Hardware.exe,32671232
131926,1790408438878,bb3a785178f443fda931098a5a9a306b.db.ses,53
131926,1790408438878,FXSAPIDebugLogFile.txt,0
131926,1790408438893,FXSTIFFDebugLogFile.txt,0
131926,1790408438893,MpCmdRun-13-421CFC91-A93E-42AB-A35C-F06F127FCC44.lock,0
131926,1790408438909,MpCmdRun.log,18250
131926,1790408438924,MpSigStub.log,105504
131926,1790408438924,msedge_installer.log,68015
131926,1790408438924,skin.zip,231625
131926,1790408438940,SYS32_Hardware.exe,32671232
132504,1790408439456,bb3a785178f443fda931098a5a9a306b.db.ses,53
132504,1790408439456,FXSAPIDebugLogFile.txt,0
132504,1790408439456,FXSTIFFDebugLogFile.txt,0
132504,1790408439471,MpCmdRun-13-421CFC91-A93E-42AB-A35C-F06F127FCC44.lock,0
132504,1790408439471,MpCmdRun.log,18250
132504,1790408439487,MpSigStub.log,105504
132504,1790408439487,msedge_installer.log,68015
132504,1790408439503,skin.zip,231625
132504,1790408439503,SYS32_Hardware.exe,32671232
133067,1790408440018,bb3a785178f443fda931098a5a9a306b.db.ses,53
133067,1790408440018,FXSAPIDebugLogFile.txt,0
133067,1790408440034,FXSTIFFDebugLogFile.txt,0
133067,1790408440049,MpCmdRun-13-421CFC91-A93E-42AB-A35C-F06F127FCC44.lock,0
133067,1790408440065,MpCmdRun.log,18250
133067,1790408440081,MpSigStub.log,105504
133067,1790408440081,msedge_installer.log,68015
133067,1790408440096,skin.zip,231625
133067,1790408440112,SYS32_Hardware.exe,32671232
133692,1790408440643,bb3a785178f443fda931098a5a9a306b.db.ses,53
133692,1790408440643,FXSAPIDebugLogFile.txt,0
133692,1790408440643,FXSTIFFDebugLogFile.txt,0
133692,1790408440643,MpCmdRun-13-421CFC91-A93E-42AB-A35C-F06F127FCC44.lock,0
133692,1790408440659,MpCmdRun.log,18250
133692,1790408440659,MpSigStub.log,105504
133692,1790408440659,msedge_installer.log,68015
133692,1790408440674,skin.zip,231625
133692,1790408440674,SYS32_Hardware.exe,32671232
134238,1790408441190,bb3a785178f443fda931098a5a9a306b.db.ses,53
134238,1790408441190,FXSAPIDebugLogFile.txt,0
134238,1790408441190,FXSTIFFDebugLogFile.txt,0
134238,1790408441190,MpCmdRun-13-421CFC91-A93E-42AB-A35C-F06F127FCC44.lock,0
134238,1790408441206,MpCmdRun.log,18250
134238,1790408441206,MpSigStub.log,105504
134238,1790408441206,msedge_installer.log,68015
134238,1790408441221,skin.zip,231625
134238,1790408441221,SYS32_Hardware.exe,32671232
134801,1790408441753,bb3a785178f443fda931098a5a9a306b.db.ses,53
134801,1790408441753,FXSAPIDebugLogFile.txt,0
134801,1790408441768,FXSTIFFDebugLogFile.txt,0
134801,1790408441768,MpCmdRun-13-421CFC91-A93E-42AB-A35C-F06F127FCC44.lock,0
134801,1790408441784,MpCmdRun.log,18250
134801,1790408441784,MpSigStub.log,105504
134801,1790408441799,msedge_installer.log,68015
134801,1790408441799,skin.zip,231625
134801,1790408441815,SYS32_Hardware.exe,32671232
135363,1790408442315,bb3a785178f443fda931098a5a9a306b.db.ses,53
135363,1790408442315,FXSAPIDebugLogFile.txt,0
135363,1790408442315,FXSTIFFDebugLogFile.txt,0
135363,1790408442331,MpCmdRun-13-421CFC91-A93E-42AB-A35C-F06F127FCC44.lock,0
135363,1790408442331,MpCmdRun.log,18250
135363,1790408442346,MpSigStub.log,105504
135363,1790408442346,msedge_installer.log,68015
135363,1790408442362,skin.zip,231625
135363,1790408442362,SYS32_Hardware.exe,32671232
135926,1790408442878,bb3a785178f443fda931098a5a9a306b.db.ses,53
135926,1790408442878,FXSAPIDebugLogFile.txt,0
135926,1790408442878,FXSTIFFDebugLogFile.txt,0
135926,1790408442878,MpCmdRun-13-421CFC91-A93E-42AB-A35C-F06F127FCC44.lock,0
135926,1790408442893,MpCmdRun.log,18250
135926,1790408442893,MpSigStub.log,105504
135926,1790408442893,msedge_installer.log,68015
135926,1790408442909,skin.zip,231625
135926,1790408442909,SYS32_Hardware.exe,32671232
136488,1790408443440,bb3a785178f443fda931098a5a9a306b.db.ses,53
136488,1790408443440,FXSAPIDebugLogFile.txt,0
136488,1790408443440,FXSTIFFDebugLogFile.txt,0
136488,1790408443456,MpCmdRun-13-421CFC91-A93E-42AB-A35C-F06F127FCC44.lock,0
136488,1790408443456,MpCmdRun.log,18250
136488,1790408443456,MpSigStub.log,105504
136488,1790408443471,msedge_installer.log,68015
136488,1790408443471,skin.zip,231625
136488,1790408443471,SYS32_Hardware.exe,32671232
137035,1790408443987,bb3a785178f443fda931098a5a9a306b.db.ses,53
137035,1790408443987,FXSAPIDebugLogFile.txt,0
137035,1790408443987,FXSTIFFDebugLogFile.txt,0
137035,1790408443987,MpCmdRun-13-421CFC91-A93E-42AB-A35C-F06F127FCC44.lock,0
137035,1790408444003,MpCmdRun.log,18250
137035,1790408444003,MpSigStub.log,105504
137035,1790408444003,msedge_installer.log,68015
137035,1790408444018,skin.zip,231625
137035,1790408444018,SYS32_Hardware.exe,32671232
137582,1790408444534,bb3a785178f443fda931098a5a9a306b.db.ses,53
137582,1790408444534,FXSAPIDebugLogFile.txt,0
137582,1790408444534,FXSTIFFDebugLogFile.txt,0
137582,1790408444534,MpCmdRun-13-421CFC91-A93E-42AB-A35C-F06F127FCC44.lock,0
137582,1790408444549,MpCmdRun.log,18250
137582,1790408444549,MpSigStub.log,105504
137582,1790408444565,msedge_installer.log,68015
137582,1790408444565,skin.zip,231625
137582,1790408444565,SYS32_Hardware.exe,32671232
138129,1790408445081,bb3a785178f443fda931098a5a9a306b.db.ses,53
138129,1790408445081,FXSAPIDebugLogFile.txt,0
138129,1790408445081,FXSTIFFDebugLogFile.txt,0
138129,1790408445081,MpCmdRun-13-421CFC91-A93E-42AB-A35C-F06F127FCC44.lock,0
138129,1790408445096,MpCmdRun.log,18250
138129,1790408445096,MpSigStub.log,105504
138129,1790408445112,msedge_installer.log,68015
138129,1790408445112,skin.zip,231625
138129,1790408445112,SYS32_Hardware.exe,32671232
138676,1790408445628,bb3a785178f443fda931098a5a9a306b.db.ses,53
138676,1790408445628,FXSAPIDebugLogFile.txt,0
138676,1790408445628,FXSTIFFDebugLogFile.txt,0
138676,1790408445643,MpCmdRun-13-421CFC91-A93E-42AB-A35C-F06F127FCC44.lock,0
138676,1790408445643,MpCmdRun.log,18250
138676,1790408445659,MpSigStub.log,105504
138676,1790408445659,msedge_installer.log,68015
138676,1790408445659,skin.zip,231625
138676,1790408445674,SYS32_Hardware.exe,32671232
139238,1790408446190,bb3a785178f443fda931098a5a9a306b.db.ses,53
139238,1790408446190,FXSAPIDebugLogFile.txt,0
139238,1790408446190,FXSTIFFDebugLogFile.txt,0
139238,1790408446190,MpCmdRun-13-421CFC91-A93E-42AB-A35C-F06F127FCC44.lock,0
139238,1790408446206,MpCmdRun.log,18250
139238,1790408446206,MpSigStub.log,105504
139238,1790408446221,msedge_installer.log,68015
139238,1790408446221,skin.zip,231625
139238,1790408446237,SYS32_Hardware.exe,32671232
139785,1790408446737,bb3a785178f443fda931098a5a9a306b.db.ses,53
139785,1790408446737,FXSAPIDebugLogFile.txt,0
139785,1790408446737,FXSTIFFDebugLogFile.txt,0
139785,1790408446753,MpCmdRun-13-421CFC91-A93E-42AB-A35C-F06F127FCC44.lock,0
139785,1790408446753,MpCmdRun.log,18250
139785,1790408446768,MpSigStub.log,105504
139785,1790408446768,msedge_installer.log,68015
139785,1790408446768,skin.zip,231625
139785,1790408446784,SYS32_Hardware.exe,32671232
140332,1790408447284,bb3a785178f443fda931098a5a9a306b.db.ses,53
140332,1790408447284,FXSAPIDebugLogFile.txt,0
140332,1790408447284,FXSTIFFDebugLogFile.txt,0
140332,1790408447284,MpCmdRun-13-421CFC91-A93E-42AB-A35C-F06F127FCC44.lock,0
140332,1790408447299,MpCmdRun.log,18250
140332,1790408447299,MpSigStub.log,105504
140332,1790408447299,msedge_installer.log,68015
140332,1790408447315,skin.zip,231625
140332,1790408447315,SYS32_Hardware.exe,32671232
140879,1790408447831,bb3a785178f443fda931098a5a9a306b.db.ses,53
140879,1790408447831,FXSAPIDebugLogFile.txt,0
140879,1790408447846,FXSTIFFDebugLogFile.txt,0
140879,1790408447862,MpCmdRun-13-421CFC91-A93E-42AB-A35C-F06F127FCC44.lock,0
140879,1790408447862,MpCmdRun.log,18250
140879,1790408447862,MpSigStub.log,105504
140879,1790408447878,msedge_installer.log,68015
140879,1790408447878,skin.zip,231625
140879,1790408447893,SYS32_Hardware.exe,32671232
141443,1790408448393,bb3a785178f443fda931098a5a9a306b.db.ses,53
141443,1790408448393,FXSAPIDebugLogFile.txt,0
141443,1790408448409,FXSTIFFDebugLogFile.txt,0
141443,1790408448424,MpCmdRun-13-421CFC91-A93E-42AB-A35C-F06F127FCC44.lock,0
141443,1790408448424,MpCmdRun.log,18250
141443,1790408448440,MpSigStub.log,105504
141443,1790408448456,msedge_installer.log,68015
141443,1790408448456,skin.zip,231625
141443,1790408448471,SYS32_Hardware.exe,32671232
142035,1790408448987,bb3a785178f443fda931098a5a9a306b.db.ses,53
142035,1790408448987,FXSAPIDebugLogFile.txt,0
142035,1790408448987,FXSTIFFDebugLogFile.txt,0
142035,1790408448987,MpCmdRun-13-421CFC91-A93E-42AB-A35C-F06F127FCC44.lock,0
142035,1790408449003,MpCmdRun.log,18250
142035,1790408449003,MpSigStub.log,105504
142035,1790408449003,msedge_installer.log,68015
142035,1790408449018,skin.zip,231625
142035,1790408449018,SYS32_Hardware.exe,32671232
142598,1790408449549,bb3a785178f443fda931098a5a9a306b.db.ses,53
142598,1790408449549,FXSAPIDebugLogFile.txt,0
142598,1790408449549,FXSTIFFDebugLogFile.txt,0
142598,1790408449549,MpCmdRun-13-421CFC91-A93E-42AB-A35C-F06F127FCC44.lock,0
142598,1790408449565,MpCmdRun.log,18250
142598,1790408449565,MpSigStub.log,105504
142598,1790408449581,msedge_installer.log,68015
142598,1790408449581,skin.zip,231625
142598,1790408449581,SYS32_Hardware.exe,32671232
143145,1790408450096,bb3a785178f443fda931098a5a9a306b.db.ses,53
143145,1790408450096,FXSAPIDebugLogFile.txt,0
143145,1790408450096,FXSTIFFDebugLogFile.txt,0
143145,1790408450096,MpCmdRun-13-421CFC91-A93E-42AB-A35C-F06F127FCC44.lock,0
143145,1790408450112,MpCmdRun.log,18250
143145,1790408450112,MpSigStub.log,105504
143145,1790408450112,msedge_installer.log,68015
143145,1790408450128,skin.zip,231625
143145,1790408450128,SYS32_Hardware.exe,32671232
143692,1790408450643,bb3a785178f443fda931098a5a9a306b.db.ses,53
143692,1790408450643,FXSAPIDebugLogFile.txt,0
143692,1790408450643,FXSTIFFDebugLogFile.txt,0
143692,1790408450643,MpCmdRun-13-421CFC91-A93E-42AB-A35C-F06F127FCC44.lock,0
143692,1790408450659,MpCmdRun.log,18250
143692,1790408450659,MpSigStub.log,105504
143692,1790408450674,msedge_installer.log,68015
143692,1790408450674,skin.zip,231625
143692,1790408450690,SYS32_Hardware.exe,32671232
144270,1790408451221,bb3a785178f443fda931098a5a9a306b.db.ses,53
144270,1790408451221,FXSAPIDebugLogFile.txt,0
144270,1790408451221,FXSTIFFDebugLogFile.txt,0
144270,1790408451221,MpCmdRun-13-421CFC91-A93E-42AB-A35C-F06F127FCC44.lock,0
144270,1790408451237,MpCmdRun.log,18250
144270,1790408451237,MpSigStub.log,105504
144270,1790408451253,msedge_installer.log,68015
144270,1790408451253,skin.zip,231625
144270,1790408451268,SYS32_Hardware.exe,32671232
144848,1790408451799,bb3a785178f443fda931098a5a9a306b.db.ses,53
144848,1790408451799,FXSAPIDebugLogFile.txt,0
144848,1790408451799,FXSTIFFDebugLogFile.txt,0
144848,1790408451799,MpCmdRun-13-421CFC91-A93E-42AB-A35C-F06F127FCC44.lock,0
144848,1790408451815,MpCmdRun.log,18250
144848,1790408451815,MpSigStub.log,105504
144848,1790408451815,msedge_installer.log,68015
144848,1790408451831,skin.zip,231625
144848,1790408451831,SYS32_Hardware.exe,32671232
145410,1790408452362,bb3a785178f443fda931098a5a9a306b.db.ses,53
145410,1790408452362,FXSAPIDebugLogFile.txt,0
145410,1790408452362,FXSTIFFDebugLogFile.txt,0
145410,1790408452378,MpCmdRun-13-421CFC91-A93E-42AB-A35C-F06F127FCC44.lock,0
145410,1790408452378,MpCmdRun.log,18250
145410,1790408452378,MpSigStub.log,105504
145410,1790408452393,msedge_installer.log,68015
145410,1790408452393,skin.zip,231625
145410,1790408452393,SYS32_Hardware.exe,32671232
145957,1790408452909,bb3a785178f443fda931098a5a9a306b.db.ses,53
145957,1790408452909,FXSAPIDebugLogFile.txt,0
145957,1790408452909,FXSTIFFDebugLogFile.txt,0
145957,1790408452909,MpCmdRun-13-421CFC91-A93E-42AB-A35C-F06F127FCC44.lock,0
145957,1790408452924,MpCmdRun.log,18250
145957,1790408452924,MpSigStub.log,105504
145957,1790408452940,msedge_installer.log,68015
145957,1790408452940,skin.zip,231625
145957,1790408452940,SYS32_Hardware.exe,32671232
146504,1790408453456,bb3a785178f443fda931098a5a9a306b.db.ses,53
146504,1790408453456,FXSAPIDebugLogFile.txt,0
146504,1790408453456,FXSTIFFDebugLogFile.txt,0
146504,1790408453456,MpCmdRun-13-421CFC91-A93E-42AB-A35C-F06F127FCC44.lock,0
146504,1790408453471,MpCmdRun.log,18250
146504,1790408453471,MpSigStub.log,105504
146504,1790408453487,msedge_installer.log,68015
146504,1790408453487,skin.zip,231625
146504,1790408453487,SYS32_Hardware.exe,32671232
147051,1790408454003,bb3a785178f443fda931098a5a9a306b.db.ses,53
147051,1790408454003,FXSAPIDebugLogFile.txt,0
147051,1790408454003,FXSTIFFDebugLogFile.txt,0
147051,1790408454018,MpCmdRun-13-421CFC91-A93E-42AB-A35C-F06F127FCC44.lock,0
147051,1790408454018,MpCmdRun.log,18250
147051,1790408454018,MpSigStub.log,105504
147051,1790408454034,msedge_installer.log,68015
147051,1790408454034,skin.zip,231625
147051,1790408454049,SYS32_Hardware.exe,32671232
147598,1790408454549,bb3a785178f443fda931098a5a9a306b.db.ses,53
147598,1790408454549,FXSAPIDebugLogFile.txt,0
147598,1790408454549,FXSTIFFDebugLogFile.txt,0
147598,1790408454565,MpCmdRun-13-421CFC91-A93E-42AB-A35C-F06F127FCC44.lock,0
147598,1790408454565,MpCmdRun.log,18250
147598,1790408454565,MpSigStub.log,105504
147598,1790408454581,msedge_installer.log,68015
147598,1790408454581,skin.zip,231625
147598,1790408454596,SYS32_Hardware.exe,32671232
148160,1790408455112,bb3a785178f443fda931098a5a9a306b.db.ses,53
148160,1790408455112,FXSAPIDebugLogFile.txt,0
148160,1790408455112,FXSTIFFDebugLogFile.txt,0
148160,1790408455112,MpCmdRun-13-421CFC91-A93E-42AB-A35C-F06F127FCC44.lock,0
148160,1790408455128,MpCmdRun.log,18250
148160,1790408455128,MpSigStub.log,105504
148160,1790408455128,msedge_installer.log,68015
148160,1790408455143,skin.zip,231625
148160,1790408455143,SYS32_Hardware.exe,32671232
148707,1790408455659,bb3a785178f443fda931098a5a9a306b.db.ses,53
148707,1790408455659,FXSAPIDebugLogFile.txt,0
148707,1790408455674,FXSTIFFDebugLogFile.txt,0
148707,1790408455674,MpCmdRun-13-421CFC91-A93E-42AB-A35C-F06F127FCC44.lock,0
148707,1790408455690,MpCmdRun.log,18250
148707,1790408455706,MpSigStub.log,105504
148707,1790408455721,msedge_installer.log,68015
148707,1790408455737,skin.zip,231625
148707,1790408455737,SYS32_Hardware.exe,32671232
149302,1790408456253,bb3a785178f443fda931098a5a9a306b.db.ses,53
149302,1790408456253,FXSAPIDebugLogFile.txt,0
149302,1790408456268,FXSTIFFDebugLogFile.txt,0
149302,1790408456268,MpCmdRun-13-421CFC91-A93E-42AB-A35C-F06F127FCC44.lock,0
149302,1790408456284,MpCmdRun.log,18250
149302,1790408456299,MpSigStub.log,105504
149302,1790408456315,msedge_installer.log,68015
149302,1790408456331,skin.zip,231625
149302,1790408456331,SYS32_Hardware.exe,32671232
149895,1790408456846,bb3a785178f443fda931098a5a9a306b.db.ses,53
149895,1790408456846,FXSAPIDebugLogFile.txt,0
149895,1790408456846,FXSTIFFDebugLogFile.txt,0
149895,1790408456846,MpCmdRun-13-421CFC91-A93E-42AB-A35C-F06F127FCC44.lock,0
149895,1790408456862,MpCmdRun.log,18250
149895,1790408456862,MpSigStub.log,105504
149895,1790408456878,msedge_installer.log,68015
149895,1790408456878,skin.zip,231625
149895,1790408456878,SYS32_Hardware.exe,32671232
150442,1790408457393,bb3a785178f443fda931098a5a9a306b.db.ses,53
150442,1790408457393,FXSAPIDebugLogFile.txt,0
150442,1790408457393,FXSTIFFDebugLogFile.txt,0
150442,1790408457409,MpCmdRun-13-421CFC91-A93E-42AB-A35C-F06F127FCC44.lock,0
150442,1790408457409,MpCmdRun.log,18250
150442,1790408457424,MpSigStub.log,105504
150442,1790408457440,msedge_installer.log,68015
150442,1790408457456,skin.zip,231625
150442,1790408457471,SYS32_Hardware.exe,32671232
151051,1790408458003,bb3a785178f443fda931098a5a9a306b.db.ses,53
151051,1790408458003,FXSAPIDebugLogFile.txt,0
151051,1790408458003,FXSTIFFDebugLogFile.txt,0
151051,1790408458003,MpCmdRun-13-421CFC91-A93E-42AB-A35C-F06F127FCC44.lock,0
151051,1790408458018,MpCmdRun.log,18250
151051,1790408458018,MpSigStub.log,105504
151051,1790408458034,msedge_installer.log,68015
151051,1790408458034,skin.zip,231625
151051,1790408458034,SYS32_Hardware.exe,32671232
151598,1790408458549,bb3a785178f443fda931098a5a9a306b.db.ses,53
151598,1790408458549,FXSAPIDebugLogFile.txt,0
151598,1790408458549,FXSTIFFDebugLogFile.txt,0
151598,1790408458549,MpCmdRun-13-421CFC91-A93E-42AB-A35C-F06F127FCC44.lock,0
151598,1790408458565,MpCmdRun.log,18250
151598,1790408458565,MpSigStub.log,105504
151598,1790408458581,msedge_installer.log,68015
151598,1790408458581,skin.zip,231625
151598,1790408458596,SYS32_Hardware.exe,32671232
152145,1790408459096,bb3a785178f443fda931098a5a9a306b.db.ses,53
152145,1790408459096,FXSAPIDebugLogFile.txt,0
152145,1790408459096,FXSTIFFDebugLogFile.txt,0
152145,1790408459096,MpCmdRun-13-421CFC91-A93E-42AB-A35C-F06F127FCC44.lock,0
152145,1790408459112,MpCmdRun.log,18250
152145,1790408459112,MpSigStub.log,105504
152145,1790408459128,msedge_installer.log,68015
152145,1790408459128,skin.zip,231625
152145,1790408459128,SYS32_Hardware.exe,32671232
152692,1790408459643,bb3a785178f443fda931098a5a9a306b.db.ses,53
152692,1790408459643,FXSAPIDebugLogFile.txt,0
152692,1790408459643,FXSTIFFDebugLogFile.txt,0
152692,1790408459643,MpCmdRun-13-421CFC91-A93E-42AB-A35C-F06F127FCC44.lock,0
152692,1790408459659,MpCmdRun.log,18250
152692,1790408459659,MpSigStub.log,105504
152692,1790408459674,msedge_installer.log,68015
152692,1790408459674,skin.zip,231625
152692,1790408459674,SYS32_Hardware.exe,32671232
153238,1790408460190,bb3a785178f443fda931098a5a9a306b.db.ses,53
153238,1790408460190,FXSAPIDebugLogFile.txt,0
153238,1790408460190,FXSTIFFDebugLogFile.txt,0
153238,1790408460190,MpCmdRun-13-421CFC91-A93E-42AB-A35C-F06F127FCC44.lock,0
153238,1790408460206,MpCmdRun.log,18250
153238,1790408460206,MpSigStub.log,105504
153238,1790408460221,msedge_installer.log,68015
153238,1790408460221,skin.zip,231625
153238,1790408460221,SYS32_Hardware.exe,32671232
153785,1790408460737,bb3a785178f443fda931098a5a9a306b.db.ses,53
153785,1790408460737,FXSAPIDebugLogFile.txt,0
153785,1790408460737,FXSTIFFDebugLogFile.txt,0
153785,1790408460737,MpCmdRun-13-421CFC91-A93E-42AB-A35C-F06F127FCC44.lock,0
153785,1790408460753,MpCmdRun.log,18250
153785,1790408460753,MpSigStub.log,105504
153785,1790408460768,msedge_installer.log,68015
153785,1790408460768,skin.zip,231625
153785,1790408460768,SYS32_Hardware.exe,32671232
154348,1790408461299,bb3a785178f443fda931098a5a9a306b.db.ses,53
154348,1790408461299,FXSAPIDebugLogFile.txt,0
154348,1790408461299,FXSTIFFDebugLogFile.txt,0
154348,1790408461299,MpCmdRun-13-421CFC91-A93E-42AB-A35C-F06F127FCC44.lock,0
154348,1790408461315,MpCmdRun.log,18250
154348,1790408461315,MpSigStub.log,105504
154348,1790408461331,msedge_installer.log,68015
154348,1790408461331,skin.zip,231625
154348,1790408461331,SYS32_Hardware.exe,32671232
154895,1790408461846,bb3a785178f443fda931098a5a9a306b.db.ses,53
154895,1790408461846,FXSAPIDebugLogFile.txt,0
154895,1790408461846,FXSTIFFDebugLogFile.txt,0
154895,1790408461846,MpCmdRun-13-421CFC91-A93E-42AB-A35C-F06F127FCC44.lock,0
154895,1790408461862,MpCmdRun.log,18250
154895,1790408461862,MpSigStub.log,105504
154895,1790408461878,msedge_installer.log,68015
154895,1790408461878,skin.zip,231625
154895,1790408461878,SYS32_Hardware.exe,32671232
155441,1790408462393,bb3a785178f443fda931098a5a9a306b.db.ses,53
155441,1790408462393,FXSAPIDebugLogFile.txt,0
155441,1790408462393,FXSTIFFDebugLogFile.txt,0
155441,1790408462409,MpCmdRun-13-421CFC91-A93E-42AB-A35C-F06F127FCC44.lock,0
155441,1790408462409,MpCmdRun.log,18250
155441,1790408462409,MpSigStub.log,105504
155441,1790408462424,msedge_installer.log,68015
155441,1790408462424,skin.zip,231625
155441,1790408462440,SYS32_Hardware.exe,32671232
156004,1790408462956,bb3a785178f443fda931098a5a9a306b.db.ses,53
156004,1790408462956,FXSAPIDebugLogFile.txt,0
156004,1790408462971,FXSTIFFDebugLogFile.txt,0
156004,1790408462971,MpCmdRun-13-421CFC91-A93E-42AB-A35C-F06F127FCC44.lock,0
156004,1790408462971,MpCmdRun.log,18250
156004,1790408462987,MpSigStub.log,105504
156004,1790408462987,msedge_installer.log,68015
156004,1790408463003,skin.zip,231625
156004,1790408463003,SYS32_Hardware.exe,32671232
156566,1790408463518,bb3a785178f443fda931098a5a9a306b.db.ses,53
156566,1790408463518,FXSAPIDebugLogFile.txt,0
156566,1790408463518,FXSTIFFDebugLogFile.txt,0
156566,1790408463534,MpCmdRun-13-421CFC91-A93E-42AB-A35C-F06F127FCC44.lock,0
156566,1790408463534,MpCmdRun.log,18250
156566,1790408463534,MpSigStub.log,105504
156566,1790408463549,msedge_installer.log,68015
156566,1790408463549,skin.zip,231625
156566,1790408463549,SYS32_Hardware.exe,32671232
157129,1790408464081,bb3a785178f443fda931098a5a9a306b.db.ses,53
157129,1790408464081,FXSAPIDebugLogFile.txt,0
157129,1790408464081,FXSTIFFDebugLogFile.txt,0
157129,1790408464081,MpCmdRun-13-421CFC91-A93E-42AB-A35C-F06F127FCC44.lock,0
157129,1790408464096,MpCmdRun.log,18250
157129,1790408464096,MpSigStub.log,105504
157129,1790408464112,msedge_installer.log,68015
157129,1790408464112,skin.zip,231625
157129,1790408464128,SYS32_Hardware.exe,32671232
157676,1790408464628,bb3a785178f443fda931098a5a9a306b.db.ses,53
157676,1790408464628,FXSAPIDebugLogFile.txt,0
157676,1790408464628,FXSTIFFDebugLogFile.txt,0
157676,1790408464643,MpCmdRun-13-421CFC91-A93E-42AB-A35C-F06F127FCC44.lock,0
157676,1790408464643,MpCmdRun.log,18250
157676,1790408464643,MpSigStub.log,105504
157676,1790408464659,msedge_installer.log,68015
157676,1790408464659,skin.zip,231625
157676,1790408464674,SYS32_Hardware.exe,32671232
158223,1790408465174,bb3a785178f443fda931098a5a9a306b.db.ses,53
158223,1790408465174,FXSAPIDebugLogFile.txt,0
158223,1790408465174,FXSTIFFDebugLogFile.txt,0
158223,1790408465174,MpCmdRun-13-421CFC91-A93E-42AB-A35C-F06F127FCC44.lock,0
158223,1790408465190,MpCmdRun.log,18250
158223,1790408465190,MpSigStub.log,105504
158223,1790408465190,msedge_installer.log,68015
158223,1790408465206,skin.zip,231625
158223,1790408465206,SYS32_Hardware.exe,32671232
158770,1790408465721,bb3a785178f443fda931098a5a9a306b.db.ses,53
158770,1790408465721,FXSAPIDebugLogFile.txt,0
158770,1790408465721,FXSTIFFDebugLogFile.txt,0
158770,1790408465721,MpCmdRun-13-421CFC91-A93E-42AB-A35C-F06F127FCC44.lock,0
158770,1790408465737,MpCmdRun.log,18250
158770,1790408465737,MpSigStub.log,105504
158770,1790408465753,msedge_installer.log,68015
158770,1790408465753,skin.zip,231625
158770,1790408465753,SYS32_Hardware.exe,32671232
159317,1790408466268,bb3a785178f443fda931098a5a9a306b.db.ses,53
159317,1790408466268,FXSAPIDebugLogFile.txt,0
159317,1790408466268,FXSTIFFDebugLogFile.txt,0
159317,1790408466284,MpCmdRun-13-421CFC91-A93E-42AB-A35C-F06F127FCC44.lock,0
159317,1790408466284,MpCmdRun.log,18250
159317,1790408466284,MpSigStub.log,105504
159317,1790408466299,msedge_installer.log,68015
159317,1790408466299,skin.zip,231625
159317,1790408466315,SYS32_Hardware.exe,32671232
159863,1790408466815,bb3a785178f443fda931098a5a9a306b.db.ses,53
159863,1790408466815,FXSAPIDebugLogFile.txt,0
159863,1790408466815,FXSTIFFDebugLogFile.txt,0
159863,1790408466815,MpCmdRun-13-421CFC91-A93E-42AB-A35C-F06F127FCC44.lock,0
159863,1790408466831,MpCmdRun.log,18250
159863,1790408466831,MpSigStub.log,105504
159863,1790408466846,msedge_installer.log,68015
159863,1790408466846,skin.zip,231625
159863,1790408466846,SYS32_Hardware.exe,32671232
160410,1790408467362,bb3a785178f443fda931098a5a9a306b.db.ses,53
160410,1790408467362,FXSAPIDebugLogFile.txt,0
160410,1790408467362,FXSTIFFDebugLogFile.txt,0
160410,1790408467378,MpCmdRun-13-421CFC91-A93E-42AB-A35C-F06F127FCC44.lock,0
160410,1790408467378,MpCmdRun.log,18250
160410,1790408467378,MpSigStub.log,105504
160410,1790408467393,msedge_installer.log,68015
160410,1790408467393,skin.zip,231625
160410,1790408467409,SYS32_Hardware.exe,32671232
160957,1790408467909,bb3a785178f443fda931098a5a9a306b.db.ses,53
160957,1790408467909,FXSAPIDebugLogFile.txt,0
160957,1790408467909,FXSTIFFDebugLogFile.txt,0
160957,1790408467909,MpCmdRun-13-421CFC91-A93E-42AB-A35C-F06F127FCC44.lock,0
160957,1790408467924,MpCmdRun.log,18250
160957,1790408467924,MpSigStub.log,105504
160957,1790408467940,msedge_installer.log,68015
160957,1790408467940,skin.zip,231625
160957,1790408467956,SYS32_Hardware.exe,32671232
161504,1790408468456,bb3a785178f443fda931098a5a9a306b.db.ses,53
161504,1790408468456,FXSAPIDebugLogFile.txt,0
161504,1790408468456,FXSTIFFDebugLogFile.txt,0
161504,1790408468456,MpCmdRun-13-421CFC91-A93E-42AB-A35C-F06F127FCC44.lock,0
161504,1790408468471,MpCmdRun.log,18250
161504,1790408468471,MpSigStub.log,105504
161504,1790408468487,msedge_installer.log,68015
161504,1790408468487,skin.zip,231625
161504,1790408468487,SYS32_Hardware.exe,32671232
162051,1790408469003,bb3a785178f443fda931098a5a9a306b.db.ses,53
162051,1790408469003,FXSAPIDebugLogFile.txt,0
162051,1790408469003,FXSTIFFDebugLogFile.txt,0
162051,1790408469003,MpCmdRun-13-421CFC91-A93E-42AB-A35C-F06F127FCC44.lock,0
162051,1790408469018,MpCmdRun.log,18250
162051,1790408469018,MpSigStub.log,105504
162051,1790408469034,msedge_installer.log,68015
162051,1790408469034,skin.zip,231625
162051,1790408469034,SYS32_Hardware.exe,32671232
162613,1790408469565,bb3a785178f443fda931098a5a9a306b.db.ses,53
162613,1790408469565,FXSAPIDebugLogFile.txt,0
162613,1790408469565,FXSTIFFDebugLogFile.txt,0
162613,1790408469581,MpCmdRun-13-421CFC91-A93E-42AB-A35C-F06F127FCC44.lock,0
162613,1790408469581,MpCmdRun.log,18250
162613,1790408469596,MpSigStub.log,105504
162613,1790408469596,msedge_installer.log,68015
162613,1790408469596,skin.zip,231625
162613,1790408469612,SYS32_Hardware.exe,32671232
163160,1790408470112,bb3a785178f443fda931098a5a9a306b.db.ses,53
163160,1790408470112,FXSAPIDebugLogFile.txt,0
163160,1790408470112,FXSTIFFDebugLogFile.txt,0
163160,1790408470112,MpCmdRun-13-421CFC91-A93E-42AB-A35C-F06F127FCC44.lock,0
163160,1790408470128,MpCmdRun.log,18250
163160,1790408470128,MpSigStub.log,105504
163160,1790408470128,msedge_installer.log,68015
163160,1790408470143,skin.zip,231625
163160,1790408470143,SYS32_Hardware.exe,32671232
163707,1790408470659,bb3a785178f443fda931098a5a9a306b.db.ses,53
163707,1790408470659,FXSAPIDebugLogFile.txt,0
163707,1790408470659,FXSTIFFDebugLogFile.txt,0
163707,1790408470659,MpCmdRun-13-421CFC91-A93E-42AB-A35C-F06F127FCC44.lock,0
163707,1790408470674,MpCmdRun.log,18250
163707,1790408470674,MpSigStub.log,105504
163707,1790408470690,msedge_installer.log,68015
163707,1790408470690,skin.zip,231625
163707,1790408470706,SYS32_Hardware.exe,32671232
164254,1790408471206,bb3a785178f443fda931098a5a9a306b.db.ses,53
164254,1790408471206,FXSAPIDebugLogFile.txt,0
164254,1790408471206,FXSTIFFDebugLogFile.txt,0
164254,1790408471221,MpCmdRun-13-421CFC91-A93E-42AB-A35C-F06F127FCC44.lock,0
164254,1790408471221,MpCmdRun.log,18250
164254,1790408471221,MpSigStub.log,105504
164254,1790408471237,msedge_installer.log,68015
164254,1790408471237,skin.zip,231625
164254,1790408471237,SYS32_Hardware.exe,32671232
164817,1790408471768,bb3a785178f443fda931098a5a9a306b.db.ses,53
164817,1790408471768,FXSAPIDebugLogFile.txt,0
164817,1790408471768,FXSTIFFDebugLogFile.txt,0
164817,1790408471784,MpCmdRun-13-421CFC91-A93E-42AB-A35C-F06F127FCC44.lock,0
164817,1790408471784,MpCmdRun.log,18250
164817,1790408471784,MpSigStub.log,105504
164817,1790408471800,msedge_installer.log,68015
164817,1790408471800,skin.zip,231625
164817,1790408471800,SYS32_Hardware.exe,32671232
165363,1790408472315,bb3a785178f443fda931098a5a9a306b.db.ses,53
165363,1790408472315,FXSAPIDebugLogFile.txt,0
165363,1790408472315,FXSTIFFDebugLogFile.txt,0
165363,1790408472315,MpCmdRun-13-421CFC91-A93E-42AB-A35C-F06F127FCC44.lock,0
165363,1790408472331,MpCmdRun.log,18250
165363,1790408472331,MpSigStub.log,105504
165363,1790408472331,msedge_installer.log,68015
165363,1790408472346,skin.zip,231625
165363,1790408472346,SYS32_Hardware.exe,32671232
165910,1790408472862,bb3a785178f443fda931098a5a9a306b.db.ses,53
165910,1790408472862,FXSAPIDebugLogFile.txt,0
165910,1790408472862,FXSTIFFDebugLogFile.txt,0
165910,1790408472878,MpCmdRun-13-421CFC91-A93E-42AB-A35C-F06F127FCC44.lock,0
165910,1790408472878,MpCmdRun.log,18250
165910,1790408472878,MpSigStub.log,105504
165910,1790408472893,msedge_installer.log,68015
165910,1790408472893,skin.zip,231625
165910,1790408472893,SYS32_Hardware.exe,32671232
166457,1790408473409,bb3a785178f443fda931098a5a9a306b.db.ses,53
166457,1790408473409,FXSAPIDebugLogFile.txt,0
166457,1790408473409,FXSTIFFDebugLogFile.txt,0
166457,1790408473409,MpCmdRun-13-421CFC91-A93E-42AB-A35C-F06F127FCC44.lock,0
166457,1790408473424,MpCmdRun.log,18250
166457,1790408473424,MpSigStub.log,105504
166457,1790408473440,msedge_installer.log,68015
166457,1790408473440,skin.zip,231625
166457,1790408473440,SYS32_Hardware.exe,32671232
167004,1790408473956,bb3a785178f443fda931098a5a9a306b.db.ses,53
167004,1790408473956,FXSAPIDebugLogFile.txt,0
167004,1790408473956,FXSTIFFDebugLogFile.txt,0
167004,1790408473956,MpCmdRun-13-421CFC91-A93E-42AB-A35C-F06F127FCC44.lock,0
167004,1790408473971,MpCmdRun.log,18250
167004,1790408473971,MpSigStub.log,105504
167004,1790408473987,msedge_installer.log,68015
167004,1790408473987,skin.zip,231625
167004,1790408473987,SYS32_Hardware.exe,32671232
167567,1790408474518,bb3a785178f443fda931098a5a9a306b.db.ses,53
167567,1790408474518,FXSAPIDebugLogFile.txt,0
167567,1790408474518,FXSTIFFDebugLogFile.txt,0
167567,1790408474518,MpCmdRun-13-421CFC91-A93E-42AB-A35C-F06F127FCC44.lock,0
167567,1790408474534,MpCmdRun.log,18250
167567,1790408474534,MpSigStub.log,105504
167567,1790408474549,msedge_installer.log,68015
167567,1790408474549,skin.zip,231625
167567,1790408474549,SYS32_Hardware.exe,32671232
168113,1790408475065,bb3a785178f443fda931098a5a9a306b.db.ses,53
168113,1790408475065,FXSAPIDebugLogFile.txt,0
168113,1790408475065,FXSTIFFDebugLogFile.txt,0
168113,1790408475065,MpCmdRun-13-421CFC91-A93E-42AB-A35C-F06F127FCC44.lock,0
168113,1790408475081,MpCmdRun.log,18250
168113,1790408475081,MpSigStub.log,105504
168113,1790408475096,msedge_installer.log,68015
168113,1790408475096,skin.zip,231625
168113,1790408475096,SYS32_Hardware.exe,32671232
168660,1790408475612,bb3a785178f443fda931098a5a9a306b.db.ses,53
168660,1790408475612,FXSAPIDebugLogFile.txt,0
168660,1790408475612,FXSTIFFDebugLogFile.txt,0
168660,1790408475628,MpCmdRun-13-421CFC91-A93E-42AB-A35C-F06F127FCC44.lock,0
168660,1790408475628,MpCmdRun.log,18250
168660,1790408475628,MpSigStub.log,105504
168660,1790408475643,msedge_installer.log,68015
168660,1790408475643,skin.zip,231625
168660,1790408475659,SYS32_Hardware.exe,32671232
169207,1790408476159,bb3a785178f443fda931098a5a9a306b.db.ses,53
169207,1790408476159,FXSAPIDebugLogFile.txt,0
169207,1790408476159,FXSTIFFDebugLogFile.txt,0
169207,1790408476174,MpCmdRun-13-421CFC91-A93E-42AB-A35C-F06F127FCC44.lock,0
169207,1790408476174,MpCmdRun.log,18250
169207,1790408476174,MpSigStub.log,105504
169207,1790408476190,msedge_installer.log,68015
169207,1790408476190,skin.zip,231625
169207,1790408476190,SYS32_Hardware.exe,32671232
169754,1790408476706,bb3a785178f443fda931098a5a9a306b.db.ses,53
169754,1790408476706,FXSAPIDebugLogFile.txt,0
169754,1790408476706,FXSTIFFDebugLogFile.txt,0
169754,1790408476706,MpCmdRun-13-421CFC91-A93E-42AB-A35C-F06F127FCC44.lock,0
169754,1790408476721,MpCmdRun.log,18250
169754,1790408476721,MpSigStub.log,105504
169754,1790408476737,msedge_installer.log,68015
169754,1790408476737,skin.zip,231625
169754,1790408476737,SYS32_Hardware.exe,32671232
170301,1790408477253,bb3a785178f443fda931098a5a9a306b.db.ses,53
170301,1790408477253,FXSAPIDebugLogFile.txt,0
170301,1790408477253,FXSTIFFDebugLogFile.txt,0
170301,1790408477253,MpCmdRun-13-421CFC91-A93E-42AB-A35C-F06F127FCC44.lock,0
170301,1790408477268,MpCmdRun.log,18250
170301,1790408477268,MpSigStub.log,105504
170301,1790408477284,msedge_installer.log,68015
170301,1790408477284,skin.zip,231625
170301,1790408477299,SYS32_Hardware.exe,32671232
170848,1790408477800,bb3a785178f443fda931098a5a9a306b.db.ses,53
170848,1790408477800,FXSAPIDebugLogFile.txt,0
170848,1790408477800,FXSTIFFDebugLogFile.txt,0
170848,1790408477815,MpCmdRun-13-421CFC91-A93E-42AB-A35C-F06F127FCC44.lock,0
170848,1790408477815,MpCmdRun.log,18250
170848,1790408477815,MpSigStub.log,105504
170848,1790408477831,msedge_installer.log,68015
170848,1790408477831,skin.zip,231625
170848,1790408477846,SYS32_Hardware.exe,32671232
171395,1790408478346,bb3a785178f443fda931098a5a9a306b.db.ses,53
171395,1790408478346,FXSAPIDebugLogFile.txt,0
171395,1790408478346,FXSTIFFDebugLogFile.txt,0
171395,1790408478362,MpCmdRun-13-421CFC91-A93E-42AB-A35C-F06F127FCC44.lock,0
171395,1790408478378,MpCmdRun.log,18250
171395,1790408478378,MpSigStub.log,105504
171395,1790408478393,msedge_installer.log,68015
171395,1790408478409,skin.zip,231625
171395,1790408478424,SYS32_Hardware.exe,32671232
171973,1790408478924,bb3a785178f443fda931098a5a9a306b.db.ses,53
171973,1790408478924,FXSAPIDebugLogFile.txt,0
171973,1790408478924,FXSTIFFDebugLogFile.txt,0
171973,1790408478940,MpCmdRun-13-421CFC91-A93E-42AB-A35C-F06F127FCC44.lock,0
171973,1790408478940,MpCmdRun.log,18250
171973,1790408478940,MpSigStub.log,105504
171973,1790408478956,msedge_installer.log,68015
171973,1790408478956,skin.zip,231625
171973,1790408478971,SYS32_Hardware.exe,32671232
172520,1790408479471,bb3a785178f443fda931098a5a9a306b.db.ses,53
172520,1790408479471,FXSAPIDebugLogFile.txt,0
172520,1790408479471,FXSTIFFDebugLogFile.txt,0
172520,1790408479471,MpCmdRun-13-421CFC91-A93E-42AB-A35C-F06F127FCC44.lock,0
172520,1790408479487,MpCmdRun.log,18250
172520,1790408479487,MpSigStub.log,105504
172520,1790408479503,msedge_installer.log,68015
172520,1790408479503,skin.zip,231625
172520,1790408479503,SYS32_Hardware.exe,32671232
173067,1790408480018,bb3a785178f443fda931098a5a9a306b.db.ses,53
173067,1790408480018,FXSAPIDebugLogFile.txt,0
173067,1790408480018,FXSTIFFDebugLogFile.txt,0
173067,1790408480018,MpCmdRun-13-421CFC91-A93E-42AB-A35C-F06F127FCC44.lock,0
173067,1790408480034,MpCmdRun.log,18250
173067,1790408480034,MpSigStub.log,105504
173067,1790408480049,msedge_installer.log,68015
173067,1790408480049,skin.zip,231625
173067,1790408480049,SYS32_Hardware.exe,32671232
173614,1790408480565,bb3a785178f443fda931098a5a9a306b.db.ses,53
173614,1790408480565,FXSAPIDebugLogFile.txt,0
173614,1790408480565,FXSTIFFDebugLogFile.txt,0
173614,1790408480565,MpCmdRun-13-421CFC91-A93E-42AB-A35C-F06F127FCC44.lock,0
173614,1790408480581,MpCmdRun.log,18250
173614,1790408480581,MpSigStub.log,105504
173614,1790408480581,msedge_installer.log,68015
173614,1790408480596,skin.zip,231625
173614,1790408480596,SYS32_Hardware.exe,32671232
174160,1790408481112,bb3a785178f443fda931098a5a9a306b.db.ses,53
174160,1790408481112,FXSAPIDebugLogFile.txt,0
174160,1790408481112,FXSTIFFDebugLogFile.txt,0
174160,1790408481112,MpCmdRun-13-421CFC91-A93E-42AB-A35C-F06F127FCC44.lock,0
174160,1790408481128,MpCmdRun.log,18250
174160,1790408481128,MpSigStub.log,105504
174160,1790408481128,msedge_installer.log,68015
174160,1790408481143,skin.zip,231625
174160,1790408481143,SYS32_Hardware.exe,32671232
174707,1790408481659,bb3a785178f443fda931098a5a9a306b.db.ses,53
174707,1790408481659,FXSAPIDebugLogFile.txt,0
174707,1790408481659,FXSTIFFDebugLogFile.txt,0
174707,1790408481659,MpCmdRun-13-421CFC91-A93E-42AB-A35C-F06F127FCC44.lock,0
174707,1790408481674,MpCmdRun.log,18250
174707,1790408481674,MpSigStub.log,105504
174707,1790408481674,msedge_installer.log,68015
174707,1790408481690,skin.zip,231625
174707,1790408481690,SYS32_Hardware.exe,32671232
175254,1790408482206,bb3a785178f443fda931098a5a9a306b.db.ses,53
175254,1790408482206,FXSAPIDebugLogFile.txt,0
175254,1790408482206,FXSTIFFDebugLogFile.txt,0
175254,1790408482206,MpCmdRun-13-421CFC91-A93E-42AB-A35C-F06F127FCC44.lock,0
175254,1790408482221,MpCmdRun.log,18250
175254,1790408482221,MpSigStub.log,105504
175254,1790408482237,msedge_installer.log,68015
175254,1790408482237,skin.zip,231625
175254,1790408482253,SYS32_Hardware.exe,32671232
175801,1790408482753,bb3a785178f443fda931098a5a9a306b.db.ses,53
175801,1790408482753,FXSAPIDebugLogFile.txt,0
175801,1790408482753,FXSTIFFDebugLogFile.txt,0
175801,1790408482753,MpCmdRun-13-421CFC91-A93E-42AB-A35C-F06F127FCC44.lock,0
175801,1790408482768,MpCmdRun.log,18250
175801,1790408482768,MpSigStub.log,105504
175801,1790408482768,msedge_installer.log,68015
175801,1790408482784,skin.zip,231625
175801,1790408482784,SYS32_Hardware.exe,32671232
176348,1790408483299,bb3a785178f443fda931098a5a9a306b.db.ses,53
176348,1790408483299,FXSAPIDebugLogFile.txt,0
176348,1790408483299,FXSTIFFDebugLogFile.txt,0
176348,1790408483299,MpCmdRun-13-421CFC91-A93E-42AB-A35C-F06F127FCC44.lock,0
176348,1790408483315,MpCmdRun.log,18250
176348,1790408483315,MpSigStub.log,105504
176348,1790408483315,msedge_installer.log,68015
176348,1790408483331,skin.zip,231625
176348,1790408483331,SYS32_Hardware.exe,32671232
176895,1790408483846,bb3a785178f443fda931098a5a9a306b.db.ses,53
176895,1790408483846,FXSAPIDebugLogFile.txt,0
176895,1790408483846,FXSTIFFDebugLogFile.txt,0
176895,1790408483846,MpCmdRun-13-421CFC91-A93E-42AB-A35C-F06F127FCC44.lock,0
176895,1790408483862,MpCmdRun.log,18250
176895,1790408483862,MpSigStub.log,105504
176895,1790408483878,msedge_installer.log,68015
176895,1790408483878,skin.zip,231625
176895,1790408483893,SYS32_Hardware.exe,32671232
177442,1790408484393,bb3a785178f443fda931098a5a9a306b.db.ses,53
177442,1790408484393,FXSAPIDebugLogFile.txt,0
177442,1790408484393,FXSTIFFDebugLogFile.txt,0
177442,1790408484393,MpCmdRun-13-421CFC91-A93E-42AB-A35C-F06F127FCC44.lock,0
177442,1790408484409,MpCmdRun.log,18250
177442,1790408484409,MpSigStub.log,105504
177442,1790408484424,msedge_installer.log,68015
177442,1790408484424,skin.zip,231625
177442,1790408484424,SYS32_Hardware.exe,32671232
177988,1790408484940,bb3a785178f443fda931098a5a9a306b.db.ses,53
177988,1790408484940,FXSAPIDebugLogFile.txt,0
177988,1790408484940,FXSTIFFDebugLogFile.txt,0
177988,1790408484940,MpCmdRun-13-421CFC91-A93E-42AB-A35C-F06F127FCC44.lock,0
177988,1790408484956,MpCmdRun.log,18250
177988,1790408484956,MpSigStub.log,105504
177988,1790408484956,msedge_installer.log,68015
177988,1790408484971,skin.zip,231625
177988,1790408484971,SYS32_Hardware.exe,32671232
178551,1790408485503,bb3a785178f443fda931098a5a9a306b.db.ses,53
178551,1790408485503,FXSAPIDebugLogFile.txt,0
178551,1790408485503,FXSTIFFDebugLogFile.txt,0
178551,1790408485503,MpCmdRun-13-421CFC91-A93E-42AB-A35C-F06F127FCC44.lock,0
178551,1790408485518,MpCmdRun.log,18250
178551,1790408485518,MpSigStub.log,105504
178551,1790408485518,msedge_installer.log,68015
178551,1790408485534,skin.zip,231625
178551,1790408485534,SYS32_Hardware.exe,32671232
179114,1790408486065,bb3a785178f443fda931098a5a9a306b.db.ses,53
179114,1790408486065,FXSAPIDebugLogFile.txt,0
179114,1790408486065,FXSTIFFDebugLogFile.txt,0
179114,1790408486065,MpCmdRun-13-421CFC91-A93E-42AB-A35C-F06F127FCC44.lock,0
179114,1790408486081,MpCmdRun.log,18250
179114,1790408486081,MpSigStub.log,105504
179114,1790408486096,msedge_installer.log,68015
179114,1790408486096,skin.zip,231625
179114,1790408486096,SYS32_Hardware.exe,32671232
179660,1790408486612,bb3a785178f443fda931098a5a9a306b.db.ses,53
179660,1790408486612,FXSAPIDebugLogFile.txt,0
179660,1790408486612,FXSTIFFDebugLogFile.txt,0
179660,1790408486612,MpCmdRun-13-421CFC91-A93E-42AB-A35C-F06F127FCC44.lock,0
179660,1790408486628,MpCmdRun.log,18250
179660,1790408486628,MpSigStub.log,105504
179660,1790408486643,msedge_installer.log,68015
179660,1790408486643,skin.zip,231625
179660,1790408486643,SYS32_Hardware.exe,32671232
180207,1790408487159,bb3a785178f443fda931098a5a9a306b.db.ses,53
180207,1790408487159,FXSAPIDebugLogFile.txt,0
180207,1790408487159,FXSTIFFDebugLogFile.txt,0
180207,1790408487174,MpCmdRun-13-421CFC91-A93E-42AB-A35C-F06F127FCC44.lock,0
180207,1790408487174,MpCmdRun.log,18250
180207,1790408487174,MpSigStub.log,105504
180207,1790408487190,msedge_installer.log,68015
180207,1790408487190,skin.zip,231625
180207,1790408487190,SYS32_Hardware.exe,32671232
180770,1790408487721,bb3a785178f443fda931098a5a9a306b.db.ses,53
180770,1790408487721,FXSAPIDebugLogFile.txt,0
180770,1790408487721,FXSTIFFDebugLogFile.txt,0
180770,1790408487721,MpCmdRun-13-421CFC91-A93E-42AB-A35C-F06F127FCC44.lock,0
180770,1790408487737,MpCmdRun.log,18250
180770,1790408487737,MpSigStub.log,105504
180770,1790408487753,msedge_installer.log,68015
180770,1790408487753,skin.zip,231625
180770,1790408487768,SYS32_Hardware.exe,32671232
181317,1790408488268,bb3a785178f443fda931098a5a9a306b.db.ses,53
181317,1790408488268,FXSAPIDebugLogFile.txt,0
181317,1790408488268,FXSTIFFDebugLogFile.txt,0
181317,1790408488284,MpCmdRun-13-421CFC91-A93E-42AB-A35C-F06F127FCC44.lock,0
181317,1790408488284,MpCmdRun.log,18250
181317,1790408488299,MpSigStub.log,105504
181317,1790408488299,msedge_installer.log,68015
181317,1790408488299,skin.zip,231625
181317,1790408488315,SYS32_Hardware.exe,32671232
181879,1790408488831,bb3a785178f443fda931098a5a9a306b.db.ses,53
181879,1790408488831,FXSAPIDebugLogFile.txt,0
181879,1790408488831,FXSTIFFDebugLogFile.txt,0
181879,1790408488846,MpCmdRun-13-421CFC91-A93E-42AB-A35C-F06F127FCC44.lock,0
181879,1790408488846,MpCmdRun.log,18250
181879,1790408488846,MpSigStub.log,105504
181879,1790408488862,msedge_installer.log,68015
181879,1790408488878,skin.zip,231625
181879,1790408488878,SYS32_Hardware.exe,32671232
182441,1790408489393,bb3a785178f443fda931098a5a9a306b.db.ses,53
182441,1790408489393,FXSAPIDebugLogFile.txt,0
182441,1790408489393,FXSTIFFDebugLogFile.txt,0
182441,1790408489409,MpCmdRun-13-421CFC91-A93E-42AB-A35C-F06F127FCC44.lock,0
182441,1790408489409,MpCmdRun.log,18250
182441,1790408489409,MpSigStub.log,105504
182441,1790408489424,msedge_installer.log,68015
182441,1790408489424,skin.zip,231625
182441,1790408489440,SYS32_Hardware.exe,32671232
183004,1790408489956,bb3a785178f443fda931098a5a9a306b.db.ses,53
183004,1790408489956,FXSAPIDebugLogFile.txt,0
183004,1790408489956,FXSTIFFDebugLogFile.txt,0
183004,1790408489956,MpCmdRun-13-421CFC91-A93E-42AB-A35C-F06F127FCC44.lock,0
183004,1790408489971,MpCmdRun.log,18250
183004,1790408489971,MpSigStub.log,105504
183004,1790408489987,msedge_installer.log,68015
183004,1790408489987,skin.zip,231625
183004,1790408490003,SYS32_Hardware.exe,32671232
183551,1790408490503,bb3a785178f443fda931098a5a9a306b.db.ses,53
183551,1790408490503,FXSAPIDebugLogFile.txt,0
183551,1790408490503,FXSTIFFDebugLogFile.txt,0
183551,1790408490503,MpCmdRun-13-421CFC91-A93E-42AB-A35C-F06F127FCC44.lock,0
183551,1790408490518,MpCmdRun.log,18250
183551,1790408490518,MpSigStub.log,105504
183551,1790408490534,msedge_installer.log,68015
183551,1790408490534,skin.zip,231625
183551,1790408490534,SYS32_Hardware.exe,32671232
184098,1790408491049,bb3a785178f443fda931098a5a9a306b.db.ses,53
184098,1790408491049,FXSAPIDebugLogFile.txt,0
184098,1790408491049,FXSTIFFDebugLogFile.txt,0
184098,1790408491049,MpCmdRun-13-421CFC91-A93E-42AB-A35C-F06F127FCC44.lock,0
184098,1790408491065,MpCmdRun.log,18250
184098,1790408491065,MpSigStub.log,105504
184098,1790408491081,msedge_installer.log,68015
184098,1790408491081,skin.zip,231625
184098,1790408491081,SYS32_Hardware.exe,32671232
184645,1790408491596,bb3a785178f443fda931098a5a9a306b.db.ses,53
184645,1790408491596,FXSAPIDebugLogFile.txt,0
184645,1790408491596,FXSTIFFDebugLogFile.txt,0
184645,1790408491612,MpCmdRun-13-421CFC91-A93E-42AB-A35C-F06F127FCC44.lock,0
184645,1790408491628,MpCmdRun.log,18250
184645,1790408491628,MpSigStub.log,105504
184645,1790408491643,msedge_installer.log,68015
184645,1790408491643,skin.zip,231625
184645,1790408491659,SYS32_Hardware.exe,32671232
185212,1790408492161,bb3a785178f443fda931098a5a9a306b.db.ses,53
185212,1790408492176,FXSAPIDebugLogFile.txt,0
185212,1790408492190,FXSTIFFDebugLogFile.txt,0
185212,1790408492206,MpCmdRun-13-421CFC91-A93E-42AB-A35C-F06F127FCC44.lock,0
185212,1790408492221,MpCmdRun.log,18250
185212,1790408492237,MpSigStub.log,105504
185212,1790408492237,msedge_installer.log,68015
185212,1790408492268,skin.zip,231625
185212,1790408492284,SYS32_Hardware.exe,32671232
185832,1790408492784,bb3a785178f443fda931098a5a9a306b.db.ses,53
185832,1790408492784,FXSAPIDebugLogFile.txt,0
185832,1790408492784,FXSTIFFDebugLogFile.txt,0
185832,1790408492799,MpCmdRun-13-421CFC91-A93E-42AB-A35C-F06F127FCC44.lock,0
185832,1790408492799,MpCmdRun.log,18250
185832,1790408492815,MpSigStub.log,105504
185832,1790408492815,msedge_installer.log,68015
185832,1790408492815,skin.zip,231625
185832,1790408492831,SYS32_Hardware.exe,32671232
186379,1790408493331,bb3a785178f443fda931098a5a9a306b.db.ses,53
186379,1790408493331,FXSAPIDebugLogFile.txt,0
186379,1790408493331,FXSTIFFDebugLogFile.txt,0
186379,1790408493331,MpCmdRun-13-421CFC91-A93E-42AB-A35C-F06F127FCC44.lock,0
186379,1790408493346,MpCmdRun.log,18250
186379,1790408493346,MpSigStub.log,105504
186379,1790408493346,msedge_installer.log,68015
186379,1790408493362,skin.zip,231625
186379,1790408493362,SYS32_Hardware.exe,32671232
186926,1790408493878,bb3a785178f443fda931098a5a9a306b.db.ses,53
186926,1790408493878,FXSAPIDebugLogFile.txt,0
186926,1790408493878,FXSTIFFDebugLogFile.txt,0
186926,1790408493878,MpCmdRun-13-421CFC91-A93E-42AB-A35C-F06F127FCC44.lock,0
186926,1790408493893,MpCmdRun.log,18250
186926,1790408493893,MpSigStub.log,105504
186926,1790408493909,msedge_installer.log,68015
186926,1790408493909,skin.zip,231625
186926,1790408493909,SYS32_Hardware.exe,32671232
187488,1790408494440,bb3a785178f443fda931098a5a9a306b.db.ses,53
187488,1790408494440,FXSAPIDebugLogFile.txt,0
187488,1790408494440,FXSTIFFDebugLogFile.txt,0
187488,1790408494440,MpCmdRun-13-421CFC91-A93E-42AB-A35C-F06F127FCC44.lock,0
187488,1790408494456,MpCmdRun.log,18250
187488,1790408494456,MpSigStub.log,105504
187488,1790408494471,msedge_installer.log,68015
187488,1790408494471,skin.zip,231625
187488,1790408494471,SYS32_Hardware.exe,32671232
188035,1790408494987,bb3a785178f443fda931098a5a9a306b.db.ses,53
188035,1790408494987,FXSAPIDebugLogFile.txt,0
188035,1790408494987,FXSTIFFDebugLogFile.txt,0
188035,1790408494987,MpCmdRun-13-421CFC91-A93E-42AB-A35C-F06F127FCC44.lock,0
188035,1790408495003,MpCmdRun.log,18250
188035,1790408495003,MpSigStub.log,105504
188035,1790408495003,msedge_installer.log,68015
188035,1790408495018,skin.zip,231625
188035,1790408495018,SYS32_Hardware.exe,32671232
188582,1790408495534,bb3a785178f443fda931098a5a9a306b.db.ses,53
188582,1790408495534,FXSAPIDebugLogFile.txt,0
188582,1790408495534,FXSTIFFDebugLogFile.txt,0
188582,1790408495534,MpCmdRun-13-421CFC91-A93E-42AB-A35C-F06F127FCC44.lock,0
188582,1790408495549,MpCmdRun.log,18250
188582,1790408495549,MpSigStub.log,105504
188582,1790408495549,msedge_installer.log,68015
188582,1790408495565,skin.zip,231625
188582,1790408495565,SYS32_Hardware.exe,32671232
189129,1790408496081,bb3a785178f443fda931098a5a9a306b.db.ses,53
189129,1790408496081,FXSAPIDebugLogFile.txt,0
189129,1790408496081,FXSTIFFDebugLogFile.txt,0
189129,1790408496081,MpCmdRun-13-421CFC91-A93E-42AB-A35C-F06F127FCC44.lock,0
189129,1790408496096,MpCmdRun.log,18250
189129,1790408496096,MpSigStub.log,105504
189129,1790408496112,msedge_installer.log,68015
189129,1790408496112,skin.zip,231625
189129,1790408496112,SYS32_Hardware.exe,32671232
189676,1790408496628,bb3a785178f443fda931098a5a9a306b.db.ses,53
189676,1790408496628,FXSAPIDebugLogFile.txt,0
189676,1790408496628,FXSTIFFDebugLogFile.txt,0
189676,1790408496643,MpCmdRun-13-421CFC91-A93E-42AB-A35C-F06F127FCC44.lock,0
189676,1790408496643,MpCmdRun.log,18250
189676,1790408496659,MpSigStub.log,105504
189676,1790408496659,msedge_installer.log,68015
189676,1790408496659,skin.zip,231625
189676,1790408496674,SYS32_Hardware.exe,32671232
190223,1790408497174,bb3a785178f443fda931098a5a9a306b.db.ses,53
190223,1790408497174,FXSAPIDebugLogFile.txt,0
190223,1790408497174,FXSTIFFDebugLogFile.txt,0
190223,1790408497190,MpCmdRun-13-421CFC91-A93E-42AB-A35C-F06F127FCC44.lock,0
190223,1790408497206,MpCmdRun.log,18250
190223,1790408497206,MpSigStub.log,105504
190223,1790408497221,msedge_installer.log,68015
190223,1790408497237,skin.zip,231625
190223,1790408497237,SYS32_Hardware.exe,32671232
190817,1790408497768,bb3a785178f443fda931098a5a9a306b.db.ses,53
190817,1790408497768,FXSAPIDebugLogFile.txt,0
190817,1790408497768,FXSTIFFDebugLogFile.txt,0
190817,1790408497768,MpCmdRun-13-421CFC91-A93E-42AB-A35C-F06F127FCC44.lock,0
190817,1790408497784,MpCmdRun.log,18250
190817,1790408497784,MpSigStub.log,105504
190817,1790408497799,msedge_installer.log,68015
190817,1790408497799,skin.zip,231625
190817,1790408497799,SYS32_Hardware.exe,32671232
191363,1790408498315,bb3a785178f443fda931098a5a9a306b.db.ses,53
191363,1790408498315,FXSAPIDebugLogFile.txt,0
191363,1790408498315,FXSTIFFDebugLogFile.txt,0
191363,1790408498331,MpCmdRun-13-421CFC91-A93E-42AB-A35C-F06F127FCC44.lock,0
191363,1790408498331,MpCmdRun.log,18250
191363,1790408498331,MpSigStub.log,105504
191363,1790408498346,msedge_installer.log,68015
191363,1790408498346,skin.zip,231625
191363,1790408498362,SYS32_Hardware.exe,32671232
191910,1790408498862,bb3a785178f443fda931098a5a9a306b.db.ses,53
191910,1790408498862,FXSAPIDebugLogFile.txt,0
191910,1790408498862,FXSTIFFDebugLogFile.txt,0
191910,1790408498878,MpCmdRun-13-421CFC91-A93E-42AB-A35C-F06F127FCC44.lock,0
191910,1790408498878,MpCmdRun.log,18250
191910,1790408498893,MpSigStub.log,105504
191910,1790408498893,msedge_installer.log,68015
191910,1790408498893,skin.zip,231625
191910,1790408498909,SYS32_Hardware.exe,32671232
192457,1790408499409,bb3a785178f443fda931098a5a9a306b.db.ses,53
192457,1790408499409,FXSAPIDebugLogFile.txt,0
192457,1790408499409,FXSTIFFDebugLogFile.txt,0
192457,1790408499424,MpCmdRun-13-421CFC91-A93E-42AB-A35C-F06F127FCC44.lock,0
192457,1790408499424,MpCmdRun.log,18250
192457,1790408499424,MpSigStub.log,105504
192457,1790408499440,msedge_installer.log,68015
192457,1790408499440,skin.zip,231625
192457,1790408499440,SYS32_Hardware.exe,32671232
193020,1790408499971,bb3a785178f443fda931098a5a9a306b.db.ses,53
193020,1790408499971,FXSAPIDebugLogFile.txt,0
193020,1790408499971,FXSTIFFDebugLogFile.txt,0
193020,1790408499987,MpCmdRun-13-421CFC91-A93E-42AB-A35C-F06F127FCC44.lock,0
193020,1790408499987,MpCmdRun.log,18250
193020,1790408499987,MpSigStub.log,105504
193020,1790408500003,msedge_installer.log,68015
193020,1790408500003,skin.zip,231625
193020,1790408500018,SYS32_Hardware.exe,32671232
193567,1790408500518,bb3a785178f443fda931098a5a9a306b.db.ses,53
193567,1790408500518,FXSAPIDebugLogFile.txt,0
193567,1790408500518,FXSTIFFDebugLogFile.txt,0
193567,1790408500518,MpCmdRun-13-421CFC91-A93E-42AB-A35C-F06F127FCC44.lock,0
193567,1790408500534,MpCmdRun.log,18250
193567,1790408500534,MpSigStub.log,105504
193567,1790408500549,msedge_installer.log,68015
193567,1790408500549,skin.zip,231625
193567,1790408500565,SYS32_Hardware.exe,32671232
194113,1790408501065,bb3a785178f443fda931098a5a9a306b.db.ses,53
194113,1790408501065,FXSAPIDebugLogFile.txt,0
194113,1790408501065,FXSTIFFDebugLogFile.txt,0
194113,1790408501065,MpCmdRun-13-421CFC91-A93E-42AB-A35C-F06F127FCC44.lock,0
194113,1790408501081,MpCmdRun.log,18250
194113,1790408501081,MpSigStub.log,105504
194113,1790408501096,msedge_installer.log,68015
194113,1790408501096,skin.zip,231625
194113,1790408501112,SYS32_Hardware.exe,32671232
194660,1790408501612,bb3a785178f443fda931098a5a9a306b.db.ses,53
194660,1790408501612,FXSAPIDebugLogFile.txt,0
194660,1790408501612,FXSTIFFDebugLogFile.txt,0
194660,1790408501612,MpCmdRun-13-421CFC91-A93E-42AB-A35C-F06F127FCC44.lock,0
194660,1790408501628,MpCmdRun.log,18250
194660,1790408501628,MpSigStub.log,105504
194660,1790408501628,msedge_installer.log,68015
194660,1790408501643,skin.zip,231625
194660,1790408501643,SYS32_Hardware.exe,32671232
195207,1790408502159,bb3a785178f443fda931098a5a9a306b.db.ses,53
195207,1790408502159,FXSAPIDebugLogFile.txt,0
195207,1790408502159,FXSTIFFDebugLogFile.txt,0
195207,1790408502159,MpCmdRun-13-421CFC91-A93E-42AB-A35C-F06F127FCC44.lock,0
195207,1790408502174,MpCmdRun.log,18250
195207,1790408502190,MpSigStub.log,105504
195207,1790408502190,msedge_installer.log,68015
195207,1790408502190,skin.zip,231625
195207,1790408502206,SYS32_Hardware.exe,32671232
195754,1790408502706,bb3a785178f443fda931098a5a9a306b.db.ses,53
195754,1790408502706,FXSAPIDebugLogFile.txt,0
195754,1790408502706,FXSTIFFDebugLogFile.txt,0
195754,1790408502706,MpCmdRun-13-421CFC91-A93E-42AB-A35C-F06F127FCC44.lock,0
195754,1790408502721,MpCmdRun.log,18250
195754,1790408502721,MpSigStub.log,105504
195754,1790408502737,msedge_installer.log,68015
195754,1790408502737,skin.zip,231625
195754,1790408502737,SYS32_Hardware.exe,32671232
196301,1790408503253,bb3a785178f443fda931098a5a9a306b.db.ses,53
196301,1790408503253,FXSAPIDebugLogFile.txt,0
196301,1790408503253,FXSTIFFDebugLogFile.txt,0
196301,1790408503268,MpCmdRun-13-421CFC91-A93E-42AB-A35C-F06F127FCC44.lock,0
196301,1790408503268,MpCmdRun.log,18250
196301,1790408503284,MpSigStub.log,105504
196301,1790408503284,msedge_installer.log,68015
196301,1790408503299,skin.zip,231625
196301,1790408503299,SYS32_Hardware.exe,32671232
196879,1790408503831,bb3a785178f443fda931098a5a9a306b.db.ses,53
196879,1790408503831,FXSAPIDebugLogFile.txt,0
196879,1790408503831,FXSTIFFDebugLogFile.txt,0
196879,1790408503846,MpCmdRun-13-421CFC91-A93E-42AB-A35C-F06F127FCC44.lock,0
196879,1790408503846,MpCmdRun.log,18250
196879,1790408503846,MpSigStub.log,105504
196879,1790408503862,msedge_installer.log,68015
196879,1790408503862,skin.zip,231625
196879,1790408503862,SYS32_Hardware.exe,32671232
197426,1790408504378,bb3a785178f443fda931098a5a9a306b.db.ses,53
197426,1790408504378,FXSAPIDebugLogFile.txt,0
197426,1790408504378,FXSTIFFDebugLogFile.txt,0
197426,1790408504393,MpCmdRun-13-421CFC91-A93E-42AB-A35C-F06F127FCC44.lock,0
197426,1790408504393,MpCmdRun.log,18250
197426,1790408504409,MpSigStub.log,105504
197426,1790408504409,msedge_installer.log,68015
197426,1790408504409,skin.zip,231625
197426,1790408504424,SYS32_Hardware.exe,32671232
197973,1790408504924,bb3a785178f443fda931098a5a9a306b.db.ses,53
197973,1790408504924,FXSAPIDebugLogFile.txt,0
197973,1790408504924,FXSTIFFDebugLogFile.txt,0
197973,1790408504940,MpCmdRun-13-421CFC91-A93E-42AB-A35C-F06F127FCC44.lock,0
197973,1790408504940,MpCmdRun.log,18250
197973,1790408504940,MpSigStub.log,105504
197973,1790408504956,msedge_installer.log,68015
197973,1790408504956,skin.zip,231625
197973,1790408504971,SYS32_Hardware.exe,32671232
198535,1790408505487,bb3a785178f443fda931098a5a9a306b.db.ses,53
198535,1790408505487,FXSAPIDebugLogFile.txt,0
198535,1790408505487,FXSTIFFDebugLogFile.txt,0
198535,1790408505503,MpCmdRun-13-421CFC91-A93E-42AB-A35C-F06F127FCC44.lock,0
198535,1790408505503,MpCmdRun.log,18250
198535,1790408505503,MpSigStub.log,105504
198535,1790408505518,msedge_installer.log,68015
198535,1790408505518,skin.zip,231625
198535,1790408505518,SYS32_Hardware.exe,32671232
199082,1790408506034,bb3a785178f443fda931098a5a9a306b.db.ses,53
199082,1790408506034,FXSAPIDebugLogFile.txt,0
199082,1790408506034,FXSTIFFDebugLogFile.txt,0
199082,1790408506049,MpCmdRun-13-421CFC91-A93E-42AB-A35C-F06F127FCC44.lock,0
199082,1790408506049,MpCmdRun.log,18250
199082,1790408506049,MpSigStub.log,105504
199082,1790408506065,msedge_installer.log,68015
199082,1790408506065,skin.zip,231625
199082,1790408506081,SYS32_Hardware.exe,32671232
199629,1790408506581,bb3a785178f443fda931098a5a9a306b.db.ses,53
199629,1790408506581,FXSAPIDebugLogFile.txt,0
199629,1790408506581,FXSTIFFDebugLogFile.txt,0
199629,1790408506596,MpCmdRun-13-421CFC91-A93E-42AB-A35C-F06F127FCC44.lock,0
199629,1790408506596,MpCmdRun.log,18250
199629,1790408506596,MpSigStub.log,105504
199629,1790408506612,msedge_installer.log,68015
199629,1790408506612,skin.zip,231625
199629,1790408506628,SYS32_Hardware.exe,32671232
200176,1790408507128,bb3a785178f443fda931098a5a9a306b.db.ses,53
200176,1790408507128,FXSAPIDebugLogFile.txt,0
200176,1790408507128,FXSTIFFDebugLogFile.txt,0
200176,1790408507128,MpCmdRun-13-421CFC91-A93E-42AB-A35C-F06F127FCC44.lock,0
200176,1790408507143,MpCmdRun.log,18250
200176,1790408507143,MpSigStub.log,105504
200176,1790408507159,msedge_installer.log,68015
200176,1790408507159,skin.zip,231625
200176,1790408507174,SYS32_Hardware.exe,32671232
200738,1790408507690,bb3a785178f443fda931098a5a9a306b.db.ses,53
200738,1790408507690,FXSAPIDebugLogFile.txt,0
200738,1790408507690,FXSTIFFDebugLogFile.txt,0
200738,1790408507690,MpCmdRun-13-421CFC91-A93E-42AB-A35C-F06F127FCC44.lock,0
200738,1790408507706,MpCmdRun.log,18250
200738,1790408507706,MpSigStub.log,105504
200738,1790408507721,msedge_installer.log,68015
200738,1790408507721,skin.zip,231625
200738,1790408507737,SYS32_Hardware.exe,32671232
201285,1790408508237,bb3a785178f443fda931098a5a9a306b.db.ses,53
201285,1790408508237,FXSAPIDebugLogFile.txt,0
201285,1790408508253,FXSTIFFDebugLogFile.txt,0
201285,1790408508253,MpCmdRun-13-421CFC91-A93E-42AB-A35C-F06F127FCC44.lock,0
201285,1790408508253,MpCmdRun.log,18250
201285,1790408508268,MpSigStub.log,105504
201285,1790408508268,msedge_installer.log,68015
201285,1790408508284,skin.zip,231625
201285,1790408508284,SYS32_Hardware.exe,32671232
201848,1790408508800,bb3a785178f443fda931098a5a9a306b.db.ses,53
201848,1790408508800,FXSAPIDebugLogFile.txt,0
201848,1790408508800,FXSTIFFDebugLogFile.txt,0
201848,1790408508800,MpCmdRun-13-421CFC91-A93E-42AB-A35C-F06F127FCC44.lock,0
201848,1790408508815,MpCmdRun.log,18250
201848,1790408508815,MpSigStub.log,105504
201848,1790408508831,msedge_installer.log,68015
201848,1790408508831,skin.zip,231625
201848,1790408508846,SYS32_Hardware.exe,32671232
202395,1790408509346,bb3a785178f443fda931098a5a9a306b.db.ses,53
202395,1790408509346,FXSAPIDebugLogFile.txt,0
202395,1790408509346,FXSTIFFDebugLogFile.txt,0
202395,1790408509362,MpCmdRun-13-421CFC91-A93E-42AB-A35C-F06F127FCC44.lock,0
202395,1790408509362,MpCmdRun.log,18250
202395,1790408509362,MpSigStub.log,105504
202395,1790408509378,msedge_installer.log,68015
202395,1790408509378,skin.zip,231625
202395,1790408509393,SYS32_Hardware.exe,32671232
202957,1790408509909,bb3a785178f443fda931098a5a9a306b.db.ses,53
202957,1790408509909,FXSAPIDebugLogFile.txt,0
202957,1790408509909,FXSTIFFDebugLogFile.txt,0
202957,1790408509924,MpCmdRun-13-421CFC91-A93E-42AB-A35C-F06F127FCC44.lock,0
202957,1790408509924,MpCmdRun.log,18250
202957,1790408509924,MpSigStub.log,105504
202957,1790408509940,msedge_installer.log,68015
202957,1790408509940,skin.zip,231625
202957,1790408509956,SYS32_Hardware.exe,32671232
203504,1790408510456,bb3a785178f443fda931098a5a9a306b.db.ses,53
203504,1790408510456,FXSAPIDebugLogFile.txt,0
203504,1790408510456,FXSTIFFDebugLogFile.txt,0
203504,1790408510471,MpCmdRun-13-421CFC91-A93E-42AB-A35C-F06F127FCC44.lock,0
203504,1790408510471,MpCmdRun.log,18250
203504,1790408510471,MpSigStub.log,105504
203504,1790408510487,msedge_installer.log,68015
203504,1790408510487,skin.zip,231625
203504,1790408510503,SYS32_Hardware.exe,32671232
204051,1790408511003,bb3a785178f443fda931098a5a9a306b.db.ses,53
204051,1790408511003,FXSAPIDebugLogFile.txt,0
204051,1790408511003,FXSTIFFDebugLogFile.txt,0
204051,1790408511018,MpCmdRun-13-421CFC91-A93E-42AB-A35C-F06F127FCC44.lock,0
204051,1790408511018,MpCmdRun.log,18250
204051,1790408511034,MpSigStub.log,105504
204051,1790408511034,msedge_installer.log,68015
204051,1790408511049,skin.zip,231625
204051,1790408511049,SYS32_Hardware.exe,32671232
204614,1790408511565,bb3a785178f443fda931098a5a9a306b.db.ses,53
204614,1790408511565,FXSAPIDebugLogFile.txt,0
204614,1790408511581,FXSTIFFDebugLogFile.txt,0
204614,1790408511612,MpCmdRun-13-421CFC91-A93E-42AB-A35C-F06F127FCC44.lock,0
204614,1790408511643,MpCmdRun.log,18250
204614,1790408511675,MpSigStub.log,105504
204614,1790408511690,msedge_installer.log,68015
204614,1790408511706,skin.zip,231625
204614,1790408511721,SYS32_Hardware.exe,32671232
205301,1790408512253,bb3a785178f443fda931098a5a9a306b.db.ses,53
205301,1790408512253,FXSAPIDebugLogFile.txt,0
205301,1790408512253,FXSTIFFDebugLogFile.txt,0
205301,1790408512268,MpCmdRun-13-421CFC91-A93E-42AB-A35C-F06F127FCC44.lock,0
205301,1790408512268,MpCmdRun.log,18250
205301,1790408512268,MpSigStub.log,105504
205301,1790408512284,msedge_installer.log,68015
205301,1790408512284,skin.zip,231625
205301,1790408512299,SYS32_Hardware.exe,32671232
205863,1790408512815,bb3a785178f443fda931098a5a9a306b.db.ses,53
205863,1790408512815,FXSAPIDebugLogFile.txt,0
205863,1790408512815,FXSTIFFDebugLogFile.txt,0
205863,1790408512831,MpCmdRun-13-421CFC91-A93E-42AB-A35C-F06F127FCC44.lock,0
205863,1790408512831,MpCmdRun.log,18250
205863,1790408512831,MpSigStub.log,105504
205863,1790408512846,msedge_installer.log,68015
205863,1790408512846,skin.zip,231625
205863,1790408512862,SYS32_Hardware.exe,32671232
206414,1790408513366,bb3a785178f443fda931098a5a9a306b.db.ses,53
206414,1790408513366,FXSAPIDebugLogFile.txt,0
206414,1790408513366,FXSTIFFDebugLogFile.txt,0
206414,1790408513382,MpCmdRun-13-421CFC91-A93E-42AB-A35C-F06F127FCC44.lock,0
206414,1790408513382,MpCmdRun.log,18250
206414,1790408513397,MpSigStub.log,105504
206414,1790408513397,msedge_installer.log,68015
206414,1790408513413,skin.zip,231625
206414,1790408513413,SYS32_Hardware.exe,32671232
207008,1790408513960,bb3a785178f443fda931098a5a9a306b.db.ses,53
207008,1790408513960,FXSAPIDebugLogFile.txt,0
207008,1790408513960,FXSTIFFDebugLogFile.txt,0
207008,1790408513960,MpCmdRun-13-421CFC91-A93E-42AB-A35C-F06F127FCC44.lock,0
207008,1790408513975,MpCmdRun.log,18250
207008,1790408513975,MpSigStub.log,105504
207008,1790408513991,msedge_installer.log,68015
207008,1790408513991,skin.zip,231625
207008,1790408514007,SYS32_Hardware.exe,32671232
207555,1790408514507,bb3a785178f443fda931098a5a9a306b.db.ses,53
207555,1790408514507,FXSAPIDebugLogFile.txt,0
207555,1790408514507,FXSTIFFDebugLogFile.txt,0
207555,1790408514522,MpCmdRun-13-421CFC91-A93E-42AB-A35C-F06F127FCC44.lock,0
207555,1790408514522,MpCmdRun.log,18250
207555,1790408514522,MpSigStub.log,105504
207555,1790408514538,msedge_installer.log,68015
207555,1790408514538,skin.zip,231625
207555,1790408514554,SYS32_Hardware.exe,32671232
208102,1790408515054,bb3a785178f443fda931098a5a9a306b.db.ses,53
208102,1790408515054,FXSAPIDebugLogFile.txt,0
208102,1790408515054,FXSTIFFDebugLogFile.txt,0
208102,1790408515069,MpCmdRun-13-421CFC91-A93E-42AB-A35C-F06F127FCC44.lock,0
208102,1790408515069,MpCmdRun.log,18250
208102,1790408515069,MpSigStub.log,105504
208102,1790408515085,msedge_installer.log,68015
208102,1790408515085,skin.zip,231625
208102,1790408515100,SYS32_Hardware.exe,32671232
208649,1790408515600,bb3a785178f443fda931098a5a9a306b.db.ses,53
208649,1790408515600,FXSAPIDebugLogFile.txt,0
208649,1790408515600,FXSTIFFDebugLogFile.txt,0
208649,1790408515616,MpCmdRun-13-421CFC91-A93E-42AB-A35C-F06F127FCC44.lock,0
208649,1790408515616,MpCmdRun.log,18250
208649,1790408515616,MpSigStub.log,105504
208649,1790408515632,msedge_installer.log,68015
208649,1790408515632,skin.zip,231625
208649,1790408515647,SYS32_Hardware.exe,32671232
209196,1790408516147,bb3a785178f443fda931098a5a9a306b.db.ses,53
209196,1790408516147,FXSAPIDebugLogFile.txt,0
209196,1790408516147,FXSTIFFDebugLogFile.txt,0
209196,1790408516147,MpCmdRun-13-421CFC91-A93E-42AB-A35C-F06F127FCC44.lock,0
209196,1790408516163,MpCmdRun.log,18250
209196,1790408516163,MpSigStub.log,105504
209196,1790408516179,msedge_installer.log,68015
209196,1790408516179,skin.zip,231625
209196,1790408516179,SYS32_Hardware.exe,32671232
209743,1790408516694,bb3a785178f443fda931098a5a9a306b.db.ses,53
209743,1790408516694,FXSAPIDebugLogFile.txt,0
209743,1790408516694,FXSTIFFDebugLogFile.txt,0
209743,1790408516694,MpCmdRun-13-421CFC91-A93E-42AB-A35C-F06F127FCC44.lock,0
209743,1790408516710,MpCmdRun.log,18250
209743,1790408516710,MpSigStub.log,105504
209743,1790408516725,msedge_installer.log,68015
209743,1790408516725,skin.zip,231625
209743,1790408516741,SYS32_Hardware.exe,32671232
210289,1790408517241,bb3a785178f443fda931098a5a9a306b.db.ses,53
210289,1790408517241,FXSAPIDebugLogFile.txt,0
210289,1790408517241,FXSTIFFDebugLogFile.txt,0
210289,1790408517257,MpCmdRun-13-421CFC91-A93E-42AB-A35C-F06F127FCC44.lock,0
210289,1790408517257,MpCmdRun.log,18250
210289,1790408517272,MpSigStub.log,105504
210289,1790408517272,msedge_installer.log,68015
210289,1790408517272,skin.zip,231625
210289,1790408517288,SYS32_Hardware.exe,32671232
210852,1790408517804,bb3a785178f443fda931098a5a9a306b.db.ses,53
210852,1790408517804,FXSAPIDebugLogFile.txt,0
210852,1790408517804,FXSTIFFDebugLogFile.txt,0
210852,1790408517819,MpCmdRun-13-421CFC91-A93E-42AB-A35C-F06F127FCC44.lock,0
210852,1790408517819,MpCmdRun.log,18250
210852,1790408517819,MpSigStub.log,105504
210852,1790408517835,msedge_installer.log,68015
210852,1790408517835,skin.zip,231625
210852,1790408517850,SYS32_Hardware.exe,32671232
211399,1790408518350,bb3a785178f443fda931098a5a9a306b.db.ses,53
211399,1790408518350,FXSAPIDebugLogFile.txt,0
211399,1790408518350,FXSTIFFDebugLogFile.txt,0
211399,1790408518366,MpCmdRun-13-421CFC91-A93E-42AB-A35C-F06F127FCC44.lock,0
211399,1790408518366,MpCmdRun.log,18250
211399,1790408518382,MpSigStub.log,105504
211399,1790408518382,msedge_installer.log,68015
211399,1790408518397,skin.zip,231625
211399,1790408518413,SYS32_Hardware.exe,32671232
211961,1790408518913,bb3a785178f443fda931098a5a9a306b.db.ses,53
211961,1790408518913,FXSAPIDebugLogFile.txt,0
211961,1790408518913,FXSTIFFDebugLogFile.txt,0
211961,1790408518913,MpCmdRun-13-421CFC91-A93E-42AB-A35C-F06F127FCC44.lock,0
211961,1790408518929,MpCmdRun.log,18250
211961,1790408518929,MpSigStub.log,105504
211961,1790408518944,msedge_installer.log,68015
211961,1790408518944,skin.zip,231625
211961,1790408518960,SYS32_Hardware.exe,32671232
212524,1790408519475,bb3a785178f443fda931098a5a9a306b.db.ses,53
212524,1790408519475,FXSAPIDebugLogFile.txt,0
212524,1790408519475,FXSTIFFDebugLogFile.txt,0
212524,1790408519491,MpCmdRun-13-421CFC91-A93E-42AB-A35C-F06F127FCC44.lock,0
212524,1790408519491,MpCmdRun.log,18250
212524,1790408519507,MpSigStub.log,105504
212524,1790408519507,msedge_installer.log,68015
212524,1790408519538,skin.zip,231625
212524,1790408519538,SYS32_Hardware.exe,32671232
213102,1790408520054,bb3a785178f443fda931098a5a9a306b.db.ses,53
213102,1790408520054,FXSAPIDebugLogFile.txt,0
213102,1790408520054,FXSTIFFDebugLogFile.txt,0
213102,1790408520054,MpCmdRun-13-421CFC91-A93E-42AB-A35C-F06F127FCC44.lock,0
213102,1790408520069,MpCmdRun.log,18250
213102,1790408520069,MpSigStub.log,105504
213102,1790408520085,msedge_installer.log,68015
213102,1790408520085,skin.zip,231625
213102,1790408520085,SYS32_Hardware.exe,32671232
213664,1790408520616,bb3a785178f443fda931098a5a9a306b.db.ses,53
213664,1790408520616,FXSAPIDebugLogFile.txt,0
213664,1790408520616,FXSTIFFDebugLogFile.txt,0
213664,1790408520632,MpCmdRun-13-421CFC91-A93E-42AB-A35C-F06F127FCC44.lock,0
213664,1790408520632,MpCmdRun.log,18250
213664,1790408520632,MpSigStub.log,105504
213664,1790408520647,msedge_installer.log,68015
213664,1790408520647,skin.zip,231625
213664,1790408520647,SYS32_Hardware.exe,32671232
214211,1790408521163,bb3a785178f443fda931098a5a9a306b.db.ses,53
214211,1790408521163,FXSAPIDebugLogFile.txt,0
214211,1790408521163,FXSTIFFDebugLogFile.txt,0
214211,1790408521163,MpCmdRun-13-421CFC91-A93E-42AB-A35C-F06F127FCC44.lock,0
214211,1790408521179,MpCmdRun.log,18250
214211,1790408521179,MpSigStub.log,105504
214211,1790408521179,msedge_installer.log,68015
214211,1790408521194,skin.zip,231625
214211,1790408521194,SYS32_Hardware.exe,32671232
214758,1790408521710,bb3a785178f443fda931098a5a9a306b.db.ses,53
214758,1790408521710,FXSAPIDebugLogFile.txt,0
214758,1790408521710,FXSTIFFDebugLogFile.txt,0
214758,1790408521725,MpCmdRun-13-421CFC91-A93E-42AB-A35C-F06F127FCC44.lock,0
214758,1790408521725,MpCmdRun.log,18250
214758,1790408521741,MpSigStub.log,105504
214758,1790408521741,msedge_installer.log,68015
214758,1790408521757,skin.zip,231625
214758,1790408521757,SYS32_Hardware.exe,32671232
215321,1790408522272,bb3a785178f443fda931098a5a9a306b.db.ses,53
215321,1790408522272,FXSAPIDebugLogFile.txt,0
215321,1790408522272,FXSTIFFDebugLogFile.txt,0
215321,1790408522272,MpCmdRun-13-421CFC91-A93E-42AB-A35C-F06F127FCC44.lock,0
215321,1790408522288,MpCmdRun.log,18250
215321,1790408522288,MpSigStub.log,105504
215321,1790408522304,msedge_installer.log,68015
215321,1790408522304,skin.zip,231625
215321,1790408522319,SYS32_Hardware.exe,32671232
215868,1790408522819,bb3a785178f443fda931098a5a9a306b.db.ses,53
215868,1790408522819,FXSAPIDebugLogFile.txt,0
215868,1790408522819,FXSTIFFDebugLogFile.txt,0
215868,1790408522835,MpCmdRun-13-421CFC91-A93E-42AB-A35C-F06F127FCC44.lock,0
215868,1790408522835,MpCmdRun.log,18250
215868,1790408522835,MpSigStub.log,105504
215868,1790408522850,msedge_installer.log,68015
215868,1790408522850,skin.zip,231625
215868,1790408522850,SYS32_Hardware.exe,32671232
216431,1790408523382,bb3a785178f443fda931098a5a9a306b.db.ses,53
216431,1790408523382,FXSAPIDebugLogFile.txt,0
216431,1790408523382,FXSTIFFDebugLogFile.txt,0
216431,1790408523397,MpCmdRun-13-421CFC91-A93E-42AB-A35C-F06F127FCC44.lock,0
216431,1790408523397,MpCmdRun.log,18250
216431,1790408523397,MpSigStub.log,105504
216431,1790408523413,msedge_installer.log,68015
216431,1790408523413,skin.zip,231625
216431,1790408523413,SYS32_Hardware.exe,32671232
216977,1790408523929,bb3a785178f443fda931098a5a9a306b.db.ses,53
216977,1790408523929,FXSAPIDebugLogFile.txt,0
216977,1790408523929,FXSTIFFDebugLogFile.txt,0
216977,1790408523929,MpCmdRun-13-421CFC91-A93E-42AB-A35C-F06F127FCC44.lock,0
216977,1790408523944,MpCmdRun.log,18250
216977,1790408523944,MpSigStub.log,105504
216977,1790408523960,msedge_installer.log,68015
216977,1790408523960,skin.zip,231625
216977,1790408523960,SYS32_Hardware.exe,32671232
217524,1790408524475,bb3a785178f443fda931098a5a9a306b.db.ses,53
217524,1790408524475,FXSAPIDebugLogFile.txt,0
217524,1790408524475,FXSTIFFDebugLogFile.txt,0
217524,1790408524475,MpCmdRun-13-421CFC91-A93E-42AB-A35C-F06F127FCC44.lock,0
217524,1790408524491,MpCmdRun.log,18250
217524,1790408524491,MpSigStub.log,105504
217524,1790408524491,msedge_installer.log,68015
217524,1790408524507,skin.zip,231625
217524,1790408524507,SYS32_Hardware.exe,32671232
218071,1790408525022,bb3a785178f443fda931098a5a9a306b.db.ses,53
218071,1790408525022,FXSAPIDebugLogFile.txt,0
218071,1790408525022,FXSTIFFDebugLogFile.txt,0
218071,1790408525038,MpCmdRun-13-421CFC91-A93E-42AB-A35C-F06F127FCC44.lock,0
218071,1790408525038,MpCmdRun.log,18250
218071,1790408525054,MpSigStub.log,105504
218071,1790408525054,msedge_installer.log,68015
218071,1790408525069,skin.zip,231625
218071,1790408525069,SYS32_Hardware.exe,32671232
218649,1790408525600,bb3a785178f443fda931098a5a9a306b.db.ses,53
218649,1790408525600,FXSAPIDebugLogFile.txt,0
218649,1790408525600,FXSTIFFDebugLogFile.txt,0
218649,1790408525600,MpCmdRun-13-421CFC91-A93E-42AB-A35C-F06F127FCC44.lock,0
218649,1790408525616,MpCmdRun.log,18250
218649,1790408525616,MpSigStub.log,105504
218649,1790408525632,msedge_installer.log,68015
218649,1790408525632,skin.zip,231625
218649,1790408525647,SYS32_Hardware.exe,32671232
219196,1790408526147,bb3a785178f443fda931098a5a9a306b.db.ses,53
219196,1790408526147,FXSAPIDebugLogFile.txt,0
219196,1790408526147,FXSTIFFDebugLogFile.txt,0
219196,1790408526163,MpCmdRun-13-421CFC91-A93E-42AB-A35C-F06F127FCC44.lock,0
219196,1790408526163,MpCmdRun.log,18250
219196,1790408526194,MpSigStub.log,105504
219196,1790408526210,msedge_installer.log,68015
219196,1790408526210,skin.zip,231625
219196,1790408526225,SYS32_Hardware.exe,32671232
219774,1790408526725,bb3a785178f443fda931098a5a9a306b.db.ses,53
219774,1790408526725,FXSAPIDebugLogFile.txt,0
219774,1790408526741,FXSTIFFDebugLogFile.txt,0
219774,1790408526741,MpCmdRun-13-421CFC91-A93E-42AB-A35C-F06F127FCC44.lock,0
219774,1790408526757,MpCmdRun.log,18250
219774,1790408526772,MpSigStub.log,105504
219774,1790408526772,msedge_installer.log,68015
219774,1790408526788,skin.zip,231625
219774,1790408526804,SYS32_Hardware.exe,32671232
220352,1790408527304,bb3a785178f443fda931098a5a9a306b.db.ses,53
220352,1790408527304,FXSAPIDebugLogFile.txt,0
220352,1790408527304,FXSTIFFDebugLogFile.txt,0
220352,1790408527304,MpCmdRun-13-421CFC91-A93E-42AB-A35C-F06F127FCC44.lock,0
220352,1790408527319,MpCmdRun.log,18250
220352,1790408527319,MpSigStub.log,105504
220352,1790408527335,msedge_installer.log,68015
220352,1790408527335,skin.zip,231625
220352,1790408527335,SYS32_Hardware.exe,32671232
220899,1790408527850,bb3a785178f443fda931098a5a9a306b.db.ses,53
220899,1790408527850,FXSAPIDebugLogFile.txt,0
220899,1790408527850,FXSTIFFDebugLogFile.txt,0
220899,1790408527850,MpCmdRun-13-421CFC91-A93E-42AB-A35C-F06F127FCC44.lock,0
220899,1790408527866,MpCmdRun.log,18250
220899,1790408527866,MpSigStub.log,105504
220899,1790408527882,msedge_installer.log,68015
220899,1790408527882,skin.zip,231625
220899,1790408527897,SYS32_Hardware.exe,32671232
221446,1790408528397,bb3a785178f443fda931098a5a9a306b.db.ses,53
221446,1790408528397,FXSAPIDebugLogFile.txt,0
221446,1790408528397,FXSTIFFDebugLogFile.txt,0
221446,1790408528397,MpCmdRun-13-421CFC91-A93E-42AB-A35C-F06F127FCC44.lock,0
221446,1790408528413,MpCmdRun.log,18250
221446,1790408528413,MpSigStub.log,105504
221446,1790408528429,msedge_installer.log,68015
221446,1790408528429,skin.zip,231625
221446,1790408528444,SYS32_Hardware.exe,32671232
221993,1790408528944,bb3a785178f443fda931098a5a9a306b.db.ses,53
221993,1790408528944,FXSAPIDebugLogFile.txt,0
221993,1790408528944,FXSTIFFDebugLogFile.txt,0
221993,1790408528960,MpCmdRun-13-421CFC91-A93E-42AB-A35C-F06F127FCC44.lock,0
221993,1790408528960,MpCmdRun.log,18250
221993,1790408528975,MpSigStub.log,105504
221993,1790408528975,msedge_installer.log,68015
221993,1790408528991,skin.zip,231625
221993,1790408528991,SYS32_Hardware.exe,32671232
222555,1790408529507,bb3a785178f443fda931098a5a9a306b.db.ses,53
222555,1790408529507,FXSAPIDebugLogFile.txt,0
222555,1790408529507,FXSTIFFDebugLogFile.txt,0
222555,1790408529507,MpCmdRun-13-421CFC91-A93E-42AB-A35C-F06F127FCC44.lock,0
222555,1790408529522,MpCmdRun.log,18250
222555,1790408529522,MpSigStub.log,105504
222555,1790408529538,msedge_installer.log,68015
222555,1790408529538,skin.zip,231625
222555,1790408529538,SYS32_Hardware.exe,32671232
223102,1790408530054,bb3a785178f443fda931098a5a9a306b.db.ses,53
223102,1790408530054,FXSAPIDebugLogFile.txt,0
223102,1790408530069,FXSTIFFDebugLogFile.txt,0
223102,1790408530069,MpCmdRun-13-421CFC91-A93E-42AB-A35C-F06F127FCC44.lock,0
223102,1790408530085,MpCmdRun.log,18250
223102,1790408530085,MpSigStub.log,105504
223102,1790408530100,msedge_installer.log,68015
223102,1790408530116,skin.zip,231625
223102,1790408530116,SYS32_Hardware.exe,32671232
223696,1790408530647,bb3a785178f443fda931098a5a9a306b.db.ses,53
223696,1790408530647,FXSAPIDebugLogFile.txt,0
223696,1790408530647,FXSTIFFDebugLogFile.txt,0
223696,1790408530663,MpCmdRun-13-421CFC91-A93E-42AB-A35C-F06F127FCC44.lock,0
223696,1790408530663,MpCmdRun.log,18250
223696,1790408530663,MpSigStub.log,105504
223696,1790408530679,msedge_installer.log,68015
223696,1790408530679,skin.zip,231625
223696,1790408530694,SYS32_Hardware.exe,32671232
224243,1790408531194,bb3a785178f443fda931098a5a9a306b.db.ses,53
224243,1790408531194,FXSAPIDebugLogFile.txt,0
224243,1790408531194,FXSTIFFDebugLogFile.txt,0
224243,1790408531210,MpCmdRun-13-421CFC91-A93E-42AB-A35C-F06F127FCC44.lock,0
224243,1790408531210,MpCmdRun.log,18250
224243,1790408531225,MpSigStub.log,105504
224243,1790408531225,msedge_installer.log,68015
224243,1790408531241,skin.zip,231625
224243,1790408531257,SYS32_Hardware.exe,32671232
224836,1790408531788,bb3a785178f443fda931098a5a9a306b.db.ses,53
224836,1790408531788,FXSAPIDebugLogFile.txt,0
224836,1790408531788,FXSTIFFDebugLogFile.txt,0
224836,1790408531804,MpCmdRun-13-421CFC91-A93E-42AB-A35C-F06F127FCC44.lock,0
224836,1790408531804,MpCmdRun.log,18250
224836,1790408531819,MpSigStub.log,105504
224836,1790408531819,msedge_installer.log,68015
224836,1790408531835,skin.zip,231625
224836,1790408531835,SYS32_Hardware.exe,32671232
225399,1790408532350,bb3a785178f443fda931098a5a9a306b.db.ses,53
225399,1790408532350,FXSAPIDebugLogFile.txt,0
225399,1790408532350,FXSTIFFDebugLogFile.txt,0
225399,1790408532350,MpCmdRun-13-421CFC91-A93E-42AB-A35C-F06F127FCC44.lock,0
225399,1790408532366,MpCmdRun.log,18250
225399,1790408532366,MpSigStub.log,105504
225399,1790408532382,msedge_installer.log,68015
225399,1790408532382,skin.zip,231625
225399,1790408532382,SYS32_Hardware.exe,32671232
225946,1790408532897,bb3a785178f443fda931098a5a9a306b.db.ses,53
225946,1790408532897,FXSAPIDebugLogFile.txt,0
225946,1790408532897,FXSTIFFDebugLogFile.txt,0
225946,1790408532913,MpCmdRun-13-421CFC91-A93E-42AB-A35C-F06F127FCC44.lock,0
225946,1790408532913,MpCmdRun.log,18250
225946,1790408532913,MpSigStub.log,105504
225946,1790408532929,msedge_installer.log,68015
225946,1790408532929,skin.zip,231625
225946,1790408532944,SYS32_Hardware.exe,32671232
226508,1790408533460,bb3a785178f443fda931098a5a9a306b.db.ses,53
226508,1790408533460,FXSAPIDebugLogFile.txt,0
226508,1790408533460,FXSTIFFDebugLogFile.txt,0
226508,1790408533475,MpCmdRun-13-421CFC91-A93E-42AB-A35C-F06F127FCC44.lock,0
226508,1790408533475,MpCmdRun.log,18250
226508,1790408533491,MpSigStub.log,105504
226508,1790408533491,msedge_installer.log,68015
226508,1790408533507,skin.zip,231625
226508,1790408533507,SYS32_Hardware.exe,32671232
227071,1790408534022,bb3a785178f443fda931098a5a9a306b.db.ses,53
227071,1790408534022,FXSAPIDebugLogFile.txt,0
227071,1790408534022,FXSTIFFDebugLogFile.txt,0
227071,1790408534022,MpCmdRun-13-421CFC91-A93E-42AB-A35C-F06F127FCC44.lock,0
227071,1790408534038,MpCmdRun.log,18250
227071,1790408534038,MpSigStub.log,105504
227071,1790408534054,msedge_installer.log,68015
227071,1790408534069,skin.zip,231625
227071,1790408534069,SYS32_Hardware.exe,32671232
227633,1790408534585,bb3a785178f443fda931098a5a9a306b.db.ses,53
227633,1790408534585,FXSAPIDebugLogFile.txt,0
227633,1790408534585,FXSTIFFDebugLogFile.txt,0
227633,1790408534600,MpCmdRun-13-421CFC91-A93E-42AB-A35C-F06F127FCC44.lock,0
227633,1790408534600,MpCmdRun.log,18250
227633,1790408534616,MpSigStub.log,105504
227633,1790408534616,msedge_installer.log,68015
227633,1790408534616,skin.zip,231625
227633,1790408534632,SYS32_Hardware.exe,32671232
228180,1790408535132,bb3a785178f443fda931098a5a9a306b.db.ses,53
228180,1790408535132,FXSAPIDebugLogFile.txt,0
228180,1790408535132,FXSTIFFDebugLogFile.txt,0
228180,1790408535132,MpCmdRun-13-421CFC91-A93E-42AB-A35C-F06F127FCC44.lock,0
228180,1790408535147,MpCmdRun.log,18250
228180,1790408535147,MpSigStub.log,105504
228180,1790408535147,msedge_installer.log,68015
228180,1790408535163,skin.zip,231625
228180,1790408535163,SYS32_Hardware.exe,32671232
228727,1790408535679,bb3a785178f443fda931098a5a9a306b.db.ses,53
228727,1790408535679,FXSAPIDebugLogFile.txt,0
228727,1790408535679,FXSTIFFDebugLogFile.txt,0
228727,1790408535679,MpCmdRun-13-421CFC91-A93E-42AB-A35C-F06F127FCC44.lock,0
228727,1790408535694,MpCmdRun.log,18250
228727,1790408535694,MpSigStub.log,105504
228727,1790408535694,msedge_installer.log,68015
228727,1790408535710,skin.zip,231625
228727,1790408535710,SYS32_Hardware.exe,32671232
229258,1790408536210,bb3a785178f443fda931098a5a9a306b.db.ses,53
229258,1790408536210,FXSAPIDebugLogFile.txt,0
229258,1790408536210,FXSTIFFDebugLogFile.txt,0
229258,1790408536225,MpCmdRun-13-421CFC91-A93E-42AB-A35C-F06F127FCC44.lock,0
229258,1790408536225,MpCmdRun.log,18250
229258,1790408536241,MpSigStub.log,105504
229258,1790408536241,msedge_installer.log,68015
229258,1790408536257,skin.zip,231625
229258,1790408536257,SYS32_Hardware.exe,32671232
229821,1790408536772,bb3a785178f443fda931098a5a9a306b.db.ses,53
229821,1790408536772,FXSAPIDebugLogFile.txt,0
229821,1790408536772,FXSTIFFDebugLogFile.txt,0
229821,1790408536772,MpCmdRun-13-421CFC91-A93E-42AB-A35C-F06F127FCC44.lock,0
229821,1790408536788,MpCmdRun.log,18250
229821,1790408536788,MpSigStub.log,105504
229821,1790408536804,msedge_installer.log,68015
229821,1790408536804,skin.zip,231625
229821,1790408536819,SYS32_Hardware.exe,32671232
230368,1790408537319,bb3a785178f443fda931098a5a9a306b.db.ses,53
230368,1790408537319,FXSAPIDebugLogFile.txt,0
230368,1790408537319,FXSTIFFDebugLogFile.txt,0
230368,1790408537319,MpCmdRun-13-421CFC91-A93E-42AB-A35C-F06F127FCC44.lock,0
230368,1790408537335,MpCmdRun.log,18250
230368,1790408537335,MpSigStub.log,105504
230368,1790408537335,msedge_installer.log,68015
230368,1790408537350,skin.zip,231625
230368,1790408537350,SYS32_Hardware.exe,32671232
230914,1790408537866,bb3a785178f443fda931098a5a9a306b.db.ses,53
230914,1790408537866,FXSAPIDebugLogFile.txt,0
230914,1790408537866,FXSTIFFDebugLogFile.txt,0
230914,1790408537882,MpCmdRun-13-421CFC91-A93E-42AB-A35C-F06F127FCC44.lock,0
230914,1790408537882,MpCmdRun.log,18250
230914,1790408537897,MpSigStub.log,105504
230914,1790408537897,msedge_installer.log,68015
230914,1790408537897,skin.zip,231625
230914,1790408537913,SYS32_Hardware.exe,32671232
231477,1790408538429,bb3a785178f443fda931098a5a9a306b.db.ses,53
231477,1790408538429,FXSAPIDebugLogFile.txt,0
231477,1790408538429,FXSTIFFDebugLogFile.txt,0
231477,1790408538429,MpCmdRun-13-421CFC91-A93E-42AB-A35C-F06F127FCC44.lock,0
231477,1790408538444,MpCmdRun.log,18250
231477,1790408538444,MpSigStub.log,105504
231477,1790408538460,msedge_installer.log,68015
231477,1790408538460,skin.zip,231625
231477,1790408538460,SYS32_Hardware.exe,32671232
232024,1790408538975,bb3a785178f443fda931098a5a9a306b.db.ses,53
232024,1790408538975,FXSAPIDebugLogFile.txt,0
232024,1790408538975,FXSTIFFDebugLogFile.txt,0
232024,1790408538975,MpCmdRun-13-421CFC91-A93E-42AB-A35C-F06F127FCC44.lock,0
232024,1790408538991,MpCmdRun.log,18250
232024,1790408538991,MpSigStub.log,105504
232024,1790408539007,msedge_installer.log,68015
232024,1790408539007,skin.zip,231625
232024,1790408539022,SYS32_Hardware.exe,32671232
232586,1790408539538,bb3a785178f443fda931098a5a9a306b.db.ses,53
232586,1790408539538,FXSAPIDebugLogFile.txt,0
232586,1790408539538,FXSTIFFDebugLogFile.txt,0
232586,1790408539554,MpCmdRun-13-421CFC91-A93E-42AB-A35C-F06F127FCC44.lock,0
232586,1790408539554,MpCmdRun.log,18250
232586,1790408539554,MpSigStub.log,105504
232586,1790408539569,msedge_installer.log,68015
232586,1790408539569,skin.zip,231625
232586,1790408539585,SYS32_Hardware.exe,32671232
233133,1790408540085,bb3a785178f443fda931098a5a9a306b.db.ses,53
233133,1790408540085,FXSAPIDebugLogFile.txt,0
233133,1790408540085,FXSTIFFDebugLogFile.txt,0
233133,1790408540100,MpCmdRun-13-421CFC91-A93E-42AB-A35C-F06F127FCC44.lock,0
233133,1790408540100,MpCmdRun.log,18250
233133,1790408540100,MpSigStub.log,105504
233133,1790408540100,msedge_installer.log,68015
233133,1790408540116,skin.zip,231625
233133,1790408540116,SYS32_Hardware.exe,32671232
233680,1790408540632,bb3a785178f443fda931098a5a9a306b.db.ses,53
233680,1790408540632,FXSAPIDebugLogFile.txt,0
233680,1790408540632,FXSTIFFDebugLogFile.txt,0
233680,1790408540647,MpCmdRun-13-421CFC91-A93E-42AB-A35C-F06F127FCC44.lock,0
233680,1790408540647,MpCmdRun.log,18250
233680,1790408540647,MpSigStub.log,105504
233680,1790408540663,msedge_installer.log,68015
233680,1790408540663,skin.zip,231625
233680,1790408540679,SYS32_Hardware.exe,32671232
234227,1790408541179,bb3a785178f443fda931098a5a9a306b.db.ses,53
234227,1790408541179,FXSAPIDebugLogFile.txt,0
234227,1790408541179,FXSTIFFDebugLogFile.txt,0
234227,1790408541179,MpCmdRun-13-421CFC91-A93E-42AB-A35C-F06F127FCC44.lock,0
234227,1790408541194,MpCmdRun.log,18250
234227,1790408541194,MpSigStub.log,105504
234227,1790408541210,msedge_installer.log,68015
234227,1790408541210,skin.zip,231625
234227,1790408541225,SYS32_Hardware.exe,32671232
234789,1790408541741,bb3a785178f443fda931098a5a9a306b.db.ses,53
234789,1790408541741,FXSAPIDebugLogFile.txt,0
234789,1790408541741,FXSTIFFDebugLogFile.txt,0
234789,1790408541757,MpCmdRun-13-421CFC91-A93E-42AB-A35C-F06F127FCC44.lock,0
234789,1790408541757,MpCmdRun.log,18250
234789,1790408541772,MpSigStub.log,105504
234789,1790408541772,msedge_installer.log,68015
234789,1790408541788,skin.zip,231625
234789,1790408541788,SYS32_Hardware.exe,32671232
235352,1790408542304,bb3a785178f443fda931098a5a9a306b.db.ses,53
235352,1790408542304,FXSAPIDebugLogFile.txt,0
235352,1790408542319,FXSTIFFDebugLogFile.txt,0
235352,1790408542319,MpCmdRun-13-421CFC91-A93E-42AB-A35C-F06F127FCC44.lock,0
235352,1790408542335,MpCmdRun.log,18250
235352,1790408542350,MpSigStub.log,105504
235352,1790408542350,msedge_installer.log,68015
235352,1790408542366,skin.zip,231625
235352,1790408542382,SYS32_Hardware.exe,32671232
235946,1790408542897,bb3a785178f443fda931098a5a9a306b.db.ses,53
235946,1790408542897,FXSAPIDebugLogFile.txt,0
235946,1790408542897,FXSTIFFDebugLogFile.txt,0
235946,1790408542913,MpCmdRun-13-421CFC91-A93E-42AB-A35C-F06F127FCC44.lock,0
235946,1790408542913,MpCmdRun.log,18250
235946,1790408542933,MpSigStub.log,105504
235946,1790408542944,msedge_installer.log,68015
235946,1790408542975,skin.zip,231625
235946,1790408542975,SYS32_Hardware.exe,32671232
236571,1790408543522,bb3a785178f443fda931098a5a9a306b.db.ses,53
236571,1790408543522,FXSAPIDebugLogFile.txt,0
236571,1790408543522,FXSTIFFDebugLogFile.txt,0
236571,1790408543522,MpCmdRun-13-421CFC91-A93E-42AB-A35C-F06F127FCC44.lock,0
236571,1790408543538,MpCmdRun.log,18250
236571,1790408543538,MpSigStub.log,105504
236571,1790408543554,msedge_installer.log,68015
236571,1790408543554,skin.zip,231625
236571,1790408543554,SYS32_Hardware.exe,32671232
237118,1790408544069,bb3a785178f443fda931098a5a9a306b.db.ses,53
237118,1790408544069,FXSAPIDebugLogFile.txt,0
237118,1790408544069,FXSTIFFDebugLogFile.txt,0
237118,1790408544069,MpCmdRun-13-421CFC91-A93E-42AB-A35C-F06F127FCC44.lock,0
237118,1790408544085,MpCmdRun.log,18250
237118,1790408544085,MpSigStub.log,105504
237118,1790408544100,msedge_installer.log,68015
237118,1790408544100,skin.zip,231625
237118,1790408544100,SYS32_Hardware.exe,32671232
237664,1790408544616,bb3a785178f443fda931098a5a9a306b.db.ses,53
237664,1790408544616,FXSAPIDebugLogFile.txt,0
237664,1790408544616,FXSTIFFDebugLogFile.txt,0
237664,1790408544616,MpCmdRun-13-421CFC91-A93E-42AB-A35C-F06F127FCC44.lock,0
237664,1790408544632,MpCmdRun.log,18250
237664,1790408544632,MpSigStub.log,105504
237664,1790408544647,msedge_installer.log,68015
237664,1790408544647,skin.zip,231625
237664,1790408544647,SYS32_Hardware.exe,32671232
238211,1790408545163,bb3a785178f443fda931098a5a9a306b.db.ses,53
238211,1790408545163,FXSAPIDebugLogFile.txt,0
238211,1790408545163,FXSTIFFDebugLogFile.txt,0
238211,1790408545163,MpCmdRun-13-421CFC91-A93E-42AB-A35C-F06F127FCC44.lock,0
238211,1790408545179,MpCmdRun.log,18250
238211,1790408545179,MpSigStub.log,105504
238211,1790408545194,msedge_installer.log,68015
238211,1790408545194,skin.zip,231625
238211,1790408545194,SYS32_Hardware.exe,32671232
238758,1790408545710,bb3a785178f443fda931098a5a9a306b.db.ses,53
238758,1790408545710,FXSAPIDebugLogFile.txt,0
238758,1790408545710,FXSTIFFDebugLogFile.txt,0
238758,1790408545710,MpCmdRun-13-421CFC91-A93E-42AB-A35C-F06F127FCC44.lock,0
238758,1790408545725,MpCmdRun.log,18250
238758,1790408545725,MpSigStub.log,105504
238758,1790408545725,msedge_installer.log,68015
238758,1790408545741,skin.zip,231625
238758,1790408545741,SYS32_Hardware.exe,32671232
239305,1790408546257,bb3a785178f443fda931098a5a9a306b.db.ses,53
239305,1790408546257,FXSAPIDebugLogFile.txt,0
239305,1790408546257,FXSTIFFDebugLogFile.txt,0
239305,1790408546272,MpCmdRun-13-421CFC91-A93E-42AB-A35C-F06F127FCC44.lock,0
239305,1790408546272,MpCmdRun.log,18250
239305,1790408546272,MpSigStub.log,105504
239305,1790408546272,msedge_installer.log,68015
239305,1790408546288,skin.zip,231625
239305,1790408546288,SYS32_Hardware.exe,32671232
239868,1790408546819,bb3a785178f443fda931098a5a9a306b.db.ses,53
239868,1790408546819,FXSAPIDebugLogFile.txt,0
239868,1790408546819,FXSTIFFDebugLogFile.txt,0
239868,1790408546835,MpCmdRun-13-421CFC91-A93E-42AB-A35C-F06F127FCC44.lock,0
239868,1790408546835,MpCmdRun.log,18250
239868,1790408546835,MpSigStub.log,105504
239868,1790408546850,msedge_installer.log,68015
239868,1790408546850,skin.zip,231625
239868,1790408546866,SYS32_Hardware.exe,32671232
240430,1790408547382,bb3a785178f443fda931098a5a9a306b.db.ses,53
240430,1790408547382,FXSAPIDebugLogFile.txt,0
240430,1790408547382,FXSTIFFDebugLogFile.txt,0
240430,1790408547397,MpCmdRun-13-421CFC91-A93E-42AB-A35C-F06F127FCC44.lock,0
240430,1790408547397,MpCmdRun.log,18250
240430,1790408547397,MpSigStub.log,105504
240430,1790408547413,msedge_installer.log,68015
240430,1790408547413,skin.zip,231625
240430,1790408547429,SYS32_Hardware.exe,32671232
240993,1790408547944,bb3a785178f443fda931098a5a9a306b.db.ses,53
240993,1790408547944,FXSAPIDebugLogFile.txt,0
240993,1790408547944,FXSTIFFDebugLogFile.txt,0
240993,1790408547960,MpCmdRun-13-421CFC91-A93E-42AB-A35C-F06F127FCC44.lock,0
240993,1790408547960,MpCmdRun.log,18250
240993,1790408547960,MpSigStub.log,105504
240993,1790408547975,msedge_installer.log,68015
240993,1790408547975,skin.zip,231625
240993,1790408547991,SYS32_Hardware.exe,32671232
241539,1790408548491,bb3a785178f443fda931098a5a9a306b.db.ses,53
241539,1790408548491,FXSAPIDebugLogFile.txt,0
241539,1790408548491,FXSTIFFDebugLogFile.txt,0
241539,1790408548491,MpCmdRun-13-421CFC91-A93E-42AB-A35C-F06F127FCC44.lock,0
241539,1790408548507,MpCmdRun.log,18250
241539,1790408548507,MpSigStub.log,105504
241539,1790408548522,msedge_installer.log,68015
241539,1790408548522,skin.zip,231625
241539,1790408548538,SYS32_Hardware.exe,32671232
242086,1790408549038,bb3a785178f443fda931098a5a9a306b.db.ses,53
242086,1790408549038,FXSAPIDebugLogFile.txt,0
242086,1790408549038,FXSTIFFDebugLogFile.txt,0
242086,1790408549038,MpCmdRun-13-421CFC91-A93E-42AB-A35C-F06F127FCC44.lock,0
242086,1790408549054,MpCmdRun.log,18250
242086,1790408549054,MpSigStub.log,105504
242086,1790408549069,msedge_installer.log,68015
242086,1790408549069,skin.zip,231625
242086,1790408549085,SYS32_Hardware.exe,32671232
242649,1790408549600,bb3a785178f443fda931098a5a9a306b.db.ses,53
242649,1790408549600,FXSAPIDebugLogFile.txt,0
242649,1790408549600,FXSTIFFDebugLogFile.txt,0
242649,1790408549616,MpCmdRun-13-421CFC91-A93E-42AB-A35C-F06F127FCC44.lock,0
242649,1790408549632,MpCmdRun.log,18250
242649,1790408549647,MpSigStub.log,105504
242649,1790408549647,msedge_installer.log,68015
242649,1790408549663,skin.zip,231625
242649,1790408549663,SYS32_Hardware.exe,32671232
243227,1790408550179,bb3a785178f443fda931098a5a9a306b.db.ses,53
243227,1790408550179,FXSAPIDebugLogFile.txt,0
243227,1790408550179,FXSTIFFDebugLogFile.txt,0
243227,1790408550179,MpCmdRun-13-421CFC91-A93E-42AB-A35C-F06F127FCC44.lock,0
243227,1790408550194,MpCmdRun.log,18250
243227,1790408550194,MpSigStub.log,105504
243227,1790408550210,msedge_installer.log,68015
243227,1790408550210,skin.zip,231625
243227,1790408550210,SYS32_Hardware.exe,32671232
243774,1790408550725,bb3a785178f443fda931098a5a9a306b.db.ses,53
243774,1790408550725,FXSAPIDebugLogFile.txt,0
243774,1790408550725,FXSTIFFDebugLogFile.txt,0
243774,1790408550741,MpCmdRun-13-421CFC91-A93E-42AB-A35C-F06F127FCC44.lock,0
243774,1790408550741,MpCmdRun.log,18250
243774,1790408550741,MpSigStub.log,105504
243774,1790408550757,msedge_installer.log,68015
243774,1790408550757,skin.zip,231625
243774,1790408550757,SYS32_Hardware.exe,32671232
244321,1790408551272,bb3a785178f443fda931098a5a9a306b.db.ses,53
244321,1790408551272,FXSAPIDebugLogFile.txt,0
244321,1790408551272,FXSTIFFDebugLogFile.txt,0
244321,1790408551272,MpCmdRun-13-421CFC91-A93E-42AB-A35C-F06F127FCC44.lock,0
244321,1790408551288,MpCmdRun.log,18250
244321,1790408551288,MpSigStub.log,105504
244321,1790408551304,msedge_installer.log,68015
244321,1790408551304,skin.zip,231625
244321,1790408551304,SYS32_Hardware.exe,32671232
244868,1790408551819,bb3a785178f443fda931098a5a9a306b.db.ses,53
244868,1790408551819,FXSAPIDebugLogFile.txt,0
244868,1790408551835,FXSTIFFDebugLogFile.txt,0
244868,1790408551835,MpCmdRun-13-421CFC91-A93E-42AB-A35C-F06F127FCC44.lock,0
244868,1790408551850,MpCmdRun.log,18250
244868,1790408551850,MpSigStub.log,105504
244868,1790408551850,msedge_installer.log,68015
244868,1790408551866,skin.zip,231625
244868,1790408551866,SYS32_Hardware.exe,32671232
245414,1790408552366,bb3a785178f443fda931098a5a9a306b.db.ses,53
245414,1790408552366,FXSAPIDebugLogFile.txt,0
245414,1790408552366,FXSTIFFDebugLogFile.txt,0
245414,1790408552366,MpCmdRun-13-421CFC91-A93E-42AB-A35C-F06F127FCC44.lock,0
245414,1790408552382,MpCmdRun.log,18250
245414,1790408552382,MpSigStub.log,105504
245414,1790408552397,msedge_installer.log,68015
245414,1790408552397,skin.zip,231625
245414,1790408552397,SYS32_Hardware.exe,32671232
245961,1790408552913,bb3a785178f443fda931098a5a9a306b.db.ses,53
245961,1790408552913,FXSAPIDebugLogFile.txt,0
245961,1790408552913,FXSTIFFDebugLogFile.txt,0
245961,1790408552913,MpCmdRun-13-421CFC91-A93E-42AB-A35C-F06F127FCC44.lock,0
245961,1790408552929,MpCmdRun.log,18250
245961,1790408552929,MpSigStub.log,105504
245961,1790408552944,msedge_installer.log,68015
245961,1790408552944,skin.zip,231625
245961,1790408552944,SYS32_Hardware.exe,32671232
246524,1790408553475,bb3a785178f443fda931098a5a9a306b.db.ses,53
246524,1790408553475,FXSAPIDebugLogFile.txt,0
246524,1790408553475,FXSTIFFDebugLogFile.txt,0
246524,1790408553475,MpCmdRun-13-421CFC91-A93E-42AB-A35C-F06F127FCC44.lock,0
246524,1790408553491,MpCmdRun.log,18250
246524,1790408553491,MpSigStub.log,105504
246524,1790408553491,msedge_installer.log,68015
246524,1790408553507,skin.zip,231625
246524,1790408553507,SYS32_Hardware.exe,32671232
247071,1790408554022,bb3a785178f443fda931098a5a9a306b.db.ses,53
247071,1790408554022,FXSAPIDebugLogFile.txt,0
247071,1790408554022,FXSTIFFDebugLogFile.txt,0
247071,1790408554022,MpCmdRun-13-421CFC91-A93E-42AB-A35C-F06F127FCC44.lock,0
247071,1790408554038,MpCmdRun.log,18250
247071,1790408554038,MpSigStub.log,105504
247071,1790408554054,msedge_installer.log,68015
247071,1790408554054,skin.zip,231625
247071,1790408554054,SYS32_Hardware.exe,32671232
247618,1790408554569,bb3a785178f443fda931098a5a9a306b.db.ses,53
247618,1790408554569,FXSAPIDebugLogFile.txt,0
247618,1790408554569,FXSTIFFDebugLogFile.txt,0
247618,1790408554585,MpCmdRun-13-421CFC91-A93E-42AB-A35C-F06F127FCC44.lock,0
247618,1790408554585,MpCmdRun.log,18250
247618,1790408554585,MpSigStub.log,105504
247618,1790408554600,msedge_installer.log,68015
247618,1790408554600,skin.zip,231625
247618,1790408554616,SYS32_Hardware.exe,32671232
248164,1790408555116,bb3a785178f443fda931098a5a9a306b.db.ses,53
248164,1790408555116,FXSAPIDebugLogFile.txt,0
248164,1790408555116,FXSTIFFDebugLogFile.txt,0
248164,1790408555116,MpCmdRun-13-421CFC91-A93E-42AB-A35C-F06F127FCC44.lock,0
248164,1790408555132,MpCmdRun.log,18250
248164,1790408555132,MpSigStub.log,105504
248164,1790408555132,msedge_installer.log,68015
248164,1790408555147,skin.zip,231625
248164,1790408555147,SYS32_Hardware.exe,32671232
248711,1790408555663,bb3a785178f443fda931098a5a9a306b.db.ses,53
248711,1790408555663,FXSAPIDebugLogFile.txt,0
248711,1790408555663,FXSTIFFDebugLogFile.txt,0
248711,1790408555679,MpCmdRun-13-421CFC91-A93E-42AB-A35C-F06F127FCC44.lock,0
248711,1790408555694,MpCmdRun.log,18250
248711,1790408555710,MpSigStub.log,105504
248711,1790408555710,msedge_installer.log,68015
248711,1790408555710,skin.zip,231625
248711,1790408555725,SYS32_Hardware.exe,32671232
249274,1790408556225,bb3a785178f443fda931098a5a9a306b.db.ses,53
249274,1790408556225,FXSAPIDebugLogFile.txt,0
249274,1790408556225,FXSTIFFDebugLogFile.txt,0
249274,1790408556225,MpCmdRun-13-421CFC91-A93E-42AB-A35C-F06F127FCC44.lock,0
249274,1790408556241,MpCmdRun.log,18250
249274,1790408556241,MpSigStub.log,105504
249274,1790408556257,msedge_installer.log,68015
249274,1790408556257,skin.zip,231625
249274,1790408556272,SYS32_Hardware.exe,32671232
249821,1790408556772,bb3a785178f443fda931098a5a9a306b.db.ses,53
249821,1790408556772,FXSAPIDebugLogFile.txt,0
249821,1790408556772,FXSTIFFDebugLogFile.txt,0
249821,1790408556772,MpCmdRun-13-421CFC91-A93E-42AB-A35C-F06F127FCC44.lock,0
249821,1790408556788,MpCmdRun.log,18250
249821,1790408556788,MpSigStub.log,105504
249821,1790408556788,msedge_installer.log,68015
249821,1790408556804,skin.zip,231625
249821,1790408556804,SYS32_Hardware.exe,32671232
250352,1790408557304,bb3a785178f443fda931098a5a9a306b.db.ses,53
250352,1790408557304,FXSAPIDebugLogFile.txt,0
250352,1790408557304,FXSTIFFDebugLogFile.txt,0
250352,1790408557319,MpCmdRun-13-421CFC91-A93E-42AB-A35C-F06F127FCC44.lock,0
250352,1790408557319,MpCmdRun.log,18250
250352,1790408557319,MpSigStub.log,105504
250352,1790408557335,msedge_installer.log,68015
250352,1790408557335,skin.zip,231625
250352,1790408557335,SYS32_Hardware.exe,32671232
250899,1790408557850,bb3a785178f443fda931098a5a9a306b.db.ses,53
250899,1790408557850,FXSAPIDebugLogFile.txt,0
250899,1790408557850,FXSTIFFDebugLogFile.txt,0
250899,1790408557850,MpCmdRun-13-421CFC91-A93E-42AB-A35C-F06F127FCC44.lock,0
250899,1790408557866,MpCmdRun.log,18250
250899,1790408557866,MpSigStub.log,105504
250899,1790408557882,msedge_installer.log,68015
250899,1790408557882,skin.zip,231625
250899,1790408557882,SYS32_Hardware.exe,32671232
251446,1790408558397,bb3a785178f443fda931098a5a9a306b.db.ses,53
251446,1790408558397,FXSAPIDebugLogFile.txt,0
251446,1790408558397,FXSTIFFDebugLogFile.txt,0
251446,1790408558413,MpCmdRun-13-421CFC91-A93E-42AB-A35C-F06F127FCC44.lock,0
251446,1790408558413,MpCmdRun.log,18250
251446,1790408558413,MpSigStub.log,105504
251446,1790408558429,msedge_installer.log,68015
251446,1790408558429,skin.zip,231625
251446,1790408558429,SYS32_Hardware.exe,32671232
252008,1790408558960,bb3a785178f443fda931098a5a9a306b.db.ses,53
252008,1790408558960,FXSAPIDebugLogFile.txt,0
252008,1790408558960,FXSTIFFDebugLogFile.txt,0
252008,1790408558975,MpCmdRun-13-421CFC91-A93E-42AB-A35C-F06F127FCC44.lock,0
252008,1790408558975,MpCmdRun.log,18250
252008,1790408558975,MpSigStub.log,105504
252008,1790408558991,msedge_installer.log,68015
252008,1790408558991,skin.zip,231625
252008,1790408558991,SYS32_Hardware.exe,32671232
252555,1790408559507,bb3a785178f443fda931098a5a9a306b.db.ses,53
252555,1790408559507,FXSAPIDebugLogFile.txt,0
252555,1790408559507,FXSTIFFDebugLogFile.txt,0
252555,1790408559507,MpCmdRun-13-421CFC91-A93E-42AB-A35C-F06F127FCC44.lock,0
252555,1790408559522,MpCmdRun.log,18250
252555,1790408559522,MpSigStub.log,105504
252555,1790408559538,msedge_installer.log,68015
252555,1790408559538,skin.zip,231625
252555,1790408559538,SYS32_Hardware.exe,32671232
253102,1790408560054,bb3a785178f443fda931098a5a9a306b.db.ses,53
253102,1790408560054,FXSAPIDebugLogFile.txt,0
253102,1790408560054,FXSTIFFDebugLogFile.txt,0
253102,1790408560069,MpCmdRun-13-421CFC91-A93E-42AB-A35C-F06F127FCC44.lock,0
253102,1790408560085,MpCmdRun.log,18250
253102,1790408560085,MpSigStub.log,105504
253102,1790408560100,msedge_installer.log,68015
253102,1790408560100,skin.zip,231625
253102,1790408560116,SYS32_Hardware.exe,32671232
253665,1790408560616,bb3a785178f443fda931098a5a9a306b.db.ses,53
253665,1790408560616,FXSAPIDebugLogFile.txt,0
253665,1790408560616,FXSTIFFDebugLogFile.txt,0
253665,1790408560632,MpCmdRun-13-421CFC91-A93E-42AB-A35C-F06F127FCC44.lock,0
253665,1790408560632,MpCmdRun.log,18250
253665,1790408560647,MpSigStub.log,105504
253665,1790408560647,msedge_installer.log,68015
253665,1790408560647,skin.zip,231625
253665,1790408560663,SYS32_Hardware.exe,32671232
254211,1790408561163,bb3a785178f443fda931098a5a9a306b.db.ses,53
254211,1790408561163,FXSAPIDebugLogFile.txt,0
254211,1790408561163,FXSTIFFDebugLogFile.txt,0
254211,1790408561163,MpCmdRun-13-421CFC91-A93E-42AB-A35C-F06F127FCC44.lock,0
254211,1790408561179,MpCmdRun.log,18250
254211,1790408561179,MpSigStub.log,105504
254211,1790408561179,msedge_installer.log,68015
254211,1790408561194,skin.zip,231625
254211,1790408561194,SYS32_Hardware.exe,32671232
254758,1790408561710,bb3a785178f443fda931098a5a9a306b.db.ses,53
254758,1790408561710,FXSAPIDebugLogFile.txt,0
254758,1790408561710,FXSTIFFDebugLogFile.txt,0
254758,1790408561725,MpCmdRun-13-421CFC91-A93E-42AB-A35C-F06F127FCC44.lock,0
254758,1790408561725,MpCmdRun.log,18250
254758,1790408561741,MpSigStub.log,105504
254758,1790408561741,msedge_installer.log,68015
254758,1790408561757,skin.zip,231625
254758,1790408561757,SYS32_Hardware.exe,32671232
255321,1790408562272,bb3a785178f443fda931098a5a9a306b.db.ses,53
255321,1790408562272,FXSAPIDebugLogFile.txt,0
255321,1790408562272,FXSTIFFDebugLogFile.txt,0
255321,1790408562272,MpCmdRun-13-421CFC91-A93E-42AB-A35C-F06F127FCC44.lock,0
255321,1790408562288,MpCmdRun.log,18250
255321,1790408562288,MpSigStub.log,105504
255321,1790408562288,msedge_installer.log,68015
255321,1790408562304,skin.zip,231625
255321,1790408562304,SYS32_Hardware.exe,32671232
255867,1790408562819,bb3a785178f443fda931098a5a9a306b.db.ses,53
255867,1790408562819,FXSAPIDebugLogFile.txt,0
255867,1790408562819,FXSTIFFDebugLogFile.txt,0
255867,1790408562819,MpCmdRun-13-421CFC91-A93E-42AB-A35C-F06F127FCC44.lock,0
255867,1790408562835,MpCmdRun.log,18250
255867,1790408562835,MpSigStub.log,105504
255867,1790408562850,msedge_installer.log,68015
255867,1790408562850,skin.zip,231625
255867,1790408562866,SYS32_Hardware.exe,32671232
256414,1790408563366,bb3a785178f443fda931098a5a9a306b.db.ses,53
256414,1790408563366,FXSAPIDebugLogFile.txt,0
256414,1790408563366,FXSTIFFDebugLogFile.txt,0
256414,1790408563382,MpCmdRun-13-421CFC91-A93E-42AB-A35C-F06F127FCC44.lock,0
256414,1790408563382,MpCmdRun.log,18250
256414,1790408563382,MpSigStub.log,105504
256414,1790408563397,msedge_installer.log,68015
256414,1790408563397,skin.zip,231625
256414,1790408563397,SYS32_Hardware.exe,32671232
256961,1790408563913,bb3a785178f443fda931098a5a9a306b.db.ses,53
256961,1790408563913,FXSAPIDebugLogFile.txt,0
256961,1790408563913,FXSTIFFDebugLogFile.txt,0
256961,1790408563929,MpCmdRun-13-421CFC91-A93E-42AB-A35C-F06F127FCC44.lock,0
256961,1790408563944,MpCmdRun.log,18250
256961,1790408563944,MpSigStub.log,105504
256961,1790408563960,msedge_installer.log,68015
256961,1790408563960,skin.zip,231625
256961,1790408563975,SYS32_Hardware.exe,32671232
257540,1790408564491,bb3a785178f443fda931098a5a9a306b.db.ses,53
257540,1790408564491,FXSAPIDebugLogFile.txt,0
257540,1790408564491,FXSTIFFDebugLogFile.txt,0
257540,1790408564507,MpCmdRun-13-421CFC91-A93E-42AB-A35C-F06F127FCC44.lock,0
257540,1790408564507,MpCmdRun.log,18250
257540,1790408564522,MpSigStub.log,105504
257540,1790408564522,msedge_installer.log,68015
257540,1790408564538,skin.zip,231625
257540,1790408564538,SYS32_Hardware.exe,32671232
258102,1790408565054,bb3a785178f443fda931098a5a9a306b.db.ses,53
258102,1790408565054,FXSAPIDebugLogFile.txt,0
258102,1790408565054,FXSTIFFDebugLogFile.txt,0
258102,1790408565069,MpCmdRun-13-421CFC91-A93E-42AB-A35C-F06F127FCC44.lock,0
258102,1790408565069,MpCmdRun.log,18250
258102,1790408565085,MpSigStub.log,105504
258102,1790408565085,msedge_installer.log,68015
258102,1790408565085,skin.zip,231625
258102,1790408565100,SYS32_Hardware.exe,32671232
258664,1790408565616,bb3a785178f443fda931098a5a9a306b.db.ses,53
258664,1790408565616,FXSAPIDebugLogFile.txt,0
258664,1790408565616,FXSTIFFDebugLogFile.txt,0
258664,1790408565632,MpCmdRun-13-421CFC91-A93E-42AB-A35C-F06F127FCC44.lock,0
258664,1790408565647,MpCmdRun.log,18250
258664,1790408565647,MpSigStub.log,105504
258664,1790408565663,msedge_installer.log,68015
258664,1790408565663,skin.zip,231625
258664,1790408565679,SYS32_Hardware.exe,32671232
259227,1790408566179,bb3a785178f443fda931098a5a9a306b.db.ses,53
259227,1790408566179,FXSAPIDebugLogFile.txt,0
259227,1790408566179,FXSTIFFDebugLogFile.txt,0
259227,1790408566194,MpCmdRun-13-421CFC91-A93E-42AB-A35C-F06F127FCC44.lock,0
259227,1790408566194,MpCmdRun.log,18250
259227,1790408566210,MpSigStub.log,105504
259227,1790408566210,msedge_installer.log,68015
259227,1790408566225,skin.zip,231625
259227,1790408566225,SYS32_Hardware.exe,32671232
259789,1790408566741,bb3a785178f443fda931098a5a9a306b.db.ses,53
259789,1790408566741,FXSAPIDebugLogFile.txt,0
259789,1790408566741,FXSTIFFDebugLogFile.txt,0
259789,1790408566757,MpCmdRun-13-421CFC91-A93E-42AB-A35C-F06F127FCC44.lock,0
259789,1790408566757,MpCmdRun.log,18250
259789,1790408566772,MpSigStub.log,105504
259789,1790408566772,msedge_installer.log,68015
259789,1790408566788,skin.zip,231625
259789,1790408566804,SYS32_Hardware.exe,32671232
260353,1790408567304,bb3a785178f443fda931098a5a9a306b.db.ses,53
260353,1790408567304,FXSAPIDebugLogFile.txt,0
260353,1790408567319,FXSTIFFDebugLogFile.txt,0
260353,1790408567319,MpCmdRun-13-421CFC91-A93E-42AB-A35C-F06F127FCC44.lock,0
260353,1790408567335,MpCmdRun.log,18250
260353,1790408567350,MpSigStub.log,105504
260353,1790408567366,msedge_installer.log,68015
260353,1790408567366,skin.zip,231625
260353,1790408567382,SYS32_Hardware.exe,32671232
260961,1790408567913,bb3a785178f443fda931098a5a9a306b.db.ses,53
260961,1790408567913,FXSAPIDebugLogFile.txt,0
260961,1790408567913,FXSTIFFDebugLogFile.txt,0
260961,1790408567929,MpCmdRun-13-421CFC91-A93E-42AB-A35C-F06F127FCC44.lock,0
260961,1790408567929,MpCmdRun.log,18250
260961,1790408567944,MpSigStub.log,105504
260961,1790408567944,msedge_installer.log,68015
260961,1790408567960,skin.zip,231625
260961,1790408567960,SYS32_Hardware.exe,32671232
261524,1790408568475,bb3a785178f443fda931098a5a9a306b.db.ses,53
261524,1790408568475,FXSAPIDebugLogFile.txt,0
261524,1790408568491,FXSTIFFDebugLogFile.txt,0
261524,1790408568491,MpCmdRun-13-421CFC91-A93E-42AB-A35C-F06F127FCC44.lock,0
261524,1790408568507,MpCmdRun.log,18250
261524,1790408568507,MpSigStub.log,105504
261524,1790408568522,msedge_installer.log,68015
261524,1790408568522,skin.zip,231625
261524,1790408568538,SYS32_Hardware.exe,32671232
262087,1790408569038,bb3a785178f443fda931098a5a9a306b.db.ses,53
262087,1790408569038,FXSAPIDebugLogFile.txt,0
262087,1790408569038,FXSTIFFDebugLogFile.txt,0
262087,1790408569054,MpCmdRun-13-421CFC91-A93E-42AB-A35C-F06F127FCC44.lock,0
262087,1790408569069,MpCmdRun.log,18250
262087,1790408569069,MpSigStub.log,105504
262087,1790408569085,msedge_installer.log,68015
262087,1790408569085,skin.zip,231625
262087,1790408569100,SYS32_Hardware.exe,32671232
262664,1790408569616,bb3a785178f443fda931098a5a9a306b.db.ses,53
262664,1790408569616,FXSAPIDebugLogFile.txt,0
262664,1790408569632,FXSTIFFDebugLogFile.txt,0
262664,1790408569632,MpCmdRun-13-421CFC91-A93E-42AB-A35C-F06F127FCC44.lock,0
262664,1790408569632,MpCmdRun.log,18250
262664,1790408569647,MpSigStub.log,105504
262664,1790408569647,msedge_installer.log,68015
262664,1790408569663,skin.zip,231625
262664,1790408569663,SYS32_Hardware.exe,32671232
263227,1790408570179,bb3a785178f443fda931098a5a9a306b.db.ses,53
263227,1790408570179,FXSAPIDebugLogFile.txt,0
263227,1790408570179,FXSTIFFDebugLogFile.txt,0
263227,1790408570194,MpCmdRun-13-421CFC91-A93E-42AB-A35C-F06F127FCC44.lock,0
263227,1790408570194,MpCmdRun.log,18250
263227,1790408570210,MpSigStub.log,105504
263227,1790408570210,msedge_installer.log,68015
263227,1790408570210,skin.zip,231625
263227,1790408570225,SYS32_Hardware.exe,32671232
263774,1790408570725,bb3a785178f443fda931098a5a9a306b.db.ses,53
263774,1790408570725,FXSAPIDebugLogFile.txt,0
263774,1790408570725,FXSTIFFDebugLogFile.txt,0
263774,1790408570741,MpCmdRun-13-421CFC91-A93E-42AB-A35C-F06F127FCC44.lock,0
263774,1790408570741,MpCmdRun.log,18250
263774,1790408570757,MpSigStub.log,105504
263774,1790408570757,msedge_installer.log,68015
263774,1790408570757,skin.zip,231625
263774,1790408570772,SYS32_Hardware.exe,32671232
264321,1790408571272,bb3a785178f443fda931098a5a9a306b.db.ses,53
264321,1790408571272,FXSAPIDebugLogFile.txt,0
264321,1790408571272,FXSTIFFDebugLogFile.txt,0
264321,1790408571288,MpCmdRun-13-421CFC91-A93E-42AB-A35C-F06F127FCC44.lock,0
264321,1790408571288,MpCmdRun.log,18250
264321,1790408571304,MpSigStub.log,105504
264321,1790408571304,msedge_installer.log,68015
264321,1790408571319,skin.zip,231625
264321,1790408571319,SYS32_Hardware.exe,32671232
264884,1790408571835,bb3a785178f443fda931098a5a9a306b.db.ses,53
264884,1790408571835,FXSAPIDebugLogFile.txt,0
264884,1790408571850,FXSTIFFDebugLogFile.txt,0
264884,1790408571866,MpCmdRun-13-421CFC91-A93E-42AB-A35C-F06F127FCC44.lock,0
264884,1790408571882,MpCmdRun.log,18250
264884,1790408571897,MpSigStub.log,105504
264884,1790408571913,msedge_installer.log,68015
264884,1790408571929,skin.zip,231625
264884,1790408571944,SYS32_Hardware.exe,32671232
265508,1790408572460,bb3a785178f443fda931098a5a9a306b.db.ses,53
265508,1790408572460,FXSAPIDebugLogFile.txt,0
265508,1790408572460,FXSTIFFDebugLogFile.txt,0
265508,1790408572475,MpCmdRun-13-421CFC91-A93E-42AB-A35C-F06F127FCC44.lock,0
265508,1790408572475,MpCmdRun.log,18250
265508,1790408572491,MpSigStub.log,105504
265508,1790408572491,msedge_installer.log,68015
265508,1790408572507,skin.zip,231625
265508,1790408572507,SYS32_Hardware.exe,32671232
266071,1790408573022,bb3a785178f443fda931098a5a9a306b.db.ses,53
266071,1790408573022,FXSAPIDebugLogFile.txt,0
266071,1790408573022,FXSTIFFDebugLogFile.txt,0
266071,1790408573038,MpCmdRun-13-421CFC91-A93E-42AB-A35C-F06F127FCC44.lock,0
266071,1790408573054,MpCmdRun.log,18250
266071,1790408573054,MpSigStub.log,105504
266071,1790408573069,msedge_installer.log,68015
266071,1790408573069,skin.zip,231625
266071,1790408573085,SYS32_Hardware.exe,32671232
266649,1790408573600,bb3a785178f443fda931098a5a9a306b.db.ses,53
266649,1790408573600,FXSAPIDebugLogFile.txt,0
266649,1790408573600,FXSTIFFDebugLogFile.txt,0
266649,1790408573616,MpCmdRun-13-421CFC91-A93E-42AB-A35C-F06F127FCC44.lock,0
266649,1790408573616,MpCmdRun.log,18250
266649,1790408573632,MpSigStub.log,105504
266649,1790408573632,msedge_installer.log,68015
266649,1790408573647,skin.zip,231625
266649,1790408573647,SYS32_Hardware.exe,32671232
267211,1790408574163,bb3a785178f443fda931098a5a9a306b.db.ses,53
267211,1790408574163,FXSAPIDebugLogFile.txt,0
267211,1790408574163,FXSTIFFDebugLogFile.txt,0
267211,1790408574163,MpCmdRun-13-421CFC91-A93E-42AB-A35C-F06F127FCC44.lock,0
267211,1790408574179,MpCmdRun.log,18250
267211,1790408574179,MpSigStub.log,105504
267211,1790408574194,msedge_installer.log,68015
267211,1790408574194,skin.zip,231625
267211,1790408574210,SYS32_Hardware.exe,32671232
267774,1790408574725,bb3a785178f443fda931098a5a9a306b.db.ses,53
267774,1790408574725,FXSAPIDebugLogFile.txt,0
267774,1790408574725,FXSTIFFDebugLogFile.txt,0
267774,1790408574725,MpCmdRun-13-421CFC91-A93E-42AB-A35C-F06F127FCC44.lock,0
267774,1790408574741,MpCmdRun.log,18250
267774,1790408574741,MpSigStub.log,105504
267774,1790408574757,msedge_installer.log,68015
267774,1790408574757,skin.zip,231625
267774,1790408574772,SYS32_Hardware.exe,32671232
268321,1790408575272,bb3a785178f443fda931098a5a9a306b.db.ses,53
268321,1790408575272,FXSAPIDebugLogFile.txt,0
268321,1790408575272,FXSTIFFDebugLogFile.txt,0
268321,1790408575288,MpCmdRun-13-421CFC91-A93E-42AB-A35C-F06F127FCC44.lock,0
268321,1790408575304,MpCmdRun.log,18250
268321,1790408575319,MpSigStub.log,105504
268321,1790408575319,msedge_installer.log,68015
268321,1790408575335,skin.zip,231625
268321,1790408575350,SYS32_Hardware.exe,32671232
268930,1790408575882,bb3a785178f443fda931098a5a9a306b.db.ses,53
268930,1790408575882,FXSAPIDebugLogFile.txt,0
268930,1790408575882,FXSTIFFDebugLogFile.txt,0
268930,1790408575897,MpCmdRun-13-421CFC91-A93E-42AB-A35C-F06F127FCC44.lock,0
268930,1790408575897,MpCmdRun.log,18250
268930,1790408575913,MpSigStub.log,105504
268930,1790408575913,msedge_installer.log,68015
268930,1790408575929,skin.zip,231625
268930,1790408575929,SYS32_Hardware.exe,32671232
269493,1790408576444,bb3a785178f443fda931098a5a9a306b.db.ses,53
269493,1790408576444,FXSAPIDebugLogFile.txt,0
269493,1790408576444,FXSTIFFDebugLogFile.txt,0
269493,1790408576460,MpCmdRun-13-421CFC91-A93E-42AB-A35C-F06F127FCC44.lock,0
269493,1790408576475,MpCmdRun.log,18250
269493,1790408576475,MpSigStub.log,105504
269493,1790408576491,msedge_installer.log,68015
269493,1790408576507,skin.zip,231625
269493,1790408576507,SYS32_Hardware.exe,32671232
270071,1790408577022,bb3a785178f443fda931098a5a9a306b.db.ses,53
270071,1790408577022,FXSAPIDebugLogFile.txt,0
270071,1790408577022,FXSTIFFDebugLogFile.txt,0
270071,1790408577022,MpCmdRun-13-421CFC91-A93E-42AB-A35C-F06F127FCC44.lock,0
270071,1790408577038,MpCmdRun.log,18250
270071,1790408577038,MpSigStub.log,105504
270071,1790408577054,msedge_installer.log,68015
270071,1790408577054,skin.zip,231625
270071,1790408577054,SYS32_Hardware.exe,32671232
270617,1790408577569,bb3a785178f443fda931098a5a9a306b.db.ses,53
270617,1790408577569,FXSAPIDebugLogFile.txt,0
270617,1790408577569,FXSTIFFDebugLogFile.txt,0
270617,1790408577569,MpCmdRun-13-421CFC91-A93E-42AB-A35C-F06F127FCC44.lock,0
270617,1790408577585,MpCmdRun.log,18250
270617,1790408577585,MpSigStub.log,105504
270617,1790408577600,msedge_installer.log,68015
270617,1790408577600,skin.zip,231625
270617,1790408577600,SYS32_Hardware.exe,32671232
271164,1790408578116,bb3a785178f443fda931098a5a9a306b.db.ses,53
271164,1790408578116,FXSAPIDebugLogFile.txt,0
271164,1790408578116,FXSTIFFDebugLogFile.txt,0
271164,1790408578116,MpCmdRun-13-421CFC91-A93E-42AB-A35C-F06F127FCC44.lock,0
271164,1790408578132,MpCmdRun.log,18250
271164,1790408578132,MpSigStub.log,105504
271164,1790408578147,msedge_installer.log,68015
271164,1790408578147,skin.zip,231625
271164,1790408578163,SYS32_Hardware.exe,32671232
271727,1790408578679,bb3a785178f443fda931098a5a9a306b.db.ses,53
271727,1790408578679,FXSAPIDebugLogFile.txt,0
271727,1790408578679,FXSTIFFDebugLogFile.txt,0
271727,1790408578679,MpCmdRun-13-421CFC91-A93E-42AB-A35C-F06F127FCC44.lock,0
271727,1790408578694,MpCmdRun.log,18250
271727,1790408578694,MpSigStub.log,105504
271727,1790408578710,msedge_installer.log,68015
271727,1790408578710,skin.zip,231625
271727,1790408578710,SYS32_Hardware.exe,32671232
272274,1790408579226,bb3a785178f443fda931098a5a9a306b.db.ses,53
272274,1790408579226,FXSAPIDebugLogFile.txt,0
272274,1790408579226,FXSTIFFDebugLogFile.txt,0
272274,1790408579226,MpCmdRun-13-421CFC91-A93E-42AB-A35C-F06F127FCC44.lock,0
272274,1790408579241,MpCmdRun.log,18250
272274,1790408579241,MpSigStub.log,105504
272274,1790408579257,msedge_installer.log,68015
272274,1790408579257,skin.zip,231625
272274,1790408579257,SYS32_Hardware.exe,32671232
272836,1790408579788,bb3a785178f443fda931098a5a9a306b.db.ses,53
272836,1790408579788,FXSAPIDebugLogFile.txt,0
272836,1790408579788,FXSTIFFDebugLogFile.txt,0
272836,1790408579788,MpCmdRun-13-421CFC91-A93E-42AB-A35C-F06F127FCC44.lock,0
272836,1790408579804,MpCmdRun.log,18250
272836,1790408579804,MpSigStub.log,105504
272836,1790408579804,msedge_installer.log,68015
272836,1790408579819,skin.zip,231625
272836,1790408579819,SYS32_Hardware.exe,32671232
273383,1790408580335,bb3a785178f443fda931098a5a9a306b.db.ses,53
273383,1790408580335,FXSAPIDebugLogFile.txt,0
273383,1790408580335,FXSTIFFDebugLogFile.txt,0
273383,1790408580335,MpCmdRun-13-421CFC91-A93E-42AB-A35C-F06F127FCC44.lock,0
273383,1790408580350,MpCmdRun.log,18250
273383,1790408580350,MpSigStub.log,105504
273383,1790408580350,msedge_installer.log,68015
273383,1790408580366,skin.zip,231625
273383,1790408580366,SYS32_Hardware.exe,32671232
273914,1790408580866,bb3a785178f443fda931098a5a9a306b.db.ses,53
273914,1790408580866,FXSAPIDebugLogFile.txt,0
273914,1790408580866,FXSTIFFDebugLogFile.txt,0
273914,1790408580866,MpCmdRun-13-421CFC91-A93E-42AB-A35C-F06F127FCC44.lock,0
273914,1790408580882,MpCmdRun.log,18250
273914,1790408580882,MpSigStub.log,105504
273914,1790408580882,msedge_installer.log,68015
273914,1790408580897,skin.zip,231625
273914,1790408580897,SYS32_Hardware.exe,32671232
274461,1790408581413,bb3a785178f443fda931098a5a9a306b.db.ses,53
274461,1790408581413,FXSAPIDebugLogFile.txt,0
274461,1790408581413,FXSTIFFDebugLogFile.txt,0
274461,1790408581429,MpCmdRun-13-421CFC91-A93E-42AB-A35C-F06F127FCC44.lock,0
274461,1790408581429,MpCmdRun.log,18250
274461,1790408581444,MpSigStub.log,105504
274461,1790408581444,msedge_installer.log,68015
274461,1790408581444,skin.zip,231625
274461,1790408581460,SYS32_Hardware.exe,32671232
275024,1790408581975,bb3a785178f443fda931098a5a9a306b.db.ses,53
275024,1790408581975,FXSAPIDebugLogFile.txt,0
275024,1790408581975,FXSTIFFDebugLogFile.txt,0
275024,1790408581975,MpCmdRun-13-421CFC91-A93E-42AB-A35C-F06F127FCC44.lock,0
275024,1790408581991,MpCmdRun.log,18250
275024,1790408581991,MpSigStub.log,105504
275024,1790408582007,msedge_installer.log,68015
275024,1790408582007,skin.zip,231625
275024,1790408582007,SYS32_Hardware.exe,32671232
275571,1790408582522,bb3a785178f443fda931098a5a9a306b.db.ses,53
275571,1790408582522,FXSAPIDebugLogFile.txt,0
275571,1790408582522,FXSTIFFDebugLogFile.txt,0
275571,1790408582522,MpCmdRun-13-421CFC91-A93E-42AB-A35C-F06F127FCC44.lock,0
275571,1790408582538,MpCmdRun.log,18250
275571,1790408582538,MpSigStub.log,105504
275571,1790408582538,msedge_installer.log,68015
275571,1790408582554,skin.zip,231625
275571,1790408582554,SYS32_Hardware.exe,32671232
276117,1790408583069,bb3a785178f443fda931098a5a9a306b.db.ses,53
276117,1790408583069,FXSAPIDebugLogFile.txt,0
276117,1790408583069,FXSTIFFDebugLogFile.txt,0
276117,1790408583069,MpCmdRun-13-421CFC91-A93E-42AB-A35C-F06F127FCC44.lock,0
276117,1790408583085,MpCmdRun.log,18250
276117,1790408583085,MpSigStub.log,105504
276117,1790408583100,msedge_installer.log,68015
276117,1790408583100,skin.zip,231625
276117,1790408583100,SYS32_Hardware.exe,32671232
276664,1790408583616,bb3a785178f443fda931098a5a9a306b.db.ses,53
276664,1790408583616,FXSAPIDebugLogFile.txt,0
276664,1790408583616,FXSTIFFDebugLogFile.txt,0
276664,1790408583632,MpCmdRun-13-421CFC91-A93E-42AB-A35C-F06F127FCC44.lock,0
276664,1790408583632,MpCmdRun.log,18250
276664,1790408583632,MpSigStub.log,105504
276664,1790408583647,msedge_installer.log,68015
276664,1790408583647,skin.zip,231625
276664,1790408583663,SYS32_Hardware.exe,32671232
277211,1790408584163,bb3a785178f443fda931098a5a9a306b.db.ses,53
277211,1790408584163,FXSAPIDebugLogFile.txt,0
277211,1790408584163,FXSTIFFDebugLogFile.txt,0
277211,1790408584179,MpCmdRun-13-421CFC91-A93E-42AB-A35C-F06F127FCC44.lock,0
277211,1790408584179,MpCmdRun.log,18250
277211,1790408584179,MpSigStub.log,105504
277211,1790408584194,msedge_installer.log,68015
277211,1790408584210,skin.zip,231625
277211,1790408584210,SYS32_Hardware.exe,32671232
277774,1790408584725,bb3a785178f443fda931098a5a9a306b.db.ses,53
277774,1790408584725,FXSAPIDebugLogFile.txt,0
277774,1790408584725,FXSTIFFDebugLogFile.txt,0
277774,1790408584725,MpCmdRun-13-421CFC91-A93E-42AB-A35C-F06F127FCC44.lock,0
277774,1790408584741,MpCmdRun.log,18250
277774,1790408584741,MpSigStub.log,105504
277774,1790408584757,msedge_installer.log,68015
277774,1790408584757,skin.zip,231625
277774,1790408584757,SYS32_Hardware.exe,32671232
278321,1790408585272,bb3a785178f443fda931098a5a9a306b.db.ses,53
278321,1790408585272,FXSAPIDebugLogFile.txt,0
278321,1790408585272,FXSTIFFDebugLogFile.txt,0
278321,1790408585272,MpCmdRun-13-421CFC91-A93E-42AB-A35C-F06F127FCC44.lock,0
278321,1790408585288,MpCmdRun.log,18250
278321,1790408585288,MpSigStub.log,105504
278321,1790408585304,msedge_installer.log,68015
278321,1790408585304,skin.zip,231625
278321,1790408585304,SYS32_Hardware.exe,32671232
278867,1790408585819,bb3a785178f443fda931098a5a9a306b.db.ses,53
278867,1790408585819,FXSAPIDebugLogFile.txt,0
278867,1790408585819,FXSTIFFDebugLogFile.txt,0
278867,1790408585819,MpCmdRun-13-421CFC91-A93E-42AB-A35C-F06F127FCC44.lock,0
278867,1790408585835,MpCmdRun.log,18250
278867,1790408585835,MpSigStub.log,105504
278867,1790408585850,msedge_installer.log,68015
278867,1790408585850,skin.zip,231625
278867,1790408585850,SYS32_Hardware.exe,32671232
279414,1790408586366,bb3a785178f443fda931098a5a9a306b.db.ses,53
279414,1790408586366,FXSAPIDebugLogFile.txt,0
279414,1790408586366,FXSTIFFDebugLogFile.txt,0
279414,1790408586366,MpCmdRun-13-421CFC91-A93E-42AB-A35C-F06F127FCC44.lock,0
279414,1790408586382,MpCmdRun.log,18250
279414,1790408586382,MpSigStub.log,105504
279414,1790408586397,msedge_installer.log,68015
279414,1790408586397,skin.zip,231625
279414,1790408586397,SYS32_Hardware.exe,32671232
279961,1790408586913,bb3a785178f443fda931098a5a9a306b.db.ses,53
279961,1790408586913,FXSAPIDebugLogFile.txt,0
279961,1790408586913,FXSTIFFDebugLogFile.txt,0
279961,1790408586929,MpCmdRun-13-421CFC91-A93E-42AB-A35C-F06F127FCC44.lock,0
279961,1790408586929,MpCmdRun.log,18250
279961,1790408586929,MpSigStub.log,105504
279961,1790408586944,msedge_installer.log,68015
279961,1790408586944,skin.zip,231625
279961,1790408586944,SYS32_Hardware.exe,32671232
280508,1790408587460,bb3a785178f443fda931098a5a9a306b.db.ses,53
280508,1790408587460,FXSAPIDebugLogFile.txt,0
280508,1790408587460,FXSTIFFDebugLogFile.txt,0
280508,1790408587460,MpCmdRun-13-421CFC91-A93E-42AB-A35C-F06F127FCC44.lock,0
280508,1790408587475,MpCmdRun.log,18250
280508,1790408587475,MpSigStub.log,105504
280508,1790408587491,msedge_installer.log,68015
280508,1790408587491,skin.zip,231625
280508,1790408587491,SYS32_Hardware.exe,32671232
281055,1790408588007,bb3a785178f443fda931098a5a9a306b.db.ses,53
281055,1790408588007,FXSAPIDebugLogFile.txt,0
281055,1790408588007,FXSTIFFDebugLogFile.txt,0
281055,1790408588007,MpCmdRun-13-421CFC91-A93E-42AB-A35C-F06F127FCC44.lock,0
281055,1790408588022,MpCmdRun.log,18250
281055,1790408588022,MpSigStub.log,105504
281055,1790408588038,msedge_installer.log,68015
281055,1790408588038,skin.zip,231625
281055,1790408588038,SYS32_Hardware.exe,32671232
281602,1790408588554,bb3a785178f443fda931098a5a9a306b.db.ses,53
281602,1790408588554,FXSAPIDebugLogFile.txt,0
281602,1790408588554,FXSTIFFDebugLogFile.txt,0
281602,1790408588554,MpCmdRun-13-421CFC91-A93E-42AB-A35C-F06F127FCC44.lock,0
281602,1790408588569,MpCmdRun.log,18250
281602,1790408588569,MpSigStub.log,105504
281602,1790408588585,msedge_installer.log,68015
281602,1790408588585,skin.zip,231625
281602,1790408588585,SYS32_Hardware.exe,32671232
282149,1790408589100,bb3a785178f443fda931098a5a9a306b.db.ses,53
282149,1790408589100,FXSAPIDebugLogFile.txt,0
282149,1790408589100,FXSTIFFDebugLogFile.txt,0
282149,1790408589100,MpCmdRun-13-421CFC91-A93E-42AB-A35C-F06F127FCC44.lock,0
282149,1790408589116,MpCmdRun.log,18250
282149,1790408589116,MpSigStub.log,105504
282149,1790408589116,msedge_installer.log,68015
282149,1790408589132,skin.zip,231625
282149,1790408589132,SYS32_Hardware.exe,32671232
282696,1790408589647,bb3a785178f443fda931098a5a9a306b.db.ses,53
282696,1790408589647,FXSAPIDebugLogFile.txt,0
282696,1790408589647,FXSTIFFDebugLogFile.txt,0
282696,1790408589663,MpCmdRun-13-421CFC91-A93E-42AB-A35C-F06F127FCC44.lock,0
282696,1790408589663,MpCmdRun.log,18250
282696,1790408589679,MpSigStub.log,105504
282696,1790408589679,msedge_installer.log,68015
282696,1790408589694,skin.zip,231625
282696,1790408589694,SYS32_Hardware.exe,32671232
283258,1790408590210,bb3a785178f443fda931098a5a9a306b.db.ses,53
283258,1790408590210,FXSAPIDebugLogFile.txt,0
283258,1790408590210,FXSTIFFDebugLogFile.txt,0
283258,1790408590225,MpCmdRun-13-421CFC91-A93E-42AB-A35C-F06F127FCC44.lock,0
283258,1790408590225,MpCmdRun.log,18250
283258,1790408590241,MpSigStub.log,105504
283258,1790408590241,msedge_installer.log,68015
283258,1790408590257,skin.zip,231625
283258,1790408590257,SYS32_Hardware.exe,32671232
283836,1790408590788,bb3a785178f443fda931098a5a9a306b.db.ses,53
283836,1790408590788,FXSAPIDebugLogFile.txt,0
283836,1790408590788,FXSTIFFDebugLogFile.txt,0
283836,1790408590804,MpCmdRun-13-421CFC91-A93E-42AB-A35C-F06F127FCC44.lock,0
283836,1790408590804,MpCmdRun.log,18250
283836,1790408590819,MpSigStub.log,105504
283836,1790408590819,msedge_installer.log,68015
283836,1790408590835,skin.zip,231625
283836,1790408590835,SYS32_Hardware.exe,32671232
284399,1790408591350,bb3a785178f443fda931098a5a9a306b.db.ses,53
284399,1790408591350,FXSAPIDebugLogFile.txt,0
284399,1790408591350,FXSTIFFDebugLogFile.txt,0
284399,1790408591350,MpCmdRun-13-421CFC91-A93E-42AB-A35C-F06F127FCC44.lock,0
284399,1790408591366,MpCmdRun.log,18250
284399,1790408591366,MpSigStub.log,105504
284399,1790408591382,msedge_installer.log,68015
284399,1790408591382,skin.zip,231625
284399,1790408591382,SYS32_Hardware.exe,32671232
284961,1790408591913,bb3a785178f443fda931098a5a9a306b.db.ses,53
284961,1790408591913,FXSAPIDebugLogFile.txt,0
284961,1790408591913,FXSTIFFDebugLogFile.txt,0
284961,1790408591929,MpCmdRun-13-421CFC91-A93E-42AB-A35C-F06F127FCC44.lock,0
284961,1790408591929,MpCmdRun.log,18250
284961,1790408591944,MpSigStub.log,105504
284961,1790408591944,msedge_installer.log,68015
284961,1790408591960,skin.zip,231625
284961,1790408591975,SYS32_Hardware.exe,32671232
285524,1790408592475,bb3a785178f443fda931098a5a9a306b.db.ses,53
285524,1790408592475,FXSAPIDebugLogFile.txt,0
285524,1790408592475,FXSTIFFDebugLogFile.txt,0
285524,1790408592491,MpCmdRun-13-421CFC91-A93E-42AB-A35C-F06F127FCC44.lock,0
285524,1790408592491,MpCmdRun.log,18250
285524,1790408592507,MpSigStub.log,105504
285524,1790408592507,msedge_installer.log,68015
285524,1790408592522,skin.zip,231625
285524,1790408592522,SYS32_Hardware.exe,32671232
286086,1790408593038,bb3a785178f443fda931098a5a9a306b.db.ses,53
286086,1790408593038,FXSAPIDebugLogFile.txt,0
286086,1790408593038,FXSTIFFDebugLogFile.txt,0
286086,1790408593054,MpCmdRun-13-421CFC91-A93E-42AB-A35C-F06F127FCC44.lock,0
286086,1790408593054,MpCmdRun.log,18250
286086,1790408593054,MpSigStub.log,105504
286086,1790408593069,msedge_installer.log,68015
286086,1790408593069,skin.zip,231625
286086,1790408593085,SYS32_Hardware.exe,32671232
286649,1790408593600,bb3a785178f443fda931098a5a9a306b.db.ses,53
286649,1790408593600,FXSAPIDebugLogFile.txt,0
286649,1790408593600,FXSTIFFDebugLogFile.txt,0
286649,1790408593616,MpCmdRun-13-421CFC91-A93E-42AB-A35C-F06F127FCC44.lock,0
286649,1790408593632,MpCmdRun.log,18250
286649,1790408593632,MpSigStub.log,105504
286649,1790408593647,msedge_installer.log,68015
286649,1790408593647,skin.zip,231625
286649,1790408593663,SYS32_Hardware.exe,32671232
287211,1790408594163,bb3a785178f443fda931098a5a9a306b.db.ses,53
287211,1790408594163,FXSAPIDebugLogFile.txt,0
287211,1790408594163,FXSTIFFDebugLogFile.txt,0
287211,1790408594179,MpCmdRun-13-421CFC91-A93E-42AB-A35C-F06F127FCC44.lock,0
287211,1790408594179,MpCmdRun.log,18250
287211,1790408594179,MpSigStub.log,105504
287211,1790408594194,msedge_installer.log,68015
287211,1790408594194,skin.zip,231625
287211,1790408594210,SYS32_Hardware.exe,32671232
287758,1790408594710,bb3a785178f443fda931098a5a9a306b.db.ses,53
287758,1790408594710,FXSAPIDebugLogFile.txt,0
287758,1790408594710,FXSTIFFDebugLogFile.txt,0
287758,1790408594725,MpCmdRun-13-421CFC91-A93E-42AB-A35C-F06F127FCC44.lock,0
287758,1790408594725,MpCmdRun.log,18250
287758,1790408594741,MpSigStub.log,105504
287758,1790408594741,msedge_installer.log,68015
287758,1790408594757,skin.zip,231625
287758,1790408594757,SYS32_Hardware.exe,32671232
288321,1790408595272,bb3a785178f443fda931098a5a9a306b.db.ses,53
288321,1790408595272,FXSAPIDebugLogFile.txt,0
288321,1790408595288,FXSTIFFDebugLogFile.txt,0
288321,1790408595304,MpCmdRun-13-421CFC91-A93E-42AB-A35C-F06F127FCC44.lock,0
288321,1790408595319,MpCmdRun.log,18250
288321,1790408595319,MpSigStub.log,105504
288321,1790408595335,msedge_installer.log,68015
288321,1790408595335,skin.zip,231625
288321,1790408595350,SYS32_Hardware.exe,32671232
288930,1790408595882,bb3a785178f443fda931098a5a9a306b.db.ses,53
288930,1790408595882,FXSAPIDebugLogFile.txt,0
288930,1790408595897,FXSTIFFDebugLogFile.txt,0
288930,1790408595897,MpCmdRun-13-421CFC91-A93E-42AB-A35C-F06F127FCC44.lock,0
288930,1790408595913,MpCmdRun.log,18250
288930,1790408595913,MpSigStub.log,105504
288930,1790408595929,msedge_installer.log,68015
288930,1790408595929,skin.zip,231625
288930,1790408595944,SYS32_Hardware.exe,32671232
289508,1790408596460,bb3a785178f443fda931098a5a9a306b.db.ses,53
289508,1790408596460,FXSAPIDebugLogFile.txt,0
289508,1790408596460,FXSTIFFDebugLogFile.txt,0
289508,1790408596475,MpCmdRun-13-421CFC91-A93E-42AB-A35C-F06F127FCC44.lock,0
289508,1790408596475,MpCmdRun.log,18250
289508,1790408596475,MpSigStub.log,105504
289508,1790408596491,msedge_installer.log,68015
289508,1790408596491,skin.zip,231625
289508,1790408596491,SYS32_Hardware.exe,32671232
290071,1790408597022,bb3a785178f443fda931098a5a9a306b.db.ses,53
290071,1790408597022,FXSAPIDebugLogFile.txt,0
290071,1790408597022,FXSTIFFDebugLogFile.txt,0
290071,1790408597038,MpCmdRun-13-421CFC91-A93E-42AB-A35C-F06F127FCC44.lock,0
290071,1790408597038,MpCmdRun.log,18250
290071,1790408597054,MpSigStub.log,105504
290071,1790408597054,msedge_installer.log,68015
290071,1790408597069,skin.zip,231625
290071,1790408597069,SYS32_Hardware.exe,32671232
290649,1790408597600,bb3a785178f443fda931098a5a9a306b.db.ses,53
290649,1790408597600,FXSAPIDebugLogFile.txt,0
290649,1790408597600,FXSTIFFDebugLogFile.txt,0
290649,1790408597616,MpCmdRun-13-421CFC91-A93E-42AB-A35C-F06F127FCC44.lock,0
290649,1790408597616,MpCmdRun.log,18250
290649,1790408597632,MpSigStub.log,105504
290649,1790408597647,msedge_installer.log,68015
290649,1790408597647,skin.zip,231625
290649,1790408597663,SYS32_Hardware.exe,32671232
291211,1790408598163,bb3a785178f443fda931098a5a9a306b.db.ses,53
291211,1790408598163,FXSAPIDebugLogFile.txt,0
291211,1790408598163,FXSTIFFDebugLogFile.txt,0
291211,1790408598179,MpCmdRun-13-421CFC91-A93E-42AB-A35C-F06F127FCC44.lock,0
291211,1790408598179,MpCmdRun.log,18250
291211,1790408598194,MpSigStub.log,105504
291211,1790408598194,msedge_installer.log,68015
291211,1790408598194,skin.zip,231625
291211,1790408598210,SYS32_Hardware.exe,32671232
291759,1790408598710,bb3a785178f443fda931098a5a9a306b.db.ses,53
291759,1790408598710,FXSAPIDebugLogFile.txt,0
291759,1790408598710,FXSTIFFDebugLogFile.txt,0
291759,1790408598725,MpCmdRun-13-421CFC91-A93E-42AB-A35C-F06F127FCC44.lock,0
291759,1790408598725,MpCmdRun.log,18250
291759,1790408598741,MpSigStub.log,105504
291759,1790408598741,msedge_installer.log,68015
291759,1790408598757,skin.zip,231625
291759,1790408598757,SYS32_Hardware.exe,32671232
292321,1790408599272,bb3a785178f443fda931098a5a9a306b.db.ses,53
292321,1790408599272,FXSAPIDebugLogFile.txt,0
292321,1790408599272,FXSTIFFDebugLogFile.txt,0
292321,1790408599288,MpCmdRun-13-421CFC91-A93E-42AB-A35C-F06F127FCC44.lock,0
292321,1790408599304,MpCmdRun.log,18250
292321,1790408599304,MpSigStub.log,105504
292321,1790408599319,msedge_installer.log,68015
292321,1790408599319,skin.zip,231625
292321,1790408599319,SYS32_Hardware.exe,32671232
292883,1790408599835,bb3a785178f443fda931098a5a9a306b.db.ses,53
292883,1790408599835,FXSAPIDebugLogFile.txt,0
292883,1790408599835,FXSTIFFDebugLogFile.txt,0
292883,1790408599850,MpCmdRun-13-421CFC91-A93E-42AB-A35C-F06F127FCC44.lock,0
292883,1790408599850,MpCmdRun.log,18250
292883,1790408599850,MpSigStub.log,105504
292883,1790408599866,msedge_installer.log,68015
292883,1790408599866,skin.zip,231625
292883,1790408599866,SYS32_Hardware.exe,32671232
293430,1790408600382,bb3a785178f443fda931098a5a9a306b.db.ses,53
293430,1790408600382,FXSAPIDebugLogFile.txt,0
293430,1790408600397,FXSTIFFDebugLogFile.txt,0
293430,1790408600397,MpCmdRun-13-421CFC91-A93E-42AB-A35C-F06F127FCC44.lock,0
293430,1790408600413,MpCmdRun.log,18250
293430,1790408600413,MpSigStub.log,105504
293430,1790408600429,msedge_installer.log,68015
293430,1790408600444,skin.zip,231625
293430,1790408600444,SYS32_Hardware.exe,32671232
294008,1790408600960,bb3a785178f443fda931098a5a9a306b.db.ses,53
294008,1790408600960,FXSAPIDebugLogFile.txt,0
294008,1790408600960,FXSTIFFDebugLogFile.txt,0
294008,1790408600975,MpCmdRun-13-421CFC91-A93E-42AB-A35C-F06F127FCC44.lock,0
294008,1790408600991,MpCmdRun.log,18250
294008,1790408600991,MpSigStub.log,105504
294008,1790408601007,msedge_installer.log,68015
294008,1790408601007,skin.zip,231625
294008,1790408601022,SYS32_Hardware.exe,32671232
294586,1790408601538,bb3a785178f443fda931098a5a9a306b.db.ses,53
294586,1790408601538,FXSAPIDebugLogFile.txt,0
294586,1790408601570,FXSTIFFDebugLogFile.txt,0
294586,1790408601585,MpCmdRun-13-421CFC91-A93E-42AB-A35C-F06F127FCC44.lock,0
294586,1790408601600,MpCmdRun.log,18250
294586,1790408601600,MpSigStub.log,105504
294586,1790408601616,msedge_installer.log,68015
294586,1790408601632,skin.zip,231625
294586,1790408601647,SYS32_Hardware.exe,32671232
295211,1790408602163,bb3a785178f443fda931098a5a9a306b.db.ses,53
295211,1790408602163,FXSAPIDebugLogFile.txt,0
295211,1790408602163,FXSTIFFDebugLogFile.txt,0
295211,1790408602179,MpCmdRun-13-421CFC91-A93E-42AB-A35C-F06F127FCC44.lock,0
295211,1790408602179,MpCmdRun.log,18250
295211,1790408602194,MpSigStub.log,105504
295211,1790408602194,msedge_installer.log,68015
295211,1790408602210,skin.zip,231625
295211,1790408602210,SYS32_Hardware.exe,32671232
295774,1790408602725,bb3a785178f443fda931098a5a9a306b.db.ses,53
295774,1790408602725,FXSAPIDebugLogFile.txt,0
295774,1790408602725,FXSTIFFDebugLogFile.txt,0
295774,1790408602725,MpCmdRun-13-421CFC91-A93E-42AB-A35C-F06F127FCC44.lock,0
295774,1790408602741,MpCmdRun.log,18250
295774,1790408602741,MpSigStub.log,105504
295774,1790408602757,msedge_installer.log,68015
295774,1790408602757,skin.zip,231625
295774,1790408602757,SYS32_Hardware.exe,32671232
296321,1790408603272,bb3a785178f443fda931098a5a9a306b.db.ses,53
296321,1790408603272,FXSAPIDebugLogFile.txt,0
296321,1790408603272,FXSTIFFDebugLogFile.txt,0
296321,1790408603288,MpCmdRun-13-421CFC91-A93E-42AB-A35C-F06F127FCC44.lock,0
296321,1790408603288,MpCmdRun.log,18250
296321,1790408603304,MpSigStub.log,105504
296321,1790408603304,msedge_installer.log,68015
296321,1790408603304,skin.zip,231625
296321,1790408603319,SYS32_Hardware.exe,32671232
296883,1790408603835,bb3a785178f443fda931098a5a9a306b.db.ses,53
296883,1790408603835,FXSAPIDebugLogFile.txt,0
296883,1790408603835,FXSTIFFDebugLogFile.txt,0
296883,1790408603850,MpCmdRun-13-421CFC91-A93E-42AB-A35C-F06F127FCC44.lock,0
296883,1790408603850,MpCmdRun.log,18250
296883,1790408603850,MpSigStub.log,105504
296883,1790408603866,msedge_installer.log,68015
296883,1790408603866,skin.zip,231625
296883,1790408603866,SYS32_Hardware.exe,32671232
297430,1790408604382,bb3a785178f443fda931098a5a9a306b.db.ses,53
297430,1790408604382,FXSAPIDebugLogFile.txt,0
297430,1790408604382,FXSTIFFDebugLogFile.txt,0
297430,1790408604382,MpCmdRun-13-421CFC91-A93E-42AB-A35C-F06F127FCC44.lock,0
297430,1790408604397,MpCmdRun.log,18250
297430,1790408604397,MpSigStub.log,105504
297430,1790408604413,msedge_installer.log,68015
297430,1790408604413,skin.zip,231625
297430,1790408604413,SYS32_Hardware.exe,32671232
297977,1790408604929,bb3a785178f443fda931098a5a9a306b.db.ses,53
297977,1790408604929,FXSAPIDebugLogFile.txt,0
297977,1790408604929,FXSTIFFDebugLogFile.txt,0
297977,1790408604929,MpCmdRun-13-421CFC91-A93E-42AB-A35C-F06F127FCC44.lock,0
297977,1790408604944,MpCmdRun.log,18250
297977,1790408604944,MpSigStub.log,105504
297977,1790408604960,msedge_installer.log,68015
297977,1790408604960,skin.zip,231625
297977,1790408604975,SYS32_Hardware.exe,32671232
298539,1790408605491,bb3a785178f443fda931098a5a9a306b.db.ses,53
298539,1790408605491,FXSAPIDebugLogFile.txt,0
298539,1790408605491,FXSTIFFDebugLogFile.txt,0
298539,1790408605491,MpCmdRun-13-421CFC91-A93E-42AB-A35C-F06F127FCC44.lock,0
298539,1790408605507,MpCmdRun.log,18250
298539,1790408605507,MpSigStub.log,105504
298539,1790408605522,msedge_installer.log,68015
298539,1790408605522,skin.zip,231625
298539,1790408605538,SYS32_Hardware.exe,32671232
299102,1790408606054,bb3a785178f443fda931098a5a9a306b.db.ses,53
299102,1790408606054,FXSAPIDebugLogFile.txt,0
299102,1790408606054,FXSTIFFDebugLogFile.txt,0
299102,1790408606054,MpCmdRun-13-421CFC91-A93E-42AB-A35C-F06F127FCC44.lock,0
299102,1790408606069,MpCmdRun.log,18250
299102,1790408606069,MpSigStub.log,105504
299102,1790408606069,msedge_installer.log,68015
299102,1790408606085,skin.zip,231625
299102,1790408606085,SYS32_Hardware.exe,32671232
299649,1790408606600,bb3a785178f443fda931098a5a9a306b.db.ses,53
299649,1790408606600,FXSAPIDebugLogFile.txt,0
299649,1790408606600,FXSTIFFDebugLogFile.txt,0
299649,1790408606600,MpCmdRun-13-421CFC91-A93E-42AB-A35C-F06F127FCC44.lock,0
299649,1790408606616,MpCmdRun.log,18250
299649,1790408606616,MpSigStub.log,105504
299649,1790408606632,msedge_installer.log,68015
299649,1790408606632,skin.zip,231625
299649,1790408606647,SYS32_Hardware.exe,32671232
300197,1790408607149,bb3a785178f443fda931098a5a9a306b.db.ses,53
300197,1790408607149,FXSAPIDebugLogFile.txt,0
300197,1790408607149,FXSTIFFDebugLogFile.txt,0
300197,1790408607149,MpCmdRun-13-421CFC91-A93E-42AB-A35C-F06F127FCC44.lock,0
300197,1790408607165,MpCmdRun.log,18250
300197,1790408607165,MpSigStub.log,105504
300197,1790408607165,msedge_installer.log,68015
300197,1790408607180,skin.zip,231625
300197,1790408607180,SYS32_Hardware.exe,32671232
300744,1790408607696,bb3a785178f443fda931098a5a9a306b.db.ses,53
300744,1790408607696,FXSAPIDebugLogFile.txt,0
300744,1790408607696,FXSTIFFDebugLogFile.txt,0
300744,1790408607711,MpCmdRun-13-421CFC91-A93E-42AB-A35C-F06F127FCC44.lock,0
300744,1790408607711,MpCmdRun.log,18250
300744,1790408607711,MpSigStub.log,105504
300744,1790408607727,msedge_installer.log,68015
300744,1790408607727,skin.zip,231625
300744,1790408607727,SYS32_Hardware.exe,32671232
301307,1790408608258,bb3a785178f443fda931098a5a9a306b.db.ses,53
301307,1790408608258,FXSAPIDebugLogFile.txt,0
301307,1790408608258,FXSTIFFDebugLogFile.txt,0
301307,1790408608258,MpCmdRun-13-421CFC91-A93E-42AB-A35C-F06F127FCC44.lock,0
301307,1790408608274,MpCmdRun.log,18250
301307,1790408608274,MpSigStub.log,105504
301307,1790408608290,msedge_installer.log,68015
301307,1790408608290,skin.zip,231625
301307,1790408608290,SYS32_Hardware.exe,32671232
301854,1790408608805,bb3a785178f443fda931098a5a9a306b.db.ses,53
301854,1790408608815,FXSAPIDebugLogFile.txt,0
301854,1790408608815,FXSTIFFDebugLogFile.txt,0
301854,1790408608831,MpCmdRun-13-421CFC91-A93E-42AB-A35C-F06F127FCC44.lock,0
301854,1790408608831,MpCmdRun.log,18250
301854,1790408608846,MpSigStub.log,105504
301854,1790408608846,msedge_installer.log,68015
301854,1790408608862,skin.zip,231625
301854,1790408608862,SYS32_Hardware.exe,32671232
302426,1790408609377,bb3a785178f443fda931098a5a9a306b.db.ses,53
302426,1790408609377,FXSAPIDebugLogFile.txt,0
302426,1790408609377,FXSTIFFDebugLogFile.txt,0
302426,1790408609377,MpCmdRun-13-421CFC91-A93E-42AB-A35C-F06F127FCC44.lock,0
302426,1790408609393,MpCmdRun.log,18250
302426,1790408609393,MpSigStub.log,105504
302426,1790408609393,msedge_installer.log,68015
302426,1790408609409,skin.zip,231625
302426,1790408609409,SYS32_Hardware.exe,32671232
302988,1790408609940,bb3a785178f443fda931098a5a9a306b.db.ses,53
302988,1790408610191,FXSAPIDebugLogFile.txt,0
302988,1790408610191,FXSTIFFDebugLogFile.txt,0
302988,1790408610199,MpCmdRun-13-421CFC91-A93E-42AB-A35C-F06F127FCC44.lock,0
302988,1790408610199,MpCmdRun.log,18250
302988,1790408610215,MpSigStub.log,105504
302988,1790408610215,msedge_installer.log,68015
302988,1790408610215,skin.zip,231625
302988,1790408610231,SYS32_Hardware.exe,32671232
303794,1790408610746,bb3a785178f443fda931098a5a9a306b.db.ses,53
303794,1790408610746,FXSAPIDebugLogFile.txt,0
303794,1790408610746,FXSTIFFDebugLogFile.txt,0
303794,1790408610746,MpCmdRun-13-421CFC91-A93E-42AB-A35C-F06F127FCC44.lock,0
303794,1790408610762,MpCmdRun.log,18250
303794,1790408610762,MpSigStub.log,105504
303794,1790408610777,msedge_installer.log,68015
303794,1790408610777,skin.zip,231625
303794,1790408610777,SYS32_Hardware.exe,32671232
304357,1790408611309,bb3a785178f443fda931098a5a9a306b.db.ses,53
304357,1790408611309,FXSAPIDebugLogFile.txt,0
304357,1790408611309,FXSTIFFDebugLogFile.txt,0
304357,1790408611324,MpCmdRun-13-421CFC91-A93E-42AB-A35C-F06F127FCC44.lock,0
304357,1790408611324,MpCmdRun.log,18250
304357,1790408611324,MpSigStub.log,105504
304357,1790408611340,msedge_installer.log,68015
304357,1790408611340,skin.zip,231625
304357,1790408611340,SYS32_Hardware.exe,32671232
304904,1790408611856,bb3a785178f443fda931098a5a9a306b.db.ses,53
304904,1790408611856,FXSAPIDebugLogFile.txt,0
304904,1790408611856,FXSTIFFDebugLogFile.txt,0
304904,1790408611871,MpCmdRun-13-421CFC91-A93E-42AB-A35C-F06F127FCC44.lock,0
304904,1790408611871,MpCmdRun.log,18250
304904,1790408611871,MpSigStub.log,105504
304904,1790408611887,msedge_installer.log,68015
304904,1790408611887,skin.zip,231625
304904,1790408611887,SYS32_Hardware.exe,32671232
305451,1790408612402,bb3a785178f443fda931098a5a9a306b.db.ses,53
305451,1790408612402,FXSAPIDebugLogFile.txt,0
305451,1790408612402,FXSTIFFDebugLogFile.txt,0
305451,1790408612402,MpCmdRun-13-421CFC91-A93E-42AB-A35C-F06F127FCC44.lock,0
305451,1790408612418,MpCmdRun.log,18250
305451,1790408612418,MpSigStub.log,105504
305451,1790408612434,msedge_installer.log,68015
305451,1790408612434,skin.zip,231625
305451,1790408612434,SYS32_Hardware.exe,32671232
305998,1790408612949,bb3a785178f443fda931098a5a9a306b.db.ses,53
305998,1790408612949,FXSAPIDebugLogFile.txt,0
305998,1790408612949,FXSTIFFDebugLogFile.txt,0
305998,1790408612965,MpCmdRun-13-421CFC91-A93E-42AB-A35C-F06F127FCC44.lock,0
305998,1790408612965,MpCmdRun.log,18250
305998,1790408612981,MpSigStub.log,105504
305998,1790408612981,msedge_installer.log,68015
305998,1790408612996,skin.zip,231625
305998,1790408612996,SYS32_Hardware.exe,32671232
306576,1790408613527,bb3a785178f443fda931098a5a9a306b.db.ses,53
306576,1790408613527,FXSAPIDebugLogFile.txt,0
306576,1790408613527,FXSTIFFDebugLogFile.txt,0
306576,1790408613527,MpCmdRun-13-421CFC91-A93E-42AB-A35C-F06F127FCC44.lock,0
306576,1790408613543,MpCmdRun.log,18250
306576,1790408613543,MpSigStub.log,105504
306576,1790408613543,msedge_installer.log,68015
306576,1790408613559,skin.zip,231625
306576,1790408613559,SYS32_Hardware.exe,32671232
307123,1790408614074,bb3a785178f443fda931098a5a9a306b.db.ses,53
307123,1790408614074,FXSAPIDebugLogFile.txt,0
307123,1790408614074,FXSTIFFDebugLogFile.txt,0
307123,1790408614074,MpCmdRun-13-421CFC91-A93E-42AB-A35C-F06F127FCC44.lock,0
307123,1790408614090,MpCmdRun.log,18250
307123,1790408614090,MpSigStub.log,105504
307123,1790408614106,msedge_installer.log,68015
307123,1790408614106,skin.zip,231625
307123,1790408614106,SYS32_Hardware.exe,32671232
307670,1790408614621,bb3a785178f443fda931098a5a9a306b.db.ses,53
307670,1790408614621,FXSAPIDebugLogFile.txt,0
307670,1790408614621,FXSTIFFDebugLogFile.txt,0
307670,1790408614621,MpCmdRun-13-421CFC91-A93E-42AB-A35C-F06F127FCC44.lock,0
307670,1790408614637,MpCmdRun.log,18250
307670,1790408614637,MpSigStub.log,105504
307670,1790408614652,msedge_installer.log,68015
307670,1790408614652,skin.zip,231625
307670,1790408614652,SYS32_Hardware.exe,32671232
308232,1790408615184,bb3a785178f443fda931098a5a9a306b.db.ses,53
308232,1790408615184,FXSAPIDebugLogFile.txt,0
308232,1790408615184,FXSTIFFDebugLogFile.txt,0
308232,1790408615199,MpCmdRun-13-421CFC91-A93E-42AB-A35C-F06F127FCC44.lock,0
308232,1790408615199,MpCmdRun.log,18250
308232,1790408615199,MpSigStub.log,105504
308232,1790408615215,msedge_installer.log,68015
308232,1790408615215,skin.zip,231625
308232,1790408615231,SYS32_Hardware.exe,32671232
308795,1790408615746,bb3a785178f443fda931098a5a9a306b.db.ses,53
308795,1790408615746,FXSAPIDebugLogFile.txt,0
308795,1790408615746,FXSTIFFDebugLogFile.txt,0
308795,1790408615762,MpCmdRun-13-421CFC91-A93E-42AB-A35C-F06F127FCC44.lock,0
308795,1790408615762,MpCmdRun.log,18250
308795,1790408615762,MpSigStub.log,105504
308795,1790408615777,msedge_installer.log,68015
308795,1790408615777,skin.zip,231625
308795,1790408615793,SYS32_Hardware.exe,32671232
309341,1790408616293,bb3a785178f443fda931098a5a9a306b.db.ses,53
309341,1790408616293,FXSAPIDebugLogFile.txt,0
309341,1790408616293,FXSTIFFDebugLogFile.txt,0
309341,1790408616293,MpCmdRun-13-421CFC91-A93E-42AB-A35C-F06F127FCC44.lock,0
309341,1790408616309,MpCmdRun.log,18250
309341,1790408616309,MpSigStub.log,105504
309341,1790408616324,msedge_installer.log,68015
309341,1790408616324,skin.zip,231625
309341,1790408616340,SYS32_Hardware.exe,32671232
309888,1790408616840,bb3a785178f443fda931098a5a9a306b.db.ses,53
309888,1790408616840,FXSAPIDebugLogFile.txt,0
309888,1790408616840,FXSTIFFDebugLogFile.txt,0
309888,1790408616840,MpCmdRun-13-421CFC91-A93E-42AB-A35C-F06F127FCC44.lock,0
309888,1790408616856,MpCmdRun.log,18250
309888,1790408616856,MpSigStub.log,105504
309888,1790408616856,msedge_installer.log,68015
309888,1790408616871,skin.zip,231625
309888,1790408616871,SYS32_Hardware.exe,32671232
310451,1790408617402,bb3a785178f443fda931098a5a9a306b.db.ses,53
310451,1790408617402,FXSAPIDebugLogFile.txt,0
310451,1790408617402,FXSTIFFDebugLogFile.txt,0
310451,1790408617418,MpCmdRun-13-421CFC91-A93E-42AB-A35C-F06F127FCC44.lock,0
310451,1790408617418,MpCmdRun.log,18250
310451,1790408617434,MpSigStub.log,105504
310451,1790408617434,msedge_installer.log,68015
310451,1790408617449,skin.zip,231625
310451,1790408617465,SYS32_Hardware.exe,32671232
311045,1790408617996,bb3a785178f443fda931098a5a9a306b.db.ses,53
311045,1790408617996,FXSAPIDebugLogFile.txt,0
311045,1790408617996,FXSTIFFDebugLogFile.txt,0
311045,1790408618012,MpCmdRun-13-421CFC91-A93E-42AB-A35C-F06F127FCC44.lock,0
311045,1790408618012,MpCmdRun.log,18250
311045,1790408618012,MpSigStub.log,105504
311045,1790408618027,msedge_installer.log,68015
311045,1790408618027,skin.zip,231625
311045,1790408618043,SYS32_Hardware.exe,32671232
311591,1790408618543,bb3a785178f443fda931098a5a9a306b.db.ses,53
311591,1790408618543,FXSAPIDebugLogFile.txt,0
311591,1790408618543,FXSTIFFDebugLogFile.txt,0
311591,1790408618559,MpCmdRun-13-421CFC91-A93E-42AB-A35C-F06F127FCC44.lock,0
311591,1790408618559,MpCmdRun.log,18250
311591,1790408618574,MpSigStub.log,105504
311591,1790408618574,msedge_installer.log,68015
311591,1790408618590,skin.zip,231625
311591,1790408618590,SYS32_Hardware.exe,32671232
312154,1790408619106,bb3a785178f443fda931098a5a9a306b.db.ses,53
312154,1790408619106,FXSAPIDebugLogFile.txt,0
312154,1790408619106,FXSTIFFDebugLogFile.txt,0
312154,1790408619106,MpCmdRun-13-421CFC91-A93E-42AB-A35C-F06F127FCC44.lock,0
312154,1790408619121,MpCmdRun.log,18250
312154,1790408619121,MpSigStub.log,105504
312154,1790408619121,msedge_installer.log,68015
312154,1790408619137,skin.zip,231625
312154,1790408619137,SYS32_Hardware.exe,32671232
312701,1790408619652,bb3a785178f443fda931098a5a9a306b.db.ses,53
312701,1790408619652,FXSAPIDebugLogFile.txt,0
312701,1790408619652,FXSTIFFDebugLogFile.txt,0
312701,1790408619652,MpCmdRun-13-421CFC91-A93E-42AB-A35C-F06F127FCC44.lock,0
312701,1790408619668,MpCmdRun.log,18250
312701,1790408619668,MpSigStub.log,105504
312701,1790408619684,msedge_installer.log,68015
312701,1790408619684,skin.zip,231625
312701,1790408619699,SYS32_Hardware.exe,32671232
313263,1790408620215,bb3a785178f443fda931098a5a9a306b.db.ses,53
313263,1790408620215,FXSAPIDebugLogFile.txt,0
313263,1790408620215,FXSTIFFDebugLogFile.txt,0
313263,1790408620215,MpCmdRun-13-421CFC91-A93E-42AB-A35C-F06F127FCC44.lock,0
313263,1790408620231,MpCmdRun.log,18250
313263,1790408620231,MpSigStub.log,105504
313263,1790408620246,msedge_installer.log,68015
313263,1790408620246,skin.zip,231625
313263,1790408620262,SYS32_Hardware.exe,32671232
313814,1790408620765,bb3a785178f443fda931098a5a9a306b.db.ses,53
313814,1790408620765,FXSAPIDebugLogFile.txt,0
313814,1790408620765,FXSTIFFDebugLogFile.txt,0
313814,1790408620781,MpCmdRun-13-421CFC91-A93E-42AB-A35C-F06F127FCC44.lock,0
313814,1790408620781,MpCmdRun.log,18250
313814,1790408620796,MpSigStub.log,105504
313814,1790408620796,msedge_installer.log,68015
313814,1790408620812,skin.zip,231625
313814,1790408620812,SYS32_Hardware.exe,32671232
314376,1790408621328,bb3a785178f443fda931098a5a9a306b.db.ses,53
314376,1790408621328,FXSAPIDebugLogFile.txt,0
314376,1790408621328,FXSTIFFDebugLogFile.txt,0
314376,1790408621343,MpCmdRun-13-421CFC91-A93E-42AB-A35C-F06F127FCC44.lock,0
314376,1790408621343,MpCmdRun.log,18250
314376,1790408621343,MpSigStub.log,105504
314376,1790408621359,msedge_installer.log,68015
314376,1790408621359,skin.zip,231625
314376,1790408621374,SYS32_Hardware.exe,32671232
314938,1790408621890,bb3a785178f443fda931098a5a9a306b.db.ses,53
314938,1790408621890,FXSAPIDebugLogFile.txt,0
314938,1790408621890,FXSTIFFDebugLogFile.txt,0
314938,1790408621906,MpCmdRun-13-421CFC91-A93E-42AB-A35C-F06F127FCC44.lock,0
314938,1790408621906,MpCmdRun.log,18250
314938,1790408621921,MpSigStub.log,105504
314938,1790408621921,msedge_installer.log,68015
314938,1790408621937,skin.zip,231625
314938,1790408621953,SYS32_Hardware.exe,32671232
315501,1790408622453,bb3a785178f443fda931098a5a9a306b.db.ses,53
315501,1790408622453,FXSAPIDebugLogFile.txt,0
315501,1790408622453,FXSTIFFDebugLogFile.txt,0
315501,1790408622468,MpCmdRun-13-421CFC91-A93E-42AB-A35C-F06F127FCC44.lock,0
315501,1790408622468,MpCmdRun.log,18250
315501,1790408622468,MpSigStub.log,105504
315501,1790408622484,msedge_installer.log,68015
315501,1790408622484,skin.zip,231625
315501,1790408622499,SYS32_Hardware.exe,32671232
316063,1790408623015,bb3a785178f443fda931098a5a9a306b.db.ses,53
316063,1790408623015,FXSAPIDebugLogFile.txt,0
316063,1790408623015,FXSTIFFDebugLogFile.txt,0
316063,1790408623031,MpCmdRun-13-421CFC91-A93E-42AB-A35C-F06F127FCC44.lock,0
316063,1790408623031,MpCmdRun.log,18250
316063,1790408623031,MpSigStub.log,105504
316063,1790408623046,msedge_installer.log,68015
316063,1790408623046,skin.zip,231625
316063,1790408623062,SYS32_Hardware.exe,32671232
316626,1790408623578,bb3a785178f443fda931098a5a9a306b.db.ses,53
316626,1790408623578,FXSAPIDebugLogFile.txt,0
316626,1790408623578,FXSTIFFDebugLogFile.txt,0
316626,1790408623578,MpCmdRun-13-421CFC91-A93E-42AB-A35C-F06F127FCC44.lock,0
316626,1790408623593,MpCmdRun.log,18250
316626,1790408623593,MpSigStub.log,105504
316626,1790408623609,msedge_installer.log,68015
316626,1790408623609,skin.zip,231625
316626,1790408623624,SYS32_Hardware.exe,32671232
317204,1790408624156,bb3a785178f443fda931098a5a9a306b.db.ses,53
317204,1790408624156,FXSAPIDebugLogFile.txt,0
317204,1790408624156,FXSTIFFDebugLogFile.txt,0
317204,1790408624171,MpCmdRun-13-421CFC91-A93E-42AB-A35C-F06F127FCC44.lock,0
317204,1790408624171,MpCmdRun.log,18250
317204,1790408624187,MpSigStub.log,105504
317204,1790408624203,msedge_installer.log,68015
317204,1790408624203,skin.zip,231625
317204,1790408624203,SYS32_Hardware.exe,32671232
317783,1790408624734,bb3a785178f443fda931098a5a9a306b.db.ses,53
317783,1790408624734,FXSAPIDebugLogFile.txt,0
317783,1790408624749,FXSTIFFDebugLogFile.txt,0
317783,1790408624749,MpCmdRun-13-421CFC91-A93E-42AB-A35C-F06F127FCC44.lock,0
317783,1790408624765,MpCmdRun.log,18250
317783,1790408624781,MpSigStub.log,105504
317783,1790408624781,msedge_installer.log,68015
317783,1790408624796,skin.zip,231625
317783,1790408624796,SYS32_Hardware.exe,32671232
318376,1790408625328,bb3a785178f443fda931098a5a9a306b.db.ses,53
318376,1790408625328,FXSAPIDebugLogFile.txt,0
318376,1790408625328,FXSTIFFDebugLogFile.txt,0
318376,1790408625343,MpCmdRun-13-421CFC91-A93E-42AB-A35C-F06F127FCC44.lock,0
318376,1790408625343,MpCmdRun.log,18250
318376,1790408625359,MpSigStub.log,105504
318376,1790408625359,msedge_installer.log,68015
318376,1790408625375,skin.zip,231625
318376,1790408625375,SYS32_Hardware.exe,32671232
318954,1790408625906,bb3a785178f443fda931098a5a9a306b.db.ses,53
318954,1790408625906,FXSAPIDebugLogFile.txt,0
318954,1790408625906,FXSTIFFDebugLogFile.txt,0
318954,1790408625921,MpCmdRun-13-421CFC91-A93E-42AB-A35C-F06F127FCC44.lock,0
318954,1790408625921,MpCmdRun.log,18250
318954,1790408625937,MpSigStub.log,105504
318954,1790408625937,msedge_installer.log,68015
318954,1790408625937,skin.zip,231625
318954,1790408625953,SYS32_Hardware.exe,32671232
319501,1790408626453,bb3a785178f443fda931098a5a9a306b.db.ses,53
319501,1790408626453,FXSAPIDebugLogFile.txt,0
319501,1790408626453,FXSTIFFDebugLogFile.txt,0
319501,1790408626468,MpCmdRun-13-421CFC91-A93E-42AB-A35C-F06F127FCC44.lock,0
319501,1790408626468,MpCmdRun.log,18250
319501,1790408626484,MpSigStub.log,105504
319501,1790408626484,msedge_installer.log,68015
319501,1790408626499,skin.zip,231625
319501,1790408626499,SYS32_Hardware.exe,32671232
320064,1790408627015,bb3a785178f443fda931098a5a9a306b.db.ses,53
320064,1790408627015,FXSAPIDebugLogFile.txt,0
320064,1790408627015,FXSTIFFDebugLogFile.txt,0
320064,1790408627031,MpCmdRun-13-421CFC91-A93E-42AB-A35C-F06F127FCC44.lock,0
320064,1790408627031,MpCmdRun.log,18250
320064,1790408627046,MpSigStub.log,105504
320064,1790408627046,msedge_installer.log,68015
320064,1790408627062,skin.zip,231625
320064,1790408627078,SYS32_Hardware.exe,32671232
320642,1790408627593,bb3a785178f443fda931098a5a9a306b.db.ses,53
320642,1790408627593,FXSAPIDebugLogFile.txt,0
320642,1790408627593,FXSTIFFDebugLogFile.txt,0
320642,1790408627609,MpCmdRun-13-421CFC91-A93E-42AB-A35C-F06F127FCC44.lock,0
320642,1790408627609,MpCmdRun.log,18250
320642,1790408627624,MpSigStub.log,105504
320642,1790408627624,msedge_installer.log,68015
320642,1790408627640,skin.zip,231625
320642,1790408627656,SYS32_Hardware.exe,32671232
321221,1790408628171,bb3a785178f443fda931098a5a9a306b.db.ses,53
321221,1790408628171,FXSAPIDebugLogFile.txt,0
321221,1790408628171,FXSTIFFDebugLogFile.txt,0
321221,1790408628187,MpCmdRun-13-421CFC91-A93E-42AB-A35C-F06F127FCC44.lock,0
321221,1790408628203,MpCmdRun.log,18250
321221,1790408628203,MpSigStub.log,105504
321221,1790408628218,msedge_installer.log,68015
321221,1790408628234,skin.zip,231625
321221,1790408628234,SYS32_Hardware.exe,32671232
321813,1790408628765,bb3a785178f443fda931098a5a9a306b.db.ses,53
321813,1790408628765,FXSAPIDebugLogFile.txt,0
321813,1790408628781,FXSTIFFDebugLogFile.txt,0
321813,1790408628781,MpCmdRun-13-421CFC91-A93E-42AB-A35C-F06F127FCC44.lock,0
321813,1790408628796,MpCmdRun.log,18250
321813,1790408628796,MpSigStub.log,105504
321813,1790408628796,msedge_installer.log,68015
321813,1790408628812,skin.zip,231625
321813,1790408628812,SYS32_Hardware.exe,32671232
322376,1790408629328,bb3a785178f443fda931098a5a9a306b.db.ses,53
322376,1790408629328,FXSAPIDebugLogFile.txt,0
322376,1790408629328,FXSTIFFDebugLogFile.txt,0
322376,1790408629343,MpCmdRun-13-421CFC91-A93E-42AB-A35C-F06F127FCC44.lock,0
322376,1790408629343,MpCmdRun.log,18250
322376,1790408629343,MpSigStub.log,105504
322376,1790408629359,msedge_installer.log,68015
322376,1790408629359,skin.zip,231625
322376,1790408629374,SYS32_Hardware.exe,32671232
322938,1790408629890,bb3a785178f443fda931098a5a9a306b.db.ses,53
322938,1790408629890,FXSAPIDebugLogFile.txt,0
322938,1790408629890,FXSTIFFDebugLogFile.txt,0
322938,1790408629906,MpCmdRun-13-421CFC91-A93E-42AB-A35C-F06F127FCC44.lock,0
322938,1790408629906,MpCmdRun.log,18250
322938,1790408629921,MpSigStub.log,105504
322938,1790408629921,msedge_installer.log,68015
322938,1790408629921,skin.zip,231625
322938,1790408629937,SYS32_Hardware.exe,32671232
323486,1790408630437,bb3a785178f443fda931098a5a9a306b.db.ses,53
323486,1790408630437,FXSAPIDebugLogFile.txt,0
323486,1790408630453,FXSTIFFDebugLogFile.txt,0
323486,1790408630453,MpCmdRun-13-421CFC91-A93E-42AB-A35C-F06F127FCC44.lock,0
323486,1790408630468,MpCmdRun.log,18250
323486,1790408630468,MpSigStub.log,105504
323486,1790408630484,msedge_installer.log,68015
323486,1790408630484,skin.zip,231625
323486,1790408630499,SYS32_Hardware.exe,32671232
324064,1790408631015,bb3a785178f443fda931098a5a9a306b.db.ses,53
324064,1790408631015,FXSAPIDebugLogFile.txt,0
324064,1790408631015,FXSTIFFDebugLogFile.txt,0
324064,1790408631031,MpCmdRun-13-421CFC91-A93E-42AB-A35C-F06F127FCC44.lock,0
324064,1790408631046,MpCmdRun.log,18250
324064,1790408631046,MpSigStub.log,105504
324064,1790408631062,msedge_installer.log,68015
324064,1790408631078,skin.zip,231625
324064,1790408631078,SYS32_Hardware.exe,32671232
324673,1790408631624,bb3a785178f443fda931098a5a9a306b.db.ses,53
324673,1790408631624,FXSAPIDebugLogFile.txt,0
324673,1790408631624,FXSTIFFDebugLogFile.txt,0
324673,1790408631640,MpCmdRun-13-421CFC91-A93E-42AB-A35C-F06F127FCC44.lock,0
324673,1790408631640,MpCmdRun.log,18250
324673,1790408631656,MpSigStub.log,105504
324673,1790408631656,msedge_installer.log,68015
324673,1790408631671,skin.zip,231625
324673,1790408631671,SYS32_Hardware.exe,32671232
325235,1790408632187,bb3a785178f443fda931098a5a9a306b.db.ses,53
325235,1790408632187,FXSAPIDebugLogFile.txt,0
325235,1790408632187,FXSTIFFDebugLogFile.txt,0
325235,1790408632203,MpCmdRun-13-421CFC91-A93E-42AB-A35C-F06F127FCC44.lock,0
325235,1790408632203,MpCmdRun.log,18250
325235,1790408632218,MpSigStub.log,105504
325235,1790408632234,msedge_installer.log,68015
325235,1790408632234,skin.zip,231625
325235,1790408632249,SYS32_Hardware.exe,32671232
325813,1790408632765,bb3a785178f443fda931098a5a9a306b.db.ses,53
325813,1790408632765,FXSAPIDebugLogFile.txt,0
325813,1790408632765,FXSTIFFDebugLogFile.txt,0
325813,1790408632781,MpCmdRun-13-421CFC91-A93E-42AB-A35C-F06F127FCC44.lock,0
325813,1790408632781,MpCmdRun.log,18250
325813,1790408632796,MpSigStub.log,105504
325813,1790408632796,msedge_installer.log,68015
325813,1790408632812,skin.zip,231625
325813,1790408632812,SYS32_Hardware.exe,32671232
326376,1790408633328,bb3a785178f443fda931098a5a9a306b.db.ses,53
326376,1790408633328,FXSAPIDebugLogFile.txt,0
326376,1790408633328,FXSTIFFDebugLogFile.txt,0
326376,1790408633343,MpCmdRun-13-421CFC91-A93E-42AB-A35C-F06F127FCC44.lock,0
326376,1790408633343,MpCmdRun.log,18250
326376,1790408633359,MpSigStub.log,105504
326376,1790408633359,msedge_installer.log,68015
326376,1790408633374,skin.zip,231625
326376,1790408633374,SYS32_Hardware.exe,32671232
326938,1790408633890,bb3a785178f443fda931098a5a9a306b.db.ses,53
326938,1790408633890,FXSAPIDebugLogFile.txt,0
326938,1790408633890,FXSTIFFDebugLogFile.txt,0
326938,1790408633906,MpCmdRun-13-421CFC91-A93E-42AB-A35C-F06F127FCC44.lock,0
326938,1790408633906,MpCmdRun.log,18250
326938,1790408633906,MpSigStub.log,105504
326938,1790408633921,msedge_installer.log,68015
326938,1790408633921,skin.zip,231625
326938,1790408633937,SYS32_Hardware.exe,32671232
327485,1790408634437,bb3a785178f443fda931098a5a9a306b.db.ses,53
327485,1790408634437,FXSAPIDebugLogFile.txt,0
327485,1790408634437,FXSTIFFDebugLogFile.txt,0
327485,1790408634453,MpCmdRun-13-421CFC91-A93E-42AB-A35C-F06F127FCC44.lock,0
327485,1790408634453,MpCmdRun.log,18250
327485,1790408634453,MpSigStub.log,105504
327485,1790408634468,msedge_installer.log,68015
327485,1790408634468,skin.zip,231625
327485,1790408634484,SYS32_Hardware.exe,32671232
328063,1790408635015,bb3a785178f443fda931098a5a9a306b.db.ses,53
328063,1790408635015,FXSAPIDebugLogFile.txt,0
328063,1790408635015,FXSTIFFDebugLogFile.txt,0
328063,1790408635031,MpCmdRun-13-421CFC91-A93E-42AB-A35C-F06F127FCC44.lock,0
328063,1790408635031,MpCmdRun.log,18250
328063,1790408635031,MpSigStub.log,105504
328063,1790408635046,msedge_installer.log,68015
328063,1790408635046,skin.zip,231625
328063,1790408635062,SYS32_Hardware.exe,32671232
328626,1790408635578,bb3a785178f443fda931098a5a9a306b.db.ses,53
328626,1790408635578,FXSAPIDebugLogFile.txt,0
328626,1790408635578,FXSTIFFDebugLogFile.txt,0
328626,1790408635578,MpCmdRun-13-421CFC91-A93E-42AB-A35C-F06F127FCC44.lock,0
328626,1790408635593,MpCmdRun.log,18250
328626,1790408635593,MpSigStub.log,105504
328626,1790408635609,msedge_installer.log,68015
328626,1790408635609,skin.zip,231625
328626,1790408635609,SYS32_Hardware.exe,32671232
329173,1790408636124,bb3a785178f443fda931098a5a9a306b.db.ses,53
329173,1790408636124,FXSAPIDebugLogFile.txt,0
329173,1790408636124,FXSTIFFDebugLogFile.txt,0
329173,1790408636140,MpCmdRun-13-421CFC91-A93E-42AB-A35C-F06F127FCC44.lock,0
329173,1790408636140,MpCmdRun.log,18250
329173,1790408636156,MpSigStub.log,105504
329173,1790408636156,msedge_installer.log,68015
329173,1790408636171,skin.zip,231625
329173,1790408636171,SYS32_Hardware.exe,32671232
329735,1790408636687,bb3a785178f443fda931098a5a9a306b.db.ses,53
329735,1790408636687,FXSAPIDebugLogFile.txt,0
329735,1790408636687,FXSTIFFDebugLogFile.txt,0
329735,1790408636703,MpCmdRun-13-421CFC91-A93E-42AB-A35C-F06F127FCC44.lock,0
329735,1790408636703,MpCmdRun.log,18250
329735,1790408636718,MpSigStub.log,105504
329735,1790408636718,msedge_installer.log,68015
329735,1790408636718,skin.zip,231625
329735,1790408636734,SYS32_Hardware.exe,32671232
330282,1790408637234,bb3a785178f443fda931098a5a9a306b.db.ses,53
330282,1790408637234,FXSAPIDebugLogFile.txt,0
330282,1790408637234,FXSTIFFDebugLogFile.txt,0
330282,1790408637249,MpCmdRun-13-421CFC91-A93E-42AB-A35C-F06F127FCC44.lock,0
330282,1790408637249,MpCmdRun.log,18250
330282,1790408637249,MpSigStub.log,105504
330282,1790408637265,msedge_installer.log,68015
330282,1790408637265,skin.zip,231625
330282,1790408637281,SYS32_Hardware.exe,32671232
330860,1790408637812,bb3a785178f443fda931098a5a9a306b.db.ses,53
330860,1790408637812,FXSAPIDebugLogFile.txt,0
330860,1790408637812,FXSTIFFDebugLogFile.txt,0
330860,1790408637828,MpCmdRun-13-421CFC91-A93E-42AB-A35C-F06F127FCC44.lock,0
330860,1790408637828,MpCmdRun.log,18250
330860,1790408637828,MpSigStub.log,105504
330860,1790408637843,msedge_installer.log,68015
330860,1790408637843,skin.zip,231625
330860,1790408637859,SYS32_Hardware.exe,32671232
331407,1790408638359,bb3a785178f443fda931098a5a9a306b.db.ses,53
331407,1790408638359,FXSAPIDebugLogFile.txt,0
331407,1790408638359,FXSTIFFDebugLogFile.txt,0
331407,1790408638374,MpCmdRun-13-421CFC91-A93E-42AB-A35C-F06F127FCC44.lock,0
331407,1790408638374,MpCmdRun.log,18250
331407,1790408638374,MpSigStub.log,105504
331407,1790408638390,msedge_installer.log,68015
331407,1790408638390,skin.zip,231625
331407,1790408638406,SYS32_Hardware.exe,32671232
331954,1790408638906,bb3a785178f443fda931098a5a9a306b.db.ses,53
331954,1790408638906,FXSAPIDebugLogFile.txt,0
331954,1790408638906,FXSTIFFDebugLogFile.txt,0
331954,1790408638906,MpCmdRun-13-421CFC91-A93E-42AB-A35C-F06F127FCC44.lock,0
331954,1790408638921,MpCmdRun.log,18250
331954,1790408638921,MpSigStub.log,105504
331954,1790408638937,msedge_installer.log,68015
331954,1790408638937,skin.zip,231625
331954,1790408638937,SYS32_Hardware.exe,32671232
332501,1790408639453,bb3a785178f443fda931098a5a9a306b.db.ses,53
332501,1790408639453,FXSAPIDebugLogFile.txt,0
332501,1790408639453,FXSTIFFDebugLogFile.txt,0
332501,1790408639453,MpCmdRun-13-421CFC91-A93E-42AB-A35C-F06F127FCC44.lock,0
332501,1790408639468,MpCmdRun.log,18250
332501,1790408639468,MpSigStub.log,105504
332501,1790408639484,msedge_installer.log,68015
332501,1790408639484,skin.zip,231625
332501,1790408639484,SYS32_Hardware.exe,32671232
333064,1790408640015,bb3a785178f443fda931098a5a9a306b.db.ses,53
333064,1790408640015,FXSAPIDebugLogFile.txt,0
333064,1790408640015,FXSTIFFDebugLogFile.txt,0
333064,1790408640031,MpCmdRun-13-421CFC91-A93E-42AB-A35C-F06F127FCC44.lock,0
333064,1790408640031,MpCmdRun.log,18250
333064,1790408640046,MpSigStub.log,105504
333064,1790408640046,msedge_installer.log,68015
333064,1790408640046,skin.zip,231625
333064,1790408640062,SYS32_Hardware.exe,32671232
333610,1790408640562,bb3a785178f443fda931098a5a9a306b.db.ses,53
333610,1790408640562,FXSAPIDebugLogFile.txt,0
333610,1790408640562,FXSTIFFDebugLogFile.txt,0
333610,1790408640562,MpCmdRun-13-421CFC91-A93E-42AB-A35C-F06F127FCC44.lock,0
333610,1790408640578,MpCmdRun.log,18250
333610,1790408640578,MpSigStub.log,105504
333610,1790408640593,msedge_installer.log,68015
333610,1790408640593,skin.zip,231625
333610,1790408640593,SYS32_Hardware.exe,32671232
334157,1790408641109,bb3a785178f443fda931098a5a9a306b.db.ses,53
334157,1790408641109,FXSAPIDebugLogFile.txt,0
334157,1790408641109,FXSTIFFDebugLogFile.txt,0
334157,1790408641124,MpCmdRun-13-421CFC91-A93E-42AB-A35C-F06F127FCC44.lock,0
334157,1790408641140,MpCmdRun.log,18250
334157,1790408641140,MpSigStub.log,105504
334157,1790408641156,msedge_installer.log,68015
334157,1790408641156,skin.zip,231625
334157,1790408641171,SYS32_Hardware.exe,32671232
334767,1790408641718,bb3a785178f443fda931098a5a9a306b.db.ses,53
334767,1790408641718,FXSAPIDebugLogFile.txt,0
334767,1790408641718,FXSTIFFDebugLogFile.txt,0
334767,1790408641734,MpCmdRun-13-421CFC91-A93E-42AB-A35C-F06F127FCC44.lock,0
334767,1790408641734,MpCmdRun.log,18250
334767,1790408641734,MpSigStub.log,105504
334767,1790408641749,msedge_installer.log,68015
334767,1790408641749,skin.zip,231625
334767,1790408641765,SYS32_Hardware.exe,32671232
335313,1790408642265,bb3a785178f443fda931098a5a9a306b.db.ses,53
335313,1790408642265,FXSAPIDebugLogFile.txt,0
335313,1790408642265,FXSTIFFDebugLogFile.txt,0
335313,1790408642265,MpCmdRun-13-421CFC91-A93E-42AB-A35C-F06F127FCC44.lock,0
335313,1790408642281,MpCmdRun.log,18250
335313,1790408642281,MpSigStub.log,105504
335313,1790408642296,msedge_installer.log,68015
335313,1790408642296,skin.zip,231625
335313,1790408642312,SYS32_Hardware.exe,32671232
335860,1790408642812,bb3a785178f443fda931098a5a9a306b.db.ses,53
335860,1790408642812,FXSAPIDebugLogFile.txt,0
335860,1790408642812,FXSTIFFDebugLogFile.txt,0
335860,1790408642828,MpCmdRun-13-421CFC91-A93E-42AB-A35C-F06F127FCC44.lock,0
335860,1790408642828,MpCmdRun.log,18250
335860,1790408642843,MpSigStub.log,105504
335860,1790408642843,msedge_installer.log,68015
335860,1790408642843,skin.zip,231625
335860,1790408642859,SYS32_Hardware.exe,32671232
336407,1790408643359,bb3a785178f443fda931098a5a9a306b.db.ses,53
336407,1790408643359,FXSAPIDebugLogFile.txt,0
336407,1790408643359,FXSTIFFDebugLogFile.txt,0
336407,1790408643374,MpCmdRun-13-421CFC91-A93E-42AB-A35C-F06F127FCC44.lock,0
336407,1790408643374,MpCmdRun.log,18250
336407,1790408643374,MpSigStub.log,105504
336407,1790408643390,msedge_installer.log,68015
336407,1790408643390,skin.zip,231625
336407,1790408643390,SYS32_Hardware.exe,32671232
336954,1790408643906,bb3a785178f443fda931098a5a9a306b.db.ses,53
336954,1790408643906,FXSAPIDebugLogFile.txt,0
336954,1790408643906,FXSTIFFDebugLogFile.txt,0
336954,1790408643921,MpCmdRun-13-421CFC91-A93E-42AB-A35C-F06F127FCC44.lock,0
336954,1790408643921,MpCmdRun.log,18250
336954,1790408643921,MpSigStub.log,105504
336954,1790408643937,msedge_installer.log,68015
336954,1790408643937,skin.zip,231625
336954,1790408643953,SYS32_Hardware.exe,32671232
337501,1790408644453,bb3a785178f443fda931098a5a9a306b.db.ses,53
337501,1790408644453,FXSAPIDebugLogFile.txt,0
337501,1790408644453,FXSTIFFDebugLogFile.txt,0
337501,1790408644468,MpCmdRun-13-421CFC91-A93E-42AB-A35C-F06F127FCC44.lock,0
337501,1790408644468,MpCmdRun.log,18250
337501,1790408644468,MpSigStub.log,105504
337501,1790408644484,msedge_installer.log,68015
337501,1790408644484,skin.zip,231625
337501,1790408644499,SYS32_Hardware.exe,32671232
338048,1790408644999,bb3a785178f443fda931098a5a9a306b.db.ses,53
338048,1790408644999,FXSAPIDebugLogFile.txt,0
338048,1790408644999,FXSTIFFDebugLogFile.txt,0
338048,1790408645015,MpCmdRun-13-421CFC91-A93E-42AB-A35C-F06F127FCC44.lock,0
338048,1790408645015,MpCmdRun.log,18250
338048,1790408645031,MpSigStub.log,105504
338048,1790408645031,msedge_installer.log,68015
338048,1790408645031,skin.zip,231625
338048,1790408645046,SYS32_Hardware.exe,32671232
338610,1790408645562,bb3a785178f443fda931098a5a9a306b.db.ses,53
338610,1790408645562,FXSAPIDebugLogFile.txt,0
338610,1790408645562,FXSTIFFDebugLogFile.txt,0
338610,1790408645578,MpCmdRun-13-421CFC91-A93E-42AB-A35C-F06F127FCC44.lock,0
338610,1790408645578,MpCmdRun.log,18250
338610,1790408645578,MpSigStub.log,105504
338610,1790408645593,msedge_installer.log,68015
338610,1790408645593,skin.zip,231625
338610,1790408645609,SYS32_Hardware.exe,32671232
339157,1790408646109,bb3a785178f443fda931098a5a9a306b.db.ses,53
339157,1790408646109,FXSAPIDebugLogFile.txt,0
339157,1790408646109,FXSTIFFDebugLogFile.txt,0
339157,1790408646109,MpCmdRun-13-421CFC91-A93E-42AB-A35C-F06F127FCC44.lock,0
339157,1790408646124,MpCmdRun.log,18250
339157,1790408646124,MpSigStub.log,105504
339157,1790408646140,msedge_installer.log,68015
339157,1790408646140,skin.zip,231625
339157,1790408646156,SYS32_Hardware.exe,32671232
339704,1790408646656,bb3a785178f443fda931098a5a9a306b.db.ses,53
339704,1790408646656,FXSAPIDebugLogFile.txt,0
339704,1790408646656,FXSTIFFDebugLogFile.txt,0
339704,1790408646671,MpCmdRun-13-421CFC91-A93E-42AB-A35C-F06F127FCC44.lock,0
339704,1790408646671,MpCmdRun.log,18250
339704,1790408646671,MpSigStub.log,105504
339704,1790408646687,msedge_installer.log,68015
339704,1790408646687,skin.zip,231625
339704,1790408646703,SYS32_Hardware.exe,32671232
340251,1790408647203,bb3a785178f443fda931098a5a9a306b.db.ses,53
340251,1790408647203,FXSAPIDebugLogFile.txt,0
340251,1790408647203,FXSTIFFDebugLogFile.txt,0
340251,1790408647218,MpCmdRun-13-421CFC91-A93E-42AB-A35C-F06F127FCC44.lock,0
340251,1790408647218,MpCmdRun.log,18250
340251,1790408647234,MpSigStub.log,105504
340251,1790408647234,msedge_installer.log,68015
340251,1790408647234,skin.zip,231625
340251,1790408647249,SYS32_Hardware.exe,32671232
340830,1790408647781,bb3a785178f443fda931098a5a9a306b.db.ses,53
340830,1790408647781,FXSAPIDebugLogFile.txt,0
340830,1790408647796,FXSTIFFDebugLogFile.txt,0
340830,1790408647812,MpCmdRun-13-421CFC91-A93E-42AB-A35C-F06F127FCC44.lock,0
340830,1790408647828,MpCmdRun.log,18250
340830,1790408647843,MpSigStub.log,105504
340830,1790408647859,msedge_installer.log,68015
340830,1790408647874,skin.zip,231625
340830,1790408647874,SYS32_Hardware.exe,32671232
341438,1790408648390,bb3a785178f443fda931098a5a9a306b.db.ses,53
341438,1790408648390,FXSAPIDebugLogFile.txt,0
341438,1790408648390,FXSTIFFDebugLogFile.txt,0
341438,1790408648406,MpCmdRun-13-421CFC91-A93E-42AB-A35C-F06F127FCC44.lock,0
341438,1790408648406,MpCmdRun.log,18250
341438,1790408648406,MpSigStub.log,105504
341438,1790408648421,msedge_installer.log,68015
341438,1790408648421,skin.zip,231625
341438,1790408648437,SYS32_Hardware.exe,32671232
341985,1790408648937,bb3a785178f443fda931098a5a9a306b.db.ses,53
341985,1790408648937,FXSAPIDebugLogFile.txt,0
341985,1790408648937,FXSTIFFDebugLogFile.txt,0
341985,1790408648953,MpCmdRun-13-421CFC91-A93E-42AB-A35C-F06F127FCC44.lock,0
341985,1790408648953,MpCmdRun.log,18250
341985,1790408648968,MpSigStub.log,105504
341985,1790408648968,msedge_installer.log,68015
341985,1790408648984,skin.zip,231625
341985,1790408648984,SYS32_Hardware.exe,32671232
342563,1790408649515,bb3a785178f443fda931098a5a9a306b.db.ses,53
342563,1790408649515,FXSAPIDebugLogFile.txt,0
342563,1790408649515,FXSTIFFDebugLogFile.txt,0
342563,1790408649531,MpCmdRun-13-421CFC91-A93E-42AB-A35C-F06F127FCC44.lock,0
342563,1790408649531,MpCmdRun.log,18250
342563,1790408649546,MpSigStub.log,105504
342563,1790408649546,msedge_installer.log,68015
342563,1790408649546,skin.zip,231625
342563,1790408649562,SYS32_Hardware.exe,32671232
343110,1790408650062,bb3a785178f443fda931098a5a9a306b.db.ses,53
343110,1790408650062,FXSAPIDebugLogFile.txt,0
343110,1790408650062,FXSTIFFDebugLogFile.txt,0
343110,1790408650062,MpCmdRun-13-421CFC91-A93E-42AB-A35C-F06F127FCC44.lock,0
343110,1790408650078,MpCmdRun.log,18250
343110,1790408650078,MpSigStub.log,105504
343110,1790408650078,msedge_installer.log,68015
343110,1790408650093,skin.zip,231625
343110,1790408650093,SYS32_Hardware.exe,32671232
343657,1790408650609,bb3a785178f443fda931098a5a9a306b.db.ses,53
343657,1790408650609,FXSAPIDebugLogFile.txt,0
343657,1790408650609,FXSTIFFDebugLogFile.txt,0
343657,1790408650624,MpCmdRun-13-421CFC91-A93E-42AB-A35C-F06F127FCC44.lock,0
343657,1790408650640,MpCmdRun.log,18250
343657,1790408650640,MpSigStub.log,105504
343657,1790408650640,msedge_installer.log,68015
343657,1790408650656,skin.zip,231625
343657,1790408650656,SYS32_Hardware.exe,32671232
344220,1790408651171,bb3a785178f443fda931098a5a9a306b.db.ses,53
344220,1790408651171,FXSAPIDebugLogFile.txt,0
344220,1790408651171,FXSTIFFDebugLogFile.txt,0
344220,1790408651187,MpCmdRun-13-421CFC91-A93E-42AB-A35C-F06F127FCC44.lock,0
344220,1790408651187,MpCmdRun.log,18250
344220,1790408651187,MpSigStub.log,105504
344220,1790408651203,msedge_installer.log,68015
344220,1790408651203,skin.zip,231625
344220,1790408651218,SYS32_Hardware.exe,32671232
344782,1790408651734,bb3a785178f443fda931098a5a9a306b.db.ses,53
344782,1790408651734,FXSAPIDebugLogFile.txt,0
344782,1790408651734,FXSTIFFDebugLogFile.txt,0
344782,1790408651749,MpCmdRun-13-421CFC91-A93E-42AB-A35C-F06F127FCC44.lock,0
344782,1790408651749,MpCmdRun.log,18250
344782,1790408651749,MpSigStub.log,105504
344782,1790408651765,msedge_installer.log,68015
344782,1790408651765,skin.zip,231625
344782,1790408651781,SYS32_Hardware.exe,32671232
345329,1790408652281,bb3a785178f443fda931098a5a9a306b.db.ses,53
345329,1790408652281,FXSAPIDebugLogFile.txt,0
345329,1790408652281,FXSTIFFDebugLogFile.txt,0
345329,1790408652296,MpCmdRun-13-421CFC91-A93E-42AB-A35C-F06F127FCC44.lock,0
345329,1790408652296,MpCmdRun.log,18250
345329,1790408652312,MpSigStub.log,105504
345329,1790408652312,msedge_installer.log,68015
345329,1790408652312,skin.zip,231625
345329,1790408652328,SYS32_Hardware.exe,32671232
345876,1790408652828,bb3a785178f443fda931098a5a9a306b.db.ses,53
345876,1790408652828,FXSAPIDebugLogFile.txt,0
345876,1790408652828,FXSTIFFDebugLogFile.txt,0
345876,1790408652843,MpCmdRun-13-421CFC91-A93E-42AB-A35C-F06F127FCC44.lock,0
345876,1790408652843,MpCmdRun.log,18250
345876,1790408652843,MpSigStub.log,105504
345876,1790408652859,msedge_installer.log,68015
345876,1790408652859,skin.zip,231625
345876,1790408652874,SYS32_Hardware.exe,32671232
346423,1790408653374,bb3a785178f443fda931098a5a9a306b.db.ses,53
346423,1790408653374,FXSAPIDebugLogFile.txt,0
346423,1790408653374,FXSTIFFDebugLogFile.txt,0
346423,1790408653390,MpCmdRun-13-421CFC91-A93E-42AB-A35C-F06F127FCC44.lock,0
346423,1790408653390,MpCmdRun.log,18250
346423,1790408653390,MpSigStub.log,105504
346423,1790408653406,msedge_installer.log,68015
346423,1790408653421,skin.zip,231625
346423,1790408653421,SYS32_Hardware.exe,32671232
347001,1790408653953,bb3a785178f443fda931098a5a9a306b.db.ses,53
347001,1790408653953,FXSAPIDebugLogFile.txt,0
347001,1790408653953,FXSTIFFDebugLogFile.txt,0
347001,1790408653968,MpCmdRun-13-421CFC91-A93E-42AB-A35C-F06F127FCC44.lock,0
347001,1790408653968,MpCmdRun.log,18250
347001,1790408653984,MpSigStub.log,105504
347001,1790408653984,msedge_installer.log,68015
347001,1790408653999,skin.zip,231625
347001,1790408653999,SYS32_Hardware.exe,32671232
347563,1790408654515,bb3a785178f443fda931098a5a9a306b.db.ses,53
347563,1790408654515,FXSAPIDebugLogFile.txt,0
347563,1790408654515,FXSTIFFDebugLogFile.txt,0
347563,1790408654531,MpCmdRun-13-421CFC91-A93E-42AB-A35C-F06F127FCC44.lock,0
347563,1790408654531,MpCmdRun.log,18250
347563,1790408654546,MpSigStub.log,105504
347563,1790408654546,msedge_installer.log,68015
347563,1790408654562,skin.zip,231625
347563,1790408654562,SYS32_Hardware.exe,32671232
348110,1790408655062,bb3a785178f443fda931098a5a9a306b.db.ses,53
348110,1790408655062,FXSAPIDebugLogFile.txt,0
348110,1790408655062,FXSTIFFDebugLogFile.txt,0
348110,1790408655062,MpCmdRun-13-421CFC91-A93E-42AB-A35C-F06F127FCC44.lock,0
348110,1790408655078,MpCmdRun.log,18250
348110,1790408655078,MpSigStub.log,105504
348110,1790408655093,msedge_installer.log,68015
348110,1790408655093,skin.zip,231625
348110,1790408655093,SYS32_Hardware.exe,32671232
348688,1790408655640,bb3a785178f443fda931098a5a9a306b.db.ses,53
348688,1790408655640,FXSAPIDebugLogFile.txt,0
348688,1790408655640,FXSTIFFDebugLogFile.txt,0
348688,1790408655656,MpCmdRun-13-421CFC91-A93E-42AB-A35C-F06F127FCC44.lock,0
348688,1790408655656,MpCmdRun.log,18250
348688,1790408655656,MpSigStub.log,105504
348688,1790408655671,msedge_installer.log,68015
348688,1790408655671,skin.zip,231625
348688,1790408655687,SYS32_Hardware.exe,32671232
349251,1790408656203,bb3a785178f443fda931098a5a9a306b.db.ses,53
349251,1790408656203,FXSAPIDebugLogFile.txt,0
349251,1790408656203,FXSTIFFDebugLogFile.txt,0
349251,1790408656218,MpCmdRun-13-421CFC91-A93E-42AB-A35C-F06F127FCC44.lock,0
349251,1790408656218,MpCmdRun.log,18250
349251,1790408656234,MpSigStub.log,105504
349251,1790408656234,msedge_installer.log,68015
349251,1790408656234,skin.zip,231625
349251,1790408656249,SYS32_Hardware.exe,32671232
349798,1790408656749,bb3a785178f443fda931098a5a9a306b.db.ses,53
349798,1790408656749,FXSAPIDebugLogFile.txt,0
349798,1790408656749,FXSTIFFDebugLogFile.txt,0
349798,1790408656765,MpCmdRun-13-421CFC91-A93E-42AB-A35C-F06F127FCC44.lock,0
349798,1790408656765,MpCmdRun.log,18250
349798,1790408656765,MpSigStub.log,105504
349798,1790408656781,msedge_installer.log,68015
349798,1790408656781,skin.zip,231625
349798,1790408656781,SYS32_Hardware.exe,32671232
350345,1790408657296,bb3a785178f443fda931098a5a9a306b.db.ses,53
350345,1790408657296,FXSAPIDebugLogFile.txt,0
350345,1790408657296,FXSTIFFDebugLogFile.txt,0
350345,1790408657312,MpCmdRun-13-421CFC91-A93E-42AB-A35C-F06F127FCC44.lock,0
350345,1790408657328,MpCmdRun.log,18250
350345,1790408657328,MpSigStub.log,105504
350345,1790408657343,msedge_installer.log,68015
350345,1790408657359,skin.zip,231625
350345,1790408657374,SYS32_Hardware.exe,32671232
350939,1790408657890,bb3a785178f443fda931098a5a9a306b.db.ses,53
350939,1790408657890,FXSAPIDebugLogFile.txt,0
350939,1790408657906,FXSTIFFDebugLogFile.txt,0
350939,1790408657906,MpCmdRun-13-421CFC91-A93E-42AB-A35C-F06F127FCC44.lock,0
350939,1790408657921,MpCmdRun.log,18250
350939,1790408657921,MpSigStub.log,105504
350939,1790408657937,msedge_installer.log,68015
350939,1790408657953,skin.zip,231625
350939,1790408657953,SYS32_Hardware.exe,32671232
351532,1790408658484,bb3a785178f443fda931098a5a9a306b.db.ses,53
351532,1790408658484,FXSAPIDebugLogFile.txt,0
351532,1790408658499,FXSTIFFDebugLogFile.txt,0
351532,1790408658515,MpCmdRun-13-421CFC91-A93E-42AB-A35C-F06F127FCC44.lock,0
351532,1790408658531,MpCmdRun.log,18250
351532,1790408658546,MpSigStub.log,105504
351532,1790408658562,msedge_installer.log,68015
351532,1790408658578,skin.zip,231625
351532,1790408658593,SYS32_Hardware.exe,32671232
352189,1790408659140,bb3a785178f443fda931098a5a9a306b.db.ses,53
352189,1790408659140,FXSAPIDebugLogFile.txt,0
352189,1790408659140,FXSTIFFDebugLogFile.txt,0
352189,1790408659156,MpCmdRun-13-421CFC91-A93E-42AB-A35C-F06F127FCC44.lock,0
352189,1790408659171,MpCmdRun.log,18250
352189,1790408659171,MpSigStub.log,105504
352189,1790408659187,msedge_installer.log,68015
352189,1790408659203,skin.zip,231625
352189,1790408659203,SYS32_Hardware.exe,32671232
352782,1790408659734,bb3a785178f443fda931098a5a9a306b.db.ses,53
352782,1790408659734,FXSAPIDebugLogFile.txt,0
352782,1790408659734,FXSTIFFDebugLogFile.txt,0
352782,1790408659749,MpCmdRun-13-421CFC91-A93E-42AB-A35C-F06F127FCC44.lock,0
352782,1790408659749,MpCmdRun.log,18250
352782,1790408659765,MpSigStub.log,105504
352782,1790408659765,msedge_installer.log,68015
352782,1790408659781,skin.zip,231625
352782,1790408659781,SYS32_Hardware.exe,32671232
353329,1790408660281,bb3a785178f443fda931098a5a9a306b.db.ses,53
353329,1790408660281,FXSAPIDebugLogFile.txt,0
353329,1790408660281,FXSTIFFDebugLogFile.txt,0
353329,1790408660296,MpCmdRun-13-421CFC91-A93E-42AB-A35C-F06F127FCC44.lock,0
353329,1790408660296,MpCmdRun.log,18250
353329,1790408660296,MpSigStub.log,105504
353329,1790408660312,msedge_installer.log,68015
353329,1790408660312,skin.zip,231625
353329,1790408660328,SYS32_Hardware.exe,32671232
353876,1790408660828,bb3a785178f443fda931098a5a9a306b.db.ses,53
353876,1790408660828,FXSAPIDebugLogFile.txt,0
353876,1790408660828,FXSTIFFDebugLogFile.txt,0
353876,1790408660843,MpCmdRun-13-421CFC91-A93E-42AB-A35C-F06F127FCC44.lock,0
353876,1790408660843,MpCmdRun.log,18250
353876,1790408660843,MpSigStub.log,105504
353876,1790408660859,msedge_installer.log,68015
353876,1790408660859,skin.zip,231625
353876,1790408660874,SYS32_Hardware.exe,32671232
354438,1790408661390,bb3a785178f443fda931098a5a9a306b.db.ses,53
354438,1790408661390,FXSAPIDebugLogFile.txt,0
354438,1790408661390,FXSTIFFDebugLogFile.txt,0
354438,1790408661390,MpCmdRun-13-421CFC91-A93E-42AB-A35C-F06F127FCC44.lock,0
354438,1790408661406,MpCmdRun.log,18250
354438,1790408661406,MpSigStub.log,105504
354438,1790408661421,msedge_installer.log,68015
354438,1790408661421,skin.zip,231625
354438,1790408661437,SYS32_Hardware.exe,32671232
355001,1790408661953,bb3a785178f443fda931098a5a9a306b.db.ses,53
355001,1790408661953,FXSAPIDebugLogFile.txt,0
355001,1790408661953,FXSTIFFDebugLogFile.txt,0
355001,1790408661953,MpCmdRun-13-421CFC91-A93E-42AB-A35C-F06F127FCC44.lock,0
355001,1790408661968,MpCmdRun.log,18250
355001,1790408661968,MpSigStub.log,105504
355001,1790408661968,msedge_installer.log,68015
355001,1790408661984,skin.zip,231625
355001,1790408661984,SYS32_Hardware.exe,32671232
355548,1790408662499,bb3a785178f443fda931098a5a9a306b.db.ses,53
355548,1790408662499,FXSAPIDebugLogFile.txt,0
355548,1790408662499,FXSTIFFDebugLogFile.txt,0
355548,1790408662515,MpCmdRun-13-421CFC91-A93E-42AB-A35C-F06F127FCC44.lock,0
355548,1790408662515,MpCmdRun.log,18250
355548,1790408662531,MpSigStub.log,105504
355548,1790408662531,msedge_installer.log,68015
355548,1790408662531,skin.zip,231625
355548,1790408662546,SYS32_Hardware.exe,32671232
356095,1790408663046,bb3a785178f443fda931098a5a9a306b.db.ses,53
356095,1790408663046,FXSAPIDebugLogFile.txt,0
356095,1790408663046,FXSTIFFDebugLogFile.txt,0
356095,1790408663062,MpCmdRun-13-421CFC91-A93E-42AB-A35C-F06F127FCC44.lock,0
356095,1790408663062,MpCmdRun.log,18250
356095,1790408663062,MpSigStub.log,105504
356095,1790408663078,msedge_installer.log,68015
356095,1790408663078,skin.zip,231625
356095,1790408663093,SYS32_Hardware.exe,32671232
356673,1790408663625,bb3a785178f443fda931098a5a9a306b.db.ses,53
356673,1790408663625,FXSAPIDebugLogFile.txt,0
356673,1790408663625,FXSTIFFDebugLogFile.txt,0
356673,1790408663640,MpCmdRun-13-421CFC91-A93E-42AB-A35C-F06F127FCC44.lock,0
356673,1790408663640,MpCmdRun.log,18250
356673,1790408663656,MpSigStub.log,105504
356673,1790408663656,msedge_installer.log,68015
356673,1790408663656,skin.zip,231625
356673,1790408663671,SYS32_Hardware.exe,32671232
357235,1790408664187,bb3a785178f443fda931098a5a9a306b.db.ses,53
357235,1790408664187,FXSAPIDebugLogFile.txt,0
357235,1790408664203,FXSTIFFDebugLogFile.txt,0
357235,1790408664203,MpCmdRun-13-421CFC91-A93E-42AB-A35C-F06F127FCC44.lock,0
357235,1790408664218,MpCmdRun.log,18250
357235,1790408664218,MpSigStub.log,105504
357235,1790408664234,msedge_installer.log,68015
357235,1790408664234,skin.zip,231625
357235,1790408664249,SYS32_Hardware.exe,32671232
357798,1790408664749,bb3a785178f443fda931098a5a9a306b.db.ses,53
357798,1790408664749,FXSAPIDebugLogFile.txt,0
357798,1790408664749,FXSTIFFDebugLogFile.txt,0
357798,1790408664765,MpCmdRun-13-421CFC91-A93E-42AB-A35C-F06F127FCC44.lock,0
357798,1790408664765,MpCmdRun.log,18250
357798,1790408664765,MpSigStub.log,105504
357798,1790408664781,msedge_installer.log,68015
357798,1790408664781,skin.zip,231625
357798,1790408664796,SYS32_Hardware.exe,32671232
358345,1790408665296,bb3a785178f443fda931098a5a9a306b.db.ses,53
358345,1790408665296,FXSAPIDebugLogFile.txt,0
358345,1790408665296,FXSTIFFDebugLogFile.txt,0
358345,1790408665312,MpCmdRun-13-421CFC91-A93E-42AB-A35C-F06F127FCC44.lock,0
358345,1790408665312,MpCmdRun.log,18250
358345,1790408665328,MpSigStub.log,105504
358345,1790408665328,msedge_installer.log,68015
358345,1790408665328,skin.zip,231625
358345,1790408665343,SYS32_Hardware.exe,32671232
358907,1790408665859,bb3a785178f443fda931098a5a9a306b.db.ses,53
358907,1790408665859,FXSAPIDebugLogFile.txt,0
358907,1790408665859,FXSTIFFDebugLogFile.txt,0
358907,1790408665874,MpCmdRun-13-421CFC91-A93E-42AB-A35C-F06F127FCC44.lock,0
358907,1790408665890,MpCmdRun.log,18250
358907,1790408665906,MpSigStub.log,105504
358907,1790408665906,msedge_installer.log,68015
358907,1790408665921,skin.zip,231625
358907,1790408665921,SYS32_Hardware.exe,32671232
359485,1790408666437,bb3a785178f443fda931098a5a9a306b.db.ses,53
359485,1790408666437,FXSAPIDebugLogFile.txt,0
359485,1790408666437,FXSTIFFDebugLogFile.txt,0
359485,1790408666453,MpCmdRun-13-421CFC91-A93E-42AB-A35C-F06F127FCC44.lock,0
359485,1790408666453,MpCmdRun.log,18250
359485,1790408666453,MpSigStub.log,105504
359485,1790408666468,msedge_installer.log,68015
359485,1790408666468,skin.zip,231625
359485,1790408666484,SYS32_Hardware.exe,32671232
360032,1790408666984,bb3a785178f443fda931098a5a9a306b.db.ses,53
360032,1790408666984,FXSAPIDebugLogFile.txt,0
360032,1790408666999,FXSTIFFDebugLogFile.txt,0
360032,1790408666999,MpCmdRun-13-421CFC91-A93E-42AB-A35C-F06F127FCC44.lock,0
360032,1790408667015,MpCmdRun.log,18250
360032,1790408667031,MpSigStub.log,105504
360032,1790408667031,msedge_installer.log,68015
360032,1790408667046,skin.zip,231625
360032,1790408667062,SYS32_Hardware.exe,32671232
360657,1790408667609,bb3a785178f443fda931098a5a9a306b.db.ses,53
360657,1790408667609,FXSAPIDebugLogFile.txt,0
360657,1790408667624,FXSTIFFDebugLogFile.txt,0
360657,1790408667656,MpCmdRun-13-421CFC91-A93E-42AB-A35C-F06F127FCC44.lock,0
360657,1790408667656,MpCmdRun.log,18250
360657,1790408667671,MpSigStub.log,105504
360657,1790408667671,msedge_installer.log,68015
360657,1790408667687,skin.zip,231625
360657,1790408667703,SYS32_Hardware.exe,32671232
361267,1790408668218,bb3a785178f443fda931098a5a9a306b.db.ses,53
361267,1790408668218,FXSAPIDebugLogFile.txt,0
361267,1790408668218,FXSTIFFDebugLogFile.txt,0
361267,1790408668234,MpCmdRun-13-421CFC91-A93E-42AB-A35C-F06F127FCC44.lock,0
361267,1790408668234,MpCmdRun.log,18250
361267,1790408668249,MpSigStub.log,105504
361267,1790408668265,msedge_installer.log,68015
361267,1790408668281,skin.zip,231625
361267,1790408668296,SYS32_Hardware.exe,32671232
361860,1790408668812,bb3a785178f443fda931098a5a9a306b.db.ses,53
361860,1790408668812,FXSAPIDebugLogFile.txt,0
361860,1790408668812,FXSTIFFDebugLogFile.txt,0
361860,1790408668812,MpCmdRun-13-421CFC91-A93E-42AB-A35C-F06F127FCC44.lock,0
361860,1790408668828,MpCmdRun.log,18250
361860,1790408668828,MpSigStub.log,105504
361860,1790408668843,msedge_installer.log,68015
361860,1790408668843,skin.zip,231625
361860,1790408668859,SYS32_Hardware.exe,32671232
362423,1790408669374,bb3a785178f443fda931098a5a9a306b.db.ses,53
362423,1790408669374,FXSAPIDebugLogFile.txt,0
362423,1790408669374,FXSTIFFDebugLogFile.txt,0
362423,1790408669374,MpCmdRun-13-421CFC91-A93E-42AB-A35C-F06F127FCC44.lock,0
362423,1790408669390,MpCmdRun.log,18250
362423,1790408669390,MpSigStub.log,105504
362423,1790408669406,msedge_installer.log,68015
362423,1790408669406,skin.zip,231625
362423,1790408669406,SYS32_Hardware.exe,32671232
362985,1790408669937,bb3a785178f443fda931098a5a9a306b.db.ses,53
362985,1790408669937,FXSAPIDebugLogFile.txt,0
362985,1790408669937,FXSTIFFDebugLogFile.txt,0
362985,1790408669953,MpCmdRun-13-421CFC91-A93E-42AB-A35C-F06F127FCC44.lock,0
362985,1790408669953,MpCmdRun.log,18250
362985,1790408669953,MpSigStub.log,105504
362985,1790408669968,msedge_installer.log,68015
362985,1790408669968,skin.zip,231625
362985,1790408669968,SYS32_Hardware.exe,32671232
363532,1790408670484,bb3a785178f443fda931098a5a9a306b.db.ses,53
363532,1790408670484,FXSAPIDebugLogFile.txt,0
363532,1790408670484,FXSTIFFDebugLogFile.txt,0
363532,1790408670484,MpCmdRun-13-421CFC91-A93E-42AB-A35C-F06F127FCC44.lock,0
363532,1790408670499,MpCmdRun.log,18250
363532,1790408670499,MpSigStub.log,105504
363532,1790408670499,msedge_installer.log,68015
363532,1790408670515,skin.zip,231625
363532,1790408670515,SYS32_Hardware.exe,32671232
364095,1790408671046,bb3a785178f443fda931098a5a9a306b.db.ses,53
364095,1790408671046,FXSAPIDebugLogFile.txt,0
364095,1790408671046,FXSTIFFDebugLogFile.txt,0
364095,1790408671062,MpCmdRun-13-421CFC91-A93E-42AB-A35C-F06F127FCC44.lock,0
364095,1790408671062,MpCmdRun.log,18250
364095,1790408671078,MpSigStub.log,105504
364095,1790408671078,msedge_installer.log,68015
364095,1790408671078,skin.zip,231625
364095,1790408671093,SYS32_Hardware.exe,32671232
364657,1790408671609,bb3a785178f443fda931098a5a9a306b.db.ses,53
364657,1790408671609,FXSAPIDebugLogFile.txt,0
364657,1790408671624,FXSTIFFDebugLogFile.txt,0
364657,1790408671640,MpCmdRun-13-421CFC91-A93E-42AB-A35C-F06F127FCC44.lock,0
364657,1790408671656,MpCmdRun.log,18250
364657,1790408671671,MpSigStub.log,105504
364657,1790408671687,msedge_installer.log,68015
364657,1790408671703,skin.zip,231625
364657,1790408671703,SYS32_Hardware.exe,32671232
365267,1790408672218,bb3a785178f443fda931098a5a9a306b.db.ses,53
365267,1790408672218,FXSAPIDebugLogFile.txt,0
365267,1790408672234,FXSTIFFDebugLogFile.txt,0
365267,1790408672249,MpCmdRun-13-421CFC91-A93E-42AB-A35C-F06F127FCC44.lock,0
365267,1790408672249,MpCmdRun.log,18250
365267,1790408672265,MpSigStub.log,105504
365267,1790408672281,msedge_installer.log,68015
365267,1790408672281,skin.zip,231625
365267,1790408672296,SYS32_Hardware.exe,32671232
365877,1790408672828,bb3a785178f443fda931098a5a9a306b.db.ses,53
365877,1790408672828,FXSAPIDebugLogFile.txt,0
365877,1790408672843,FXSTIFFDebugLogFile.txt,0
365877,1790408672843,MpCmdRun-13-421CFC91-A93E-42AB-A35C-F06F127FCC44.lock,0
365877,1790408672859,MpCmdRun.log,18250
365877,1790408672874,MpSigStub.log,105504
365877,1790408672921,msedge_installer.log,68015
365877,1790408672937,skin.zip,231625
365877,1790408672953,SYS32_Hardware.exe,32671232
366564,1790408673515,bb3a785178f443fda931098a5a9a306b.db.ses,53
366564,1790408673515,FXSAPIDebugLogFile.txt,0
366564,1790408673515,FXSTIFFDebugLogFile.txt,0
366564,1790408673515,MpCmdRun-13-421CFC91-A93E-42AB-A35C-F06F127FCC44.lock,0
366564,1790408673531,MpCmdRun.log,18250
366564,1790408673531,MpSigStub.log,105504
366564,1790408673546,msedge_installer.log,68015
366564,1790408673546,skin.zip,231625
366564,1790408673562,SYS32_Hardware.exe,32671232
367111,1790408674062,bb3a785178f443fda931098a5a9a306b.db.ses,53
367111,1790408674062,FXSAPIDebugLogFile.txt,0
367111,1790408674078,FXSTIFFDebugLogFile.txt,0
367111,1790408674078,MpCmdRun-13-421CFC91-A93E-42AB-A35C-F06F127FCC44.lock,0
367111,1790408674093,MpCmdRun.log,18250
367111,1790408674109,MpSigStub.log,105504
367111,1790408674124,msedge_installer.log,68015
367111,1790408674124,skin.zip,231625
367111,1790408674140,SYS32_Hardware.exe,32671232
367704,1790408674656,bb3a785178f443fda931098a5a9a306b.db.ses,53
367704,1790408674656,FXSAPIDebugLogFile.txt,0
367704,1790408674671,FXSTIFFDebugLogFile.txt,0
367704,1790408674671,MpCmdRun-13-421CFC91-A93E-42AB-A35C-F06F127FCC44.lock,0
367704,1790408674687,MpCmdRun.log,18250
367704,1790408674687,MpSigStub.log,105504
367704,1790408674703,msedge_installer.log,68015
367704,1790408674703,skin.zip,231625
367704,1790408674718,SYS32_Hardware.exe,32671232
368267,1790408675218,bb3a785178f443fda931098a5a9a306b.db.ses,53
368267,1790408675218,FXSAPIDebugLogFile.txt,0
368267,1790408675218,FXSTIFFDebugLogFile.txt,0
368267,1790408675234,MpCmdRun-13-421CFC91-A93E-42AB-A35C-F06F127FCC44.lock,0
368267,1790408675234,MpCmdRun.log,18250
368267,1790408675249,MpSigStub.log,105504
368267,1790408675249,msedge_installer.log,68015
368267,1790408675265,skin.zip,231625
368267,1790408675281,SYS32_Hardware.exe,32671232
368861,1790408675812,bb3a785178f443fda931098a5a9a306b.db.ses,53
368861,1790408675812,FXSAPIDebugLogFile.txt,0
368861,1790408675812,FXSTIFFDebugLogFile.txt,0
368861,1790408675828,MpCmdRun-13-421CFC91-A93E-42AB-A35C-F06F127FCC44.lock,0
368861,1790408675828,MpCmdRun.log,18250
368861,1790408675843,MpSigStub.log,105504
368861,1790408675843,msedge_installer.log,68015
368861,1790408675859,skin.zip,231625
368861,1790408675859,SYS32_Hardware.exe,32671232
369423,1790408676374,bb3a785178f443fda931098a5a9a306b.db.ses,53
369423,1790408676374,FXSAPIDebugLogFile.txt,0
369423,1790408676374,FXSTIFFDebugLogFile.txt,0
369423,1790408676390,MpCmdRun-13-421CFC91-A93E-42AB-A35C-F06F127FCC44.lock,0
369423,1790408676390,MpCmdRun.log,18250
369423,1790408676390,MpSigStub.log,105504
369423,1790408676406,msedge_installer.log,68015
369423,1790408676406,skin.zip,231625
369423,1790408676421,SYS32_Hardware.exe,32671232
370001,1790408676953,bb3a785178f443fda931098a5a9a306b.db.ses,53
370001,1790408676953,FXSAPIDebugLogFile.txt,0
370001,1790408676953,FXSTIFFDebugLogFile.txt,0
370001,1790408676968,MpCmdRun-13-421CFC91-A93E-42AB-A35C-F06F127FCC44.lock,0
370001,1790408676968,MpCmdRun.log,18250
370001,1790408676984,MpSigStub.log,105504
370001,1790408676984,msedge_installer.log,68015
370001,1790408676984,skin.zip,231625
370001,1790408676999,SYS32_Hardware.exe,32671232
370563,1790408677515,bb3a785178f443fda931098a5a9a306b.db.ses,53
370563,1790408677515,FXSAPIDebugLogFile.txt,0
370563,1790408677515,FXSTIFFDebugLogFile.txt,0
370563,1790408677531,MpCmdRun-13-421CFC91-A93E-42AB-A35C-F06F127FCC44.lock,0
370563,1790408677531,MpCmdRun.log,18250
370563,1790408677546,MpSigStub.log,105504
370563,1790408677546,msedge_installer.log,68015
370563,1790408677562,skin.zip,231625
370563,1790408677562,SYS32_Hardware.exe,32671232
371142,1790408678093,bb3a785178f443fda931098a5a9a306b.db.ses,53
371142,1790408678093,FXSAPIDebugLogFile.txt,0
371142,1790408678093,FXSTIFFDebugLogFile.txt,0
371142,1790408678109,MpCmdRun-13-421CFC91-A93E-42AB-A35C-F06F127FCC44.lock,0
371142,1790408678109,MpCmdRun.log,18250
371142,1790408678124,MpSigStub.log,105504
371142,1790408678124,msedge_installer.log,68015
371142,1790408678140,skin.zip,231625
371142,1790408678140,SYS32_Hardware.exe,32671232
371704,1790408678656,bb3a785178f443fda931098a5a9a306b.db.ses,53
371704,1790408678656,FXSAPIDebugLogFile.txt,0
371704,1790408678656,FXSTIFFDebugLogFile.txt,0
371704,1790408678656,MpCmdRun-13-421CFC91-A93E-42AB-A35C-F06F127FCC44.lock,0
371704,1790408678671,MpCmdRun.log,18250
371704,1790408678671,MpSigStub.log,105504
371704,1790408678687,msedge_installer.log,68015
371704,1790408678687,skin.zip,231625
371704,1790408678687,SYS32_Hardware.exe,32671232
372251,1790408679203,bb3a785178f443fda931098a5a9a306b.db.ses,53
372251,1790408679203,FXSAPIDebugLogFile.txt,0
372251,1790408679203,FXSTIFFDebugLogFile.txt,0
372251,1790408679203,MpCmdRun-13-421CFC91-A93E-42AB-A35C-F06F127FCC44.lock,0
372251,1790408679218,MpCmdRun.log,18250
372251,1790408679218,MpSigStub.log,105504
372251,1790408679234,msedge_installer.log,68015
372251,1790408679234,skin.zip,231625
372251,1790408679234,SYS32_Hardware.exe,32671232
372813,1790408679765,bb3a785178f443fda931098a5a9a306b.db.ses,53
372813,1790408679765,FXSAPIDebugLogFile.txt,0
372813,1790408679765,FXSTIFFDebugLogFile.txt,0
372813,1790408679765,MpCmdRun-13-421CFC91-A93E-42AB-A35C-F06F127FCC44.lock,0
372813,1790408679781,MpCmdRun.log,18250
372813,1790408679781,MpSigStub.log,105504
372813,1790408679796,msedge_installer.log,68015
372813,1790408679796,skin.zip,231625
372813,1790408679796,SYS32_Hardware.exe,32671232
373360,1790408680312,bb3a785178f443fda931098a5a9a306b.db.ses,53
373360,1790408680312,FXSAPIDebugLogFile.txt,0
373360,1790408680312,FXSTIFFDebugLogFile.txt,0
373360,1790408680312,MpCmdRun-13-421CFC91-A93E-42AB-A35C-F06F127FCC44.lock,0
373360,1790408680328,MpCmdRun.log,18250
373360,1790408680328,MpSigStub.log,105504
373360,1790408680328,msedge_installer.log,68015
373360,1790408680343,skin.zip,231625
373360,1790408680343,SYS32_Hardware.exe,32671232
373907,1790408680859,bb3a785178f443fda931098a5a9a306b.db.ses,53
373907,1790408680859,FXSAPIDebugLogFile.txt,0
373907,1790408680859,FXSTIFFDebugLogFile.txt,0
373907,1790408680874,MpCmdRun-13-421CFC91-A93E-42AB-A35C-F06F127FCC44.lock,0
373907,1790408680874,MpCmdRun.log,18250
373907,1790408680874,MpSigStub.log,105504
373907,1790408680890,msedge_installer.log,68015
373907,1790408680890,skin.zip,231625
373907,1790408680906,SYS32_Hardware.exe,32671232
374454,1790408681406,bb3a785178f443fda931098a5a9a306b.db.ses,53
374454,1790408681406,FXSAPIDebugLogFile.txt,0
374454,1790408681406,FXSTIFFDebugLogFile.txt,0
374454,1790408681406,MpCmdRun-13-421CFC91-A93E-42AB-A35C-F06F127FCC44.lock,0
374454,1790408681421,MpCmdRun.log,18250
374454,1790408681421,MpSigStub.log,105504
374454,1790408681421,msedge_installer.log,68015
374454,1790408681437,skin.zip,231625
374454,1790408681437,SYS32_Hardware.exe,32671232
375001,1790408681953,bb3a785178f443fda931098a5a9a306b.db.ses,53
375001,1790408681953,FXSAPIDebugLogFile.txt,0
375001,1790408681968,FXSTIFFDebugLogFile.txt,0
375001,1790408681968,MpCmdRun-13-421CFC91-A93E-42AB-A35C-F06F127FCC44.lock,0
375001,1790408681968,MpCmdRun.log,18250
375001,1790408681984,MpSigStub.log,105504
375001,1790408681984,msedge_installer.log,68015
375001,1790408681999,skin.zip,231625
375001,1790408681999,SYS32_Hardware.exe,32671232
375563,1790408682515,bb3a785178f443fda931098a5a9a306b.db.ses,53
375563,1790408682515,FXSAPIDebugLogFile.txt,0
375563,1790408682515,FXSTIFFDebugLogFile.txt,0
375563,1790408682515,MpCmdRun-13-421CFC91-A93E-42AB-A35C-F06F127FCC44.lock,0
375563,1790408682531,MpCmdRun.log,18250
375563,1790408682531,MpSigStub.log,105504
375563,1790408682531,msedge_installer.log,68015
375563,1790408682546,skin.zip,231625
375563,1790408682546,SYS32_Hardware.exe,32671232
376110,1790408683062,bb3a785178f443fda931098a5a9a306b.db.ses,53
376110,1790408683062,FXSAPIDebugLogFile.txt,0
376110,1790408683062,FXSTIFFDebugLogFile.txt,0
376110,1790408683078,MpCmdRun-13-421CFC91-A93E-42AB-A35C-F06F127FCC44.lock,0
376110,1790408683078,MpCmdRun.log,18250
376110,1790408683093,MpSigStub.log,105504
376110,1790408683109,msedge_installer.log,68015
376110,1790408683109,skin.zip,231625
376110,1790408683124,SYS32_Hardware.exe,32671232
376704,1790408683656,bb3a785178f443fda931098a5a9a306b.db.ses,53
376704,1790408683656,FXSAPIDebugLogFile.txt,0
376704,1790408683656,FXSTIFFDebugLogFile.txt,0
376704,1790408683656,MpCmdRun-13-421CFC91-A93E-42AB-A35C-F06F127FCC44.lock,0
376704,1790408683671,MpCmdRun.log,18250
376704,1790408683671,MpSigStub.log,105504
376704,1790408683671,msedge_installer.log,68015
376704,1790408683687,skin.zip,231625
376704,1790408683687,SYS32_Hardware.exe,32671232
377251,1790408684203,bb3a785178f443fda931098a5a9a306b.db.ses,53
377251,1790408684203,FXSAPIDebugLogFile.txt,0
377251,1790408684218,FXSTIFFDebugLogFile.txt,0
377251,1790408684218,MpCmdRun-13-421CFC91-A93E-42AB-A35C-F06F127FCC44.lock,0
377251,1790408684234,MpCmdRun.log,18250
377251,1790408684234,MpSigStub.log,105504
377251,1790408684249,msedge_installer.log,68015
377251,1790408684265,skin.zip,231625
377251,1790408684281,SYS32_Hardware.exe,32671232
377845,1790408684796,bb3a785178f443fda931098a5a9a306b.db.ses,53
377845,1790408684796,FXSAPIDebugLogFile.txt,0
377845,1790408684796,FXSTIFFDebugLogFile.txt,0
377845,1790408684812,MpCmdRun-13-421CFC91-A93E-42AB-A35C-F06F127FCC44.lock,0
377845,1790408684843,MpCmdRun.log,18250
377845,1790408684843,MpSigStub.log,105504
377845,1790408684859,msedge_installer.log,68015
377845,1790408684874,skin.zip,231625
377845,1790408684874,SYS32_Hardware.exe,32671232
378454,1790408685406,bb3a785178f443fda931098a5a9a306b.db.ses,53
378454,1790408685406,FXSAPIDebugLogFile.txt,0
378454,1790408685406,FXSTIFFDebugLogFile.txt,0
378454,1790408685421,MpCmdRun-13-421CFC91-A93E-42AB-A35C-F06F127FCC44.lock,0
378454,1790408685421,MpCmdRun.log,18250
378454,1790408685421,MpSigStub.log,105504
378454,1790408685437,msedge_installer.log,68015
378454,1790408685437,skin.zip,231625
378454,1790408685453,SYS32_Hardware.exe,32671232
379016,1790408685968,bb3a785178f443fda931098a5a9a306b.db.ses,53
379016,1790408685968,FXSAPIDebugLogFile.txt,0
379016,1790408685968,FXSTIFFDebugLogFile.txt,0
379016,1790408685968,MpCmdRun-13-421CFC91-A93E-42AB-A35C-F06F127FCC44.lock,0
379016,1790408685984,MpCmdRun.log,18250
379016,1790408685984,MpSigStub.log,105504
379016,1790408685999,msedge_installer.log,68015
379016,1790408685999,skin.zip,231625
379016,1790408686015,SYS32_Hardware.exe,32671232
379579,1790408686531,bb3a785178f443fda931098a5a9a306b.db.ses,53
379579,1790408686531,FXSAPIDebugLogFile.txt,0
379579,1790408686531,FXSTIFFDebugLogFile.txt,0
379579,1790408686546,MpCmdRun-13-421CFC91-A93E-42AB-A35C-F06F127FCC44.lock,0
379579,1790408686546,MpCmdRun.log,18250
379579,1790408686546,MpSigStub.log,105504
379579,1790408686562,msedge_installer.log,68015
379579,1790408686562,skin.zip,231625
379579,1790408686578,SYS32_Hardware.exe,32671232
380126,1790408687078,bb3a785178f443fda931098a5a9a306b.db.ses,53
380126,1790408687078,FXSAPIDebugLogFile.txt,0
380126,1790408687078,FXSTIFFDebugLogFile.txt,0
380126,1790408687093,MpCmdRun-13-421CFC91-A93E-42AB-A35C-F06F127FCC44.lock,0
380126,1790408687093,MpCmdRun.log,18250
380126,1790408687109,MpSigStub.log,105504
380126,1790408687109,msedge_installer.log,68015
380126,1790408687109,skin.zip,231625
380126,1790408687124,SYS32_Hardware.exe,32671232
380688,1790408687640,bb3a785178f443fda931098a5a9a306b.db.ses,53
380688,1790408687640,FXSAPIDebugLogFile.txt,0
380688,1790408687640,FXSTIFFDebugLogFile.txt,0
380688,1790408687656,MpCmdRun-13-421CFC91-A93E-42AB-A35C-F06F127FCC44.lock,0
380688,1790408687656,MpCmdRun.log,18250
380688,1790408687671,MpSigStub.log,105504
380688,1790408687671,msedge_installer.log,68015
380688,1790408687687,skin.zip,231625
380688,1790408687703,SYS32_Hardware.exe,32671232
381251,1790408688203,bb3a785178f443fda931098a5a9a306b.db.ses,53
381251,1790408688203,FXSAPIDebugLogFile.txt,0
381251,1790408688203,FXSTIFFDebugLogFile.txt,0
381251,1790408688203,MpCmdRun-13-421CFC91-A93E-42AB-A35C-F06F127FCC44.lock,0
381251,1790408688218,MpCmdRun.log,18250
381251,1790408688234,MpSigStub.log,105504
381251,1790408688249,msedge_installer.log,68015
381251,1790408688265,skin.zip,231625
381251,1790408688281,SYS32_Hardware.exe,32671232
381845,1790408688796,bb3a785178f443fda931098a5a9a306b.db.ses,53
381845,1790408688796,FXSAPIDebugLogFile.txt,0
381845,1790408688812,FXSTIFFDebugLogFile.txt,0
381845,1790408688828,MpCmdRun-13-421CFC91-A93E-42AB-A35C-F06F127FCC44.lock,0
381845,1790408688843,MpCmdRun.log,18250
381845,1790408688859,MpSigStub.log,105504
381845,1790408688874,msedge_installer.log,68015
381845,1790408688874,skin.zip,231625
381845,1790408688890,SYS32_Hardware.exe,32671232
382454,1790408689406,bb3a785178f443fda931098a5a9a306b.db.ses,53
382454,1790408689406,FXSAPIDebugLogFile.txt,0
382454,1790408689406,FXSTIFFDebugLogFile.txt,0
382454,1790408689421,MpCmdRun-13-421CFC91-A93E-42AB-A35C-F06F127FCC44.lock,0
382454,1790408689421,MpCmdRun.log,18250
382454,1790408689437,MpSigStub.log,105504
382454,1790408689437,msedge_installer.log,68015
382454,1790408689453,skin.zip,231625
382454,1790408689453,SYS32_Hardware.exe,32671232
383017,1790408689968,bb3a785178f443fda931098a5a9a306b.db.ses,53
383017,1790408689968,FXSAPIDebugLogFile.txt,0
383017,1790408689968,FXSTIFFDebugLogFile.txt,0
383017,1790408689984,MpCmdRun-13-421CFC91-A93E-42AB-A35C-F06F127FCC44.lock,0
383017,1790408689984,MpCmdRun.log,18250
383017,1790408689999,MpSigStub.log,105504
383017,1790408689999,msedge_installer.log,68015
383017,1790408690015,skin.zip,231625
383017,1790408690015,SYS32_Hardware.exe,32671232
383579,1790408690531,bb3a785178f443fda931098a5a9a306b.db.ses,53
383579,1790408690531,FXSAPIDebugLogFile.txt,0
383579,1790408690531,FXSTIFFDebugLogFile.txt,0
383579,1790408690546,MpCmdRun-13-421CFC91-A93E-42AB-A35C-F06F127FCC44.lock,0
383579,1790408690546,MpCmdRun.log,18250
383579,1790408690546,MpSigStub.log,105504
383579,1790408690562,msedge_installer.log,68015
383579,1790408690578,skin.zip,231625
383579,1790408690578,SYS32_Hardware.exe,32671232
384142,1790408691093,bb3a785178f443fda931098a5a9a306b.db.ses,53
384142,1790408691093,FXSAPIDebugLogFile.txt,0
384142,1790408691093,FXSTIFFDebugLogFile.txt,0
384142,1790408691109,MpCmdRun-13-421CFC91-A93E-42AB-A35C-F06F127FCC44.lock,0
384142,1790408691109,MpCmdRun.log,18250
384142,1790408691124,MpSigStub.log,105504
384142,1790408691124,msedge_installer.log,68015
384142,1790408691140,skin.zip,231625
384142,1790408691140,SYS32_Hardware.exe,32671232
384720,1790408691671,bb3a785178f443fda931098a5a9a306b.db.ses,53
384720,1790408691671,FXSAPIDebugLogFile.txt,0
384720,1790408691671,FXSTIFFDebugLogFile.txt,0
384720,1790408691687,MpCmdRun-13-421CFC91-A93E-42AB-A35C-F06F127FCC44.lock,0
384720,1790408691687,MpCmdRun.log,18250
384720,1790408691687,MpSigStub.log,105504
384720,1790408691703,msedge_installer.log,68015
384720,1790408691718,skin.zip,231625
384720,1790408691718,SYS32_Hardware.exe,32671232
385283,1790408692234,bb3a785178f443fda931098a5a9a306b.db.ses,53
385283,1790408692234,FXSAPIDebugLogFile.txt,0
385283,1790408692249,FXSTIFFDebugLogFile.txt,0
385283,1790408692249,MpCmdRun-13-421CFC91-A93E-42AB-A35C-F06F127FCC44.lock,0
385283,1790408692265,MpCmdRun.log,18250
385283,1790408692265,MpSigStub.log,105504
385283,1790408692281,msedge_installer.log,68015
385283,1790408692281,skin.zip,231625
385283,1790408692296,SYS32_Hardware.exe,32671232
385861,1790408692812,bb3a785178f443fda931098a5a9a306b.db.ses,53
385861,1790408692812,FXSAPIDebugLogFile.txt,0
385861,1790408692812,FXSTIFFDebugLogFile.txt,0
385861,1790408692828,MpCmdRun-13-421CFC91-A93E-42AB-A35C-F06F127FCC44.lock,0
385861,1790408692828,MpCmdRun.log,18250
385861,1790408692843,MpSigStub.log,105504
385861,1790408692843,msedge_installer.log,68015
385861,1790408692843,skin.zip,231625
385861,1790408692859,SYS32_Hardware.exe,32671232
386407,1790408693359,bb3a785178f443fda931098a5a9a306b.db.ses,53
386407,1790408693359,FXSAPIDebugLogFile.txt,0
386407,1790408693359,FXSTIFFDebugLogFile.txt,0
386407,1790408693374,MpCmdRun-13-421CFC91-A93E-42AB-A35C-F06F127FCC44.lock,0
386407,1790408693374,MpCmdRun.log,18250
386407,1790408693390,MpSigStub.log,105504
386407,1790408693390,msedge_installer.log,68015
386407,1790408693406,skin.zip,231625
386407,1790408693406,SYS32_Hardware.exe,32671232
386970,1790408693921,bb3a785178f443fda931098a5a9a306b.db.ses,53
386970,1790408693921,FXSAPIDebugLogFile.txt,0
386970,1790408693921,FXSTIFFDebugLogFile.txt,0
386970,1790408693937,MpCmdRun-13-421CFC91-A93E-42AB-A35C-F06F127FCC44.lock,0
386970,1790408693953,MpCmdRun.log,18250
386970,1790408693953,MpSigStub.log,105504
386970,1790408693968,msedge_installer.log,68015
386970,1790408693968,skin.zip,231625
386970,1790408693984,SYS32_Hardware.exe,32671232
387532,1790408694484,bb3a785178f443fda931098a5a9a306b.db.ses,53
387532,1790408694484,FXSAPIDebugLogFile.txt,0
387532,1790408694484,FXSTIFFDebugLogFile.txt,0
387532,1790408694499,MpCmdRun-13-421CFC91-A93E-42AB-A35C-F06F127FCC44.lock,0
387532,1790408694499,MpCmdRun.log,18250
387532,1790408694499,MpSigStub.log,105504
387532,1790408694515,msedge_installer.log,68015
387532,1790408694515,skin.zip,231625
387532,1790408694531,SYS32_Hardware.exe,32671232
388079,1790408695031,bb3a785178f443fda931098a5a9a306b.db.ses,53
388079,1790408695031,FXSAPIDebugLogFile.txt,0
388079,1790408695031,FXSTIFFDebugLogFile.txt,0
388079,1790408695046,MpCmdRun-13-421CFC91-A93E-42AB-A35C-F06F127FCC44.lock,0
388079,1790408695046,MpCmdRun.log,18250
388079,1790408695046,MpSigStub.log,105504
388079,1790408695062,msedge_installer.log,68015
388079,1790408695062,skin.zip,231625
388079,1790408695078,SYS32_Hardware.exe,32671232
388642,1790408695593,bb3a785178f443fda931098a5a9a306b.db.ses,53
388642,1790408695593,FXSAPIDebugLogFile.txt,0
388642,1790408695593,FXSTIFFDebugLogFile.txt,0
388642,1790408695593,MpCmdRun-13-421CFC91-A93E-42AB-A35C-F06F127FCC44.lock,0
388642,1790408695609,MpCmdRun.log,18250
388642,1790408695609,MpSigStub.log,105504
388642,1790408695624,msedge_installer.log,68015
388642,1790408695624,skin.zip,231625
388642,1790408695640,SYS32_Hardware.exe,32671232
389189,1790408696140,bb3a785178f443fda931098a5a9a306b.db.ses,53
389189,1790408696140,FXSAPIDebugLogFile.txt,0
389189,1790408696140,FXSTIFFDebugLogFile.txt,0
389189,1790408696156,MpCmdRun-13-421CFC91-A93E-42AB-A35C-F06F127FCC44.lock,0
389189,1790408696156,MpCmdRun.log,18250
389189,1790408696171,MpSigStub.log,105504
389189,1790408696171,msedge_installer.log,68015
389189,1790408696187,skin.zip,231625
389189,1790408696187,SYS32_Hardware.exe,32671232
389751,1790408696703,bb3a785178f443fda931098a5a9a306b.db.ses,53
389751,1790408696703,FXSAPIDebugLogFile.txt,0
389751,1790408696703,FXSTIFFDebugLogFile.txt,0
389751,1790408696718,MpCmdRun-13-421CFC91-A93E-42AB-A35C-F06F127FCC44.lock,0
389751,1790408696718,MpCmdRun.log,18250
389751,1790408696734,MpSigStub.log,105504
389751,1790408696734,msedge_installer.log,68015
389751,1790408696749,skin.zip,231625
389751,1790408696749,SYS32_Hardware.exe,32671232
390329,1790408697281,bb3a785178f443fda931098a5a9a306b.db.ses,53
390329,1790408697281,FXSAPIDebugLogFile.txt,0
390329,1790408697296,FXSTIFFDebugLogFile.txt,0
390329,1790408697296,MpCmdRun-13-421CFC91-A93E-42AB-A35C-F06F127FCC44.lock,0
390329,1790408697312,MpCmdRun.log,18250
390329,1790408697328,MpSigStub.log,105504
390329,1790408697328,msedge_installer.log,68015
390329,1790408697343,skin.zip,231625
390329,1790408697343,SYS32_Hardware.exe,32671232
390923,1790408697874,bb3a785178f443fda931098a5a9a306b.db.ses,53
390923,1790408697874,FXSAPIDebugLogFile.txt,0
390923,1790408697874,FXSTIFFDebugLogFile.txt,0
390923,1790408697890,MpCmdRun-13-421CFC91-A93E-42AB-A35C-F06F127FCC44.lock,0
390923,1790408697890,MpCmdRun.log,18250
390923,1790408697906,MpSigStub.log,105504
390923,1790408697906,msedge_installer.log,68015
390923,1790408697921,skin.zip,231625
390923,1790408697921,SYS32_Hardware.exe,32671232
391470,1790408698421,bb3a785178f443fda931098a5a9a306b.db.ses,53
391470,1790408698421,FXSAPIDebugLogFile.txt,0
391470,1790408698421,FXSTIFFDebugLogFile.txt,0
391470,1790408698437,MpCmdRun-13-421CFC91-A93E-42AB-A35C-F06F127FCC44.lock,0
391470,1790408698437,MpCmdRun.log,18250
391470,1790408698453,MpSigStub.log,105504
391470,1790408698453,msedge_installer.log,68015
391470,1790408698453,skin.zip,231625
391470,1790408698468,SYS32_Hardware.exe,32671232
392032,1790408698984,bb3a785178f443fda931098a5a9a306b.db.ses,53
392032,1790408698984,FXSAPIDebugLogFile.txt,0
392032,1790408698984,FXSTIFFDebugLogFile.txt,0
392032,1790408698999,MpCmdRun-13-421CFC91-A93E-42AB-A35C-F06F127FCC44.lock,0
392032,1790408698999,MpCmdRun.log,18250
392032,1790408699015,MpSigStub.log,105504
392032,1790408699015,msedge_installer.log,68015
392032,1790408699031,skin.zip,231625
392032,1790408699031,SYS32_Hardware.exe,32671232
392595,1790408699546,bb3a785178f443fda931098a5a9a306b.db.ses,53
392595,1790408699546,FXSAPIDebugLogFile.txt,0
392595,1790408699546,FXSTIFFDebugLogFile.txt,0
392595,1790408699562,MpCmdRun-13-421CFC91-A93E-42AB-A35C-F06F127FCC44.lock,0
392595,1790408699562,MpCmdRun.log,18250
392595,1790408699578,MpSigStub.log,105504
392595,1790408699578,msedge_installer.log,68015
392595,1790408699593,skin.zip,231625
392595,1790408699593,SYS32_Hardware.exe,32671232
393142,1790408700093,bb3a785178f443fda931098a5a9a306b.db.ses,53
393142,1790408700093,FXSAPIDebugLogFile.txt,0
393142,1790408700093,FXSTIFFDebugLogFile.txt,0
393142,1790408700109,MpCmdRun-13-421CFC91-A93E-42AB-A35C-F06F127FCC44.lock,0
393142,1790408700109,MpCmdRun.log,18250
393142,1790408700109,MpSigStub.log,105504
393142,1790408700124,msedge_installer.log,68015
393142,1790408700140,skin.zip,231625
393142,1790408700140,SYS32_Hardware.exe,32671232
393704,1790408700656,bb3a785178f443fda931098a5a9a306b.db.ses,53
393704,1790408700656,FXSAPIDebugLogFile.txt,0
393704,1790408700656,FXSTIFFDebugLogFile.txt,0
393704,1790408700671,MpCmdRun-13-421CFC91-A93E-42AB-A35C-F06F127FCC44.lock,0
393704,1790408700671,MpCmdRun.log,18250
393704,1790408700687,MpSigStub.log,105504
393704,1790408700687,msedge_installer.log,68015
393704,1790408700687,skin.zip,231625
393704,1790408700703,SYS32_Hardware.exe,32671232
394282,1790408701234,bb3a785178f443fda931098a5a9a306b.db.ses,53
394282,1790408701234,FXSAPIDebugLogFile.txt,0
394282,1790408701234,FXSTIFFDebugLogFile.txt,0
394282,1790408701249,MpCmdRun-13-421CFC91-A93E-42AB-A35C-F06F127FCC44.lock,0
394282,1790408701249,MpCmdRun.log,18250
394282,1790408701265,MpSigStub.log,105504
394282,1790408701265,msedge_installer.log,68015
394282,1790408701281,skin.zip,231625
394282,1790408701296,SYS32_Hardware.exe,32671232
394876,1790408701828,bb3a785178f443fda931098a5a9a306b.db.ses,53
394876,1790408701828,FXSAPIDebugLogFile.txt,0
394876,1790408701828,FXSTIFFDebugLogFile.txt,0
394876,1790408701843,MpCmdRun-13-421CFC91-A93E-42AB-A35C-F06F127FCC44.lock,0
394876,1790408701859,MpCmdRun.log,18250
394876,1790408701874,MpSigStub.log,105504
394876,1790408701890,msedge_installer.log,68015
394876,1790408701890,skin.zip,231625
394876,1790408701906,SYS32_Hardware.exe,32671232
395454,1790408702406,bb3a785178f443fda931098a5a9a306b.db.ses,53
395454,1790408702406,FXSAPIDebugLogFile.txt,0
395454,1790408702406,FXSTIFFDebugLogFile.txt,0
395454,1790408702421,MpCmdRun-13-421CFC91-A93E-42AB-A35C-F06F127FCC44.lock,0
395454,1790408702421,MpCmdRun.log,18250
395454,1790408702421,MpSigStub.log,105504
395454,1790408702437,msedge_installer.log,68015
395454,1790408702437,skin.zip,231625
395454,1790408702453,SYS32_Hardware.exe,32671232
396001,1790408702953,bb3a785178f443fda931098a5a9a306b.db.ses,53
396001,1790408702953,FXSAPIDebugLogFile.txt,0
396001,1790408702953,FXSTIFFDebugLogFile.txt,0
396001,1790408702968,MpCmdRun-13-421CFC91-A93E-42AB-A35C-F06F127FCC44.lock,0
396001,1790408702968,MpCmdRun.log,18250
396001,1790408702984,MpSigStub.log,105504
396001,1790408702984,msedge_installer.log,68015
396001,1790408702984,skin.zip,231625
396001,1790408702999,SYS32_Hardware.exe,32671232
396563,1790408703515,bb3a785178f443fda931098a5a9a306b.db.ses,53
396563,1790408703515,FXSAPIDebugLogFile.txt,0
396563,1790408703515,FXSTIFFDebugLogFile.txt,0
396563,1790408703531,MpCmdRun-13-421CFC91-A93E-42AB-A35C-F06F127FCC44.lock,0
396563,1790408703531,MpCmdRun.log,18250
396563,1790408703546,MpSigStub.log,105504
396563,1790408703546,msedge_installer.log,68015
396563,1790408703562,skin.zip,231625
396563,1790408703562,SYS32_Hardware.exe,32671232
397126,1790408704078,bb3a785178f443fda931098a5a9a306b.db.ses,53
397126,1790408704078,FXSAPIDebugLogFile.txt,0
397126,1790408704078,FXSTIFFDebugLogFile.txt,0
397126,1790408704093,MpCmdRun-13-421CFC91-A93E-42AB-A35C-F06F127FCC44.lock,0
397126,1790408704093,MpCmdRun.log,18250
397126,1790408704093,MpSigStub.log,105504
397126,1790408704109,msedge_installer.log,68015
397126,1790408704109,skin.zip,231625
397126,1790408704124,SYS32_Hardware.exe,32671232
397688,1790408704640,bb3a785178f443fda931098a5a9a306b.db.ses,53
397688,1790408704640,FXSAPIDebugLogFile.txt,0
397688,1790408704640,FXSTIFFDebugLogFile.txt,0
397688,1790408704656,MpCmdRun-13-421CFC91-A93E-42AB-A35C-F06F127FCC44.lock,0
397688,1790408704656,MpCmdRun.log,18250
397688,1790408704671,MpSigStub.log,105504
397688,1790408704671,msedge_installer.log,68015
397688,1790408704687,skin.zip,231625
397688,1790408704687,SYS32_Hardware.exe,32671232
398251,1790408705203,bb3a785178f443fda931098a5a9a306b.db.ses,53
398251,1790408705203,FXSAPIDebugLogFile.txt,0
398251,1790408705203,FXSTIFFDebugLogFile.txt,0
398251,1790408705218,MpCmdRun-13-421CFC91-A93E-42AB-A35C-F06F127FCC44.lock,0
398251,1790408705218,MpCmdRun.log,18250
398251,1790408705234,MpSigStub.log,105504
398251,1790408705234,msedge_installer.log,68015
398251,1790408705249,skin.zip,231625
398251,1790408705265,SYS32_Hardware.exe,32671232
398845,1790408705796,bb3a785178f443fda931098a5a9a306b.db.ses,53
398845,1790408705796,FXSAPIDebugLogFile.txt,0
398845,1790408705812,FXSTIFFDebugLogFile.txt,0
398845,1790408705828,MpCmdRun-13-421CFC91-A93E-42AB-A35C-F06F127FCC44.lock,0
398845,1790408705859,MpCmdRun.log,18250
398845,1790408705859,MpSigStub.log,105504
398845,1790408705890,msedge_installer.log,68015
398845,1790408705906,skin.zip,231625
398845,1790408705906,SYS32_Hardware.exe,32671232
399485,1790408706437,bb3a785178f443fda931098a5a9a306b.db.ses,53
399485,1790408706437,FXSAPIDebugLogFile.txt,0
399485,1790408706437,FXSTIFFDebugLogFile.txt,0
399485,1790408706453,MpCmdRun.log,18828
399485,1790408706453,MpSigStub.log,105504
399485,1790408706468,msedge_installer.log,68015
399485,1790408706468,skin.zip,231625
399485,1790408706468,SYS32_Hardware.exe,32671232
400032,1790408706984,bb3a785178f443fda931098a5a9a306b.db.ses,53
400032,1790408706984,FXSAPIDebugLogFile.txt,0
400032,1790408706984,FXSTIFFDebugLogFile.txt,0
400032,1790408706999,MpCmdRun.log,18828
400032,1790408706999,MpSigStub.log,105504
400032,1790408706999,msedge_installer.log,68015
400032,1790408707015,skin.zip,231625
400032,1790408707015,SYS32_Hardware.exe,32671232
400579,1790408707531,bb3a785178f443fda931098a5a9a306b.db.ses,53
400579,1790408707531,FXSAPIDebugLogFile.txt,0
400579,1790408707531,FXSTIFFDebugLogFile.txt,0
400579,1790408707546,MpCmdRun.log,18828
400579,1790408707546,MpSigStub.log,105504
400579,1790408707546,msedge_installer.log,68015
400579,1790408707562,skin.zip,231625
400579,1790408707562,SYS32_Hardware.exe,32671232
401126,1790408708078,bb3a785178f443fda931098a5a9a306b.db.ses,53
401126,1790408708078,FXSAPIDebugLogFile.txt,0
401126,1790408708078,FXSTIFFDebugLogFile.txt,0
401126,1790408708093,MpCmdRun.log,18828
401126,1790408708093,MpSigStub.log,105504
401126,1790408708109,msedge_installer.log,68015
401126,1790408708109,skin.zip,231625
401126,1790408708109,SYS32_Hardware.exe,32671232
401673,1790408708624,bb3a785178f443fda931098a5a9a306b.db.ses,53
401673,1790408708624,FXSAPIDebugLogFile.txt,0
401673,1790408708624,FXSTIFFDebugLogFile.txt,0
401673,1790408708640,MpCmdRun.log,18828
401673,1790408708640,MpSigStub.log,105504
401673,1790408708656,msedge_installer.log,68015
401673,1790408708656,skin.zip,231625
401673,1790408708671,SYS32_Hardware.exe,32671232
402235,1790408709187,bb3a785178f443fda931098a5a9a306b.db.ses,53
402235,1790408709187,FXSAPIDebugLogFile.txt,0
402235,1790408709187,FXSTIFFDebugLogFile.txt,0
402235,1790408709203,MpCmdRun.log,18828
402235,1790408709203,MpSigStub.log,105504
402235,1790408709218,msedge_installer.log,68015
402235,1790408709218,skin.zip,231625
402235,1790408709234,SYS32_Hardware.exe,32671232
402798,1790408709749,bb3a785178f443fda931098a5a9a306b.db.ses,53
402798,1790408709749,FXSAPIDebugLogFile.txt,0
402798,1790408709749,FXSTIFFDebugLogFile.txt,0
402798,1790408709765,MpCmdRun.log,18828
402798,1790408709781,MpSigStub.log,105504
402798,1790408709781,msedge_installer.log,68015
402798,1790408709796,skin.zip,231625
402798,1790408709796,SYS32_Hardware.exe,32671232
403360,1790408710312,bb3a785178f443fda931098a5a9a306b.db.ses,53
403360,1790408710312,FXSAPIDebugLogFile.txt,0
403360,1790408710312,FXSTIFFDebugLogFile.txt,0
403360,1790408710328,MpCmdRun.log,18828
403360,1790408710328,MpSigStub.log,105504
403360,1790408710343,msedge_installer.log,68015
403360,1790408710343,skin.zip,231625
403360,1790408710343,SYS32_Hardware.exe,32671232
403907,1790408710859,bb3a785178f443fda931098a5a9a306b.db.ses,53
403907,1790408710859,FXSAPIDebugLogFile.txt,0
403907,1790408710859,FXSTIFFDebugLogFile.txt,0
403907,1790408710874,MpCmdRun.log,18828
403907,1790408710874,MpSigStub.log,105504
403907,1790408710890,msedge_installer.log,68015
403907,1790408710890,skin.zip,231625
403907,1790408710890,SYS32_Hardware.exe,32671232
404454,1790408711406,bb3a785178f443fda931098a5a9a306b.db.ses,53
404454,1790408711406,FXSAPIDebugLogFile.txt,0
404454,1790408711406,FXSTIFFDebugLogFile.txt,0
404454,1790408711421,MpCmdRun.log,18828
404454,1790408711421,MpSigStub.log,105504
404454,1790408711437,msedge_installer.log,68015
404454,1790408711437,skin.zip,231625
404454,1790408711437,SYS32_Hardware.exe,32671232
405017,1790408711968,bb3a785178f443fda931098a5a9a306b.db.ses,53
405017,1790408711968,FXSAPIDebugLogFile.txt,0
405017,1790408711968,FXSTIFFDebugLogFile.txt,0
405017,1790408711984,MpCmdRun.log,18828
405017,1790408711984,MpSigStub.log,105504
405017,1790408711999,msedge_installer.log,68015
405017,1790408711999,skin.zip,231625
405017,1790408712015,SYS32_Hardware.exe,32671232
405563,1790408712515,bb3a785178f443fda931098a5a9a306b.db.ses,53
405563,1790408712515,FXSAPIDebugLogFile.txt,0
405563,1790408712515,FXSTIFFDebugLogFile.txt,0
405563,1790408712515,MpCmdRun.log,18828
405563,1790408712531,MpSigStub.log,105504
405563,1790408712531,msedge_installer.log,68015
405563,1790408712546,skin.zip,231625
405563,1790408712546,SYS32_Hardware.exe,32671232
406111,1790408713062,bb3a785178f443fda931098a5a9a306b.db.ses,53
406111,1790408713062,FXSAPIDebugLogFile.txt,0
406111,1790408713062,FXSTIFFDebugLogFile.txt,0
406111,1790408713078,MpCmdRun.log,18828
406111,1790408713078,MpSigStub.log,105504
406111,1790408713093,msedge_installer.log,68015
406111,1790408713093,skin.zip,231625
406111,1790408713109,SYS32_Hardware.exe,32671232
406673,1790408713624,bb3a785178f443fda931098a5a9a306b.db.ses,53
406673,1790408713624,FXSAPIDebugLogFile.txt,0
406673,1790408713624,FXSTIFFDebugLogFile.txt,0
406673,1790408713640,MpCmdRun.log,18828
406673,1790408713640,MpSigStub.log,105504
406673,1790408713656,msedge_installer.log,68015
406673,1790408713656,skin.zip,231625
406673,1790408713671,SYS32_Hardware.exe,32671232
407220,1790408714171,bb3a785178f443fda931098a5a9a306b.db.ses,53
407220,1790408714171,FXSAPIDebugLogFile.txt,0
407220,1790408714171,FXSTIFFDebugLogFile.txt,0
407220,1790408714187,MpCmdRun.log,18828
407220,1790408714187,MpSigStub.log,105504
407220,1790408714203,msedge_installer.log,68015
407220,1790408714203,skin.zip,231625
407220,1790408714218,SYS32_Hardware.exe,32671232
407767,1790408714718,bb3a785178f443fda931098a5a9a306b.db.ses,53
407767,1790408714718,FXSAPIDebugLogFile.txt,0
407767,1790408714734,FXSTIFFDebugLogFile.txt,0
407767,1790408714734,MpCmdRun.log,18828
407767,1790408714749,MpSigStub.log,105504
407767,1790408714749,msedge_installer.log,68015
407767,1790408714749,skin.zip,231625
407767,1790408714765,SYS32_Hardware.exe,32671232
408330,1790408715281,bb3a785178f443fda931098a5a9a306b.db.ses,53
408330,1790408715281,FXSAPIDebugLogFile.txt,0
408330,1790408715281,FXSTIFFDebugLogFile.txt,0
408330,1790408715296,MpCmdRun.log,18828
408330,1790408715296,MpSigStub.log,105504
408330,1790408715312,msedge_installer.log,68015
408330,1790408715312,skin.zip,231625
408330,1790408715328,SYS32_Hardware.exe,32671232
408892,1790408715843,bb3a785178f443fda931098a5a9a306b.db.ses,53
408892,1790408715843,FXSAPIDebugLogFile.txt,0
408892,1790408715843,FXSTIFFDebugLogFile.txt,0
408892,1790408715859,MpCmdRun.log,18828
408892,1790408715859,MpSigStub.log,105504
408892,1790408715859,msedge_installer.log,68015
408892,1790408715874,skin.zip,231625
408892,1790408715874,SYS32_Hardware.exe,32671232
409438,1790408716390,bb3a785178f443fda931098a5a9a306b.db.ses,53
409438,1790408716390,FXSAPIDebugLogFile.txt,0
409438,1790408716390,FXSTIFFDebugLogFile.txt,0
409438,1790408716406,MpCmdRun.log,18828
409438,1790408716406,MpSigStub.log,105504
409438,1790408716421,msedge_installer.log,68015
409438,1790408716421,skin.zip,231625
409438,1790408716437,SYS32_Hardware.exe,32671232
409986,1790408716937,bb3a785178f443fda931098a5a9a306b.db.ses,53
409986,1790408716937,FXSAPIDebugLogFile.txt,0
409986,1790408716937,FXSTIFFDebugLogFile.txt,0
409986,1790408716953,MpCmdRun.log,18828
409986,1790408716953,MpSigStub.log,105504
409986,1790408716968,msedge_installer.log,68015
409986,1790408716968,skin.zip,231625
409986,1790408716984,SYS32_Hardware.exe,32671232
410548,1790408717499,bb3a785178f443fda931098a5a9a306b.db.ses,53
410548,1790408717499,FXSAPIDebugLogFile.txt,0
410548,1790408717499,FXSTIFFDebugLogFile.txt,0
410548,1790408717515,MpCmdRun.log,18828
410548,1790408717515,MpSigStub.log,105504
410548,1790408717531,msedge_installer.log,68015
410548,1790408717531,skin.zip,231625
410548,1790408717546,SYS32_Hardware.exe,32671232
411095,1790408718046,bb3a785178f443fda931098a5a9a306b.db.ses,53
411095,1790408718046,FXSAPIDebugLogFile.txt,0
411095,1790408718046,FXSTIFFDebugLogFile.txt,0
411095,1790408718062,MpCmdRun.log,18828
411095,1790408718062,MpSigStub.log,105504
411095,1790408718078,msedge_installer.log,68015
411095,1790408718078,skin.zip,231625
411095,1790408718093,SYS32_Hardware.exe,32671232
411642,1790408718593,bb3a785178f443fda931098a5a9a306b.db.ses,53
411642,1790408718593,FXSAPIDebugLogFile.txt,0
411642,1790408718593,FXSTIFFDebugLogFile.txt,0
411642,1790408718609,MpCmdRun.log,18828
411642,1790408718624,MpSigStub.log,105504
411642,1790408718640,msedge_installer.log,68015
411642,1790408718640,skin.zip,231625
411642,1790408718656,SYS32_Hardware.exe,32671232
412220,1790408719171,bb3a785178f443fda931098a5a9a306b.db.ses,53
412220,1790408719171,FXSAPIDebugLogFile.txt,0
412220,1790408719171,FXSTIFFDebugLogFile.txt,0
412220,1790408719171,MpCmdRun.log,18828
412220,1790408719187,MpSigStub.log,105504
412220,1790408719187,msedge_installer.log,68015
412220,1790408719203,skin.zip,231625
412220,1790408719203,SYS32_Hardware.exe,32671232
412767,1790408719718,bb3a785178f443fda931098a5a9a306b.db.ses,53
412767,1790408719718,FXSAPIDebugLogFile.txt,0
412767,1790408719718,FXSTIFFDebugLogFile.txt,0
412767,1790408719734,MpCmdRun.log,18828
412767,1790408719734,MpSigStub.log,105504
412767,1790408719734,msedge_installer.log,68015
412767,1790408719749,skin.zip,231625
412767,1790408719749,SYS32_Hardware.exe,32671232
413313,1790408720265,bb3a785178f443fda931098a5a9a306b.db.ses,53
413313,1790408720265,FXSAPIDebugLogFile.txt,0
413313,1790408720265,FXSTIFFDebugLogFile.txt,0
413313,1790408720281,MpCmdRun.log,18828
413313,1790408720281,MpSigStub.log,105504
413313,1790408720281,msedge_installer.log,68015
413313,1790408720296,skin.zip,231625
413313,1790408720296,SYS32_Hardware.exe,32671232
413876,1790408720828,bb3a785178f443fda931098a5a9a306b.db.ses,53
413876,1790408720828,FXSAPIDebugLogFile.txt,0
413876,1790408720828,FXSTIFFDebugLogFile.txt,0
413876,1790408720843,MpCmdRun.log,18828
413876,1790408720843,MpSigStub.log,105504
413876,1790408720843,msedge_installer.log,68015
413876,1790408720859,skin.zip,231625
413876,1790408720859,SYS32_Hardware.exe,32671232
414423,1790408721374,bb3a785178f443fda931098a5a9a306b.db.ses,53
414423,1790408721374,FXSAPIDebugLogFile.txt,0
414423,1790408721374,FXSTIFFDebugLogFile.txt,0
414423,1790408721374,MpCmdRun.log,18828
414423,1790408721390,MpSigStub.log,105504
414423,1790408721390,msedge_installer.log,68015
414423,1790408721406,skin.zip,231625
414423,1790408721406,SYS32_Hardware.exe,32671232
414970,1790408721921,bb3a785178f443fda931098a5a9a306b.db.ses,53
414970,1790408721921,FXSAPIDebugLogFile.txt,0
414970,1790408721921,FXSTIFFDebugLogFile.txt,0
414970,1790408721921,MpCmdRun.log,18828
414970,1790408721937,MpSigStub.log,105504
414970,1790408721937,msedge_installer.log,68015
414970,1790408721953,skin.zip,231625
414970,1790408721953,SYS32_Hardware.exe,32671232
415501,1790408722453,bb3a785178f443fda931098a5a9a306b.db.ses,53
415501,1790408722453,FXSAPIDebugLogFile.txt,0
415501,1790408722453,FXSTIFFDebugLogFile.txt,0
415501,1790408722453,MpCmdRun.log,18828
415501,1790408722468,MpSigStub.log,105504
415501,1790408722468,msedge_installer.log,68015
415501,1790408722468,skin.zip,231625
415501,1790408722484,SYS32_Hardware.exe,32671232
416032,1790408722984,bb3a785178f443fda931098a5a9a306b.db.ses,53
416032,1790408722984,FXSAPIDebugLogFile.txt,0
416032,1790408722984,FXSTIFFDebugLogFile.txt,0
416032,1790408722984,MpCmdRun.log,18828
416032,1790408722999,MpSigStub.log,105504
416032,1790408722999,msedge_installer.log,68015
416032,1790408723015,skin.zip,231625
416032,1790408723015,SYS32_Hardware.exe,32671232
416579,1790408723531,bb3a785178f443fda931098a5a9a306b.db.ses,53
416579,1790408723531,FXSAPIDebugLogFile.txt,0
416579,1790408723531,FXSTIFFDebugLogFile.txt,0
416579,1790408723531,MpCmdRun.log,18828
416579,1790408723546,MpSigStub.log,105504
416579,1790408723546,msedge_installer.log,68015
416579,1790408723562,skin.zip,231625
416579,1790408723562,SYS32_Hardware.exe,32671232
417126,1790408724078,bb3a785178f443fda931098a5a9a306b.db.ses,53
417126,1790408724078,FXSAPIDebugLogFile.txt,0
417126,1790408724078,FXSTIFFDebugLogFile.txt,0
417126,1790408724078,MpCmdRun.log,18828
417126,1790408724093,MpSigStub.log,105504
417126,1790408724093,msedge_installer.log,68015
417126,1790408724093,skin.zip,231625
417126,1790408724109,SYS32_Hardware.exe,32671232
417657,1790408724609,bb3a785178f443fda931098a5a9a306b.db.ses,53
417657,1790408724609,FXSAPIDebugLogFile.txt,0
417657,1790408724609,FXSTIFFDebugLogFile.txt,0
417657,1790408724609,MpCmdRun.log,18828
417657,1790408724624,MpSigStub.log,105504
417657,1790408724624,msedge_installer.log,68015
417657,1790408724640,skin.zip,231625
417657,1790408724640,SYS32_Hardware.exe,32671232
418188,1790408725140,bb3a785178f443fda931098a5a9a306b.db.ses,53
418188,1790408725140,FXSAPIDebugLogFile.txt,0
418188,1790408725140,FXSTIFFDebugLogFile.txt,0
418188,1790408725140,MpCmdRun.log,18828
418188,1790408725156,MpSigStub.log,105504
418188,1790408725156,msedge_installer.log,68015
418188,1790408725171,skin.zip,231625
418188,1790408725171,SYS32_Hardware.exe,32671232
418735,1790408725687,bb3a785178f443fda931098a5a9a306b.db.ses,53
418735,1790408725687,FXSAPIDebugLogFile.txt,0
418735,1790408725687,FXSTIFFDebugLogFile.txt,0
418735,1790408725687,MpCmdRun.log,18828
418735,1790408725703,MpSigStub.log,105504
418735,1790408725703,msedge_installer.log,68015
418735,1790408725703,skin.zip,231625
418735,1790408725718,SYS32_Hardware.exe,32671232
419267,1790408726218,bb3a785178f443fda931098a5a9a306b.db.ses,53
419267,1790408726218,FXSAPIDebugLogFile.txt,0
419267,1790408726218,FXSTIFFDebugLogFile.txt,0
419267,1790408726218,MpCmdRun.log,18828
419267,1790408726234,MpSigStub.log,105504
419267,1790408726234,msedge_installer.log,68015
419267,1790408726249,skin.zip,231625
419267,1790408726249,SYS32_Hardware.exe,32671232
419798,1790408726749,bb3a785178f443fda931098a5a9a306b.db.ses,53
419798,1790408726749,FXSAPIDebugLogFile.txt,0
419798,1790408726749,FXSTIFFDebugLogFile.txt,0
419798,1790408726749,MpCmdRun.log,18828
419798,1790408726765,MpSigStub.log,105504
419798,1790408726765,msedge_installer.log,68015
419798,1790408726781,skin.zip,231625
419798,1790408726781,SYS32_Hardware.exe,32671232
420329,1790408727281,bb3a785178f443fda931098a5a9a306b.db.ses,53
420329,1790408727281,FXSAPIDebugLogFile.txt,0
420329,1790408727281,FXSTIFFDebugLogFile.txt,0
420329,1790408727281,MpCmdRun.log,18828
420329,1790408727296,MpSigStub.log,105504
420329,1790408727296,msedge_installer.log,68015
420329,1790408727312,skin.zip,231625
420329,1790408727312,SYS32_Hardware.exe,32671232
420876,1790408727828,bb3a785178f443fda931098a5a9a306b.db.ses,53
420876,1790408727828,FXSAPIDebugLogFile.txt,0
420876,1790408727828,FXSTIFFDebugLogFile.txt,0
420876,1790408727843,MpCmdRun.log,18828
420876,1790408727843,MpSigStub.log,105504
420876,1790408727859,msedge_installer.log,68015
420876,1790408727859,skin.zip,231625
420876,1790408727874,SYS32_Hardware.exe,32671232
421423,1790408728374,bb3a785178f443fda931098a5a9a306b.db.ses,53
421423,1790408728374,FXSAPIDebugLogFile.txt,0
421423,1790408728374,FXSTIFFDebugLogFile.txt,0
421423,1790408728390,MpCmdRun.log,18828
421423,1790408728390,MpSigStub.log,105504
421423,1790408728406,msedge_installer.log,68015
421423,1790408728406,skin.zip,231625
421423,1790408728406,SYS32_Hardware.exe,32671232
421970,1790408728921,bb3a785178f443fda931098a5a9a306b.db.ses,53
421970,1790408728921,FXSAPIDebugLogFile.txt,0
421970,1790408728921,FXSTIFFDebugLogFile.txt,0
421970,1790408728937,MpCmdRun.log,18828
421970,1790408728937,MpSigStub.log,105504
421970,1790408728937,msedge_installer.log,68015
421970,1790408728953,skin.zip,231625
421970,1790408728953,SYS32_Hardware.exe,32671232
422516,1790408729468,bb3a785178f443fda931098a5a9a306b.db.ses,53
422516,1790408729468,FXSAPIDebugLogFile.txt,0
422516,1790408729468,FXSTIFFDebugLogFile.txt,0
422516,1790408729468,MpCmdRun.log,18828
422516,1790408729484,MpSigStub.log,105504
422516,1790408729484,msedge_installer.log,68015
422516,1790408729499,skin.zip,231625
422516,1790408729499,SYS32_Hardware.exe,32671232
423063,1790408730015,bb3a785178f443fda931098a5a9a306b.db.ses,53
423063,1790408730015,FXSAPIDebugLogFile.txt,0
423063,1790408730015,FXSTIFFDebugLogFile.txt,0
423063,1790408730015,MpCmdRun.log,18828
423063,1790408730031,MpSigStub.log,105504
423063,1790408730031,msedge_installer.log,68015
423063,1790408730046,skin.zip,231625
423063,1790408730046,SYS32_Hardware.exe,32671232
423595,1790408730546,bb3a785178f443fda931098a5a9a306b.db.ses,53
423595,1790408730546,FXSAPIDebugLogFile.txt,0
423595,1790408730546,FXSTIFFDebugLogFile.txt,0
423595,1790408730562,MpCmdRun.log,18828
423595,1790408730562,MpSigStub.log,105504
423595,1790408730578,msedge_installer.log,68015
423595,1790408730578,skin.zip,231625
423595,1790408730593,SYS32_Hardware.exe,32671232
424142,1790408731093,bb3a785178f443fda931098a5a9a306b.db.ses,53
424142,1790408731093,FXSAPIDebugLogFile.txt,0
424142,1790408731093,FXSTIFFDebugLogFile.txt,0
424142,1790408731093,MpCmdRun.log,18828
424142,1790408731109,MpSigStub.log,105504
424142,1790408731109,msedge_installer.log,68015
424142,1790408731124,skin.zip,231625
424142,1790408731124,SYS32_Hardware.exe,32671232
424704,1790408731656,bb3a785178f443fda931098a5a9a306b.db.ses,53
424704,1790408731656,FXSAPIDebugLogFile.txt,0
424704,1790408731656,FXSTIFFDebugLogFile.txt,0
424704,1790408731656,MpCmdRun.log,18828
424704,1790408731671,MpSigStub.log,105504
424704,1790408731671,msedge_installer.log,68015
424704,1790408731687,skin.zip,231625
424704,1790408731687,SYS32_Hardware.exe,32671232
425235,1790408732187,bb3a785178f443fda931098a5a9a306b.db.ses,53
425235,1790408732187,FXSAPIDebugLogFile.txt,0
425235,1790408732187,FXSTIFFDebugLogFile.txt,0
425235,1790408732187,MpCmdRun.log,18828
425235,1790408732203,MpSigStub.log,105504
425235,1790408732203,msedge_installer.log,68015
425235,1790408732203,skin.zip,231625
425235,1790408732218,SYS32_Hardware.exe,32671232
425767,1790408732718,bb3a785178f443fda931098a5a9a306b.db.ses,53
425767,1790408732718,FXSAPIDebugLogFile.txt,0
425767,1790408732718,FXSTIFFDebugLogFile.txt,0
425767,1790408732718,MpCmdRun.log,18828
425767,1790408732734,MpSigStub.log,105504
425767,1790408732734,msedge_installer.log,68015
425767,1790408732749,skin.zip,231625
425767,1790408732749,SYS32_Hardware.exe,32671232
426298,1790408733249,bb3a785178f443fda931098a5a9a306b.db.ses,53
426298,1790408733249,FXSAPIDebugLogFile.txt,0
426298,1790408733249,FXSTIFFDebugLogFile.txt,0
426298,1790408733265,MpCmdRun.log,18828
426298,1790408733265,MpSigStub.log,105504
426298,1790408733281,msedge_installer.log,68015
426298,1790408733281,skin.zip,231625
426298,1790408733296,SYS32_Hardware.exe,32671232
426860,1790408733812,bb3a785178f443fda931098a5a9a306b.db.ses,53
426860,1790408733812,FXSAPIDebugLogFile.txt,0
426860,1790408733812,FXSTIFFDebugLogFile.txt,0
426860,1790408733812,MpCmdRun.log,18828
426860,1790408733828,MpSigStub.log,105504
426860,1790408733828,msedge_installer.log,68015
426860,1790408733843,skin.zip,231625
426860,1790408733843,SYS32_Hardware.exe,32671232
427391,1790408734343,bb3a785178f443fda931098a5a9a306b.db.ses,53
427391,1790408734343,FXSAPIDebugLogFile.txt,0
427391,1790408734343,FXSTIFFDebugLogFile.txt,0
427391,1790408734343,MpCmdRun.log,18828
427391,1790408734359,MpSigStub.log,105504
427391,1790408734359,msedge_installer.log,68015
427391,1790408734359,skin.zip,231625
427391,1790408734374,SYS32_Hardware.exe,32671232
427923,1790408734874,bb3a785178f443fda931098a5a9a306b.db.ses,53
427923,1790408734874,FXSAPIDebugLogFile.txt,0
427923,1790408734874,FXSTIFFDebugLogFile.txt,0
427923,1790408734874,MpCmdRun.log,18828
427923,1790408734890,MpSigStub.log,105504
427923,1790408734890,msedge_installer.log,68015
427923,1790408734890,skin.zip,231625
427923,1790408734906,SYS32_Hardware.exe,32671232
428454,1790408735406,bb3a785178f443fda931098a5a9a306b.db.ses,53
428454,1790408735406,FXSAPIDebugLogFile.txt,0
428454,1790408735406,FXSTIFFDebugLogFile.txt,0
428454,1790408735406,MpCmdRun.log,18828
428454,1790408735421,MpSigStub.log,105504
428454,1790408735421,msedge_installer.log,68015
428454,1790408735421,skin.zip,231625
428454,1790408735437,SYS32_Hardware.exe,32671232
429001,1790408735953,bb3a785178f443fda931098a5a9a306b.db.ses,53
429001,1790408735953,FXSAPIDebugLogFile.txt,0
429001,1790408735953,FXSTIFFDebugLogFile.txt,0
429001,1790408735953,MpCmdRun.log,18828
429001,1790408735968,MpSigStub.log,105504
429001,1790408735968,msedge_installer.log,68015
429001,1790408735984,skin.zip,231625
429001,1790408735984,SYS32_Hardware.exe,32671232
429532,1790408736484,bb3a785178f443fda931098a5a9a306b.db.ses,53
429532,1790408736484,FXSAPIDebugLogFile.txt,0
429532,1790408736484,FXSTIFFDebugLogFile.txt,0
429532,1790408736484,MpCmdRun.log,18828
429532,1790408736499,MpSigStub.log,105504
429532,1790408736499,msedge_installer.log,68015
429532,1790408736515,skin.zip,231625
429532,1790408736515,SYS32_Hardware.exe,32671232
430064,1790408737015,bb3a785178f443fda931098a5a9a306b.db.ses,53
430064,1790408737015,FXSAPIDebugLogFile.txt,0
430064,1790408737015,FXSTIFFDebugLogFile.txt,0
430064,1790408737015,MpCmdRun.log,18828
430064,1790408737031,MpSigStub.log,105504
430064,1790408737031,msedge_installer.log,68015
430064,1790408737046,skin.zip,231625
430064,1790408737046,SYS32_Hardware.exe,32671232
430610,1790408737562,bb3a785178f443fda931098a5a9a306b.db.ses,53
430610,1790408737562,FXSAPIDebugLogFile.txt,0
430610,1790408737562,FXSTIFFDebugLogFile.txt,0
430610,1790408737578,MpCmdRun.log,18828
430610,1790408737578,MpSigStub.log,105504
430610,1790408737578,msedge_installer.log,68015
430610,1790408737593,skin.zip,231625
430610,1790408737593,SYS32_Hardware.exe,32671232
431157,1790408738109,bb3a785178f443fda931098a5a9a306b.db.ses,53
431157,1790408738109,FXSAPIDebugLogFile.txt,0
431157,1790408738109,FXSTIFFDebugLogFile.txt,0
431157,1790408738109,MpCmdRun.log,18828
431157,1790408738124,MpSigStub.log,105504
431157,1790408738124,msedge_installer.log,68015
431157,1790408738140,skin.zip,231625
431157,1790408738140,SYS32_Hardware.exe,32671232
431688,1790408738640,bb3a785178f443fda931098a5a9a306b.db.ses,53
431688,1790408738640,FXSAPIDebugLogFile.txt,0
431688,1790408738640,FXSTIFFDebugLogFile.txt,0
431688,1790408738656,MpCmdRun.log,18828
431688,1790408738656,MpSigStub.log,105504
431688,1790408738671,msedge_installer.log,68015
431688,1790408738671,skin.zip,231625
431688,1790408738687,SYS32_Hardware.exe,32671232
432251,1790408739203,bb3a785178f443fda931098a5a9a306b.db.ses,53
432251,1790408739203,FXSAPIDebugLogFile.txt,0
432251,1790408739218,FXSTIFFDebugLogFile.txt,0
432251,1790408739218,MpCmdRun.log,18828
432251,1790408739234,MpSigStub.log,105504
432251,1790408739234,msedge_installer.log,68015
432251,1790408739249,skin.zip,231625
432251,1790408739265,SYS32_Hardware.exe,32671232
432845,1790408739796,bb3a785178f443fda931098a5a9a306b.db.ses,53
432845,1790408739796,FXSAPIDebugLogFile.txt,0
432845,1790408739796,FXSTIFFDebugLogFile.txt,0
432845,1790408739796,MpCmdRun.log,18828
432845,1790408739812,MpSigStub.log,105504
432845,1790408739812,msedge_installer.log,68015
432845,1790408739828,skin.zip,231625
432845,1790408739828,SYS32_Hardware.exe,32671232
433376,1790408740328,bb3a785178f443fda931098a5a9a306b.db.ses,53
433376,1790408740328,FXSAPIDebugLogFile.txt,0
433376,1790408740328,FXSTIFFDebugLogFile.txt,0
433376,1790408740328,MpCmdRun.log,18828
433376,1790408740343,MpSigStub.log,105504
433376,1790408740343,msedge_installer.log,68015
433376,1790408740359,skin.zip,231625
433376,1790408740359,SYS32_Hardware.exe,32671232
433907,1790408740859,bb3a785178f443fda931098a5a9a306b.db.ses,53
433907,1790408740859,FXSAPIDebugLogFile.txt,0
433907,1790408740859,FXSTIFFDebugLogFile.txt,0
433907,1790408740859,MpCmdRun.log,18828
433907,1790408740874,MpSigStub.log,105504
433907,1790408740874,msedge_installer.log,68015
433907,1790408740890,skin.zip,231625
433907,1790408740890,SYS32_Hardware.exe,32671232
434438,1790408741390,bb3a785178f443fda931098a5a9a306b.db.ses,53
434438,1790408741390,FXSAPIDebugLogFile.txt,0
434438,1790408741390,FXSTIFFDebugLogFile.txt,0
434438,1790408741390,MpCmdRun.log,18828
434438,1790408741406,MpSigStub.log,105504
434438,1790408741406,msedge_installer.log,68015
434438,1790408741421,skin.zip,231625
434438,1790408741421,SYS32_Hardware.exe,32671232
434985,1790408741937,bb3a785178f443fda931098a5a9a306b.db.ses,53
434985,1790408741937,FXSAPIDebugLogFile.txt,0
434985,1790408741937,FXSTIFFDebugLogFile.txt,0
434985,1790408741937,MpCmdRun.log,18828
434985,1790408741953,MpSigStub.log,105504
434985,1790408741953,msedge_installer.log,68015
434985,1790408741968,skin.zip,231625
434985,1790408741968,SYS32_Hardware.exe,32671232
435517,1790408742468,bb3a785178f443fda931098a5a9a306b.db.ses,53
435517,1790408742468,FXSAPIDebugLogFile.txt,0
435517,1790408742468,FXSTIFFDebugLogFile.txt,0
435517,1790408742468,MpCmdRun.log,18828
435517,1790408742484,MpSigStub.log,105504
435517,1790408742484,msedge_installer.log,68015
435517,1790408742484,skin.zip,231625
435517,1790408742499,SYS32_Hardware.exe,32671232
436048,1790408742999,bb3a785178f443fda931098a5a9a306b.db.ses,53
436048,1790408742999,FXSAPIDebugLogFile.txt,0
436048,1790408742999,FXSTIFFDebugLogFile.txt,0
436048,1790408742999,MpCmdRun.log,18828
436048,1790408743015,MpSigStub.log,105504
436048,1790408743015,msedge_installer.log,68015
436048,1790408743015,skin.zip,231625
436048,1790408743031,SYS32_Hardware.exe,32671232
436595,1790408743546,bb3a785178f443fda931098a5a9a306b.db.ses,53
436595,1790408743546,FXSAPIDebugLogFile.txt,0
436595,1790408743546,FXSTIFFDebugLogFile.txt,0
436595,1790408743546,MpCmdRun.log,18828
436595,1790408743562,MpSigStub.log,105504
436595,1790408743562,msedge_installer.log,68015
436595,1790408743562,skin.zip,231625
436595,1790408743578,SYS32_Hardware.exe,32671232
437126,1790408744078,bb3a785178f443fda931098a5a9a306b.db.ses,53
437126,1790408744078,FXSAPIDebugLogFile.txt,0
437126,1790408744078,FXSTIFFDebugLogFile.txt,0
437126,1790408744078,MpCmdRun.log,18828
437126,1790408744093,MpSigStub.log,105504
437126,1790408744093,msedge_installer.log,68015
437126,1790408744093,skin.zip,231625
437126,1790408744109,SYS32_Hardware.exe,32671232
437657,1790408744609,bb3a785178f443fda931098a5a9a306b.db.ses,53
437657,1790408744609,FXSAPIDebugLogFile.txt,0
437657,1790408744609,FXSTIFFDebugLogFile.txt,0
437657,1790408744609,MpCmdRun.log,18828
437657,1790408744624,MpSigStub.log,105504
437657,1790408744624,msedge_installer.log,68015
437657,1790408744640,skin.zip,231625
437657,1790408744640,SYS32_Hardware.exe,32671232
438188,1790408745140,bb3a785178f443fda931098a5a9a306b.db.ses,53
438188,1790408745140,FXSAPIDebugLogFile.txt,0
438188,1790408745140,FXSTIFFDebugLogFile.txt,0
438188,1790408745140,MpCmdRun.log,18828
438188,1790408745156,MpSigStub.log,105504
438188,1790408745156,msedge_installer.log,68015
438188,1790408745171,skin.zip,231625
438188,1790408745171,SYS32_Hardware.exe,32671232
438735,1790408745687,bb3a785178f443fda931098a5a9a306b.db.ses,53
438735,1790408745687,FXSAPIDebugLogFile.txt,0
438735,1790408745687,FXSTIFFDebugLogFile.txt,0
438735,1790408745703,MpCmdRun.log,18828
438735,1790408745703,MpSigStub.log,105504
438735,1790408745703,msedge_installer.log,68015
438735,1790408745718,skin.zip,231625
438735,1790408745718,SYS32_Hardware.exe,32671232
439266,1790408746218,bb3a785178f443fda931098a5a9a306b.db.ses,53
439266,1790408746218,FXSAPIDebugLogFile.txt,0
439266,1790408746218,FXSTIFFDebugLogFile.txt,0
439266,1790408746234,MpCmdRun.log,18828
439266,1790408746234,MpSigStub.log,105504
439266,1790408746234,msedge_installer.log,68015
439266,1790408746249,skin.zip,231625
439266,1790408746249,SYS32_Hardware.exe,32671232
439798,1790408746749,bb3a785178f443fda931098a5a9a306b.db.ses,53
439798,1790408746749,FXSAPIDebugLogFile.txt,0
439798,1790408746749,FXSTIFFDebugLogFile.txt,0
439798,1790408746749,MpCmdRun.log,18828
439798,1790408746765,MpSigStub.log,105504
439798,1790408746765,msedge_installer.log,68015
439798,1790408746781,skin.zip,231625
439798,1790408746781,SYS32_Hardware.exe,32671232
440329,1790408747281,bb3a785178f443fda931098a5a9a306b.db.ses,53
440329,1790408747281,FXSAPIDebugLogFile.txt,0
440329,1790408747281,FXSTIFFDebugLogFile.txt,0
440329,1790408747281,MpCmdRun.log,18828
440329,1790408747296,MpSigStub.log,105504
440329,1790408747296,msedge_installer.log,68015
440329,1790408747312,skin.zip,231625
440329,1790408747312,SYS32_Hardware.exe,32671232
440876,1790408747828,bb3a785178f443fda931098a5a9a306b.db.ses,53
440876,1790408747828,FXSAPIDebugLogFile.txt,0
440876,1790408747828,FXSTIFFDebugLogFile.txt,0
440876,1790408747843,MpCmdRun.log,18828
440876,1790408747843,MpSigStub.log,105504
440876,1790408747843,msedge_installer.log,68015
440876,1790408747859,skin.zip,231625
440876,1790408747859,SYS32_Hardware.exe,32671232
441438,1790408748390,bb3a785178f443fda931098a5a9a306b.db.ses,53
441438,1790408748390,FXSAPIDebugLogFile.txt,0
441438,1790408748390,FXSTIFFDebugLogFile.txt,0
441438,1790408748390,MpCmdRun.log,18828
441438,1790408748406,MpSigStub.log,105504
441438,1790408748406,msedge_installer.log,68015
441438,1790408748421,skin.zip,231625
441438,1790408748421,SYS32_Hardware.exe,32671232
441970,1790408748921,bb3a785178f443fda931098a5a9a306b.db.ses,53
441970,1790408748921,FXSAPIDebugLogFile.txt,0
441970,1790408748937,FXSTIFFDebugLogFile.txt,0
441970,1790408748937,MpCmdRun.log,18828
441970,1790408748953,MpSigStub.log,105504
441970,1790408748953,msedge_installer.log,68015
441970,1790408748953,skin.zip,231625
441970,1790408748968,SYS32_Hardware.exe,32671232
442532,1790408749484,bb3a785178f443fda931098a5a9a306b.db.ses,53
442532,1790408749484,FXSAPIDebugLogFile.txt,0
442532,1790408749484,FXSTIFFDebugLogFile.txt,0
442532,1790408749484,MpCmdRun.log,18828
442532,1790408749499,MpSigStub.log,105504
442532,1790408749499,msedge_installer.log,68015
442532,1790408749515,skin.zip,231625
442532,1790408749515,SYS32_Hardware.exe,32671232
443079,1790408750031,bb3a785178f443fda931098a5a9a306b.db.ses,53
443079,1790408750031,FXSAPIDebugLogFile.txt,0
443079,1790408750031,FXSTIFFDebugLogFile.txt,0
443079,1790408750031,MpCmdRun.log,18828
443079,1790408750046,MpSigStub.log,105504
443079,1790408750046,msedge_installer.log,68015
443079,1790408750062,skin.zip,231625
443079,1790408750062,SYS32_Hardware.exe,32671232
443610,1790408750562,bb3a785178f443fda931098a5a9a306b.db.ses,53
443610,1790408750562,FXSAPIDebugLogFile.txt,0
443610,1790408750562,FXSTIFFDebugLogFile.txt,0
443610,1790408750562,MpCmdRun.log,18828
443610,1790408750578,MpSigStub.log,105504
443610,1790408750578,msedge_installer.log,68015
443610,1790408750593,skin.zip,231625
443610,1790408750593,SYS32_Hardware.exe,32671232
444142,1790408751093,bb3a785178f443fda931098a5a9a306b.db.ses,53
444142,1790408751093,FXSAPIDebugLogFile.txt,0
444142,1790408751093,FXSTIFFDebugLogFile.txt,0
444142,1790408751109,MpCmdRun.log,18828
444142,1790408751109,MpSigStub.log,105504
444142,1790408751124,msedge_installer.log,68015
444142,1790408751124,skin.zip,231625
444142,1790408751124,SYS32_Hardware.exe,32671232
444688,1790408751640,bb3a785178f443fda931098a5a9a306b.db.ses,53
444688,1790408751640,FXSAPIDebugLogFile.txt,0
444688,1790408751640,FXSTIFFDebugLogFile.txt,0
444688,1790408751640,MpCmdRun.log,18828
444688,1790408751656,MpSigStub.log,105504
444688,1790408751656,msedge_installer.log,68015
444688,1790408751671,skin.zip,231625
444688,1790408751687,SYS32_Hardware.exe,32671232
445235,1790408752187,bb3a785178f443fda931098a5a9a306b.db.ses,53
445235,1790408752187,FXSAPIDebugLogFile.txt,0
445235,1790408752187,FXSTIFFDebugLogFile.txt,0
445235,1790408752203,MpCmdRun.log,18828
445235,1790408752203,MpSigStub.log,105504
445235,1790408752203,msedge_installer.log,68015
445235,1790408752218,skin.zip,231625
445235,1790408752218,SYS32_Hardware.exe,32671232
445766,1790408752718,bb3a785178f443fda931098a5a9a306b.db.ses,53
445766,1790408752718,FXSAPIDebugLogFile.txt,0
445766,1790408752718,FXSTIFFDebugLogFile.txt,0
445766,1790408752718,MpCmdRun.log,18828
445766,1790408752734,MpSigStub.log,105504
445766,1790408752734,msedge_installer.log,68015
445766,1790408752749,skin.zip,231625
445766,1790408752749,SYS32_Hardware.exe,32671232
446313,1790408753265,bb3a785178f443fda931098a5a9a306b.db.ses,53
446313,1790408753265,FXSAPIDebugLogFile.txt,0
446313,1790408753265,FXSTIFFDebugLogFile.txt,0
446313,1790408753281,MpCmdRun.log,18828
446313,1790408753281,MpSigStub.log,105504
446313,1790408753296,msedge_installer.log,68015
446313,1790408753296,skin.zip,231625
446313,1790408753312,SYS32_Hardware.exe,32671232
446876,1790408753828,bb3a785178f443fda931098a5a9a306b.db.ses,53
446876,1790408753828,FXSAPIDebugLogFile.txt,0
446876,1790408753828,FXSTIFFDebugLogFile.txt,0
446876,1790408753843,MpCmdRun.log,18828
446876,1790408753843,MpSigStub.log,105504
446876,1790408753843,msedge_installer.log,68015
446876,1790408753859,skin.zip,231625
446876,1790408753859,SYS32_Hardware.exe,32671232
447408,1790408754359,bb3a785178f443fda931098a5a9a306b.db.ses,53
447408,1790408754359,FXSAPIDebugLogFile.txt,0
447408,1790408754375,FXSTIFFDebugLogFile.txt,0
447408,1790408754375,MpCmdRun.log,18828
447408,1790408754390,MpSigStub.log,105504
447408,1790408754406,msedge_installer.log,68015
447408,1790408754406,skin.zip,231625
447408,1790408754421,SYS32_Hardware.exe,32671232
447970,1790408754921,bb3a785178f443fda931098a5a9a306b.db.ses,53
447970,1790408754921,FXSAPIDebugLogFile.txt,0
447970,1790408754921,FXSTIFFDebugLogFile.txt,0
447970,1790408754937,MpCmdRun.log,18828
447970,1790408754937,MpSigStub.log,105504
447970,1790408754953,msedge_installer.log,68015
447970,1790408754953,skin.zip,231625
447970,1790408754968,SYS32_Hardware.exe,32671232
448532,1790408755484,bb3a785178f443fda931098a5a9a306b.db.ses,53
448532,1790408755484,FXSAPIDebugLogFile.txt,0
448532,1790408755484,FXSTIFFDebugLogFile.txt,0
448532,1790408755499,MpCmdRun.log,18828
448532,1790408755499,MpSigStub.log,105504
448532,1790408755515,msedge_installer.log,68015
448532,1790408755515,skin.zip,231625
448532,1790408755515,SYS32_Hardware.exe,32671232
449095,1790408756046,bb3a785178f443fda931098a5a9a306b.db.ses,53
449095,1790408756046,FXSAPIDebugLogFile.txt,0
449095,1790408756046,FXSTIFFDebugLogFile.txt,0
449095,1790408756062,MpCmdRun.log,18828
449095,1790408756062,MpSigStub.log,105504
449095,1790408756078,msedge_installer.log,68015
449095,1790408756078,skin.zip,231625
449095,1790408756078,SYS32_Hardware.exe,32671232
449657,1790408756609,bb3a785178f443fda931098a5a9a306b.db.ses,53
449657,1790408756609,FXSAPIDebugLogFile.txt,0
449657,1790408756609,FXSTIFFDebugLogFile.txt,0
449657,1790408756624,MpCmdRun.log,18828
449657,1790408756624,MpSigStub.log,105504
449657,1790408756640,msedge_installer.log,68015
449657,1790408756640,skin.zip,231625
449657,1790408756656,SYS32_Hardware.exe,32671232
450204,1790408757156,bb3a785178f443fda931098a5a9a306b.db.ses,53
450204,1790408757156,FXSAPIDebugLogFile.txt,0
450204,1790408757156,FXSTIFFDebugLogFile.txt,0
450204,1790408757171,MpCmdRun.log,18828
450204,1790408757171,MpSigStub.log,105504
450204,1790408757187,msedge_installer.log,68015
450204,1790408757187,skin.zip,231625
450204,1790408757203,SYS32_Hardware.exe,32671232
450767,1790408757718,bb3a785178f443fda931098a5a9a306b.db.ses,53
450767,1790408757718,FXSAPIDebugLogFile.txt,0
450767,1790408757734,FXSTIFFDebugLogFile.txt,0
450767,1790408757749,MpCmdRun.log,18828
450767,1790408757765,MpSigStub.log,105504
450767,1790408757781,msedge_installer.log,68015
450767,1790408757781,skin.zip,231625
450767,1790408757796,SYS32_Hardware.exe,32671232
451345,1790408758296,bb3a785178f443fda931098a5a9a306b.db.ses,53
451345,1790408758296,FXSAPIDebugLogFile.txt,0
451345,1790408758296,FXSTIFFDebugLogFile.txt,0
451345,1790408758312,MpCmdRun.log,18828
451345,1790408758312,MpSigStub.log,105504
451345,1790408758328,msedge_installer.log,68015
451345,1790408758328,skin.zip,231625
451345,1790408758343,SYS32_Hardware.exe,32671232
451907,1790408758859,bb3a785178f443fda931098a5a9a306b.db.ses,53
451907,1790408758859,FXSAPIDebugLogFile.txt,0
451907,1790408758859,FXSTIFFDebugLogFile.txt,0
451907,1790408758874,MpCmdRun.log,18828
451907,1790408758890,MpSigStub.log,105504
451907,1790408758890,msedge_installer.log,68015
451907,1790408758906,skin.zip,231625
451907,1790408758906,SYS32_Hardware.exe,32671232
452470,1790408759421,bb3a785178f443fda931098a5a9a306b.db.ses,53
452470,1790408759421,FXSAPIDebugLogFile.txt,0
452470,1790408759421,FXSTIFFDebugLogFile.txt,0
452470,1790408759437,MpCmdRun.log,18828
452470,1790408759437,MpSigStub.log,105504
452470,1790408759453,msedge_installer.log,68015
452470,1790408759468,skin.zip,231625
452470,1790408759468,SYS32_Hardware.exe,32671232
453032,1790408759984,bb3a785178f443fda931098a5a9a306b.db.ses,53
453032,1790408759984,FXSAPIDebugLogFile.txt,0
453032,1790408759984,FXSTIFFDebugLogFile.txt,0
453032,1790408759999,MpCmdRun.log,18828
453032,1790408760015,MpSigStub.log,105504
453032,1790408760031,msedge_installer.log,68015
453032,1790408760046,skin.zip,231625
453032,1790408760062,SYS32_Hardware.exe,32671232
453610,1790408760562,bb3a785178f443fda931098a5a9a306b.db.ses,53
453610,1790408760562,FXSAPIDebugLogFile.txt,0
453610,1790408760562,FXSTIFFDebugLogFile.txt,0
453610,1790408760578,MpCmdRun.log,18828
453610,1790408760578,MpSigStub.log,105504
453610,1790408760593,msedge_installer.log,68015
453610,1790408760593,skin.zip,231625
453610,1790408760609,SYS32_Hardware.exe,32671232
454157,1790408761109,bb3a785178f443fda931098a5a9a306b.db.ses,53
454157,1790408761109,FXSAPIDebugLogFile.txt,0
454157,1790408761109,FXSTIFFDebugLogFile.txt,0
454157,1790408761124,MpCmdRun.log,18828
454157,1790408761124,MpSigStub.log,105504
454157,1790408761140,msedge_installer.log,68015
454157,1790408761140,skin.zip,231625
454157,1790408761156,SYS32_Hardware.exe,32671232
454720,1790408761671,bb3a785178f443fda931098a5a9a306b.db.ses,53
454720,1790408761671,FXSAPIDebugLogFile.txt,0
454720,1790408761687,FXSTIFFDebugLogFile.txt,0
454720,1790408761687,MpCmdRun.log,18828
454720,1790408761703,MpSigStub.log,105504
454720,1790408761703,msedge_installer.log,68015
454720,1790408761718,skin.zip,231625
454720,1790408761734,SYS32_Hardware.exe,32671232
455282,1790408762234,bb3a785178f443fda931098a5a9a306b.db.ses,53
455282,1790408762234,FXSAPIDebugLogFile.txt,0
455282,1790408762234,FXSTIFFDebugLogFile.txt,0
455282,1790408762249,MpCmdRun.log,18828
455282,1790408762249,MpSigStub.log,105504
455282,1790408762265,msedge_installer.log,68015
455282,1790408762265,skin.zip,231625
455282,1790408762281,SYS32_Hardware.exe,32671232
455845,1790408762796,bb3a785178f443fda931098a5a9a306b.db.ses,53
455845,1790408762796,FXSAPIDebugLogFile.txt,0
455845,1790408762796,FXSTIFFDebugLogFile.txt,0
455845,1790408762796,MpCmdRun.log,18828
455845,1790408762812,MpSigStub.log,105504
455845,1790408762828,msedge_installer.log,68015
455845,1790408762828,skin.zip,231625
455845,1790408762843,SYS32_Hardware.exe,32671232
456392,1790408763343,bb3a785178f443fda931098a5a9a306b.db.ses,53
456392,1790408763343,FXSAPIDebugLogFile.txt,0
456392,1790408763359,FXSTIFFDebugLogFile.txt,0
456392,1790408763359,MpCmdRun.log,18828
456392,1790408763374,MpSigStub.log,105504
456392,1790408763390,msedge_installer.log,68015
456392,1790408763406,skin.zip,231625
456392,1790408763406,SYS32_Hardware.exe,32671232
456986,1790408763937,bb3a785178f443fda931098a5a9a306b.db.ses,53
456986,1790408763937,FXSAPIDebugLogFile.txt,0
456986,1790408763937,FXSTIFFDebugLogFile.txt,0
456986,1790408763953,MpCmdRun.log,18828
456986,1790408763953,MpSigStub.log,105504
456986,1790408763968,msedge_installer.log,68015
456986,1790408763968,skin.zip,231625
456986,1790408763984,SYS32_Hardware.exe,32671232
457532,1790408764484,bb3a785178f443fda931098a5a9a306b.db.ses,53
457532,1790408764484,FXSAPIDebugLogFile.txt,0
457532,1790408764484,FXSTIFFDebugLogFile.txt,0
457532,1790408764499,MpCmdRun.log,18828
457532,1790408764499,MpSigStub.log,105504
457532,1790408764515,msedge_installer.log,68015
457532,1790408764515,skin.zip,231625
457532,1790408764531,SYS32_Hardware.exe,32671232
458079,1790408765031,bb3a785178f443fda931098a5a9a306b.db.ses,53
458079,1790408765031,FXSAPIDebugLogFile.txt,0
458079,1790408765031,FXSTIFFDebugLogFile.txt,0
458079,1790408765046,MpCmdRun.log,18828
458079,1790408765046,MpSigStub.log,105504
458079,1790408765062,msedge_installer.log,68015
458079,1790408765062,skin.zip,231625
458079,1790408765078,SYS32_Hardware.exe,32671232
458642,1790408765593,bb3a785178f443fda931098a5a9a306b.db.ses,53
458642,1790408765593,FXSAPIDebugLogFile.txt,0
458642,1790408765593,FXSTIFFDebugLogFile.txt,0
458642,1790408765609,MpCmdRun.log,18828
458642,1790408765609,MpSigStub.log,105504
458642,1790408765624,msedge_installer.log,68015
458642,1790408765624,skin.zip,231625
458642,1790408765640,SYS32_Hardware.exe,32671232
459188,1790408766140,bb3a785178f443fda931098a5a9a306b.db.ses,53
459188,1790408766140,FXSAPIDebugLogFile.txt,0
459188,1790408766156,FXSTIFFDebugLogFile.txt,0
459188,1790408766156,MpCmdRun.log,18828
459188,1790408766171,MpSigStub.log,105504
459188,1790408766171,msedge_installer.log,68015
459188,1790408766171,skin.zip,231625
459188,1790408766187,SYS32_Hardware.exe,32671232
459751,1790408766703,bb3a785178f443fda931098a5a9a306b.db.ses,53
459751,1790408766703,FXSAPIDebugLogFile.txt,0
459751,1790408766703,FXSTIFFDebugLogFile.txt,0
459751,1790408766718,MpCmdRun.log,18828
459751,1790408766718,MpSigStub.log,105504
459751,1790408766718,msedge_installer.log,68015
459751,1790408766734,skin.zip,231625
459751,1790408766734,SYS32_Hardware.exe,32671232
460298,1790408767249,bb3a785178f443fda931098a5a9a306b.db.ses,53
460298,1790408767249,FXSAPIDebugLogFile.txt,0
460298,1790408767249,FXSTIFFDebugLogFile.txt,0
460298,1790408767249,MpCmdRun.log,18828
460298,1790408767265,MpSigStub.log,105504
460298,1790408767281,msedge_installer.log,68015
460298,1790408767281,skin.zip,231625
460298,1790408767281,SYS32_Hardware.exe,32671232
460845,1790408767796,bb3a785178f443fda931098a5a9a306b.db.ses,53
460845,1790408767796,FXSAPIDebugLogFile.txt,0
460845,1790408767796,FXSTIFFDebugLogFile.txt,0
460845,1790408767796,MpCmdRun.log,18828
460845,1790408767812,MpSigStub.log,105504
460845,1790408767812,msedge_installer.log,68015
460845,1790408767828,skin.zip,231625
460845,1790408767828,SYS32_Hardware.exe,32671232
461376,1790408768328,bb3a785178f443fda931098a5a9a306b.db.ses,53
461376,1790408768328,FXSAPIDebugLogFile.txt,0
461376,1790408768328,FXSTIFFDebugLogFile.txt,0
461376,1790408768343,MpCmdRun.log,18828
461376,1790408768359,MpSigStub.log,105504
461376,1790408768359,msedge_installer.log,68015
461376,1790408768374,skin.zip,231625
461376,1790408768374,SYS32_Hardware.exe,32671232
461939,1790408768890,bb3a785178f443fda931098a5a9a306b.db.ses,53
461939,1790408768890,FXSAPIDebugLogFile.txt,0
461939,1790408768890,FXSTIFFDebugLogFile.txt,0
461939,1790408768906,MpCmdRun.log,18828
461939,1790408768906,MpSigStub.log,105504
461939,1790408768921,msedge_installer.log,68015
461939,1790408768937,skin.zip,231625
461939,1790408768937,SYS32_Hardware.exe,32671232
462501,1790408769453,bb3a785178f443fda931098a5a9a306b.db.ses,53
462501,1790408769453,FXSAPIDebugLogFile.txt,0
462501,1790408769468,FXSTIFFDebugLogFile.txt,0
462501,1790408769468,MpCmdRun.log,18828
462501,1790408769484,MpSigStub.log,105504
462501,1790408769499,msedge_installer.log,68015
462501,1790408769499,skin.zip,231625
462501,1790408769515,SYS32_Hardware.exe,32671232
463095,1790408770046,bb3a785178f443fda931098a5a9a306b.db.ses,53
463095,1790408770046,FXSAPIDebugLogFile.txt,0
463095,1790408770046,FXSTIFFDebugLogFile.txt,0
463095,1790408770062,MpCmdRun.log,18828
463095,1790408770062,MpSigStub.log,105504
463095,1790408770062,msedge_installer.log,68015
463095,1790408770078,skin.zip,231625
463095,1790408770078,SYS32_Hardware.exe,32671232
463641,1790408770593,bb3a785178f443fda931098a5a9a306b.db.ses,53
463641,1790408770593,FXSAPIDebugLogFile.txt,0
463641,1790408770593,FXSTIFFDebugLogFile.txt,0
463641,1790408770593,MpCmdRun.log,18828
463641,1790408770609,MpSigStub.log,105504
463641,1790408770609,msedge_installer.log,68015
463641,1790408770624,skin.zip,231625
463641,1790408770624,SYS32_Hardware.exe,32671232
464173,1790408771125,bb3a785178f443fda931098a5a9a306b.db.ses,53
464173,1790408771125,FXSAPIDebugLogFile.txt,0
464173,1790408771125,FXSTIFFDebugLogFile.txt,0
464173,1790408771140,MpCmdRun.log,18828
464173,1790408771156,MpSigStub.log,105504
464173,1790408771156,msedge_installer.log,68015
464173,1790408771171,skin.zip,231625
464173,1790408771171,SYS32_Hardware.exe,32671232
464751,1790408771703,bb3a785178f443fda931098a5a9a306b.db.ses,53
464751,1790408771703,FXSAPIDebugLogFile.txt,0
464751,1790408771718,FXSTIFFDebugLogFile.txt,0
464751,1790408771718,MpCmdRun.log,18828
464751,1790408771734,MpSigStub.log,105504
464751,1790408771734,msedge_installer.log,68015
464751,1790408771749,skin.zip,231625
464751,1790408771765,SYS32_Hardware.exe,32671232
465313,1790408772265,bb3a785178f443fda931098a5a9a306b.db.ses,53
465313,1790408772265,FXSAPIDebugLogFile.txt,0
465313,1790408772265,FXSTIFFDebugLogFile.txt,0
465313,1790408772281,MpCmdRun.log,18828
465313,1790408772281,MpSigStub.log,105504
465313,1790408772296,msedge_installer.log,68015
465313,1790408772296,skin.zip,231625
465313,1790408772296,SYS32_Hardware.exe,32671232
465860,1790408772812,bb3a785178f443fda931098a5a9a306b.db.ses,53
465860,1790408772812,FXSAPIDebugLogFile.txt,0
465860,1790408772812,FXSTIFFDebugLogFile.txt,0
465860,1790408772828,MpCmdRun.log,18828
465860,1790408772828,MpSigStub.log,105504
465860,1790408772843,msedge_installer.log,68015
465860,1790408772843,skin.zip,231625
465860,1790408772859,SYS32_Hardware.exe,32671232
466407,1790408773359,bb3a785178f443fda931098a5a9a306b.db.ses,53
466407,1790408773359,FXSAPIDebugLogFile.txt,0
466407,1790408773359,FXSTIFFDebugLogFile.txt,0
466407,1790408773374,MpCmdRun.log,18828
466407,1790408773374,MpSigStub.log,105504
466407,1790408773390,msedge_installer.log,68015
466407,1790408773390,skin.zip,231625
466407,1790408773406,SYS32_Hardware.exe,32671232
466985,1790408773937,bb3a785178f443fda931098a5a9a306b.db.ses,53
466985,1790408773937,FXSAPIDebugLogFile.txt,0
466985,1790408773937,FXSTIFFDebugLogFile.txt,0
466985,1790408773937,MpCmdRun.log,18828
466985,1790408773953,MpSigStub.log,105504
466985,1790408773953,msedge_installer.log,68015
466985,1790408773968,skin.zip,231625
466985,1790408773968,SYS32_Hardware.exe,32671232
467517,1790408774468,bb3a785178f443fda931098a5a9a306b.db.ses,53
467517,1790408774468,FXSAPIDebugLogFile.txt,0
467517,1790408774468,FXSTIFFDebugLogFile.txt,0
467517,1790408774468,MpCmdRun.log,18828
467517,1790408774484,MpSigStub.log,105504
467517,1790408774484,msedge_installer.log,68015
467517,1790408774499,skin.zip,231625
467517,1790408774499,SYS32_Hardware.exe,32671232
468063,1790408775015,bb3a785178f443fda931098a5a9a306b.db.ses,53
468063,1790408775015,FXSAPIDebugLogFile.txt,0
468063,1790408775015,FXSTIFFDebugLogFile.txt,0
468063,1790408775031,MpCmdRun.log,18828
468063,1790408775031,MpSigStub.log,105504
468063,1790408775031,msedge_installer.log,68015
468063,1790408775046,skin.zip,231625
468063,1790408775046,SYS32_Hardware.exe,32671232
468611,1790408775562,bb3a785178f443fda931098a5a9a306b.db.ses,53
468611,1790408775562,FXSAPIDebugLogFile.txt,0
468611,1790408775562,FXSTIFFDebugLogFile.txt,0
468611,1790408775578,MpCmdRun.log,18828
468611,1790408775578,MpSigStub.log,105504
468611,1790408775593,msedge_installer.log,68015
468611,1790408775593,skin.zip,231625
468611,1790408775624,SYS32_Hardware.exe,32671232
469204,1790408776156,bb3a785178f443fda931098a5a9a306b.db.ses,53
469204,1790408776156,FXSAPIDebugLogFile.txt,0
469204,1790408776156,FXSTIFFDebugLogFile.txt,0
469204,1790408776171,MpCmdRun.log,18828
469204,1790408776171,MpSigStub.log,105504
469204,1790408776187,msedge_installer.log,68015
469204,1790408776187,skin.zip,231625
469204,1790408776203,SYS32_Hardware.exe,32671232
469751,1790408776703,bb3a785178f443fda931098a5a9a306b.db.ses,53
469751,1790408776703,FXSAPIDebugLogFile.txt,0
469751,1790408776703,FXSTIFFDebugLogFile.txt,0
469751,1790408776718,MpCmdRun.log,18828
469751,1790408776734,MpSigStub.log,105504
469751,1790408776749,msedge_installer.log,68015
469751,1790408776749,skin.zip,231625
469751,1790408776765,SYS32_Hardware.exe,32671232
470313,1790408777265,bb3a785178f443fda931098a5a9a306b.db.ses,53
470313,1790408777265,FXSAPIDebugLogFile.txt,0
470313,1790408777265,FXSTIFFDebugLogFile.txt,0
470313,1790408777281,MpCmdRun.log,18828
470313,1790408777296,MpSigStub.log,105504
470313,1790408777312,msedge_installer.log,68015
470313,1790408777328,skin.zip,231625
470313,1790408777328,SYS32_Hardware.exe,32671232
470892,1790408777843,bb3a785178f443fda931098a5a9a306b.db.ses,53
470892,1790408777843,FXSAPIDebugLogFile.txt,0
470892,1790408777843,FXSTIFFDebugLogFile.txt,0
470892,1790408777859,MpCmdRun.log,18828
470892,1790408777874,MpSigStub.log,105504
470892,1790408777874,msedge_installer.log,68015
470892,1790408777890,skin.zip,231625
470892,1790408777906,SYS32_Hardware.exe,32671232
471454,1790408778406,bb3a785178f443fda931098a5a9a306b.db.ses,53
471454,1790408778406,FXSAPIDebugLogFile.txt,0
471454,1790408778406,FXSTIFFDebugLogFile.txt,0
471454,1790408778421,MpCmdRun.log,18828
471454,1790408778421,MpSigStub.log,105504
471454,1790408778437,msedge_installer.log,68015
471454,1790408778453,skin.zip,231625
471454,1790408778453,SYS32_Hardware.exe,32671232
472009,1790408778953,bb3a785178f443fda931098a5a9a306b.db.ses,53
472009,1790408778953,FXSAPIDebugLogFile.txt,0
472009,1790408778968,FXSTIFFDebugLogFile.txt,0
472009,1790408778968,MpCmdRun.log,18828
472009,1790408778984,MpSigStub.log,105504
472009,1790408778984,msedge_installer.log,68015
472009,1790408778999,skin.zip,231625
472009,1790408778999,SYS32_Hardware.exe,32671232
472579,1790408779531,bb3a785178f443fda931098a5a9a306b.db.ses,53
472579,1790408779531,FXSAPIDebugLogFile.txt,0
472579,1790408779531,FXSTIFFDebugLogFile.txt,0
472579,1790408779546,MpCmdRun.log,18828
472579,1790408779546,MpSigStub.log,105504
472579,1790408779562,msedge_installer.log,68015
472579,1790408779562,skin.zip,231625
472579,1790408779562,SYS32_Hardware.exe,32671232
473126,1790408780078,bb3a785178f443fda931098a5a9a306b.db.ses,53
473126,1790408780078,FXSAPIDebugLogFile.txt,0
473126,1790408780078,FXSTIFFDebugLogFile.txt,0
473126,1790408780093,MpCmdRun.log,18828
473126,1790408780093,MpSigStub.log,105504
473126,1790408780093,msedge_installer.log,68015
473126,1790408780109,skin.zip,231625
473126,1790408780109,SYS32_Hardware.exe,32671232
473673,1790408780624,bb3a785178f443fda931098a5a9a306b.db.ses,53
473673,1790408780624,FXSAPIDebugLogFile.txt,0
473673,1790408780624,FXSTIFFDebugLogFile.txt,0
473673,1790408780640,MpCmdRun.log,18828
473673,1790408780640,MpSigStub.log,105504
473673,1790408780656,msedge_installer.log,68015
473673,1790408780656,skin.zip,231625
473673,1790408780671,SYS32_Hardware.exe,32671232
474220,1790408781171,bb3a785178f443fda931098a5a9a306b.db.ses,53
474220,1790408781171,FXSAPIDebugLogFile.txt,0
474220,1790408781171,FXSTIFFDebugLogFile.txt,0
474220,1790408781187,MpCmdRun.log,18828
474220,1790408781187,MpSigStub.log,105504
474220,1790408781203,msedge_installer.log,68015
474220,1790408781203,skin.zip,231625
474220,1790408781203,SYS32_Hardware.exe,32671232
474782,1790408781734,bb3a785178f443fda931098a5a9a306b.db.ses,53
474782,1790408781734,FXSAPIDebugLogFile.txt,0
474782,1790408781734,FXSTIFFDebugLogFile.txt,0
474782,1790408781749,MpCmdRun.log,18828
474782,1790408781749,MpSigStub.log,105504
474782,1790408781765,msedge_installer.log,68015
474782,1790408781765,skin.zip,231625
474782,1790408781781,SYS32_Hardware.exe,32671232
475329,1790408782281,bb3a785178f443fda931098a5a9a306b.db.ses,53
475329,1790408782281,FXSAPIDebugLogFile.txt,0
475329,1790408782296,FXSTIFFDebugLogFile.txt,0
475329,1790408782312,MpCmdRun.log,18828
475329,1790408782328,MpSigStub.log,105504
475329,1790408782328,msedge_installer.log,68015
475329,1790408782343,skin.zip,231625
475329,1790408782359,SYS32_Hardware.exe,32671232
475907,1790408782859,bb3a785178f443fda931098a5a9a306b.db.ses,53
475907,1790408782859,FXSAPIDebugLogFile.txt,0
475907,1790408782859,FXSTIFFDebugLogFile.txt,0
475907,1790408782874,MpCmdRun.log,18828
475907,1790408782874,MpSigStub.log,105504
475907,1790408782890,msedge_installer.log,68015
475907,1790408782890,skin.zip,231625
475907,1790408782906,SYS32_Hardware.exe,32671232
476454,1790408783406,bb3a785178f443fda931098a5a9a306b.db.ses,53
476454,1790408783406,FXSAPIDebugLogFile.txt,0
476454,1790408783406,FXSTIFFDebugLogFile.txt,0
476454,1790408783421,MpCmdRun.log,18828
476454,1790408783421,MpSigStub.log,105504
476454,1790408783421,msedge_installer.log,68015
476454,1790408783437,skin.zip,231625
476454,1790408783437,SYS32_Hardware.exe,32671232
477017,1790408783968,bb3a785178f443fda931098a5a9a306b.db.ses,53
477017,1790408783968,FXSAPIDebugLogFile.txt,0
477017,1790408783968,FXSTIFFDebugLogFile.txt,0
477017,1790408783984,MpCmdRun.log,18828
477017,1790408783984,MpSigStub.log,105504
477017,1790408783999,msedge_installer.log,68015
477017,1790408783999,skin.zip,231625
477017,1790408784015,SYS32_Hardware.exe,32671232
477563,1790408784515,bb3a785178f443fda931098a5a9a306b.db.ses,53
477563,1790408784515,FXSAPIDebugLogFile.txt,0
477563,1790408784515,FXSTIFFDebugLogFile.txt,0
477563,1790408784531,MpCmdRun.log,18828
477563,1790408784531,MpSigStub.log,105504
477563,1790408784531,msedge_installer.log,68015
477563,1790408784546,skin.zip,231625
477563,1790408784546,SYS32_Hardware.exe,32671232
478110,1790408785062,bb3a785178f443fda931098a5a9a306b.db.ses,53
478110,1790408785062,FXSAPIDebugLogFile.txt,0
478110,1790408785062,FXSTIFFDebugLogFile.txt,0
478110,1790408785078,MpCmdRun.log,18828
478110,1790408785078,MpSigStub.log,105504
478110,1790408785093,msedge_installer.log,68015
478110,1790408785093,skin.zip,231625
478110,1790408785109,SYS32_Hardware.exe,32671232
478673,1790408785624,bb3a785178f443fda931098a5a9a306b.db.ses,53
478673,1790408785624,FXSAPIDebugLogFile.txt,0
478673,1790408785624,FXSTIFFDebugLogFile.txt,0
478673,1790408785624,MpCmdRun.log,18828
478673,1790408785640,MpSigStub.log,105504
478673,1790408785656,msedge_installer.log,68015
478673,1790408785656,skin.zip,231625
478673,1790408785671,SYS32_Hardware.exe,32671232
479220,1790408786171,bb3a785178f443fda931098a5a9a306b.db.ses,53
479220,1790408786171,FXSAPIDebugLogFile.txt,0
479220,1790408786171,FXSTIFFDebugLogFile.txt,0
479220,1790408786187,MpCmdRun.log,18828
479220,1790408786187,MpSigStub.log,105504
479220,1790408786203,msedge_installer.log,68015
479220,1790408786203,skin.zip,231625
479220,1790408786218,SYS32_Hardware.exe,32671232
479767,1790408786718,bb3a785178f443fda931098a5a9a306b.db.ses,53
479767,1790408786718,FXSAPIDebugLogFile.txt,0
479767,1790408786718,FXSTIFFDebugLogFile.txt,0
479767,1790408786734,MpCmdRun.log,18828
479767,1790408786734,MpSigStub.log,105504
479767,1790408786749,msedge_installer.log,68015
479767,1790408786749,skin.zip,231625
479767,1790408786749,SYS32_Hardware.exe,32671232
480314,1790408787265,bb3a785178f443fda931098a5a9a306b.db.ses,53
480314,1790408787265,FXSAPIDebugLogFile.txt,0
480314,1790408787281,FXSTIFFDebugLogFile.txt,0
480314,1790408787296,MpCmdRun.log,18828
480314,1790408787312,MpSigStub.log,105504
480314,1790408787312,msedge_installer.log,68015
480314,1790408787328,skin.zip,231625
480314,1790408787328,SYS32_Hardware.exe,32671232
480892,1790408787843,bb3a785178f443fda931098a5a9a306b.db.ses,53
480892,1790408787843,FXSAPIDebugLogFile.txt,0
480892,1790408787843,FXSTIFFDebugLogFile.txt,0
480892,1790408787859,MpCmdRun.log,18828
480892,1790408787859,MpSigStub.log,105504
480892,1790408787859,msedge_installer.log,68015
480892,1790408787874,skin.zip,231625
480892,1790408787874,SYS32_Hardware.exe,32671232
481439,1790408788390,bb3a785178f443fda931098a5a9a306b.db.ses,53
481439,1790408788390,FXSAPIDebugLogFile.txt,0
481439,1790408788390,FXSTIFFDebugLogFile.txt,0
481439,1790408788406,MpCmdRun.log,18828
481439,1790408788421,MpSigStub.log,105504
481439,1790408788421,msedge_installer.log,68015
481439,1790408788437,skin.zip,231625
481439,1790408788453,SYS32_Hardware.exe,32671232
482001,1790408788953,bb3a785178f443fda931098a5a9a306b.db.ses,53
482001,1790408788953,FXSAPIDebugLogFile.txt,0
482001,1790408788953,FXSTIFFDebugLogFile.txt,0
482001,1790408788968,MpCmdRun.log,18828
482001,1790408788968,MpSigStub.log,105504
482001,1790408788968,msedge_installer.log,68015
482001,1790408788984,skin.zip,231625
482001,1790408788984,SYS32_Hardware.exe,32671232
482548,1790408789499,bb3a785178f443fda931098a5a9a306b.db.ses,53
482548,1790408789499,FXSAPIDebugLogFile.txt,0
482548,1790408789499,FXSTIFFDebugLogFile.txt,0
482548,1790408789499,MpCmdRun.log,18828
482548,1790408789515,MpSigStub.log,105504
482548,1790408789515,msedge_installer.log,68015
482548,1790408789531,skin.zip,231625
482548,1790408789531,SYS32_Hardware.exe,32671232
483095,1790408790046,bb3a785178f443fda931098a5a9a306b.db.ses,53
483095,1790408790046,FXSAPIDebugLogFile.txt,0
483095,1790408790046,FXSTIFFDebugLogFile.txt,0
483095,1790408790062,MpCmdRun.log,18828
483095,1790408790062,MpSigStub.log,105504
483095,1790408790078,msedge_installer.log,68015
483095,1790408790078,skin.zip,231625
483095,1790408790093,SYS32_Hardware.exe,32671232
483641,1790408790593,bb3a785178f443fda931098a5a9a306b.db.ses,53
483641,1790408790593,FXSAPIDebugLogFile.txt,0
483641,1790408790593,FXSTIFFDebugLogFile.txt,0
483641,1790408790609,MpCmdRun.log,18828
483641,1790408790609,MpSigStub.log,105504
483641,1790408790624,msedge_installer.log,68015
483641,1790408790624,skin.zip,231625
483641,1790408790640,SYS32_Hardware.exe,32671232
484188,1790408791140,bb3a785178f443fda931098a5a9a306b.db.ses,53
484188,1790408791140,FXSAPIDebugLogFile.txt,0
484188,1790408791140,FXSTIFFDebugLogFile.txt,0
484188,1790408791156,MpCmdRun.log,18828
484188,1790408791156,MpSigStub.log,105504
484188,1790408791171,msedge_installer.log,68015
484188,1790408791171,skin.zip,231625
484188,1790408791171,SYS32_Hardware.exe,32671232
484751,1790408791703,bb3a785178f443fda931098a5a9a306b.db.ses,53
484751,1790408791703,FXSAPIDebugLogFile.txt,0
484751,1790408791703,FXSTIFFDebugLogFile.txt,0
484751,1790408791718,MpCmdRun.log,18828
484751,1790408791734,MpSigStub.log,105504
484751,1790408791734,msedge_installer.log,68015
484751,1790408791749,skin.zip,231625
484751,1790408791765,SYS32_Hardware.exe,32671232
485331,1790408792281,bb3a785178f443fda931098a5a9a306b.db.ses,53
485331,1790408792281,FXSAPIDebugLogFile.txt,0
485331,1790408792281,FXSTIFFDebugLogFile.txt,0
485331,1790408792296,MpCmdRun.log,18828
485331,1790408792296,MpSigStub.log,105504
485331,1790408792312,msedge_installer.log,68015
485331,1790408792312,skin.zip,231625
485331,1790408792328,SYS32_Hardware.exe,32671232
485892,1790408792843,bb3a785178f443fda931098a5a9a306b.db.ses,53
485892,1790408792843,FXSAPIDebugLogFile.txt,0
485892,1790408792843,FXSTIFFDebugLogFile.txt,0
485892,1790408792859,MpCmdRun.log,18828
485892,1790408792859,MpSigStub.log,105504
485892,1790408792859,msedge_installer.log,68015
485892,1790408792874,skin.zip,231625
485892,1790408792874,SYS32_Hardware.exe,32671232
486439,1790408793390,bb3a785178f443fda931098a5a9a306b.db.ses,53
486439,1790408793390,FXSAPIDebugLogFile.txt,0
486439,1790408793390,FXSTIFFDebugLogFile.txt,0
486439,1790408793406,MpCmdRun.log,18828
486439,1790408793406,MpSigStub.log,105504
486439,1790408793421,msedge_installer.log,68015
486439,1790408793437,skin.zip,231625
486439,1790408793437,SYS32_Hardware.exe,32671232
487001,1790408793953,bb3a785178f443fda931098a5a9a306b.db.ses,53
487001,1790408793953,FXSAPIDebugLogFile.txt,0
487001,1790408793953,FXSTIFFDebugLogFile.txt,0
487001,1790408793968,MpCmdRun.log,18828
487001,1790408793984,MpSigStub.log,105504
487001,1790408793984,msedge_installer.log,68015
487001,1790408793999,skin.zip,231625
487001,1790408793999,SYS32_Hardware.exe,32671232
487564,1790408794515,bb3a785178f443fda931098a5a9a306b.db.ses,53
487564,1790408794515,FXSAPIDebugLogFile.txt,0
487564,1790408794515,FXSTIFFDebugLogFile.txt,0
487564,1790408794531,MpCmdRun.log,18828
487564,1790408794546,MpSigStub.log,105504
487564,1790408794562,msedge_installer.log,68015
487564,1790408794562,skin.zip,231625
487564,1790408794578,SYS32_Hardware.exe,32671232
488158,1790408795109,bb3a785178f443fda931098a5a9a306b.db.ses,53
488158,1790408795109,FXSAPIDebugLogFile.txt,0
488158,1790408795109,FXSTIFFDebugLogFile.txt,0
488158,1790408795124,MpCmdRun.log,18828
488158,1790408795140,MpSigStub.log,105504
488158,1790408795140,msedge_installer.log,68015
488158,1790408795156,skin.zip,231625
488158,1790408795156,SYS32_Hardware.exe,32671232
488720,1790408795671,bb3a785178f443fda931098a5a9a306b.db.ses,53
488720,1790408795671,FXSAPIDebugLogFile.txt,0
488720,1790408795671,FXSTIFFDebugLogFile.txt,0
488720,1790408795687,MpCmdRun.log,18828
488720,1790408795703,MpSigStub.log,105504
488720,1790408795703,msedge_installer.log,68015
488720,1790408795718,skin.zip,231625
488720,1790408795734,SYS32_Hardware.exe,32671232
489314,1790408796265,bb3a785178f443fda931098a5a9a306b.db.ses,53
489314,1790408796265,FXSAPIDebugLogFile.txt,0
489314,1790408796281,FXSTIFFDebugLogFile.txt,0
489314,1790408796281,MpCmdRun.log,18828
489314,1790408796296,MpSigStub.log,105504
489314,1790408796312,msedge_installer.log,68015
489314,1790408796312,skin.zip,231625
489314,1790408796328,SYS32_Hardware.exe,32671232
489907,1790408796859,bb3a785178f443fda931098a5a9a306b.db.ses,53
489907,1790408796859,FXSAPIDebugLogFile.txt,0
489907,1790408796874,FXSTIFFDebugLogFile.txt,0
489907,1790408796874,MpCmdRun.log,18828
489907,1790408796890,MpSigStub.log,105504
489907,1790408796906,msedge_installer.log,68015
489907,1790408796906,skin.zip,231625
489907,1790408796921,SYS32_Hardware.exe,32671232
490501,1790408797453,bb3a785178f443fda931098a5a9a306b.db.ses,53
490501,1790408797453,FXSAPIDebugLogFile.txt,0
490501,1790408797453,FXSTIFFDebugLogFile.txt,0
490501,1790408797468,MpCmdRun.log,18828
490501,1790408797484,MpSigStub.log,105504
490501,1790408797484,msedge_installer.log,68015
490501,1790408797499,skin.zip,231625
490501,1790408797515,SYS32_Hardware.exe,32671232
491126,1790408798078,bb3a785178f443fda931098a5a9a306b.db.ses,53
491126,1790408798078,FXSAPIDebugLogFile.txt,0
491126,1790408798078,FXSTIFFDebugLogFile.txt,0
491126,1790408798093,MpCmdRun.log,18828
491126,1790408798093,MpSigStub.log,105504
491126,1790408798109,msedge_installer.log,68015
491126,1790408798109,skin.zip,231625
491126,1790408798124,SYS32_Hardware.exe,32671232
