slot_va	rva	target_va	is_pdata_start	target_owner
0x140f804fc	0x42eaba	0x14042eaba	no	NO-FUNCTION
0x140f84910	0x48372c	0x14048372c	no	NO-FUNCTION
0x140f84f84	0x4b053e	0x1404b053e	no	NO-FUNCTION
0x140f8554c	0x322b8a	0x140322b8a	no	NO-FUNCTION
0x140f860f8	0x4e49b1	0x1404e49b1	no	NO-FUNCTION
0x140f86108	0x2abcbf	0x1402abcbf	no	NO-FUNCTION
0x140f86148	0x7eb0a	0x14007eb0a	no	0x140071910..0x1400f6e74
0x140f86440	0x4f4d7c	0x1404f4d7c	no	NO-FUNCTION
0x140f864d8	0x2a3020	0x1402a3020	no	NO-FUNCTION
0x140f86598	0x46247b	0x14046247b	no	NO-FUNCTION
0x140f86fa4	0x74c737	0x14074c737	no	0x1407206a0..0x14075b438
0x140f87c18	0x5103a4	0x1405103a4	no	NO-FUNCTION
0x140f8932c	0x1f269	0x14001f269	no	0x14001bdf0..0x14002a6e2
0x140f89800	0x618a33	0x140618a33	no	0x1405e8220..0x1406196ee
0x140f89830	0x1eedb1	0x1401eedb1	no	NO-FUNCTION
0x140f8a0f8	0x256fac	0x140256fac	no	NO-FUNCTION
0x140f8a3cc	0x45cbe7	0x14045cbe7	no	NO-FUNCTION
0x140f8abd0	0x2582aa	0x1402582aa	no	NO-FUNCTION
0x140f8b4ac	0x19b191	0x14019b191	no	0x140197d50..0x1401a7b91
0x140f8b50c	0x7c8888	0x1407c8888	no	0x1407c8790..0x1407c8942
0x140f8c990	0x72c4a9	0x14072c4a9	no	0x1407206a0..0x14075b438
0x140f8cb70	0x3156	0x140003156	no	0x1400019d0..0x14001bde5
0x140f8cb74	0x3256	0x140003256	no	0x1400019d0..0x14001bde5
0x140f8cb78	0x3356	0x140003356	no	0x1400019d0..0x14001bde5
0x140f8cb98	0x5048	0x140005048	no	0x1400019d0..0x14001bde5
0x140f8cbe8	0x2e2e2e	0x1402e2e2e	no	NO-FUNCTION
0x140f8cc14	0x2e2e	0x140002e2e	no	0x1400019d0..0x14001bde5
0x140f8cc28	0xc7b2	0x14000c7b2	no	0x1400019d0..0x14001bde5
0x140f8cc44	0x36a3	0x1400036a3	no	0x1400019d0..0x14001bde5
0x140f8cc7c	0x425370	0x140425370	no	NO-FUNCTION
0x140f8cce8	0xe8a5	0x14000e8a5	no	0x1400019d0..0x14001bde5
0x140f8cd0c	0x2e49	0x140002e49	no	0x1400019d0..0x14001bde5
0x140f8cd38	0x140c0e	0x140140c0e	no	0x1400f6eb0..0x1401934a2
0x140f8cd7c	0x3938	0x140003938	no	0x1400019d0..0x14001bde5
0x140f8cd90	0xe1800	0x1400e1800	no	0x140071910..0x1400f6e74
0x140f8cdb4	0x190e	0x14000190e	no	NO-FUNCTION
0x140f8ce30	0x595b	0x14000595b	no	0x1400019d0..0x14001bde5
0x140f8ce8c	0x3938	0x140003938	no	0x1400019d0..0x14001bde5
0x140f8cef4	0x676e6f	0x140676e6f	no	0x140665910..0x140680974
0x140f8cef8	0x203a	0x14000203a	no	0x1400019d0..0x14001bde5
0x140f8cf1c	0x656d61	0x140656d61	no	0x140643ae0..0x1406656b1
0x140f8cf8c	0x7673	0x140007673	no	0x1400019d0..0x14001bde5
0x140f8d000	0x31304c	0x14031304c	no	NO-FUNCTION
0x140f8d010	0x52005c	0x14052005c	no	NO-FUNCTION
0x140f8d014	0x670065	0x140670065	no	0x140665910..0x140680974
0x140f8d018	0x730069	0x140730069	no	0x1407206a0..0x14075b438
0x140f8d01c	0x720074	0x140720074	no	0x1406dacb0..0x140720697
0x140f8d020	0x5c0079	0x1405c0079	no	0x1405a0700..0x1405c16cf
0x140f8d024	0x61004d	0x14061004d	no	0x1405e8220..0x1406196ee
0x140f8d028	0x680063	0x140680063	no	0x140665910..0x140680974
0x140f8d02c	0x6e0069	0x1406e0069	no	0x1406dacb0..0x140720697
0x140f8d030	0x5c0065	0x1405c0065	no	0x1405a0700..0x1405c16cf
0x140f8d034	0x790053	0x140790053	no	0x140790010..0x140790073
0x140f8d038	0x740073	0x140740073	no	0x1407206a0..0x14075b438
0x140f8d03c	0x6d0065	0x1406d0065	no	0x1406cd1b0..0x1406daca2
0x140f8d040	0x43005c	0x14043005c	no	NO-FUNCTION
0x140f8d044	0x720075	0x140720075	no	0x1406dacb0..0x140720697
0x140f8d048	0x650072	0x140650072	no	0x140643ae0..0x1406656b1
0x140f8d04c	0x74006e	0x14074006e	no	0x1407206a0..0x14075b438
0x140f8d050	0x6f0043	0x1406f0043	no	0x1406dacb0..0x140720697
0x140f8d054	0x74006e	0x14074006e	no	0x1407206a0..0x14075b438
0x140f8d058	0x6f0072	0x1406f0072	no	0x1406dacb0..0x140720697
0x140f8d05c	0x53006c	0x14053006c	no	NO-FUNCTION
0x140f8d060	0x740065	0x140740065	no	0x1407206a0..0x14075b438
0x140f8d064	0x53005c	0x14053005c	no	NO-FUNCTION
0x140f8d068	0x720065	0x140720065	no	0x1406dacb0..0x140720697
0x140f8d06c	0x690076	0x140690076	no	0x140680980..0x14069e996
0x140f8d070	0x650063	0x140650063	no	0x140643ae0..0x1406656b1
0x140f8d074	0x5c0073	0x1405c0073	no	0x1405a0700..0x1405c16cf
0x140f8d080	0x590053	0x140590053	no	NO-FUNCTION
0x140f8d084	0x540053	0x140540053	no	NO-FUNCTION
0x140f8d088	0x4d0045	0x1404d0045	no	NO-FUNCTION
0x140f8d08c	0x43005c	0x14043005c	no	NO-FUNCTION
0x140f8d090	0x720075	0x140720075	no	0x1406dacb0..0x140720697
0x140f8d094	0x650072	0x140650072	no	0x140643ae0..0x1406656b1
0x140f8d098	0x74006e	0x14074006e	no	0x1407206a0..0x14075b438
0x140f8d09c	0x6f0043	0x1406f0043	no	0x1406dacb0..0x140720697
0x140f8d0a0	0x74006e	0x14074006e	no	0x1407206a0..0x14075b438
0x140f8d0a4	0x6f0072	0x1406f0072	no	0x1406dacb0..0x140720697
0x140f8d0a8	0x53006c	0x14053006c	no	NO-FUNCTION
0x140f8d0ac	0x740065	0x140740065	no	0x1407206a0..0x14075b438
0x140f8d0b0	0x53005c	0x14053005c	no	NO-FUNCTION
0x140f8d0b4	0x720065	0x140720065	no	0x1406dacb0..0x140720697
0x140f8d0b8	0x690076	0x140690076	no	0x140680980..0x14069e996
0x140f8d0bc	0x650063	0x140650063	no	0x140643ae0..0x1406656b1
0x140f8d0c0	0x5c0073	0x1405c0073	no	0x1405a0700..0x1405c16cf
0x140f8d0c8	0x32304c	0x14032304c	no	NO-FUNCTION
0x140f8d0cc	0x33304c	0x14033304c	no	NO-FUNCTION
0x140f8d0d0	0x3f005c	0x1403f005c	no	NO-FUNCTION
0x140f8d0d4	0x5c003f	0x1405c003f	no	0x1405a0700..0x1405c16cf
0x140f8d0dc	0x34304c	0x14034304c	no	NO-FUNCTION
0x140f8d0e0	0x6d0049	0x1406d0049	no	0x1406cd1b0..0x1406daca2
0x140f8d0e4	0x670061	0x140670061	no	0x140665910..0x140680974
0x140f8d0e8	0x500065	0x140500065	no	NO-FUNCTION
0x140f8d0ec	0x740061	0x140740061	no	0x1407206a0..0x14075b438
0x140f8d0f4	0x35304c	0x14035304c	no	NO-FUNCTION
0x140f8d0f8	0x790054	0x140790054	no	0x140790010..0x140790073
0x140f8d0fc	0x650070	0x140650070	no	0x140643ae0..0x1406656b1
0x140f8d104	0x36304c	0x14036304c	no	NO-FUNCTION
0x140f8d108	0x37304c	0x14037304c	no	0x140372900..0x1403774ca
0x140f8d10c	0x38304c	0x14038304c	no	0x14037cb90..0x140383f00
0x140f8d110	0x39304c	0x14039304c	no	0x140384a80..0x1403a85db
0x140f8d114	0x30314c	0x14030314c	no	NO-FUNCTION
0x140f8d118	0x31314c	0x14031314c	no	NO-FUNCTION
0x140f8d11c	0x32314c	0x14032314c	no	NO-FUNCTION
0x140f8d120	0x33314c	0x14033314c	no	NO-FUNCTION
0x140f8d124	0x34314c	0x14034314c	no	NO-FUNCTION
0x140f8d128	0x35314c	0x14035314c	no	NO-FUNCTION
0x140f8d140	0x32336d	0x14032336d	no	NO-FUNCTION
0x140f8d158	0x32336d	0x14032336d	no	NO-FUNCTION
0x140f8d1a8	0x313043	0x140313043	no	NO-FUNCTION
0x140f8d1dc	0x323043	0x140323043	no	NO-FUNCTION
0x140f8d260	0x586c	0x14000586c	no	0x1400019d0..0x14001bde5
0x140f8d264	0x333043	0x140333043	no	NO-FUNCTION
0x140f8d2f8	0x343043	0x140343043	no	NO-FUNCTION
0x140f8d338	0x586c	0x14000586c	no	0x1400019d0..0x14001bde5
0x140f8d364	0x353043	0x140353043	no	NO-FUNCTION
0x140f8d368	0x363043	0x140363043	no	NO-FUNCTION
0x140f8d3bc	0x586c38	0x140586c38	no	NO-FUNCTION
0x140f8d3c0	0x373043	0x140373043	no	0x140372900..0x1403774ca
0x140f8d3c4	0x383043	0x140383043	no	0x14037cb90..0x140383f00
0x140f8d3fc	0x393043	0x140393043	no	0x140384a80..0x1403a85db
0x140f8d438	0x303143	0x140303143	no	NO-FUNCTION
0x140f8d47c	0x313143	0x140313143	no	NO-FUNCTION
0x140f8d4b8	0x323143	0x140323143	no	NO-FUNCTION
0x140f8d4bc	0x333143	0x140333143	no	NO-FUNCTION
0x140f8d514	0x73253d	0x14073253d	no	0x1407206a0..0x14075b438
0x140f8d518	0x343143	0x140343143	no	NO-FUNCTION
0x140f8d51c	0x353143	0x140353143	no	NO-FUNCTION
0x140f8d59c	0x363143	0x140363143	no	NO-FUNCTION
0x140f8d620	0x373143	0x140373143	no	0x140372900..0x1403774ca
0x140f8d624	0x383143	0x140383143	no	0x14037cb90..0x140383f00
0x140f8d680	0x7325	0x140007325	no	0x1400019d0..0x14001bde5
0x140f8d684	0x393143	0x140393143	no	0x140384a80..0x1403a85db
0x140f8d708	0x303243	0x140303243	no	NO-FUNCTION
0x140f8d754	0x586c38	0x140586c38	no	NO-FUNCTION
0x140f8d7a4	0x586c	0x14000586c	no	0x1400019d0..0x14001bde5
0x140f8d930	0x7325	0x140007325	no	0x1400019d0..0x14001bde5
0x140f8d990	0x586c	0x14000586c	no	0x1400019d0..0x14001bde5
0x140f8dad4	0x586c	0x14000586c	no	0x1400019d0..0x14001bde5
0x140f8db10	0x586c38	0x140586c38	no	NO-FUNCTION
0x140f8db80	0x586c38	0x140586c38	no	NO-FUNCTION
0x140f8dbe4	0x586c38	0x140586c38	no	NO-FUNCTION
0x140f8dc30	0x586c	0x14000586c	no	0x1400019d0..0x14001bde5
0x140f8dc34	0x4255	0x140004255	no	0x1400019d0..0x14001bde5
0x140f8dc70	0xe9d1	0x14000e9d1	no	0x1400019d0..0x14001bde5
0x140f8dc8c	0x21c2d6	0x14021c2d6	no	NO-FUNCTION
0x140f8dcb0	0x646c69	0x140646c69	no	0x140643ae0..0x1406656b1
0x140f8dcc0	0x3a0043	0x1403a0043	no	0x140384a80..0x1403a85db
0x140f8dcc4	0x50005c	0x14050005c	no	NO-FUNCTION
0x140f8dcc8	0x6f0072	0x1406f0072	no	0x1406dacb0..0x140720697
0x140f8dccc	0x720067	0x140720067	no	0x1406dacb0..0x140720697
0x140f8dcd0	0x6d0061	0x1406d0061	no	0x1406cd1b0..0x1406daca2
0x140f8dcd4	0x460020	0x140460020	no	NO-FUNCTION
0x140f8dcd8	0x6c0069	0x1406c0069	no	0x14069eaa0..0x1406cd1a2
0x140f8dcdc	0x730065	0x140730065	no	0x1407206a0..0x14075b438
0x140f8dce0	0x41005c	0x14041005c	no	NO-FUNCTION
0x140f8dce4	0x74006e	0x14074006e	no	0x1407206a0..0x14075b438
0x140f8dce8	0x430069	0x140430069	no	NO-FUNCTION
0x140f8dcec	0x650068	0x140650068	no	0x140643ae0..0x1406656b1
0x140f8dcf0	0x740061	0x140740061	no	0x1407206a0..0x14075b438
0x140f8dcf4	0x780045	0x140780045	no	0x140770330..0x140783d53
0x140f8dcf8	0x650070	0x140650070	no	0x140643ae0..0x1406656b1
0x140f8dcfc	0x740072	0x140740072	no	0x1407206a0..0x14075b438
0x140f8dd10	0x3a0043	0x1403a0043	no	0x140384a80..0x1403a85db
0x140f8dd14	0x50005c	0x14050005c	no	NO-FUNCTION
0x140f8dd18	0x6f0072	0x1406f0072	no	0x1406dacb0..0x140720697
0x140f8dd1c	0x720067	0x140720067	no	0x1406dacb0..0x140720697
0x140f8dd20	0x6d0061	0x1406d0061	no	0x1406cd1b0..0x1406daca2
0x140f8dd24	0x460020	0x140460020	no	NO-FUNCTION
0x140f8dd28	0x6c0069	0x1406c0069	no	0x14069eaa0..0x1406cd1a2
0x140f8dd2c	0x730065	0x140730065	no	0x1407206a0..0x14075b438
0x140f8dd30	0x41005c	0x14041005c	no	NO-FUNCTION
0x140f8dd34	0x74006e	0x14074006e	no	0x1407206a0..0x14075b438
0x140f8dd38	0x430069	0x140430069	no	NO-FUNCTION
0x140f8dd3c	0x650068	0x140650068	no	0x140643ae0..0x1406656b1
0x140f8dd40	0x740061	0x140740061	no	0x1407206a0..0x14075b438
0x140f8dd44	0x780045	0x140780045	no	0x140770330..0x140783d53
0x140f8dd48	0x650070	0x140650070	no	0x140643ae0..0x1406656b1
0x140f8dd4c	0x740072	0x140740072	no	0x1407206a0..0x14075b438
0x140f8dd50	0x2a005c	0x1402a005c	no	NO-FUNCTION
0x140f8dd54	0x6c002e	0x1406c002e	no	0x14069eaa0..0x1406cd1a2
0x140f8dd58	0x67006f	0x14067006f	no	0x140665910..0x140680974
0x140f8dd60	0x730025	0x140730025	no	0x1407206a0..0x14075b438
0x140f8dd64	0x730025	0x140730025	no	0x1407206a0..0x14075b438
0x140f8dde0	0x756c	0x14000756c	no	0x1400019d0..0x14001bde5
0x140f8de60	0x586c	0x14000586c	no	0x1400019d0..0x14001bde5
0x140f8ded0	0x756c	0x14000756c	no	0x1400019d0..0x14001bde5
0x140f8df58	0x756c25	0x140756c25	no	0x1407206a0..0x14075b438
0x140f8e038	0x524f	0x14000524f	no	0x1400019d0..0x14001bde5
0x140f8e0ac	0x4554	0x140004554	no	0x1400019d0..0x14001bde5
0x140f8e0bc	0x4e454b	0x1404e454b	no	NO-FUNCTION
0x140f8e0e4	0x4452	0x140004452	no	0x1400019d0..0x14001bde5
0x140f8e0f4	0x4452	0x140004452	no	0x1400019d0..0x14001bde5
0x140f8e114	0x544e45	0x140544e45	no	NO-FUNCTION
0x140f8e124	0x544e	0x14000544e	no	0x1400019d0..0x14001bde5
0x140f8e140	0x454e	0x14000454e	no	0x1400019d0..0x14001bde5
0x140f8e16c	0x4d4152	0x1404d4152	no	NO-FUNCTION
0x140f8e17c	0x484755	0x140484755	no	NO-FUNCTION
0x140f8e190	0x4452	0x140004452	no	0x1400019d0..0x14001bde5
0x140f8e1d4	0x4646	0x140004646	no	0x1400019d0..0x14001bde5
0x140f8e224	0x4e4947	0x1404e4947	no	NO-FUNCTION
0x140f8e234	0x45444f	0x14045444f	no	NO-FUNCTION
0x140f8e2bc	0x73253d	0x14073253d	no	0x1407206a0..0x14075b438
0x140f8e2e0	0x6c6c	0x140006c6c	no	0x1400019d0..0x14001bde5
0x140f8e2f8	0x4174	0x140004174	no	0x1400019d0..0x14001bde5
0x140f8e318	0xa1a3	0x14000a1a3	no	0x1400019d0..0x14001bde5
0x140f8e320	0x3a0044	0x1403a0044	no	0x140384a80..0x1403a85db
0x140f8e324	0x57005c	0x14057005c	no	NO-FUNCTION
0x140f8e328	0x6e0069	0x1406e0069	no	0x1406dacb0..0x140720697
0x140f8e32c	0x6f0064	0x1406f0064	no	0x1406dacb0..0x140720697
0x140f8e330	0x730077	0x140730077	no	0x1407206a0..0x14075b438
0x140f8e334	0x53005c	0x14053005c	no	NO-FUNCTION
0x140f8e338	0x730079	0x140730079	no	0x1407206a0..0x14075b438
0x140f8e33c	0x650074	0x140650074	no	0x140643ae0..0x1406656b1
0x140f8e340	0x33006d	0x14033006d	no	NO-FUNCTION
0x140f8e344	0x5c0032	0x1405c0032	no	0x1405a0700..0x1405c16cf
0x140f8e348	0x610048	0x140610048	no	0x1405e8220..0x1406196ee
0x140f8e34c	0x640072	0x140640072	no	0x140619940..0x140643adc
0x140f8e350	0x610077	0x140610077	no	0x1405e8220..0x1406196ee
0x140f8e354	0x650072	0x140650072	no	0x140643ae0..0x1406656b1
0x140f8e358	0x69002e	0x14069002e	no	0x140680980..0x14069e996
0x140f8e35c	0x69006e	0x14069006e	no	0x140680980..0x14069e996
0x140f8e370	0x3a0043	0x1403a0043	no	0x140384a80..0x1403a85db
0x140f8e374	0x57005c	0x14057005c	no	NO-FUNCTION
0x140f8e378	0x6e0069	0x1406e0069	no	0x1406dacb0..0x140720697
0x140f8e37c	0x6f0064	0x1406f0064	no	0x1406dacb0..0x140720697
0x140f8e380	0x730077	0x140730077	no	0x1407206a0..0x14075b438
0x140f8e384	0x53005c	0x14053005c	no	NO-FUNCTION
0x140f8e388	0x730079	0x140730079	no	0x1407206a0..0x14075b438
0x140f8e38c	0x650074	0x140650074	no	0x140643ae0..0x1406656b1
0x140f8e390	0x33006d	0x14033006d	no	NO-FUNCTION
0x140f8e394	0x5c0032	0x1405c0032	no	0x1405a0700..0x1405c16cf
0x140f8e398	0x610048	0x140610048	no	0x1405e8220..0x1406196ee
0x140f8e39c	0x640072	0x140640072	no	0x140619940..0x140643adc
0x140f8e3a0	0x610077	0x140610077	no	0x1405e8220..0x1406196ee
0x140f8e3a4	0x650072	0x140650072	no	0x140643ae0..0x1406656b1
0x140f8e3a8	0x69002e	0x14069002e	no	0x140680980..0x14069e996
0x140f8e3ac	0x69006e	0x14069006e	no	0x140680980..0x14069e996
0x140f8e450	0x3a0044	0x1403a0044	no	0x140384a80..0x1403a85db
0x140f8e454	0x57005c	0x14057005c	no	NO-FUNCTION
0x140f8e458	0x6e0069	0x1406e0069	no	0x1406dacb0..0x140720697
0x140f8e45c	0x6f0064	0x1406f0064	no	0x1406dacb0..0x140720697
0x140f8e460	0x730077	0x140730077	no	0x1407206a0..0x14075b438
0x140f8e464	0x53005c	0x14053005c	no	NO-FUNCTION
0x140f8e468	0x730079	0x140730079	no	0x1407206a0..0x14075b438
0x140f8e46c	0x650074	0x140650074	no	0x140643ae0..0x1406656b1
0x140f8e470	0x33006d	0x14033006d	no	NO-FUNCTION
0x140f8e474	0x5c0032	0x1405c0032	no	0x1405a0700..0x1405c16cf
0x140f8e478	0x610048	0x140610048	no	0x1405e8220..0x1406196ee
0x140f8e47c	0x640072	0x140640072	no	0x140619940..0x140643adc
0x140f8e480	0x610077	0x140610077	no	0x1405e8220..0x1406196ee
0x140f8e484	0x650072	0x140650072	no	0x140643ae0..0x1406656b1
0x140f8e488	0x65002e	0x14065002e	no	0x140643ae0..0x1406656b1
0x140f8e48c	0x650078	0x140650078	no	0x140643ae0..0x1406656b1
0x140f8e4a0	0x3a0043	0x1403a0043	no	0x140384a80..0x1403a85db
0x140f8e4a4	0x57005c	0x14057005c	no	NO-FUNCTION
0x140f8e4a8	0x6e0069	0x1406e0069	no	0x1406dacb0..0x140720697
0x140f8e4ac	0x6f0064	0x1406f0064	no	0x1406dacb0..0x140720697
0x140f8e4b0	0x730077	0x140730077	no	0x1407206a0..0x14075b438
0x140f8e4b4	0x53005c	0x14053005c	no	NO-FUNCTION
0x140f8e4b8	0x730079	0x140730079	no	0x1407206a0..0x14075b438
0x140f8e4bc	0x650074	0x140650074	no	0x140643ae0..0x1406656b1
0x140f8e4c0	0x33006d	0x14033006d	no	NO-FUNCTION
0x140f8e4c4	0x5c0032	0x1405c0032	no	0x1405a0700..0x1405c16cf
0x140f8e4c8	0x610048	0x140610048	no	0x1405e8220..0x1406196ee
0x140f8e4cc	0x640072	0x140640072	no	0x140619940..0x140643adc
0x140f8e4d0	0x610077	0x140610077	no	0x1405e8220..0x1406196ee
0x140f8e4d4	0x650072	0x140650072	no	0x140643ae0..0x1406656b1
0x140f8e4d8	0x65002e	0x14065002e	no	0x140643ae0..0x1406656b1
0x140f8e4dc	0x650078	0x140650078	no	0x140643ae0..0x1406656b1
0x140f8e500	0x646d63	0x140646d63	no	0x140643ae0..0x1406656b1
0x140f8e520	0x646d63	0x140646d63	no	0x140643ae0..0x1406656b1
0x140f8e580	0x646d63	0x140646d63	no	0x140643ae0..0x1406656b1
0x140f8e5a0	0x646d63	0x140646d63	no	0x140643ae0..0x1406656b1
0x140f8e5c4	0x706d74	0x140706d74	no	0x1406dacb0..0x140720697
0x140f8e5e4	0x706d74	0x140706d74	no	0x1406dacb0..0x140720697
0x140f8e5e8	0x6d0063	0x1406d0063	no	0x1406cd1b0..0x1406daca2
0x140f8e5ec	0x2e0064	0x1402e0064	no	NO-FUNCTION
0x140f8e5f0	0x780065	0x140780065	no	0x140770330..0x140783d53
0x140f8e5f4	0x200065	0x140200065	no	NO-FUNCTION
0x140f8e5f8	0x64002f	0x14064002f	no	0x140619940..0x140643adc
0x140f8e5fc	0x2f0020	0x1402f0020	no	NO-FUNCTION
0x140f8e600	0x200063	0x140200063	no	NO-FUNCTION
0x140f8e608	0x6f004e	0x1406f004e	no	0x1406dacb0..0x140720697
0x140f8e60c	0x65006e	0x14065006e	no	0x140643ae0..0x1406656b1
0x140f8e618	0x7c0020	0x1407c0020	no	0x1407bfc80..0x1407c041a
0x140f8e620	0x2f0020	0x1402f0020	no	NO-FUNCTION
0x140f8e624	0x6f0066	0x1406f0066	no	0x1406dacb0..0x140720697
0x140f8e628	0x6d0072	0x1406d0072	no	0x1406cd1b0..0x1406daca2
0x140f8e62c	0x740061	0x140740061	no	0x1407206a0..0x14075b438
0x140f8e630	0x6c003a	0x1406c003a	no	0x14069eaa0..0x1406cd1a2
0x140f8e634	0x730069	0x140730069	no	0x1407206a0..0x14075b438
0x140f8e640	0x6d0077	0x1406d0077	no	0x1406cd1b0..0x1406daca2
0x140f8e644	0x630069	0x140630069	no	0x140619940..0x140643adc
0x140f8e650	0x6e0049	0x1406e0049	no	0x1406dacb0..0x140720697
0x140f8e654	0x740069	0x140740069	no	0x1407206a0..0x14075b438
0x140f8e658	0x610069	0x140610069	no	0x1405e8220..0x1406196ee
0x140f8e660	0x650053	0x140650053	no	0x140643ae0..0x1406656b1
0x140f8e664	0x690072	0x140690072	no	0x140680980..0x14069e996
0x140f8e668	0x6c0061	0x1406c0061	no	0x14069eaa0..0x1406cd1a2
0x140f8e66c	0x75004e	0x14075004e	no	0x1407206a0..0x14075b438
0x140f8e670	0x62006d	0x14062006d	no	0x140619940..0x140643adc
0x140f8e674	0x720065	0x140720065	no	0x1406dacb0..0x140720697
0x140f8e680	0x610062	0x140610062	no	0x1405e8220..0x1406196ee
0x140f8e684	0x650073	0x140650073	no	0x140643ae0..0x1406656b1
0x140f8e688	0x6f0062	0x1406f0062	no	0x1406dacb0..0x140720697
0x140f8e68c	0x720061	0x140720061	no	0x1406dacb0..0x140720697
0x140f8e690	0x200064	0x140200064	no	NO-FUNCTION
0x140f8e694	0x650067	0x140650067	no	0x140643ae0..0x1406656b1
0x140f8e698	0x200074	0x140200074	no	NO-FUNCTION
0x140f8e69c	0x650053	0x140650053	no	0x140643ae0..0x1406656b1
0x140f8e6a0	0x690072	0x140690072	no	0x140680980..0x14069e996
0x140f8e6a4	0x6c0061	0x1406c0061	no	0x14069eaa0..0x1406cd1a2
0x140f8e6a8	0x75004e	0x14075004e	no	0x1407206a0..0x14075b438
0x140f8e6ac	0x62006d	0x14062006d	no	0x140619940..0x140643adc
0x140f8e6b0	0x720065	0x140720065	no	0x1406dacb0..0x140720697
0x140f8e6b8	0x6f0042	0x1406f0042	no	0x1406dacb0..0x140720697
0x140f8e6bc	0x720061	0x140720061	no	0x1406dacb0..0x140720697
0x140f8e6c0	0x490064	0x140490064	no	NO-FUNCTION
0x140f8e6c8	0x550055	0x140550055	no	NO-FUNCTION
0x140f8e6cc	0x440049	0x140440049	no	NO-FUNCTION
0x140f8e6d8	0x730063	0x140730063	no	0x1407206a0..0x14075b438
0x140f8e6dc	0x720070	0x140720070	no	0x1406dacb0..0x140720697
0x140f8e6e0	0x64006f	0x14064006f	no	0x140619940..0x140643adc
0x140f8e6e4	0x630075	0x140630075	no	0x140619940..0x140643adc
0x140f8e6e8	0x200074	0x140200074	no	NO-FUNCTION
0x140f8e6ec	0x650067	0x140650067	no	0x140643ae0..0x1406656b1
0x140f8e6f0	0x200074	0x140200074	no	NO-FUNCTION
0x140f8e6f4	0x550055	0x140550055	no	NO-FUNCTION
0x140f8e6f8	0x440049	0x140440049	no	NO-FUNCTION
0x140f8e700	0x750055	0x140750055	no	0x1407206a0..0x14075b438
0x140f8e704	0x640069	0x140640069	no	0x140619940..0x140643adc
0x140f8e710	0x61004e	0x14061004e	no	0x1405e8220..0x1406196ee
0x140f8e714	0x65006d	0x14065006d	no	0x140643ae0..0x1406656b1
0x140f8e720	0x730063	0x140730063	no	0x1407206a0..0x14075b438
0x140f8e724	0x720070	0x140720070	no	0x1406dacb0..0x140720697
0x140f8e728	0x64006f	0x14064006f	no	0x140619940..0x140643adc
0x140f8e72c	0x630075	0x140630075	no	0x140619940..0x140643adc
0x140f8e730	0x200074	0x140200074	no	NO-FUNCTION
0x140f8e734	0x650067	0x140650067	no	0x140643ae0..0x1406656b1
0x140f8e738	0x200074	0x140200074	no	NO-FUNCTION
0x140f8e73c	0x61004e	0x14061004e	no	0x1405e8220..0x1406196ee
0x140f8e740	0x65006d	0x14065006d	no	0x140643ae0..0x1406656b1
0x140f8e748	0x720042	0x140720042	no	0x1406dacb0..0x140720697
0x140f8e74c	0x6e0061	0x1406e0061	no	0x1406dacb0..0x140720697
0x140f8e750	0x4d0064	0x1404d0064	no	NO-FUNCTION
0x140f8e754	0x64006f	0x14064006f	no	0x140619940..0x140643adc
0x140f8e758	0x6c0065	0x1406c0065	no	0x14069eaa0..0x1406cd1a2
0x140f8e760	0x690062	0x140690062	no	0x140680980..0x14069e996
0x140f8e764	0x73006f	0x14073006f	no	0x1407206a0..0x14075b438
0x140f8e768	0x670020	0x140670020	no	0x140665910..0x140680974
0x140f8e76c	0x740065	0x140740065	no	0x1407206a0..0x14075b438
0x140f8e770	0x530020	0x140530020	no	NO-FUNCTION
0x140f8e774	0x720065	0x140720065	no	0x1406dacb0..0x140720697
0x140f8e778	0x610069	0x140610069	no	0x1405e8220..0x1406196ee
0x140f8e77c	0x4e006c	0x1404e006c	no	NO-FUNCTION
0x140f8e780	0x6d0075	0x1406d0075	no	0x1406cd1b0..0x1406daca2
0x140f8e784	0x650062	0x140650062	no	0x140643ae0..0x1406656b1
0x140f8e790	0x690042	0x140690042	no	0x140680980..0x14069e996
0x140f8e794	0x73006f	0x14073006f	no	0x1407206a0..0x14075b438
0x140f8e798	0x650053	0x140650053	no	0x140643ae0..0x1406656b1
0x140f8e79c	0x690072	0x140690072	no	0x140680980..0x14069e996
0x140f8e7a0	0x6c0061	0x1406c0061	no	0x14069eaa0..0x1406cd1a2
0x140f8e7a8	0x690064	0x140690064	no	0x140680980..0x14069e996
0x140f8e7ac	0x6b0073	0x1406b0073	no	0x14069eaa0..0x1406cd1a2
0x140f8e7b0	0x720064	0x140720064	no	0x1406dacb0..0x140720697
0x140f8e7b4	0x760069	0x140760069	no	0x14075e430..0x14076324d
0x140f8e7b8	0x200065	0x140200065	no	NO-FUNCTION
0x140f8e7bc	0x650067	0x140650067	no	0x140643ae0..0x1406656b1
0x140f8e7c0	0x200074	0x140200074	no	NO-FUNCTION
0x140f8e7c4	0x650053	0x140650053	no	0x140643ae0..0x1406656b1
0x140f8e7c8	0x690072	0x140690072	no	0x140680980..0x14069e996
0x140f8e7cc	0x6c0061	0x1406c0061	no	0x14069eaa0..0x1406cd1a2
0x140f8e7d0	0x75004e	0x14075004e	no	0x1407206a0..0x14075b438
0x140f8e7d4	0x62006d	0x14062006d	no	0x140619940..0x140643adc
0x140f8e7d8	0x720065	0x140720065	no	0x1406dacb0..0x140720697
0x140f8e7e0	0x690044	0x140690044	no	0x140680980..0x14069e996
0x140f8e7e4	0x6b0073	0x1406b0073	no	0x14069eaa0..0x1406cd1a2
0x140f8e7e8	0x650053	0x140650053	no	0x140643ae0..0x1406656b1
0x140f8e7ec	0x690072	0x140690072	no	0x140680980..0x14069e996
0x140f8e7f0	0x6c0061	0x1406c0061	no	0x14069eaa0..0x1406cd1a2
0x140f8e7f8	0x720050	0x140720050	no	0x1406dacb0..0x140720697
0x140f8e7fc	0x63006f	0x14063006f	no	0x140619940..0x140643adc
0x140f8e800	0x730065	0x140730065	no	0x1407206a0..0x14075b438
0x140f8e804	0x6f0073	0x1406f0073	no	0x1406dacb0..0x140720697
0x140f8e808	0x490072	0x140490072	no	NO-FUNCTION
0x140f8e810	0x700063	0x140700063	no	0x1406dacb0..0x140720697
0x140f8e814	0x200075	0x140200075	no	NO-FUNCTION
0x140f8e818	0x650067	0x140650067	no	0x140643ae0..0x1406656b1
0x140f8e81c	0x200074	0x140200074	no	NO-FUNCTION
0x140f8e820	0x720050	0x140720050	no	0x1406dacb0..0x140720697
0x140f8e824	0x63006f	0x14063006f	no	0x140619940..0x140643adc
0x140f8e828	0x730065	0x140730065	no	0x1407206a0..0x14075b438
0x140f8e82c	0x6f0073	0x1406f0073	no	0x1406dacb0..0x140720697
0x140f8e830	0x490072	0x140490072	no	NO-FUNCTION
0x140f8e838	0x700043	0x140700043	no	0x1406dacb0..0x140720697
0x140f8e83c	0x490075	0x140490075	no	NO-FUNCTION
0x140f8e840	0x730064	0x140730064	no	0x1407206a0..0x14075b438
0x140f8e848	0x700063	0x140700063	no	0x1406dacb0..0x140720697
0x140f8e84c	0x200075	0x140200075	no	NO-FUNCTION
0x140f8e850	0x650067	0x140650067	no	0x140643ae0..0x1406656b1
0x140f8e854	0x200074	0x140200074	no	NO-FUNCTION
0x140f8e858	0x650053	0x140650053	no	0x140643ae0..0x1406656b1
0x140f8e85c	0x690072	0x140690072	no	0x140680980..0x14069e996
0x140f8e860	0x6c0061	0x1406c0061	no	0x14069eaa0..0x1406cd1a2
0x140f8e864	0x75004e	0x14075004e	no	0x1407206a0..0x14075b438
0x140f8e868	0x62006d	0x14062006d	no	0x140619940..0x140643adc
0x140f8e86c	0x720065	0x140720065	no	0x1406dacb0..0x140720697
0x140f8e878	0x700043	0x140700043	no	0x1406dacb0..0x140720697
0x140f8e87c	0x530075	0x140530075	no	NO-FUNCTION
0x140f8e880	0x720065	0x140720065	no	0x1406dacb0..0x140720697
0x140f8e884	0x610069	0x140610069	no	0x1405e8220..0x1406196ee
0x140f8e888	0x73006c	0x14073006c	no	0x1407206a0..0x14075b438
0x140f8e890	0x610070	0x140610070	no	0x1405e8220..0x1406196ee
0x140f8e894	0x680074	0x140680074	no	0x140665910..0x140680974
0x140f8e898	0x570020	0x140570020	no	NO-FUNCTION
0x140f8e89c	0x6e0069	0x1406e0069	no	0x1406dacb0..0x140720697
0x140f8e8a0	0x320033	0x140320033	no	NO-FUNCTION
0x140f8e8a4	0x56005f	0x14056005f	no	NO-FUNCTION
0x140f8e8a8	0x640069	0x140640069	no	0x140619940..0x140643adc
0x140f8e8ac	0x6f0065	0x1406f0065	no	0x1406dacb0..0x140720697
0x140f8e8b0	0x6f0043	0x1406f0043	no	0x1406dacb0..0x140720697
0x140f8e8b4	0x74006e	0x14074006e	no	0x1407206a0..0x14075b438
0x140f8e8b8	0x6f0072	0x1406f0072	no	0x1406dacb0..0x140720697
0x140f8e8bc	0x6c006c	0x1406c006c	no	0x14069eaa0..0x1406cd1a2
0x140f8e8c0	0x720065	0x140720065	no	0x1406dacb0..0x140720697
0x140f8e8c4	0x670020	0x140670020	no	0x140665910..0x140680974
0x140f8e8c8	0x740065	0x140740065	no	0x1407206a0..0x14075b438
0x140f8e8cc	0x4e0020	0x1404e0020	no	NO-FUNCTION
0x140f8e8d0	0x6d0061	0x1406d0061	no	0x1406cd1b0..0x1406daca2
0x140f8e8d8	0x700047	0x140700047	no	0x1406dacb0..0x140720697
0x140f8e8dc	0x730075	0x140730075	no	0x1407206a0..0x14075b438
0x140f8e8e8	0x65006d	0x14065006d	no	0x140643ae0..0x1406656b1
0x140f8e8ec	0x6f006d	0x1406f006d	no	0x1406dacb0..0x140720697
0x140f8e8f0	0x790072	0x140790072	no	0x140790010..0x140790073
0x140f8e8f4	0x680063	0x140680063	no	0x140665910..0x140680974
0x140f8e8f8	0x700069	0x140700069	no	0x1406dacb0..0x140720697
0x140f8e8fc	0x670020	0x140670020	no	0x140665910..0x140680974
0x140f8e900	0x740065	0x140740065	no	0x1407206a0..0x14075b438
0x140f8e904	0x530020	0x140530020	no	NO-FUNCTION
0x140f8e908	0x720065	0x140720065	no	0x1406dacb0..0x140720697
0x140f8e90c	0x610069	0x140610069	no	0x1405e8220..0x1406196ee
0x140f8e910	0x4e006c	0x1404e006c	no	NO-FUNCTION
0x140f8e914	0x6d0075	0x1406d0075	no	0x1406cd1b0..0x1406daca2
0x140f8e918	0x650062	0x140650062	no	0x140643ae0..0x1406656b1
0x140f8e920	0x65004d	0x14065004d	no	0x140643ae0..0x1406656b1
0x140f8e924	0x6f006d	0x1406f006d	no	0x1406dacb0..0x140720697
0x140f8e928	0x790072	0x140790072	no	0x140790010..0x140790073
0x140f8e92c	0x650053	0x140650053	no	0x140643ae0..0x1406656b1
0x140f8e930	0x690072	0x140690072	no	0x140680980..0x14069e996
0x140f8e934	0x6c0061	0x1406c0061	no	0x14069eaa0..0x1406cd1a2
0x140f8e940	0x41004d	0x14041004d	no	NO-FUNCTION
0x140f8e944	0x410043	0x140410043	no	NO-FUNCTION
0x140f8e948	0x640064	0x140640064	no	0x140619940..0x140643adc
0x140f8e94c	0x650072	0x140650072	no	0x140643ae0..0x1406656b1
0x140f8e950	0x730073	0x140730073	no	0x1407206a0..0x14075b438
0x140f8e960	0x610070	0x140610070	no	0x1405e8220..0x1406196ee
0x140f8e964	0x680074	0x140680074	no	0x140665910..0x140680974
0x140f8e968	0x570020	0x140570020	no	NO-FUNCTION
0x140f8e96c	0x6e0069	0x1406e0069	no	0x1406dacb0..0x140720697
0x140f8e970	0x320033	0x140320033	no	NO-FUNCTION
0x140f8e974	0x4e005f	0x1404e005f	no	NO-FUNCTION
0x140f8e978	0x740065	0x140740065	no	0x1407206a0..0x14075b438
0x140f8e97c	0x6f0077	0x1406f0077	no	0x1406dacb0..0x140720697
0x140f8e980	0x6b0072	0x1406b0072	no	0x14069eaa0..0x1406cd1a2
0x140f8e984	0x640041	0x140640041	no	0x140619940..0x140643adc
0x140f8e988	0x700061	0x140700061	no	0x1406dacb0..0x140720697
0x140f8e98c	0x650074	0x140650074	no	0x140643ae0..0x1406656b1
0x140f8e990	0x430072	0x140430072	no	NO-FUNCTION
0x140f8e994	0x6e006f	0x1406e006f	no	0x1406dacb0..0x140720697
0x140f8e998	0x690066	0x140690066	no	0x140680980..0x14069e996
0x140f8e99c	0x750067	0x140750067	no	0x1407206a0..0x14075b438
0x140f8e9a0	0x610072	0x140610072	no	0x1405e8220..0x1406196ee
0x140f8e9a4	0x690074	0x140690074	no	0x140680980..0x14069e996
0x140f8e9a8	0x6e006f	0x1406e006f	no	0x1406dacb0..0x140720697
0x140f8e9ac	0x770020	0x140770020	no	0x140770010..0x14077005f
0x140f8e9b0	0x650068	0x140650068	no	0x140643ae0..0x1406656b1
0x140f8e9b4	0x650072	0x140650072	no	0x140643ae0..0x1406656b1
0x140f8e9b8	0x490020	0x140490020	no	NO-FUNCTION
0x140f8e9bc	0x450050	0x140450050	no	NO-FUNCTION
0x140f8e9c0	0x61006e	0x14061006e	no	0x1405e8220..0x1406196ee
0x140f8e9c4	0x6c0062	0x1406c0062	no	0x14069eaa0..0x1406cd1a2
0x140f8e9c8	0x640065	0x140640065	no	0x140619940..0x140643adc
0x140f8e9cc	0x54003d	0x14054003d	no	NO-FUNCTION
0x140f8e9d0	0x750072	0x140750072	no	0x1407206a0..0x14075b438
0x140f8e9d4	0x200065	0x140200065	no	NO-FUNCTION
0x140f8e9d8	0x650067	0x140650067	no	0x140643ae0..0x1406656b1
0x140f8e9dc	0x200074	0x140200074	no	NO-FUNCTION
0x140f8e9e0	0x41004d	0x14041004d	no	NO-FUNCTION
0x140f8e9e4	0x410043	0x140410043	no	NO-FUNCTION
0x140f8e9e8	0x640064	0x140640064	no	0x140619940..0x140643adc
0x140f8e9ec	0x650072	0x140650072	no	0x140643ae0..0x1406656b1
0x140f8e9f0	0x730073	0x140730073	no	0x1407206a0..0x14075b438
0x140f8e9f8	0x61004d	0x14061004d	no	0x1405e8220..0x1406196ee
0x140f8e9fc	0x730063	0x140730063	no	0x1407206a0..0x14075b438
0x140f8ea08	0x650044	0x140650044	no	0x140643ae0..0x1406656b1
0x140f8ea0c	0x610066	0x140610066	no	0x1405e8220..0x1406196ee
0x140f8ea10	0x6c0075	0x1406c0075	no	0x14069eaa0..0x1406cd1a2
0x140f8ea14	0x490074	0x140490074	no	NO-FUNCTION
0x140f8ea18	0x470050	0x140470050	no	NO-FUNCTION
0x140f8ea1c	0x740061	0x140740061	no	0x1407206a0..0x14075b438
0x140f8ea20	0x770065	0x140770065	no	0x140770060..0x140770233
0x140f8ea24	0x790061	0x140790061	no	0x140790010..0x140790073
0x140f8ea30	0x610070	0x140610070	no	0x1405e8220..0x1406196ee
0x140f8ea34	0x680074	0x140680074	no	0x140665910..0x140680974
0x140f8ea38	0x570020	0x140570020	no	NO-FUNCTION
0x140f8ea3c	0x6e0069	0x1406e0069	no	0x1406dacb0..0x140720697
0x140f8ea40	0x320033	0x140320033	no	NO-FUNCTION
0x140f8ea44	0x4e005f	0x1404e005f	no	NO-FUNCTION
0x140f8ea48	0x740065	0x140740065	no	0x1407206a0..0x14075b438
0x140f8ea4c	0x6f0077	0x1406f0077	no	0x1406dacb0..0x140720697
0x140f8ea50	0x6b0072	0x1406b0072	no	0x14069eaa0..0x1406cd1a2
0x140f8ea54	0x640041	0x140640041	no	0x140619940..0x140643adc
0x140f8ea58	0x700061	0x140700061	no	0x1406dacb0..0x140720697
0x140f8ea5c	0x650074	0x140650074	no	0x140643ae0..0x1406656b1
0x140f8ea60	0x430072	0x140430072	no	NO-FUNCTION
0x140f8ea64	0x6e006f	0x1406e006f	no	0x1406dacb0..0x140720697
0x140f8ea68	0x690066	0x140690066	no	0x140680980..0x14069e996
0x140f8ea6c	0x750067	0x140750067	no	0x1407206a0..0x14075b438
0x140f8ea70	0x610072	0x140610072	no	0x1405e8220..0x1406196ee
0x140f8ea74	0x690074	0x140690074	no	0x140680980..0x14069e996
0x140f8ea78	0x6e006f	0x1406e006f	no	0x1406dacb0..0x140720697
0x140f8ea7c	0x770020	0x140770020	no	0x140770010..0x14077005f
0x140f8ea80	0x650068	0x140650068	no	0x140643ae0..0x1406656b1
0x140f8ea84	0x650072	0x140650072	no	0x140643ae0..0x1406656b1
0x140f8ea88	0x490020	0x140490020	no	NO-FUNCTION
0x140f8ea8c	0x450050	0x140450050	no	NO-FUNCTION
0x140f8ea90	0x61006e	0x14061006e	no	0x1405e8220..0x1406196ee
0x140f8ea94	0x6c0062	0x1406c0062	no	0x14069eaa0..0x1406cd1a2
0x140f8ea98	0x640065	0x140640065	no	0x140619940..0x140643adc
0x140f8ea9c	0x54003d	0x14054003d	no	NO-FUNCTION
0x140f8eaa0	0x750072	0x140750072	no	0x1407206a0..0x14075b438
0x140f8eaa4	0x200065	0x140200065	no	NO-FUNCTION
0x140f8eaa8	0x650067	0x140650067	no	0x140643ae0..0x1406656b1
0x140f8eaac	0x200074	0x140200074	no	NO-FUNCTION
0x140f8eab0	0x650044	0x140650044	no	0x140643ae0..0x1406656b1
0x140f8eab4	0x610066	0x140610066	no	0x1405e8220..0x1406196ee
0x140f8eab8	0x6c0075	0x1406c0075	no	0x14069eaa0..0x1406cd1a2
0x140f8eabc	0x490074	0x140490074	no	NO-FUNCTION
0x140f8eac0	0x470050	0x140470050	no	NO-FUNCTION
0x140f8eac4	0x740061	0x140740061	no	0x1407206a0..0x14075b438
0x140f8eac8	0x770065	0x140770065	no	0x140770060..0x140770233
0x140f8eacc	0x790061	0x140790061	no	0x140790010..0x140790073
0x140f8ead8	0x610047	0x140610047	no	0x1405e8220..0x1406196ee
0x140f8eadc	0x650074	0x140650074	no	0x140643ae0..0x1406656b1
0x140f8eae0	0x610077	0x140610077	no	0x1405e8220..0x1406196ee
0x140f8eae4	0x730079	0x140730079	no	0x1407206a0..0x14075b438
0x140f8eaf0	0x550044	0x140550044	no	NO-FUNCTION
0x140f8eaf4	0x440049	0x140440049	no	NO-FUNCTION
0x140f8eb00	0x700069	0x140700069	no	0x1406dacb0..0x140720697
0x140f8eb04	0x6f0063	0x1406f0063	no	0x1406dacb0..0x140720697
0x140f8eb08	0x66006e	0x14066006e	no	0x140643ae0..0x1406656b1
0x140f8eb0c	0x670069	0x140670069	no	0x140665910..0x140680974
0x140f8eb10	0x2f0020	0x1402f0020	no	NO-FUNCTION
0x140f8eb14	0x6c0061	0x1406c0061	no	0x14069eaa0..0x1406cd1a2
0x140f8eb20	0x750044	0x140750044	no	0x1407206a0..0x14075b438
0x140f8eb24	0x640069	0x140640069	no	0x140619940..0x140643adc
0x140f8eb30	0x650056	0x140650056	no	0x140643ae0..0x1406656b1
0x140f8eb34	0x730072	0x140730072	no	0x1407206a0..0x14075b438
0x140f8eb38	0x6f0069	0x1406f0069	no	0x1406dacb0..0x140720697
0x140f8eb40	0x65004d	0x14065004d	no	0x140643ae0..0x1406656b1
0x140f8eb44	0x610074	0x140610074	no	0x1405e8220..0x1406196ee
0x140f8eb58	0x3d45	0x140003d45	no	0x1400019d0..0x14001bde5
0x140f8eb6c	0x3d4753	0x1403d4753	no	NO-FUNCTION
0x140f8f920	0x4955	0x140004955	no	0x1400019d0..0x14001bde5
0x140f8f978	0x4349	0x140004349	no	0x1400019d0..0x14001bde5
0x140f8fa20	0xf8d0	0x14000f8d0	no	0x1400019d0..0x14001bde5
0x140f8fa28	0x4e4f	0x140004e4f	no	0x1400019d0..0x14001bde5
0x140f8fa58	0x776f64	0x140776f64	no	0x140770330..0x140783d53
0x140f8fa6c	0xe9d2	0x14000e9d2	no	0x1400019d0..0x14001bde5
0x140f8fa94	0xa3a1	0x14000a3a1	no	0x1400019d0..0x14001bde5
0x140f8fb0c	0x7532	0x140007532	no	0x1400019d0..0x14001bde5
0x140f8fb10	0x205d	0x14000205d	no	0x1400019d0..0x14001bde5
0x140f8fc20	0xc3d6	0x14000c3d6	no	0x1400019d0..0x14001bde5
0x140f8fc90	0xebc2	0x14000ebc2	no	0x1400019d0..0x14001bde5
0x140f8fcc0	0xa3a1	0x14000a3a1	no	0x1400019d0..0x14001bde5
0x140f8fcc4	0x756c25	0x140756c25	no	0x1407206a0..0x14075b438
0x140f8fcfc	0xa3a1	0x14000a3a1	no	0x1400019d0..0x14001bde5
0x140f8fd38	0xa3a1	0x14000a3a1	no	0x1400019d0..0x14001bde5
0x140f8fd6c	0xbdca	0x14000bdca	no	0x1400019d0..0x14001bde5
0x140f8fd90	0xcbb6	0x14000cbb6	no	0x1400019d0..0x14001bde5
0x140f8fda0	0xdecf	0x14000decf	no	0x1400019d0..0x14001bde5
0x140f8fe20	0x79654b	0x14079654b	no	0x1407964f3..0x140796559
0x140f8fec0	0xa3bc	0x14000a3bc	no	0x1400019d0..0x14001bde5
0x140f8fed8	0xe5d2	0x14000e5d2	no	0x1400019d0..0x14001bde5
0x140f8ff30	0xb0d7	0x14000b0d7	no	0x1400019d0..0x14001bde5
0x140f8ff64	0xb8b0	0x14000b8b0	no	0x1400019d0..0x14001bde5
0x140f8ff74	0xb8b0	0x14000b8b0	no	0x1400019d0..0x14001bde5
0x140f8ff84	0xb5d6	0x14000b5d6	no	0x1400019d0..0x14001bde5
0x140f8ff90	0xbdca	0x14000bdca	no	0x1400019d0..0x14001bde5
0x140f8ffa0	0xafb6	0x14000afb6	no	0x1400019d0..0x14001bde5
0x140f8ffb4	0xc2d0	0x14000c2d0	no	0x1400019d0..0x14001bde5
0x140f9000c	0xc2d0	0x14000c2d0	no	0x1400019d0..0x14001bde5
0x140f90068	0xc4b8	0x14000c4b8	no	0x1400019d0..0x14001bde5
0x140f90084	0xe5d2	0x14000e5d2	no	0x1400019d0..0x14001bde5
0x140f9015c	0x776f	0x14000776f	no	0x1400019d0..0x14001bde5
0x140f9016c	0xe6c3	0x14000e6c3	no	0x1400019d0..0x14001bde5
0x140f90180	0xb8b0	0x14000b8b0	no	0x1400019d0..0x14001bde5
0x140f901d0	0xa3a1	0x14000a3a1	no	0x1400019d0..0x14001bde5
0x140f90218	0x2d002d	0x1402d002d	no	NO-FUNCTION
0x140f9021c	0x680073	0x140680073	no	0x140665910..0x140680974
0x140f90220	0x660069	0x140660069	no	0x140643ae0..0x1406656b1
0x140f90224	0x2d0074	0x1402d0074	no	NO-FUNCTION
0x140f90228	0x70006f	0x14070006f	no	0x1406dacb0..0x140720697
0x140f9022c	0x6e0065	0x1406e0065	no	0x1406dacb0..0x140720697
0x140f9025c	0x2e2e	0x140002e2e	no	0x1400019d0..0x14001bde5
0x140f90270	0x656765	0x140656765	no	0x140643ae0..0x1406656b1
0x140f902c0	0xbaa3	0x14000baa3	no	0x1400019d0..0x14001bde5
0x140f902fc	0xbaa3	0x14000baa3	no	0x1400019d0..0x14001bde5
0x140f90318	0xbaa3	0x14000baa3	no	0x1400019d0..0x14001bde5
0x140f90338	0xbaa3	0x14000baa3	no	0x1400019d0..0x14001bde5
0x140f90354	0xbaa3	0x14000baa3	no	0x1400019d0..0x14001bde5
0x140f90364	0xa1a3	0x14000a1a3	no	0x1400019d0..0x14001bde5
0x140f90378	0xa1a3	0x14000a1a3	no	0x1400019d0..0x14001bde5
0x140f90398	0xbaa3	0x14000baa3	no	0x1400019d0..0x14001bde5
0x140f903b0	0xa1a3	0x14000a1a3	no	0x1400019d0..0x14001bde5
0x140f903c8	0xa1a3	0x14000a1a3	no	0x1400019d0..0x14001bde5
0x140f903f8	0xa1a3	0x14000a1a3	no	0x1400019d0..0x14001bde5
0x140f90438	0xbaa3	0x14000baa3	no	0x1400019d0..0x14001bde5
0x140f90458	0xbaa3	0x14000baa3	no	0x1400019d0..0x14001bde5
0x140f90474	0xbaa3	0x14000baa3	no	0x1400019d0..0x14001bde5
0x140f9049c	0xbaa3	0x14000baa3	no	0x1400019d0..0x14001bde5
0x140f904b8	0x2220	0x140002220	no	0x1400019d0..0x14001bde5
0x140f904d8	0x4d005c	0x1404d005c	no	NO-FUNCTION
0x140f904dc	0x630069	0x140630069	no	0x140619940..0x140643adc
0x140f904e0	0x6f0072	0x1406f0072	no	0x1406dacb0..0x140720697
0x140f904e4	0x6f0073	0x1406f0073	no	0x1406dacb0..0x140720697
0x140f904e8	0x740066	0x140740066	no	0x1407206a0..0x14075b438
0x140f904ec	0x48005c	0x14048005c	no	NO-FUNCTION
0x140f904f0	0x720061	0x140720061	no	0x1406dacb0..0x140720697
0x140f904f4	0x770064	0x140770064	no	0x140770060..0x140770233
0x140f904f8	0x720061	0x140720061	no	0x1406dacb0..0x140720697
0x140f90508	0x6d0063	0x1406d0063	no	0x1406cd1b0..0x1406daca2
0x140f9050c	0x2e0064	0x1402e0064	no	NO-FUNCTION
0x140f90510	0x780065	0x140780065	no	0x140770330..0x140783d53
0x140f90514	0x200065	0x140200065	no	NO-FUNCTION
0x140f90518	0x64002f	0x14064002f	no	0x140619940..0x140643adc
0x140f9051c	0x2f0020	0x1402f0020	no	NO-FUNCTION
0x140f90520	0x200073	0x140200073	no	NO-FUNCTION
0x140f90524	0x63002f	0x14063002f	no	0x140619940..0x140643adc
0x140f90528	0x220020	0x140220020	no	NO-FUNCTION
0x140f90530	0x6f0070	0x1406f0070	no	0x1406dacb0..0x140720697
0x140f90534	0x650077	0x140650077	no	0x140643ae0..0x1406656b1
0x140f90538	0x730072	0x140730072	no	0x1407206a0..0x14075b438
0x140f9053c	0x650068	0x140650068	no	0x140643ae0..0x1406656b1
0x140f90540	0x6c006c	0x1406c006c	no	0x14069eaa0..0x1406cd1a2
0x140f90544	0x65002e	0x14065002e	no	0x140643ae0..0x1406656b1
0x140f90548	0x650078	0x140650078	no	0x140643ae0..0x1406656b1
0x140f9054c	0x2d0020	0x1402d0020	no	NO-FUNCTION
0x140f90550	0x6f004e	0x1406f004e	no	0x1406dacb0..0x140720697
0x140f90554	0x720050	0x140720050	no	0x1406dacb0..0x140720697
0x140f90558	0x66006f	0x14066006f	no	0x140643ae0..0x1406656b1
0x140f9055c	0x6c0069	0x1406c0069	no	0x14069eaa0..0x1406cd1a2
0x140f90560	0x200065	0x140200065	no	NO-FUNCTION
0x140f90564	0x4e002d	0x1404e002d	no	NO-FUNCTION
0x140f90568	0x6e006f	0x1406e006f	no	0x1406dacb0..0x140720697
0x140f9056c	0x6e0049	0x1406e0049	no	0x1406dacb0..0x140720697
0x140f90570	0x650074	0x140650074	no	0x140643ae0..0x1406656b1
0x140f90574	0x610072	0x140610072	no	0x1405e8220..0x1406196ee
0x140f90578	0x740063	0x140740063	no	0x1407206a0..0x14075b438
0x140f9057c	0x760069	0x140760069	no	0x14075e430..0x14076324d
0x140f90580	0x200065	0x140200065	no	NO-FUNCTION
0x140f90584	0x45002d	0x14045002d	no	NO-FUNCTION
0x140f90588	0x650078	0x140650078	no	0x140643ae0..0x1406656b1
0x140f9058c	0x750063	0x140750063	no	0x1407206a0..0x14075b438
0x140f90590	0x690074	0x140690074	no	0x140680980..0x14069e996
0x140f90594	0x6e006f	0x1406e006f	no	0x1406dacb0..0x140720697
0x140f90598	0x6f0050	0x1406f0050	no	0x1406dacb0..0x140720697
0x140f9059c	0x69006c	0x14069006c	no	0x140680980..0x14069e996
0x140f905a0	0x790063	0x140790063	no	0x140790010..0x140790073
0x140f905a4	0x420020	0x140420020	no	NO-FUNCTION
0x140f905a8	0x700079	0x140700079	no	0x1406dacb0..0x140720697
0x140f905ac	0x730061	0x140730061	no	0x1407206a0..0x14075b438
0x140f905b0	0x200073	0x140200073	no	NO-FUNCTION
0x140f905b4	0x45002d	0x14045002d	no	NO-FUNCTION
0x140f905b8	0x63006e	0x14063006e	no	0x140619940..0x140643adc
0x140f905bc	0x64006f	0x14064006f	no	0x140619940..0x140643adc
0x140f905c0	0x640065	0x140640065	no	0x140619940..0x140643adc
0x140f905c4	0x6f0043	0x1406f0043	no	0x1406dacb0..0x140720697
0x140f905c8	0x6d006d	0x1406d006d	no	0x1406cd1b0..0x1406daca2
0x140f905cc	0x6e0061	0x1406e0061	no	0x1406dacb0..0x140720697
0x140f905d0	0x200064	0x140200064	no	NO-FUNCTION
0x140f905d8	0x2f005c	0x1402f005c	no	NO-FUNCTION
0x140f905e0	0x270027	0x140270027	no	NO-FUNCTION
0x140f905e8	0x700024	0x140700024	no	0x1406dacb0..0x140720697
0x140f905ec	0x27003d	0x14027003d	no	NO-FUNCTION
0x140f905f4	0x3b0027	0x1403b0027	no	0x1403aea80..0x1403b28e2
0x140f90600	0x720074	0x140720074	no	0x1406dacb0..0x140720697
0x140f90604	0x7b0079	0x1407b0079	no	0x1407b0048..0x1407b0153
0x140f90608	0x640041	0x140640041	no	0x140619940..0x140643adc
0x140f9060c	0x2d0064	0x1402d0064	no	NO-FUNCTION
0x140f90610	0x70004d	0x14070004d	no	0x1406dacb0..0x140720697
0x140f90614	0x720050	0x140720050	no	0x1406dacb0..0x140720697
0x140f90618	0x660065	0x140660065	no	0x140643ae0..0x1406656b1
0x140f9061c	0x720065	0x140720065	no	0x1406dacb0..0x140720697
0x140f90620	0x6e0065	0x1406e0065	no	0x1406dacb0..0x140720697
0x140f90624	0x650063	0x140650063	no	0x140643ae0..0x1406656b1
0x140f90628	0x2d0020	0x1402d0020	no	NO-FUNCTION
0x140f9062c	0x780045	0x140780045	no	0x140770330..0x140783d53
0x140f90630	0x6c0063	0x1406c0063	no	0x14069eaa0..0x1406cd1a2
0x140f90634	0x730075	0x140730075	no	0x1407206a0..0x14075b438
0x140f90638	0x6f0069	0x1406f0069	no	0x1406dacb0..0x140720697
0x140f9063c	0x50006e	0x14050006e	no	NO-FUNCTION
0x140f90640	0x740061	0x140740061	no	0x1407206a0..0x14075b438
0x140f90644	0x200068	0x140200068	no	NO-FUNCTION
0x140f90648	0x700024	0x140700024	no	0x1406dacb0..0x140720697
0x140f9064c	0x2d0020	0x1402d0020	no	NO-FUNCTION
0x140f90650	0x6f0046	0x1406f0046	no	0x1406dacb0..0x140720697
0x140f90654	0x630072	0x140630072	no	0x140619940..0x140643adc
0x140f90658	0x200065	0x140200065	no	NO-FUNCTION
0x140f9065c	0x45002d	0x14045002d	no	NO-FUNCTION
0x140f90660	0x720072	0x140720072	no	0x1406dacb0..0x140720697
0x140f90664	0x72006f	0x14072006f	no	0x1406dacb0..0x140720697
0x140f90668	0x630041	0x140630041	no	0x140619940..0x140643adc
0x140f9066c	0x690074	0x140690074	no	0x140680980..0x14069e996
0x140f90670	0x6e006f	0x1406e006f	no	0x1406dacb0..0x140720697
0x140f90674	0x530020	0x140530020	no	NO-FUNCTION
0x140f90678	0x6f0074	0x1406f0074	no	0x1406dacb0..0x140720697
0x140f9067c	0x3b0070	0x1403b0070	no	0x1403aea80..0x1403b28e2
0x140f90680	0x780065	0x140780065	no	0x140770330..0x140783d53
0x140f90684	0x740069	0x140740069	no	0x1407206a0..0x14075b438
0x140f90688	0x300020	0x140300020	no	NO-FUNCTION
0x140f90690	0x610063	0x140610063	no	0x1405e8220..0x1406196ee
0x140f90694	0x630074	0x140630074	no	0x140619940..0x140643adc
0x140f90698	0x7b0068	0x1407b0068	no	0x1407b0048..0x1407b0153
0x140f9069c	0x720074	0x140720074	no	0x1406dacb0..0x140720697
0x140f906a0	0x7b0079	0x1407b0079	no	0x1407b0048..0x1407b0153
0x140f906a4	0x6e0024	0x1406e0024	no	0x1406dacb0..0x140720697
0x140f906a8	0x6c0075	0x1406c0075	no	0x14069eaa0..0x1406cd1a2
0x140f906ac	0x3d006c	0x1403d006c	no	NO-FUNCTION
0x140f906b0	0x6e0049	0x1406e0049	no	0x1406dacb0..0x140720697
0x140f906b4	0x6f0076	0x1406f0076	no	0x1406dacb0..0x140720697
0x140f906b8	0x65006b	0x14065006b	no	0x140643ae0..0x1406656b1
0x140f906bc	0x43002d	0x14043002d	no	NO-FUNCTION
0x140f906c0	0x6d0069	0x1406d0069	no	0x1406cd1b0..0x1406daca2
0x140f906c4	0x65004d	0x14065004d	no	0x140643ae0..0x1406656b1
0x140f906c8	0x680074	0x140680074	no	0x140665910..0x140680974
0x140f906cc	0x64006f	0x14064006f	no	0x140619940..0x140643adc
0x140f906d0	0x2d0020	0x1402d0020	no	NO-FUNCTION
0x140f906d4	0x61004e	0x14061004e	no	0x1405e8220..0x1406196ee
0x140f906d8	0x65006d	0x14065006d	no	0x140643ae0..0x1406656b1
0x140f906dc	0x700073	0x140700073	no	0x1406dacb0..0x140720697
0x140f906e0	0x630061	0x140630061	no	0x140619940..0x140643adc
0x140f906e4	0x200065	0x140200065	no	NO-FUNCTION
0x140f906e8	0x720027	0x140720027	no	0x1406dacb0..0x140720697
0x140f906ec	0x6f006f	0x1406f006f	no	0x1406dacb0..0x140720697
0x140f906f0	0x2f0074	0x1402f0074	no	NO-FUNCTION
0x140f906f4	0x69004d	0x14069004d	no	0x140680980..0x14069e996
0x140f906f8	0x720063	0x140720063	no	0x1406dacb0..0x140720697
0x140f906fc	0x73006f	0x14073006f	no	0x1407206a0..0x14075b438
0x140f90700	0x66006f	0x14066006f	no	0x140643ae0..0x1406656b1
0x140f90704	0x2f0074	0x1402f0074	no	NO-FUNCTION
0x140f90708	0x690057	0x140690057	no	0x140680980..0x14069e996
0x140f9070c	0x64006e	0x14064006e	no	0x140619940..0x140643adc
0x140f90710	0x77006f	0x14077006f	no	0x140770060..0x140770233
0x140f90714	0x2f0073	0x1402f0073	no	NO-FUNCTION
0x140f90718	0x650044	0x140650044	no	0x140643ae0..0x1406656b1
0x140f9071c	0x650066	0x140650066	no	0x140643ae0..0x1406656b1
0x140f90720	0x64006e	0x14064006e	no	0x140619940..0x140643adc
0x140f90724	0x720065	0x140720065	no	0x1406dacb0..0x140720697
0x140f90728	0x200027	0x140200027	no	NO-FUNCTION
0x140f9072c	0x43002d	0x14043002d	no	NO-FUNCTION
0x140f90730	0x61006c	0x14061006c	no	0x1405e8220..0x1406196ee
0x140f90734	0x730073	0x140730073	no	0x1407206a0..0x14075b438
0x140f90738	0x61004e	0x14061004e	no	0x1405e8220..0x1406196ee
0x140f9073c	0x65006d	0x14065006d	no	0x140643ae0..0x1406656b1
0x140f90740	0x270020	0x140270020	no	NO-FUNCTION
0x140f90744	0x53004d	0x14053004d	no	NO-FUNCTION
0x140f90748	0x540046	0x140540046	no	NO-FUNCTION
0x140f9074c	0x4d005f	0x1404d005f	no	NO-FUNCTION
0x140f90750	0x500070	0x140500070	no	NO-FUNCTION
0x140f90754	0x650072	0x140650072	no	0x140643ae0..0x1406656b1
0x140f90758	0x650066	0x140650066	no	0x140643ae0..0x1406656b1
0x140f9075c	0x650072	0x140650072	no	0x140643ae0..0x1406656b1
0x140f90760	0x63006e	0x14063006e	no	0x140619940..0x140643adc
0x140f90764	0x270065	0x140270065	no	NO-FUNCTION
0x140f90768	0x2d0020	0x1402d0020	no	NO-FUNCTION
0x140f9076c	0x65004d	0x14065004d	no	0x140643ae0..0x1406656b1
0x140f90770	0x680074	0x140680074	no	0x140665910..0x140680974
0x140f90774	0x64006f	0x14064006f	no	0x140619940..0x140643adc
0x140f90778	0x61004e	0x14061004e	no	0x1405e8220..0x1406196ee
0x140f9077c	0x65006d	0x14065006d	no	0x140643ae0..0x1406656b1
0x140f90780	0x270020	0x140270020	no	NO-FUNCTION
0x140f90784	0x640041	0x140640041	no	0x140619940..0x140643adc
0x140f90788	0x270064	0x140270064	no	NO-FUNCTION
0x140f9078c	0x2d0020	0x1402d0020	no	NO-FUNCTION
0x140f90790	0x720041	0x140720041	no	0x1406dacb0..0x140720697
0x140f90794	0x750067	0x140750067	no	0x1407206a0..0x14075b438
0x140f90798	0x65006d	0x14065006d	no	0x140643ae0..0x1406656b1
0x140f9079c	0x74006e	0x14074006e	no	0x1407206a0..0x14075b438
0x140f907a0	0x200073	0x140200073	no	NO-FUNCTION
0x140f907a4	0x7b0040	0x1407b0040	no	0x1407b0020..0x1407b0048
0x140f907a8	0x780045	0x140780045	no	0x140770330..0x140783d53
0x140f907ac	0x6c0063	0x1406c0063	no	0x14069eaa0..0x1406cd1a2
0x140f907b0	0x730075	0x140730075	no	0x1407206a0..0x14075b438
0x140f907b4	0x6f0069	0x1406f0069	no	0x1406dacb0..0x140720697
0x140f907b8	0x50006e	0x14050006e	no	NO-FUNCTION
0x140f907bc	0x740061	0x140740061	no	0x1407206a0..0x14075b438
0x140f907c0	0x3d0068	0x1403d0068	no	NO-FUNCTION
0x140f907c4	0x280040	0x140280040	no	NO-FUNCTION
0x140f907c8	0x700024	0x140700024	no	0x1406dacb0..0x140720697
0x140f907cc	0x3b0029	0x1403b0029	no	0x1403aea80..0x1403b28e2
0x140f907d0	0x6f0046	0x1406f0046	no	0x1406dacb0..0x140720697
0x140f907d4	0x630072	0x140630072	no	0x140619940..0x140643adc
0x140f907d8	0x3d0065	0x1403d0065	no	NO-FUNCTION
0x140f907dc	0x740024	0x140740024	no	0x1407206a0..0x14075b438
0x140f907e0	0x750072	0x140750072	no	0x1407206a0..0x14075b438
0x140f907e4	0x7d0065	0x1407d0065	no	0x1407cff74..0x1407d0266
0x140f907e8	0x2d0020	0x1402d0020	no	NO-FUNCTION
0x140f907ec	0x720045	0x140720045	no	0x1406dacb0..0x140720697
0x140f907f0	0x6f0072	0x1406f0072	no	0x1406dacb0..0x140720697
0x140f907f4	0x410072	0x140410072	no	NO-FUNCTION
0x140f907f8	0x740063	0x140740063	no	0x1407206a0..0x14075b438
0x140f907fc	0x6f0069	0x1406f0069	no	0x1406dacb0..0x140720697
0x140f90800	0x20006e	0x14020006e	no	NO-FUNCTION
0x140f90804	0x740053	0x140740053	no	0x1407206a0..0x14075b438
0x140f90808	0x70006f	0x14070006f	no	0x1406dacb0..0x140720697
0x140f9080c	0x65003b	0x14065003b	no	0x140643ae0..0x1406656b1
0x140f90810	0x690078	0x140690078	no	0x140680980..0x14069e996
0x140f90814	0x200074	0x140200074	no	NO-FUNCTION
0x140f90818	0x7d0030	0x1407d0030	no	0x1407cff74..0x1407d0266
0x140f9081c	0x610063	0x140610063	no	0x1405e8220..0x1406196ee
0x140f90820	0x630074	0x140630074	no	0x140619940..0x140643adc
0x140f90824	0x7b0068	0x1407b0068	no	0x1407b0048..0x1407b0153
0x140f90828	0x780065	0x140780065	no	0x140770330..0x140783d53
0x140f9082c	0x740069	0x140740069	no	0x1407206a0..0x14075b438
0x140f90830	0x310020	0x140310020	no	NO-FUNCTION
0x140f90834	0x7d007d	0x1407d007d	no	0x1407cff74..0x1407d0266
0x140f90840	0x3a0043	0x1403a0043	no	0x140384a80..0x1403a85db
0x140f90844	0x57005c	0x14057005c	no	NO-FUNCTION
0x140f90848	0x6e0069	0x1406e0069	no	0x1406dacb0..0x140720697
0x140f9084c	0x6f0064	0x1406f0064	no	0x1406dacb0..0x140720697
0x140f90850	0x730077	0x140730077	no	0x1407206a0..0x14075b438
0x140f90854	0x53005c	0x14053005c	no	NO-FUNCTION
0x140f90858	0x730079	0x140730079	no	0x1407206a0..0x14075b438
0x140f9085c	0x650074	0x140650074	no	0x140643ae0..0x1406656b1
0x140f90860	0x33006d	0x14033006d	no	NO-FUNCTION
0x140f90868	0x610048	0x140610048	no	0x1405e8220..0x1406196ee
0x140f9086c	0x640072	0x140640072	no	0x140619940..0x140643adc
0x140f90870	0x610077	0x140610077	no	0x1405e8220..0x1406196ee
0x140f90874	0x650072	0x140650072	no	0x140643ae0..0x1406656b1
0x140f90878	0x65002e	0x14065002e	no	0x140643ae0..0x1406656b1
0x140f9087c	0x650078	0x140650078	no	0x140643ae0..0x1406656b1
0x140f90888	0x74005f	0x14074005f	no	0x1407206a0..0x14075b438
0x140f9088c	0x6d0065	0x1406d0065	no	0x1406cd1b0..0x1406daca2
0x140f90890	0x5f0070	0x1405f0070	no	0x1405e8220..0x1406196ee
0x140f90894	0x650068	0x140650068	no	0x140643ae0..0x1406656b1
0x140f90898	0x310075	0x140310075	no	NO-FUNCTION
0x140f9089c	0x380036	0x140380036	no	0x14037cb90..0x140383f00
0x140f908a0	0x790079	0x140790079	no	NO-FUNCTION
0x140f908a4	0x730064	0x140730064	no	0x1407206a0..0x14075b438
0x140f908b0	0x65004e	0x14065004e	no	0x140643ae0..0x1406656b1
0x140f908b4	0x530074	0x140530074	no	NO-FUNCTION
0x140f908b8	0x200068	0x140200068	no	NO-FUNCTION
0x140f908bc	0x640041	0x140640041	no	0x140619940..0x140643adc
0x140f908c0	0x660076	0x140660076	no	0x140643ae0..0x1406656b1
0x140f908c4	0x720069	0x140720069	no	0x1406dacb0..0x140720697
0x140f908c8	0x770065	0x140770065	no	0x140770060..0x140770233
0x140f908cc	0x6c0061	0x1406c0061	no	0x14069eaa0..0x1406cd1a2
0x140f908d0	0x20006c	0x14020006c	no	NO-FUNCTION
0x140f908d4	0x650073	0x140650073	no	0x140643ae0..0x1406656b1
0x140f908d8	0x200074	0x140200074	no	NO-FUNCTION
0x140f908dc	0x6c0061	0x1406c0061	no	0x14069eaa0..0x1406cd1a2
0x140f908e0	0x70006c	0x14070006c	no	0x1406dacb0..0x140720697
0x140f908e4	0x6f0072	0x1406f0072	no	0x1406dacb0..0x140720697
0x140f908e8	0x690066	0x140690066	no	0x140680980..0x14069e996
0x140f908ec	0x65006c	0x14065006c	no	0x140643ae0..0x1406656b1
0x140f908f0	0x200073	0x140200073	no	NO-FUNCTION
0x140f908f4	0x740073	0x140740073	no	0x1407206a0..0x14075b438
0x140f908f8	0x740061	0x140740061	no	0x1407206a0..0x14075b438
0x140f908fc	0x200065	0x140200065	no	NO-FUNCTION
0x140f90900	0x66006f	0x14066006f	no	0x140643ae0..0x1406656b1
0x140f90918	0x6572	0x140006572	no	0x1400019d0..0x14001bde5
0x140f90a4c	0x656369	0x140656369	no	0x140643ae0..0x1406656b1
0x140f90aa0	0x656c	0x14000656c	no	0x1400019d0..0x14001bde5
0x140f90b70	0x656d	0x14000656d	no	0x1400019d0..0x14001bde5
0x140f90bb0	0x656d	0x14000656d	no	0x1400019d0..0x14001bde5
0x140f90be4	0x656d	0x14000656d	no	0x1400019d0..0x14001bde5
0x140f90c00	0x7379	0x140007379	no	0x1400019d0..0x14001bde5
0x140f90c1c	0x656469	0x140656469	no	0x140643ae0..0x1406656b1
0x140f90c60	0x746e	0x14000746e	no	0x1400019d0..0x14001bde5
0x140f90c80	0x6b7361	0x1406b7361	no	0x14069eaa0..0x1406cd1a2
0x140f90c94	0x73676e	0x14073676e	no	0x1407206a0..0x14075b438
0x140f90c9c	0x64656c	0x14064656c	no	0x140643ae0..0x1406656b1
0x140f90cf4	0x7974	0x140007974	no	0x1400019d0..0x14001bde5
0x140f90d14	0x657461	0x140657461	no	0x140643ae0..0x1406656b1
0x140f90d40	0x7963	0x140007963	no	0x1400019d0..0x14001bde5
0x140f90e04	0x7265	0x140007265	no	0x1400019d0..0x14001bde5
0x140f90e20	0x6f0070	0x1406f0070	no	0x1406dacb0..0x140720697
0x140f90e24	0x650077	0x140650077	no	0x140643ae0..0x1406656b1
0x140f90e28	0x630072	0x140630072	no	0x140619940..0x140643adc
0x140f90e2c	0x670066	0x140670066	no	0x140665910..0x140680974
0x140f90e30	0x65002e	0x14065002e	no	0x140643ae0..0x1406656b1
0x140f90e34	0x650078	0x140650078	no	0x140643ae0..0x1406656b1
0x140f90e38	0x2f0020	0x1402f0020	no	NO-FUNCTION
0x140f90e3c	0x200068	0x140200068	no	NO-FUNCTION
0x140f90e40	0x66006f	0x14066006f	no	0x140643ae0..0x1406656b1
0x140f90e50	0x750052	0x140750052	no	0x1407206a0..0x14075b438
0x140f90e54	0x44006e	0x14044006e	no	NO-FUNCTION
0x140f90e58	0x6c006c	0x1406c006c	no	0x14069eaa0..0x1406cd1a2
0x140f90e5c	0x320033	0x140320033	no	NO-FUNCTION
0x140f90e60	0x65002e	0x14065002e	no	0x140643ae0..0x1406656b1
0x140f90e64	0x650078	0x140650078	no	0x140643ae0..0x1406656b1
0x140f90e68	0x550020	0x140550020	no	NO-FUNCTION
0x140f90e6c	0x450053	0x140450053	no	NO-FUNCTION
0x140f90e70	0x330052	0x140330052	no	NO-FUNCTION
0x140f90e74	0x2e0032	0x1402e0032	no	NO-FUNCTION
0x140f90e78	0x4c0044	0x1404c0044	no	NO-FUNCTION
0x140f90e7c	0x2c004c	0x1402c004c	no	NO-FUNCTION
0x140f90e80	0x700055	0x140700055	no	0x1406dacb0..0x140720697
0x140f90e84	0x610064	0x140610064	no	0x1405e8220..0x1406196ee
0x140f90e88	0x650074	0x140650074	no	0x140643ae0..0x1406656b1
0x140f90e8c	0x650050	0x140650050	no	0x140643ae0..0x1406656b1
0x140f90e90	0x550072	0x140550072	no	NO-FUNCTION
0x140f90e94	0x650073	0x140650073	no	0x140643ae0..0x1406656b1
0x140f90e98	0x530072	0x140530072	no	NO-FUNCTION
0x140f90e9c	0x730079	0x140730079	no	0x1407206a0..0x14075b438
0x140f90ea0	0x650074	0x140650074	no	0x140643ae0..0x1406656b1
0x140f90ea4	0x50006d	0x14050006d	no	NO-FUNCTION
0x140f90ea8	0x720061	0x140720061	no	0x1406dacb0..0x140720697
0x140f90eac	0x6d0061	0x1406d0061	no	0x1406cd1b0..0x1406daca2
0x140f90eb0	0x740065	0x140740065	no	0x1407206a0..0x14075b438
0x140f90eb4	0x720065	0x140720065	no	0x1406dacb0..0x140720697
0x140f90ec0	0x53004e	0x14053004e	no	NO-FUNCTION
0x140f90ec4	0x5f0050	0x1405f0050	no	0x1405e8220..0x1406196ee
0x140f90ec8	0x490046	0x140490046	no	NO-FUNCTION
0x140f90ecc	0x530052	0x140530052	no	NO-FUNCTION
0x140f90ed0	0x5f0054	0x1405f0054	no	0x1405e8220..0x1406196ee
0x140f90ed4	0x41004c	0x14041004c	no	NO-FUNCTION
0x140f90ed8	0x4e0055	0x1404e0055	no	NO-FUNCTION
0x140f90edc	0x480043	0x140480043	no	NO-FUNCTION
0x140f90ee0	0x50005f	0x14050005f	no	NO-FUNCTION
0x140f90ee4	0x450052	0x140450052	no	NO-FUNCTION
0x140f90ee8	0x5f0050	0x1405f0050	no	0x1405e8220..0x1406196ee
0x140f90eec	0x4f0044	0x1404f0044	no	NO-FUNCTION
0x140f90ef0	0x45004e	0x14045004e	no	NO-FUNCTION
0x140f90ef8	0x610048	0x140610048	no	0x1405e8220..0x1406196ee
0x140f90efc	0x640072	0x140640072	no	0x140619940..0x140643adc
0x140f90f00	0x610077	0x140610077	no	0x1405e8220..0x1406196ee
0x140f90f04	0x650072	0x140650072	no	0x140643ae0..0x1406656b1
0x140f90f10	0x73006d	0x14073006d	no	0x1407206a0..0x14075b438
0x140f90f14	0x74005f	0x14074005f	no	0x1407206a0..0x14075b438
0x140f90f18	0x700063	0x140700063	no	0x1406dacb0..0x140720697
0x140f90f1c	0x700069	0x140700069	no	0x1406dacb0..0x140720697
0x140f90f28	0x610026	0x140610026	no	0x1405e8220..0x1406196ee
0x140f90f2c	0x70006d	0x14070006d	no	0x1406dacb0..0x140720697
0x140f90f38	0x6c0026	0x1406c0026	no	0x14069eaa0..0x1406cd1a2
0x140f90f3c	0x3b0074	0x1403b0074	no	0x1403aea80..0x1403b28e2
0x140f90f48	0x670026	0x140670026	no	0x140665910..0x140680974
0x140f90f4c	0x3b0074	0x1403b0074	no	0x1403aea80..0x1403b28e2
0x140f90f58	0x710026	0x140710026	no	0x1406dacb0..0x140720697
0x140f90f5c	0x6f0075	0x1406f0075	no	0x1406dacb0..0x140720697
0x140f90f60	0x3b0074	0x1403b0074	no	0x1403aea80..0x1403b28e2
0x140f90f68	0x610026	0x140610026	no	0x1405e8220..0x1406196ee
0x140f90f6c	0x6f0070	0x1406f0070	no	0x1406dacb0..0x140720697
0x140f90f70	0x3b0073	0x1403b0073	no	0x1403aea80..0x1403b28e2
0x140f90f80	0x530055	0x140530055	no	NO-FUNCTION
0x140f90f84	0x520045	0x140520045	no	NO-FUNCTION
0x140f90f88	0x41004e	0x14041004e	no	NO-FUNCTION
0x140f90f8c	0x45004d	0x14045004d	no	NO-FUNCTION
0x140f90f98	0x530055	0x140530055	no	NO-FUNCTION
0x140f90f9c	0x520045	0x140520045	no	NO-FUNCTION
0x140f90fa0	0x4f0044	0x1404f0044	no	NO-FUNCTION
0x140f90fa4	0x41004d	0x14041004d	no	NO-FUNCTION
0x140f90fa8	0x4e0049	0x1404e0049	no	NO-FUNCTION
0x140f90fb0	0x4f0043	0x1404f0043	no	NO-FUNCTION
0x140f90fb4	0x50004d	0x14050004d	no	NO-FUNCTION
0x140f90fb8	0x540055	0x140540055	no	NO-FUNCTION
0x140f90fbc	0x520045	0x140520045	no	NO-FUNCTION
0x140f90fc0	0x41004e	0x14041004e	no	NO-FUNCTION
0x140f90fc4	0x45004d	0x14045004d	no	NO-FUNCTION
0x140f90fd0	0x640041	0x140640041	no	0x140619940..0x140643adc
0x140f90fd4	0x69006d	0x14069006d	no	0x140680980..0x14069e996
0x140f90fd8	0x69006e	0x14069006e	no	0x140680980..0x14069e996
0x140f90fdc	0x740073	0x140740073	no	0x1407206a0..0x14075b438
0x140f90fe0	0x610072	0x140610072	no	0x1405e8220..0x1406196ee
0x140f90fe4	0x6f0074	0x1406f0074	no	0x1406dacb0..0x140720697
0x140f90ff0	0x3a0043	0x1403a0043	no	0x140384a80..0x1403a85db
0x140f90ff4	0x57005c	0x14057005c	no	NO-FUNCTION
0x140f90ff8	0x6e0069	0x1406e0069	no	0x1406dacb0..0x140720697
0x140f90ffc	0x6f0064	0x1406f0064	no	0x1406dacb0..0x140720697
0x140f91000	0x730077	0x140730077	no	0x1407206a0..0x14075b438
0x140f91004	0x54005c	0x14054005c	no	NO-FUNCTION
0x140f91008	0x6d0065	0x1406d0065	no	0x1406cd1b0..0x1406daca2
0x140f9100c	0x5c0070	0x1405c0070	no	0x1405a0700..0x1405c16cf
0x140f91010	0x610048	0x140610048	no	0x1405e8220..0x1406196ee
0x140f91014	0x640072	0x140640072	no	0x140619940..0x140643adc
0x140f91018	0x610077	0x140610077	no	0x1405e8220..0x1406196ee
0x140f9101c	0x650072	0x140650072	no	0x140643ae0..0x1406656b1
0x140f91020	0x610054	0x140610054	no	0x1405e8220..0x1406196ee
0x140f91024	0x6b0073	0x1406b0073	no	0x14069eaa0..0x1406cd1a2
0x140f91028	0x78002e	0x14078002e	no	0x140770330..0x140783d53
0x140f9102c	0x6c006d	0x1406c006d	no	0x14069eaa0..0x1406cd1a2
0x140f91038	0x610048	0x140610048	no	0x1405e8220..0x1406196ee
0x140f9103c	0x640072	0x140640072	no	0x140619940..0x140643adc
0x140f91040	0x610077	0x140610077	no	0x1405e8220..0x1406196ee
0x140f91044	0x650072	0x140650072	no	0x140643ae0..0x1406656b1
0x140f91048	0x610054	0x140610054	no	0x1405e8220..0x1406196ee
0x140f9104c	0x6b0073	0x1406b0073	no	0x14069eaa0..0x1406cd1a2
0x140f91050	0x78002e	0x14078002e	no	0x140770330..0x140783d53
0x140f91054	0x6c006d	0x1406c006d	no	0x14069eaa0..0x1406cd1a2
0x140f91060	0x3f003c	0x1403f003c	no	NO-FUNCTION
0x140f91064	0x6d0078	0x1406d0078	no	0x1406cd1b0..0x1406daca2
0x140f91068	0x20006c	0x14020006c	no	NO-FUNCTION
0x140f9106c	0x650076	0x140650076	no	0x140643ae0..0x1406656b1
0x140f91070	0x730072	0x140730072	no	0x1407206a0..0x14075b438
0x140f91074	0x6f0069	0x1406f0069	no	0x1406dacb0..0x140720697
0x140f91078	0x3d006e	0x1403d006e	no	NO-FUNCTION
0x140f9107c	0x310022	0x140310022	no	NO-FUNCTION
0x140f91080	0x30002e	0x14030002e	no	NO-FUNCTION
0x140f91084	0x200022	0x140200022	no	NO-FUNCTION
0x140f91088	0x6e0065	0x1406e0065	no	0x1406dacb0..0x140720697
0x140f9108c	0x6f0063	0x1406f0063	no	0x1406dacb0..0x140720697
0x140f91090	0x690064	0x140690064	no	0x140680980..0x14069e996
0x140f91094	0x67006e	0x14067006e	no	0x140665910..0x140680974
0x140f91098	0x22003d	0x14022003d	no	NO-FUNCTION
0x140f9109c	0x540055	0x140540055	no	NO-FUNCTION
0x140f910a0	0x2d0046	0x1402d0046	no	NO-FUNCTION
0x140f910a4	0x360031	0x140360031	no	NO-FUNCTION
0x140f910a8	0x3f0022	0x1403f0022	no	NO-FUNCTION
0x140f910ac	0xd003e	0x1400d003e	no	0x140071910..0x1400f6e74
0x140f910c0	0x54003c	0x14054003c	no	NO-FUNCTION
0x140f910c4	0x730061	0x140730061	no	0x1407206a0..0x14075b438
0x140f910c8	0x20006b	0x14020006b	no	NO-FUNCTION
0x140f910cc	0x650076	0x140650076	no	0x140643ae0..0x1406656b1
0x140f910d0	0x730072	0x140730072	no	0x1407206a0..0x14075b438
0x140f910d4	0x6f0069	0x1406f0069	no	0x1406dacb0..0x140720697
0x140f910d8	0x3d006e	0x1403d006e	no	NO-FUNCTION
0x140f910dc	0x310022	0x140310022	no	NO-FUNCTION
0x140f910e0	0x32002e	0x14032002e	no	NO-FUNCTION
0x140f910e4	0x200022	0x140200022	no	NO-FUNCTION
0x140f910e8	0x6d0078	0x1406d0078	no	0x1406cd1b0..0x1406daca2
0x140f910ec	0x6e006c	0x1406e006c	no	0x1406dacb0..0x140720697
0x140f910f0	0x3d0073	0x1403d0073	no	NO-FUNCTION
0x140f910f4	0x680022	0x140680022	no	0x140665910..0x140680974
0x140f910f8	0x740074	0x140740074	no	0x1407206a0..0x14075b438
0x140f910fc	0x3a0070	0x1403a0070	no	0x140384a80..0x1403a85db
0x140f91100	0x2f002f	0x1402f002f	no	NO-FUNCTION
0x140f91104	0x630073	0x140630073	no	0x140619940..0x140643adc
0x140f91108	0x650068	0x140650068	no	0x140643ae0..0x1406656b1
0x140f9110c	0x61006d	0x14061006d	no	0x1405e8220..0x1406196ee
0x140f91110	0x2e0073	0x1402e0073	no	NO-FUNCTION
0x140f91114	0x69006d	0x14069006d	no	0x140680980..0x14069e996
0x140f91118	0x720063	0x140720063	no	0x1406dacb0..0x140720697
0x140f9111c	0x73006f	0x14073006f	no	0x1407206a0..0x14075b438
0x140f91120	0x66006f	0x14066006f	no	0x140643ae0..0x1406656b1
0x140f91124	0x2e0074	0x1402e0074	no	NO-FUNCTION
0x140f91128	0x6f0063	0x1406f0063	no	0x1406dacb0..0x140720697
0x140f9112c	0x2f006d	0x1402f006d	no	NO-FUNCTION
0x140f91130	0x690077	0x140690077	no	0x140680980..0x14069e996
0x140f91134	0x64006e	0x14064006e	no	0x140619940..0x140643adc
0x140f91138	0x77006f	0x14077006f	no	0x140770060..0x140770233
0x140f9113c	0x2f0073	0x1402f0073	no	NO-FUNCTION
0x140f91140	0x300032	0x140300032	no	NO-FUNCTION
0x140f91144	0x340030	0x140340030	no	NO-FUNCTION
0x140f91148	0x30002f	0x14030002f	no	NO-FUNCTION
0x140f9114c	0x2f0032	0x1402f0032	no	NO-FUNCTION
0x140f91150	0x69006d	0x14069006d	no	0x140680980..0x14069e996
0x140f91154	0x2f0074	0x1402f0074	no	NO-FUNCTION
0x140f91158	0x610074	0x140610074	no	0x1405e8220..0x1406196ee
0x140f9115c	0x6b0073	0x1406b0073	no	0x14069eaa0..0x1406cd1a2
0x140f91160	0x3e0022	0x1403e0022	no	NO-FUNCTION
0x140f91164	0xa000d	0x1400a000d	no	0x140071910..0x1400f6e74
0x140f91170	0x200020	0x140200020	no	NO-FUNCTION
0x140f91174	0x52003c	0x14052003c	no	NO-FUNCTION
0x140f91178	0x670065	0x140670065	no	0x140665910..0x140680974
0x140f9117c	0x730069	0x140730069	no	0x1407206a0..0x14075b438
0x140f91180	0x720074	0x140720074	no	0x1406dacb0..0x140720697
0x140f91184	0x740061	0x140740061	no	0x1407206a0..0x14075b438
0x140f91188	0x6f0069	0x1406f0069	no	0x1406dacb0..0x140720697
0x140f9118c	0x49006e	0x14049006e	no	NO-FUNCTION
0x140f91190	0x66006e	0x14066006e	no	0x140643ae0..0x1406656b1
0x140f91194	0x3e006f	0x1403e006f	no	NO-FUNCTION
0x140f91198	0xa000d	0x1400a000d	no	0x140071910..0x1400f6e74
0x140f911a0	0x2f003c	0x1402f003c	no	NO-FUNCTION
0x140f911a4	0x750041	0x140750041	no	0x1407206a0..0x14075b438
0x140f911a8	0x680074	0x140680074	no	0x140665910..0x140680974
0x140f911ac	0x72006f	0x14072006f	no	0x1406dacb0..0x140720697
0x140f911b0	0xd003e	0x1400d003e	no	0x140071910..0x1400f6e74
0x140f911b8	0x200020	0x140200020	no	NO-FUNCTION
0x140f911bc	0x200020	0x140200020	no	NO-FUNCTION
0x140f911c0	0x41003c	0x14041003c	no	NO-FUNCTION
0x140f911c4	0x740075	0x140740075	no	0x1407206a0..0x14075b438
0x140f911c8	0x6f0068	0x1406f0068	no	0x1406dacb0..0x140720697
0x140f911cc	0x3e0072	0x1403e0072	no	NO-FUNCTION
0x140f911e0	0x200020	0x140200020	no	NO-FUNCTION
0x140f911e4	0x200020	0x140200020	no	NO-FUNCTION
0x140f911e8	0x44003c	0x14044003c	no	NO-FUNCTION
0x140f911ec	0x730065	0x140730065	no	0x1407206a0..0x14075b438
0x140f911f0	0x720063	0x140720063	no	0x1406dacb0..0x140720697
0x140f911f4	0x700069	0x140700069	no	0x1406dacb0..0x140720697
0x140f911f8	0x690074	0x140690074	no	0x140680980..0x14069e996
0x140f911fc	0x6e006f	0x1406e006f	no	0x1406dacb0..0x140720697
0x140f91200	0x4d003e	0x1404d003e	no	NO-FUNCTION
0x140f91204	0x630069	0x140630069	no	0x140619940..0x140643adc
0x140f91208	0x6f0072	0x1406f0072	no	0x1406dacb0..0x140720697
0x140f9120c	0x6f0073	0x1406f0073	no	0x1406dacb0..0x140720697
0x140f91210	0x740066	0x140740066	no	0x1407206a0..0x14075b438
0x140f91214	0x730020	0x140730020	no	0x1407206a0..0x14075b438
0x140f91218	0x66006f	0x14066006f	no	0x140643ae0..0x1406656b1
0x140f9121c	0x770074	0x140770074	no	0x140770060..0x140770233
0x140f91220	0x720061	0x140720061	no	0x1406dacb0..0x140720697
0x140f91224	0x200065	0x140200065	no	NO-FUNCTION
0x140f91228	0x700075	0x140700075	no	0x1406dacb0..0x140720697
0x140f9122c	0x610064	0x140610064	no	0x1405e8220..0x1406196ee
0x140f91230	0x650074	0x140650074	no	0x140643ae0..0x1406656b1
0x140f91234	0x740020	0x140740020	no	0x1407206a0..0x14075b438
0x140f91238	0x730061	0x140730061	no	0x1407206a0..0x14075b438
0x140f9123c	0x2e006b	0x1402e006b	no	NO-FUNCTION
0x140f91240	0x2f003c	0x1402f003c	no	NO-FUNCTION
0x140f91244	0x650044	0x140650044	no	0x140643ae0..0x1406656b1
0x140f91248	0x630073	0x140630073	no	0x140619940..0x140643adc
0x140f9124c	0x690072	0x140690072	no	0x140680980..0x14069e996
0x140f91250	0x740070	0x140740070	no	0x1407206a0..0x14075b438
0x140f91254	0x6f0069	0x1406f0069	no	0x1406dacb0..0x140720697
0x140f91258	0x3e006e	0x1403e006e	no	NO-FUNCTION
0x140f9125c	0xa000d	0x1400a000d	no	0x140071910..0x1400f6e74
0x140f91268	0x2f003c	0x1402f003c	no	NO-FUNCTION
0x140f9126c	0x520055	0x140520055	no	NO-FUNCTION
0x140f91270	0x3e0049	0x1403e0049	no	NO-FUNCTION
0x140f91274	0xa000d	0x1400a000d	no	0x140071910..0x1400f6e74
0x140f91280	0x200020	0x140200020	no	NO-FUNCTION
0x140f91284	0x200020	0x140200020	no	NO-FUNCTION
0x140f91288	0x55003c	0x14055003c	no	NO-FUNCTION
0x140f9128c	0x490052	0x140490052	no	NO-FUNCTION
0x140f91298	0x200020	0x140200020	no	NO-FUNCTION
0x140f9129c	0x2f003c	0x1402f003c	no	NO-FUNCTION
0x140f912a0	0x650052	0x140650052	no	0x140643ae0..0x1406656b1
0x140f912a4	0x690067	0x140690067	no	0x140680980..0x14069e996
0x140f912a8	0x740073	0x140740073	no	0x1407206a0..0x14075b438
0x140f912ac	0x610072	0x140610072	no	0x1405e8220..0x1406196ee
0x140f912b0	0x690074	0x140690074	no	0x140680980..0x14069e996
0x140f912b4	0x6e006f	0x1406e006f	no	0x1406dacb0..0x140720697
0x140f912b8	0x6e0049	0x1406e0049	no	0x1406dacb0..0x140720697
0x140f912bc	0x6f0066	0x1406f0066	no	0x1406dacb0..0x140720697
0x140f912c0	0xd003e	0x1400d003e	no	0x140071910..0x1400f6e74
0x140f912c8	0x200020	0x140200020	no	NO-FUNCTION
0x140f912cc	0x54003c	0x14054003c	no	NO-FUNCTION
0x140f912d0	0x690072	0x140690072	no	0x140680980..0x14069e996
0x140f912d4	0x670067	0x140670067	no	0x140665910..0x140680974
0x140f912d8	0x720065	0x140720065	no	0x1406dacb0..0x140720697
0x140f912dc	0x3e0073	0x1403e0073	no	NO-FUNCTION
0x140f912e0	0xa000d	0x1400a000d	no	0x140071910..0x1400f6e74
0x140f912e8	0x200020	0x140200020	no	NO-FUNCTION
0x140f912ec	0x200020	0x140200020	no	NO-FUNCTION
0x140f912f0	0x4c003c	0x1404c003c	no	NO-FUNCTION
0x140f912f4	0x67006f	0x14067006f	no	0x140665910..0x140680974
0x140f912f8	0x6e006f	0x1406e006f	no	0x1406dacb0..0x140720697
0x140f912fc	0x720054	0x140720054	no	0x1406dacb0..0x140720697
0x140f91300	0x670069	0x140670069	no	0x140665910..0x140680974
0x140f91304	0x650067	0x140650067	no	0x140643ae0..0x1406656b1
0x140f91308	0x3e0072	0x1403e0072	no	NO-FUNCTION
0x140f9130c	0xa000d	0x1400a000d	no	0x140071910..0x1400f6e74
0x140f91320	0x200020	0x140200020	no	NO-FUNCTION
0x140f91324	0x200020	0x140200020	no	NO-FUNCTION
0x140f91328	0x200020	0x140200020	no	NO-FUNCTION
0x140f9132c	0x45003c	0x14045003c	no	NO-FUNCTION
0x140f91330	0x61006e	0x14061006e	no	0x1405e8220..0x1406196ee
0x140f91334	0x6c0062	0x1406c0062	no	0x14069eaa0..0x1406cd1a2
0x140f91338	0x640065	0x140640065	no	0x140619940..0x140643adc
0x140f9133c	0x74003e	0x14074003e	no	0x1407206a0..0x14075b438
0x140f91340	0x750072	0x140750072	no	0x1407206a0..0x14075b438
0x140f91344	0x3c0065	0x1403c0065	no	0x1403b3d30..0x1403c42ac
0x140f91348	0x45002f	0x14045002f	no	NO-FUNCTION
0x140f9134c	0x61006e	0x14061006e	no	0x1405e8220..0x1406196ee
0x140f91350	0x6c0062	0x1406c0062	no	0x14069eaa0..0x1406cd1a2
0x140f91354	0x640065	0x140640065	no	0x140619940..0x140643adc
0x140f91358	0xd003e	0x1400d003e	no	0x140071910..0x1400f6e74
0x140f91360	0x3c0053	0x1403c0053	no	0x1403b3d30..0x1403c42ac
0x140f91364	0x44002f	0x14044002f	no	NO-FUNCTION
0x140f91368	0x6c0065	0x1406c0065	no	0x14069eaa0..0x1406cd1a2
0x140f9136c	0x790061	0x140790061	no	0x140790010..0x140790073
0x140f91370	0xd003e	0x1400d003e	no	0x140071910..0x1400f6e74
0x140f91378	0x200020	0x140200020	no	NO-FUNCTION
0x140f9137c	0x200020	0x140200020	no	NO-FUNCTION
0x140f91380	0x200020	0x140200020	no	NO-FUNCTION
0x140f91384	0x44003c	0x14044003c	no	NO-FUNCTION
0x140f91388	0x6c0065	0x1406c0065	no	0x14069eaa0..0x1406cd1a2
0x140f9138c	0x790061	0x140790061	no	0x140790010..0x140790073
0x140f91390	0x50003e	0x14050003e	no	NO-FUNCTION
0x140f91398	0x200020	0x140200020	no	NO-FUNCTION
0x140f9139c	0x200020	0x140200020	no	NO-FUNCTION
0x140f913a0	0x2f003c	0x1402f003c	no	NO-FUNCTION
0x140f913a4	0x6f004c	0x1406f004c	no	0x1406dacb0..0x140720697
0x140f913a8	0x6f0067	0x1406f0067	no	0x1406dacb0..0x140720697
0x140f913ac	0x54006e	0x14054006e	no	NO-FUNCTION
0x140f913b0	0x690072	0x140690072	no	0x140680980..0x14069e996
0x140f913b4	0x670067	0x140670067	no	0x140665910..0x140680974
0x140f913b8	0x720065	0x140720065	no	0x1406dacb0..0x140720697
0x140f913bc	0xd003e	0x1400d003e	no	0x140071910..0x1400f6e74
0x140f913c8	0x200020	0x140200020	no	NO-FUNCTION
0x140f913cc	0x2f003c	0x1402f003c	no	NO-FUNCTION
0x140f913d0	0x720054	0x140720054	no	0x1406dacb0..0x140720697
0x140f913d4	0x670069	0x140670069	no	0x140665910..0x140680974
0x140f913d8	0x650067	0x140650067	no	0x140643ae0..0x1406656b1
0x140f913dc	0x730072	0x140730072	no	0x1407206a0..0x14075b438
0x140f913e0	0xd003e	0x1400d003e	no	0x140071910..0x1400f6e74
0x140f913e8	0x200020	0x140200020	no	NO-FUNCTION
0x140f913ec	0x50003c	0x14050003c	no	NO-FUNCTION
0x140f913f0	0x690072	0x140690072	no	0x140680980..0x14069e996
0x140f913f4	0x63006e	0x14063006e	no	0x140619940..0x140643adc
0x140f913f8	0x700069	0x140700069	no	0x1406dacb0..0x140720697
0x140f913fc	0x6c0061	0x1406c0061	no	0x14069eaa0..0x1406cd1a2
0x140f91400	0x3e0073	0x1403e0073	no	NO-FUNCTION
0x140f91404	0xa000d	0x1400a000d	no	0x140071910..0x1400f6e74
0x140f91410	0x200020	0x140200020	no	NO-FUNCTION
0x140f91414	0x200020	0x140200020	no	NO-FUNCTION
0x140f91418	0x50003c	0x14050003c	no	NO-FUNCTION
0x140f9141c	0x690072	0x140690072	no	0x140680980..0x14069e996
0x140f91420	0x63006e	0x14063006e	no	0x140619940..0x140643adc
0x140f91424	0x700069	0x140700069	no	0x1406dacb0..0x140720697
0x140f91428	0x6c0061	0x1406c0061	no	0x14069eaa0..0x1406cd1a2
0x140f9142c	0x690020	0x140690020	no	0x140680980..0x14069e996
0x140f91430	0x3d0064	0x1403d0064	no	NO-FUNCTION
0x140f91434	0x410022	0x140410022	no	NO-FUNCTION
0x140f91438	0x740075	0x140740075	no	0x1407206a0..0x14075b438
0x140f9143c	0x6f0068	0x1406f0068	no	0x1406dacb0..0x140720697
0x140f91440	0x220072	0x140220072	no	NO-FUNCTION
0x140f91444	0xd003e	0x1400d003e	no	0x140071910..0x1400f6e74
0x140f91450	0x2f003c	0x1402f003c	no	NO-FUNCTION
0x140f91454	0x730055	0x140730055	no	0x1407206a0..0x14075b438
0x140f91458	0x720065	0x140720065	no	0x1406dacb0..0x140720697
0x140f9145c	0x640049	0x140640049	no	0x140619940..0x140643adc
0x140f91460	0xd003e	0x1400d003e	no	0x140071910..0x1400f6e74
0x140f91468	0x200020	0x140200020	no	NO-FUNCTION
0x140f9146c	0x200020	0x140200020	no	NO-FUNCTION
0x140f91470	0x200020	0x140200020	no	NO-FUNCTION
0x140f91474	0x55003c	0x14055003c	no	NO-FUNCTION
0x140f91478	0x650073	0x140650073	no	0x140643ae0..0x1406656b1
0x140f9147c	0x490072	0x140490072	no	NO-FUNCTION
0x140f91480	0x3e0064	0x1403e0064	no	NO-FUNCTION
0x140f91490	0x200020	0x140200020	no	NO-FUNCTION
0x140f91494	0x200020	0x140200020	no	NO-FUNCTION
0x140f91498	0x200020	0x140200020	no	NO-FUNCTION
0x140f9149c	0x4c003c	0x1404c003c	no	NO-FUNCTION
0x140f914a0	0x67006f	0x14067006f	no	0x140665910..0x140680974
0x140f914a4	0x6e006f	0x1406e006f	no	0x1406dacb0..0x140720697
0x140f914a8	0x790054	0x140790054	no	0x140790010..0x140790073
0x140f914ac	0x650070	0x140650070	no	0x140643ae0..0x1406656b1
0x140f914b0	0x49003e	0x14049003e	no	NO-FUNCTION
0x140f914b4	0x74006e	0x14074006e	no	0x1407206a0..0x14075b438
0x140f914b8	0x720065	0x140720065	no	0x1406dacb0..0x140720697
0x140f914bc	0x630061	0x140630061	no	0x140619940..0x140643adc
0x140f914c0	0x690074	0x140690074	no	0x140680980..0x14069e996
0x140f914c4	0x650076	0x140650076	no	0x140643ae0..0x1406656b1
0x140f914c8	0x6f0054	0x1406f0054	no	0x1406dacb0..0x140720697
0x140f914cc	0x65006b	0x14065006b	no	0x140643ae0..0x1406656b1
0x140f914d0	0x3c006e	0x1403c006e	no	0x1403b3d30..0x1403c42ac
0x140f914d4	0x4c002f	0x1404c002f	no	NO-FUNCTION
0x140f914d8	0x67006f	0x14067006f	no	0x140665910..0x140680974
0x140f914dc	0x6e006f	0x1406e006f	no	0x1406dacb0..0x140720697
0x140f914e0	0x790054	0x140790054	no	0x140790010..0x140790073
0x140f914e4	0x650070	0x140650070	no	0x140643ae0..0x1406656b1
0x140f914e8	0xd003e	0x1400d003e	no	0x140071910..0x1400f6e74
0x140f914f0	0x200020	0x140200020	no	NO-FUNCTION
0x140f914f4	0x200020	0x140200020	no	NO-FUNCTION
0x140f914f8	0x200020	0x140200020	no	NO-FUNCTION
0x140f914fc	0x52003c	0x14052003c	no	NO-FUNCTION
0x140f91500	0x6e0075	0x1406e0075	no	0x1406dacb0..0x140720697
0x140f91504	0x65004c	0x14065004c	no	0x140643ae0..0x1406656b1
0x140f91508	0x650076	0x140650076	no	0x140643ae0..0x1406656b1
0x140f9150c	0x3e006c	0x1403e006c	no	NO-FUNCTION
0x140f91510	0x690048	0x140690048	no	0x140680980..0x14069e996
0x140f91514	0x680067	0x140680067	no	0x140665910..0x140680974
0x140f91518	0x730065	0x140730065	no	0x1407206a0..0x14075b438
0x140f9151c	0x410074	0x140410074	no	NO-FUNCTION
0x140f91520	0x610076	0x140610076	no	0x1405e8220..0x1406196ee
0x140f91524	0x6c0069	0x1406c0069	no	0x14069eaa0..0x1406cd1a2
0x140f91528	0x620061	0x140620061	no	0x140619940..0x140643adc
0x140f9152c	0x65006c	0x14065006c	no	0x140643ae0..0x1406656b1
0x140f91530	0x2f003c	0x1402f003c	no	NO-FUNCTION
0x140f91534	0x750052	0x140750052	no	0x1407206a0..0x14075b438
0x140f91538	0x4c006e	0x1404c006e	no	NO-FUNCTION
0x140f9153c	0x760065	0x140760065	no	0x14075e430..0x14076324d
0x140f91540	0x6c0065	0x1406c0065	no	0x14069eaa0..0x1406cd1a2
0x140f91544	0xd003e	0x1400d003e	no	0x140071910..0x1400f6e74
0x140f91550	0x200020	0x140200020	no	NO-FUNCTION
0x140f91554	0x200020	0x140200020	no	NO-FUNCTION
0x140f91558	0x2f003c	0x1402f003c	no	NO-FUNCTION
0x140f9155c	0x720050	0x140720050	no	0x1406dacb0..0x140720697
0x140f91560	0x6e0069	0x1406e0069	no	0x1406dacb0..0x140720697
0x140f91564	0x690063	0x140690063	no	0x140680980..0x14069e996
0x140f91568	0x610070	0x140610070	no	0x1405e8220..0x1406196ee
0x140f9156c	0x3e006c	0x1403e006c	no	NO-FUNCTION
0x140f91570	0xa000d	0x1400a000d	no	0x140071910..0x1400f6e74
0x140f91578	0x200020	0x140200020	no	NO-FUNCTION
0x140f9157c	0x2f003c	0x1402f003c	no	NO-FUNCTION
0x140f91580	0x720050	0x140720050	no	0x1406dacb0..0x140720697
0x140f91584	0x6e0069	0x1406e0069	no	0x1406dacb0..0x140720697
0x140f91588	0x690063	0x140690063	no	0x140680980..0x14069e996
0x140f9158c	0x610070	0x140610070	no	0x1405e8220..0x1406196ee
0x140f91590	0x73006c	0x14073006c	no	0x1407206a0..0x14075b438
0x140f91594	0xd003e	0x1400d003e	no	0x140071910..0x1400f6e74
0x140f915a0	0x200020	0x140200020	no	NO-FUNCTION
0x140f915a4	0x53003c	0x14053003c	no	NO-FUNCTION
0x140f915a8	0x740065	0x140740065	no	0x1407206a0..0x14075b438
0x140f915ac	0x690074	0x140690074	no	0x140680980..0x14069e996
0x140f915b0	0x67006e	0x14067006e	no	0x140665910..0x140680974
0x140f915b4	0x3e0073	0x1403e0073	no	NO-FUNCTION
0x140f915b8	0xa000d	0x1400a000d	no	0x140071910..0x1400f6e74
0x140f915c0	0x200020	0x140200020	no	NO-FUNCTION
0x140f915c4	0x200020	0x140200020	no	NO-FUNCTION
0x140f915c8	0x4d003c	0x1404d003c	no	NO-FUNCTION
0x140f915cc	0x6c0075	0x1406c0075	no	0x14069eaa0..0x1406cd1a2
0x140f915d0	0x690074	0x140690074	no	0x140680980..0x14069e996
0x140f915d4	0x6c0070	0x1406c0070	no	0x14069eaa0..0x1406cd1a2
0x140f915d8	0x490065	0x140490065	no	NO-FUNCTION
0x140f915dc	0x73006e	0x14073006e	no	0x1407206a0..0x14075b438
0x140f915e0	0x610074	0x140610074	no	0x1405e8220..0x1406196ee
0x140f915e4	0x63006e	0x14063006e	no	0x140619940..0x140643adc
0x140f915e8	0x730065	0x140730065	no	0x1407206a0..0x14075b438
0x140f915ec	0x6f0050	0x1406f0050	no	0x1406dacb0..0x140720697
0x140f915f0	0x69006c	0x14069006c	no	0x140680980..0x14069e996
0x140f915f4	0x790063	0x140790063	no	0x140790010..0x140790073
0x140f915f8	0x53003e	0x14053003e	no	NO-FUNCTION
0x140f915fc	0x6f0074	0x1406f0074	no	0x1406dacb0..0x140720697
0x140f91600	0x450070	0x140450070	no	NO-FUNCTION
0x140f91604	0x690078	0x140690078	no	0x140680980..0x14069e996
0x140f91608	0x740073	0x140740073	no	0x1407206a0..0x14075b438
0x140f9160c	0x6e0069	0x1406e0069	no	0x1406dacb0..0x140720697
0x140f91610	0x3c0067	0x1403c0067	no	0x1403b3d30..0x1403c42ac
0x140f91614	0x4d002f	0x1404d002f	no	NO-FUNCTION
0x140f91618	0x6c0075	0x1406c0075	no	0x14069eaa0..0x1406cd1a2
0x140f9161c	0x690074	0x140690074	no	0x140680980..0x14069e996
0x140f91620	0x6c0070	0x1406c0070	no	0x14069eaa0..0x1406cd1a2
0x140f91624	0x490065	0x140490065	no	NO-FUNCTION
0x140f91628	0x73006e	0x14073006e	no	0x1407206a0..0x14075b438
0x140f9162c	0x610074	0x140610074	no	0x1405e8220..0x1406196ee
0x140f91630	0x63006e	0x14063006e	no	0x140619940..0x140643adc
0x140f91634	0x730065	0x140730065	no	0x1407206a0..0x14075b438
0x140f91638	0x6f0050	0x1406f0050	no	0x1406dacb0..0x140720697
0x140f9163c	0x69006c	0x14069006c	no	0x140680980..0x14069e996
0x140f91640	0x790063	0x140790063	no	0x140790010..0x140790073
0x140f91644	0xd003e	0x1400d003e	no	0x140071910..0x1400f6e74
0x140f91650	0x200020	0x140200020	no	NO-FUNCTION
0x140f91654	0x200020	0x140200020	no	NO-FUNCTION
0x140f91658	0x44003c	0x14044003c	no	NO-FUNCTION
0x140f9165c	0x730069	0x140730069	no	0x1407206a0..0x14075b438
0x140f91660	0x6c0061	0x1406c0061	no	0x14069eaa0..0x1406cd1a2
0x140f91664	0x6f006c	0x1406f006c	no	0x1406dacb0..0x140720697
0x140f91668	0x530077	0x140530077	no	NO-FUNCTION
0x140f9166c	0x610074	0x140610074	no	0x1405e8220..0x1406196ee
0x140f91670	0x740072	0x140740072	no	0x1407206a0..0x14075b438
0x140f91674	0x660049	0x140660049	no	0x140643ae0..0x1406656b1
0x140f91678	0x6e004f	0x1406e004f	no	0x1406dacb0..0x140720697
0x140f9167c	0x610042	0x140610042	no	0x1405e8220..0x1406196ee
0x140f91680	0x740074	0x140740074	no	0x1407206a0..0x14075b438
0x140f91684	0x720065	0x140720065	no	0x1406dacb0..0x140720697
0x140f91688	0x650069	0x140650069	no	0x140643ae0..0x1406656b1
0x140f9168c	0x3e0073	0x1403e0073	no	NO-FUNCTION
0x140f91690	0x610066	0x140610066	no	0x1405e8220..0x1406196ee
0x140f91694	0x73006c	0x14073006c	no	0x1407206a0..0x14075b438
0x140f91698	0x3c0065	0x1403c0065	no	0x1403b3d30..0x1403c42ac
0x140f9169c	0x44002f	0x14044002f	no	NO-FUNCTION
0x140f916a0	0x730069	0x140730069	no	0x1407206a0..0x14075b438
0x140f916a4	0x6c0061	0x1406c0061	no	0x14069eaa0..0x1406cd1a2
0x140f916a8	0x6f006c	0x1406f006c	no	0x1406dacb0..0x140720697
0x140f916ac	0x530077	0x140530077	no	NO-FUNCTION
0x140f916b0	0x610074	0x140610074	no	0x1405e8220..0x1406196ee
0x140f916b4	0x740072	0x140740072	no	0x1407206a0..0x14075b438
0x140f916b8	0x660049	0x140660049	no	0x140643ae0..0x1406656b1
0x140f916bc	0x6e004f	0x1406e004f	no	0x1406dacb0..0x140720697
0x140f916c0	0x610042	0x140610042	no	0x1405e8220..0x1406196ee
0x140f916c4	0x740074	0x140740074	no	0x1407206a0..0x14075b438
0x140f916c8	0x720065	0x140720065	no	0x1406dacb0..0x140720697
0x140f916cc	0x650069	0x140650069	no	0x140643ae0..0x1406656b1
0x140f916d0	0x3e0073	0x1403e0073	no	NO-FUNCTION
0x140f916d4	0xa000d	0x1400a000d	no	0x140071910..0x1400f6e74
0x140f916e0	0x200020	0x140200020	no	NO-FUNCTION
0x140f916e4	0x200020	0x140200020	no	NO-FUNCTION
0x140f916e8	0x53003c	0x14053003c	no	NO-FUNCTION
0x140f916ec	0x6f0074	0x1406f0074	no	0x1406dacb0..0x140720697
0x140f916f0	0x490070	0x140490070	no	NO-FUNCTION
0x140f916f4	0x470066	0x140470066	no	NO-FUNCTION
0x140f916f8	0x69006f	0x14069006f	no	0x140680980..0x14069e996
0x140f916fc	0x67006e	0x14067006e	no	0x140665910..0x140680974
0x140f91700	0x6e004f	0x1406e004f	no	0x1406dacb0..0x140720697
0x140f91704	0x610042	0x140610042	no	0x1405e8220..0x1406196ee
0x140f91708	0x740074	0x140740074	no	0x1407206a0..0x14075b438
0x140f9170c	0x720065	0x140720065	no	0x1406dacb0..0x140720697
0x140f91710	0x650069	0x140650069	no	0x140643ae0..0x1406656b1
0x140f91714	0x3e0073	0x1403e0073	no	NO-FUNCTION
0x140f91718	0x720074	0x140720074	no	0x1406dacb0..0x140720697
0x140f9171c	0x650075	0x140650075	no	0x140643ae0..0x1406656b1
0x140f91720	0x2f003c	0x1402f003c	no	NO-FUNCTION
0x140f91724	0x740053	0x140740053	no	0x1407206a0..0x14075b438
0x140f91728	0x70006f	0x14070006f	no	0x1406dacb0..0x140720697
0x140f9172c	0x660049	0x140660049	no	0x140643ae0..0x1406656b1
0x140f91730	0x6f0047	0x1406f0047	no	0x1406dacb0..0x140720697
0x140f91734	0x6e0069	0x1406e0069	no	0x1406dacb0..0x140720697
0x140f91738	0x4f0067	0x1404f0067	no	NO-FUNCTION
0x140f9173c	0x42006e	0x14042006e	no	NO-FUNCTION
0x140f91740	0x740061	0x140740061	no	0x1407206a0..0x14075b438
0x140f91744	0x650074	0x140650074	no	0x140643ae0..0x1406656b1
0x140f91748	0x690072	0x140690072	no	0x140680980..0x14069e996
0x140f9174c	0x730065	0x140730065	no	0x1407206a0..0x14075b438
0x140f91750	0xd003e	0x1400d003e	no	0x140071910..0x1400f6e74
0x140f91760	0x200020	0x140200020	no	NO-FUNCTION
0x140f91764	0x200020	0x140200020	no	NO-FUNCTION
0x140f91768	0x41003c	0x14041003c	no	NO-FUNCTION
0x140f9176c	0x6c006c	0x1406c006c	no	0x14069eaa0..0x1406cd1a2
0x140f91770	0x77006f	0x14077006f	no	0x140770060..0x140770233
0x140f91774	0x610048	0x140610048	no	0x1405e8220..0x1406196ee
0x140f91778	0x640072	0x140640072	no	0x140619940..0x140643adc
0x140f9177c	0x650054	0x140650054	no	0x140643ae0..0x1406656b1
0x140f91780	0x6d0072	0x1406d0072	no	0x1406cd1b0..0x1406daca2
0x140f91784	0x6e0069	0x1406e0069	no	0x1406dacb0..0x140720697
0x140f91788	0x740061	0x140740061	no	0x1407206a0..0x14075b438
0x140f9178c	0x3e0065	0x1403e0065	no	NO-FUNCTION
0x140f91790	0x720074	0x140720074	no	0x1406dacb0..0x140720697
0x140f91794	0x650075	0x140650075	no	0x140643ae0..0x1406656b1
0x140f91798	0x2f003c	0x1402f003c	no	NO-FUNCTION
0x140f9179c	0x6c0041	0x1406c0041	no	0x14069eaa0..0x1406cd1a2
0x140f917a0	0x6f006c	0x1406f006c	no	0x1406dacb0..0x140720697
0x140f917a4	0x480077	0x140480077	no	NO-FUNCTION
0x140f917a8	0x720061	0x140720061	no	0x1406dacb0..0x140720697
0x140f917ac	0x540064	0x140540064	no	NO-FUNCTION
0x140f917b0	0x720065	0x140720065	no	0x1406dacb0..0x140720697
0x140f917b4	0x69006d	0x14069006d	no	0x140680980..0x14069e996
0x140f917b8	0x61006e	0x14061006e	no	0x1405e8220..0x1406196ee
0x140f917bc	0x650074	0x140650074	no	0x140643ae0..0x1406656b1
0x140f917c0	0xd003e	0x1400d003e	no	0x140071910..0x1400f6e74
0x140f917d0	0x200020	0x140200020	no	NO-FUNCTION
0x140f917d4	0x200020	0x140200020	no	NO-FUNCTION
0x140f917d8	0x53003c	0x14053003c	no	NO-FUNCTION
0x140f917dc	0x610074	0x140610074	no	0x1405e8220..0x1406196ee
0x140f917e0	0x740072	0x140740072	no	0x1407206a0..0x14075b438
0x140f917e4	0x680057	0x140680057	no	0x140665910..0x140680974
0x140f917e8	0x6e0065	0x1406e0065	no	0x1406dacb0..0x140720697
0x140f917ec	0x760041	0x140760041	no	0x14075e430..0x14076324d
0x140f917f0	0x690061	0x140690061	no	0x140680980..0x14069e996
0x140f917f4	0x61006c	0x14061006c	no	0x1405e8220..0x1406196ee
0x140f917f8	0x6c0062	0x1406c0062	no	0x14069eaa0..0x1406cd1a2
0x140f917fc	0x3e0065	0x1403e0065	no	NO-FUNCTION
0x140f91800	0x610066	0x140610066	no	0x1405e8220..0x1406196ee
0x140f91804	0x73006c	0x14073006c	no	0x1407206a0..0x14075b438
0x140f91808	0x3c0065	0x1403c0065	no	0x1403b3d30..0x1403c42ac
0x140f9180c	0x53002f	0x14053002f	no	NO-FUNCTION
0x140f91810	0x610074	0x140610074	no	0x1405e8220..0x1406196ee
0x140f91814	0x740072	0x140740072	no	0x1407206a0..0x14075b438
0x140f91818	0x680057	0x140680057	no	0x140665910..0x140680974
0x140f9181c	0x6e0065	0x1406e0065	no	0x1406dacb0..0x140720697
0x140f91820	0x760041	0x140760041	no	0x14075e430..0x14076324d
0x140f91824	0x690061	0x140690061	no	0x140680980..0x14069e996
0x140f91828	0x61006c	0x14061006c	no	0x1405e8220..0x1406196ee
0x140f9182c	0x6c0062	0x1406c0062	no	0x14069eaa0..0x1406cd1a2
0x140f91830	0x3e0065	0x1403e0065	no	NO-FUNCTION
0x140f91834	0xa000d	0x1400a000d	no	0x140071910..0x1400f6e74
0x140f91840	0x200020	0x140200020	no	NO-FUNCTION
0x140f91844	0x200020	0x140200020	no	NO-FUNCTION
0x140f91848	0x52003c	0x14052003c	no	NO-FUNCTION
0x140f9184c	0x6e0075	0x1406e0075	no	0x1406dacb0..0x140720697
0x140f91850	0x6e004f	0x1406e004f	no	0x1406dacb0..0x140720697
0x140f91854	0x79006c	0x14079006c	no	0x140790010..0x140790073
0x140f91858	0x660049	0x140660049	no	0x140643ae0..0x1406656b1
0x140f9185c	0x65004e	0x14065004e	no	0x140643ae0..0x1406656b1
0x140f91860	0x770074	0x140770074	no	0x140770060..0x140770233
0x140f91864	0x72006f	0x14072006f	no	0x1406dacb0..0x140720697
0x140f91868	0x41006b	0x14041006b	no	NO-FUNCTION
0x140f9186c	0x610076	0x140610076	no	0x1405e8220..0x1406196ee
0x140f91870	0x6c0069	0x1406c0069	no	0x14069eaa0..0x1406cd1a2
0x140f91874	0x620061	0x140620061	no	0x140619940..0x140643adc
0x140f91878	0x65006c	0x14065006c	no	0x140643ae0..0x1406656b1
0x140f9187c	0x66003e	0x14066003e	no	0x140643ae0..0x1406656b1
0x140f91880	0x6c0061	0x1406c0061	no	0x14069eaa0..0x1406cd1a2
0x140f91884	0x650073	0x140650073	no	0x140643ae0..0x1406656b1
0x140f91888	0x2f003c	0x1402f003c	no	NO-FUNCTION
0x140f9188c	0x750052	0x140750052	no	0x1407206a0..0x14075b438
0x140f91890	0x4f006e	0x1404f006e	no	NO-FUNCTION
0x140f91894	0x6c006e	0x1406c006e	no	0x14069eaa0..0x1406cd1a2
0x140f91898	0x490079	0x140490079	no	NO-FUNCTION
0x140f9189c	0x4e0066	0x1404e0066	no	NO-FUNCTION
0x140f918a0	0x740065	0x140740065	no	0x1407206a0..0x14075b438
0x140f918a4	0x6f0077	0x1406f0077	no	0x1406dacb0..0x140720697
0x140f918a8	0x6b0072	0x1406b0072	no	0x14069eaa0..0x1406cd1a2
0x140f918ac	0x760041	0x140760041	no	0x14075e430..0x14076324d
0x140f918b0	0x690061	0x140690061	no	0x140680980..0x14069e996
0x140f918b4	0x61006c	0x14061006c	no	0x1405e8220..0x1406196ee
0x140f918b8	0x6c0062	0x1406c0062	no	0x14069eaa0..0x1406cd1a2
0x140f918bc	0x3e0065	0x1403e0065	no	NO-FUNCTION
0x140f918c0	0xa000d	0x1400a000d	no	0x140071910..0x1400f6e74
0x140f918c8	0x200020	0x140200020	no	NO-FUNCTION
0x140f918cc	0x200020	0x140200020	no	NO-FUNCTION
0x140f918d0	0x49003c	0x14049003c	no	NO-FUNCTION
0x140f918d4	0x6c0064	0x1406c0064	no	0x14069eaa0..0x1406cd1a2
0x140f918d8	0x530065	0x140530065	no	NO-FUNCTION
0x140f918dc	0x740065	0x140740065	no	0x1407206a0..0x14075b438
0x140f918e0	0x690074	0x140690074	no	0x140680980..0x14069e996
0x140f918e4	0x67006e	0x14067006e	no	0x140665910..0x140680974
0x140f918e8	0x3e0073	0x1403e0073	no	NO-FUNCTION
0x140f918ec	0xa000d	0x1400a000d	no	0x140071910..0x1400f6e74
0x140f91900	0x200020	0x140200020	no	NO-FUNCTION
0x140f91904	0x200020	0x140200020	no	NO-FUNCTION
0x140f91908	0x200020	0x140200020	no	NO-FUNCTION
0x140f9190c	0x44003c	0x14044003c	no	NO-FUNCTION
0x140f91910	0x720075	0x140720075	no	0x1406dacb0..0x140720697
0x140f91914	0x740061	0x140740061	no	0x1407206a0..0x14075b438
0x140f91918	0x6f0069	0x1406f0069	no	0x1406dacb0..0x140720697
0x140f9191c	0x3e006e	0x1403e006e	no	NO-FUNCTION
0x140f91920	0x540050	0x140540050	no	NO-FUNCTION
0x140f91924	0x300031	0x140300031	no	NO-FUNCTION
0x140f91928	0x3c004d	0x1403c004d	no	0x1403b3d30..0x1403c42ac
0x140f9192c	0x44002f	0x14044002f	no	NO-FUNCTION
0x140f91930	0x720075	0x140720075	no	0x1406dacb0..0x140720697
0x140f91934	0x740061	0x140740061	no	0x1407206a0..0x14075b438
0x140f91938	0x6f0069	0x1406f0069	no	0x1406dacb0..0x140720697
0x140f9193c	0x3e006e	0x1403e006e	no	NO-FUNCTION
0x140f91940	0xa000d	0x1400a000d	no	0x140071910..0x1400f6e74
0x140f91950	0x200020	0x140200020	no	NO-FUNCTION
0x140f91954	0x200020	0x140200020	no	NO-FUNCTION
0x140f91958	0x200020	0x140200020	no	NO-FUNCTION
0x140f9195c	0x57003c	0x14057003c	no	NO-FUNCTION
0x140f91960	0x690061	0x140690061	no	0x140680980..0x14069e996
0x140f91964	0x540074	0x140540074	no	NO-FUNCTION
0x140f91968	0x6d0069	0x1406d0069	no	0x1406cd1b0..0x1406daca2
0x140f9196c	0x6f0065	0x1406f0065	no	0x1406dacb0..0x140720697
0x140f91970	0x740075	0x140740075	no	0x1407206a0..0x14075b438
0x140f91974	0x50003e	0x14050003e	no	NO-FUNCTION
0x140f91978	0x310054	0x140310054	no	NO-FUNCTION
0x140f9197c	0x3c0048	0x1403c0048	no	0x1403b3d30..0x1403c42ac
0x140f91980	0x57002f	0x14057002f	no	NO-FUNCTION
0x140f91984	0x690061	0x140690061	no	0x140680980..0x14069e996
0x140f91988	0x540074	0x140540074	no	NO-FUNCTION
0x140f9198c	0x6d0069	0x1406d0069	no	0x1406cd1b0..0x1406daca2
0x140f91990	0x6f0065	0x1406f0065	no	0x1406dacb0..0x140720697
0x140f91994	0x740075	0x140740075	no	0x1407206a0..0x14075b438
0x140f91998	0xd003e	0x1400d003e	no	0x140071910..0x1400f6e74
0x140f919a0	0x200020	0x140200020	no	NO-FUNCTION
0x140f919a4	0x200020	0x140200020	no	NO-FUNCTION
0x140f919a8	0x200020	0x140200020	no	NO-FUNCTION
0x140f919ac	0x53003c	0x14053003c	no	NO-FUNCTION
0x140f919b0	0x6f0074	0x1406f0074	no	0x1406dacb0..0x140720697
0x140f919b4	0x4f0070	0x1404f0070	no	NO-FUNCTION
0x140f919b8	0x49006e	0x14049006e	no	NO-FUNCTION
0x140f919bc	0x6c0064	0x1406c0064	no	0x14069eaa0..0x1406cd1a2
0x140f919c0	0x450065	0x140450065	no	NO-FUNCTION
0x140f919c4	0x64006e	0x14064006e	no	0x140619940..0x140643adc
0x140f919c8	0x74003e	0x14074003e	no	0x1407206a0..0x14075b438
0x140f919cc	0x750072	0x140750072	no	0x1407206a0..0x14075b438
0x140f919d0	0x3c0065	0x1403c0065	no	0x1403b3d30..0x1403c42ac
0x140f919d4	0x53002f	0x14053002f	no	NO-FUNCTION
0x140f919d8	0x6f0074	0x1406f0074	no	0x1406dacb0..0x140720697
0x140f919dc	0x4f0070	0x1404f0070	no	NO-FUNCTION
0x140f919e0	0x49006e	0x14049006e	no	NO-FUNCTION
0x140f919e4	0x6c0064	0x1406c0064	no	0x14069eaa0..0x1406cd1a2
0x140f919e8	0x450065	0x140450065	no	NO-FUNCTION
0x140f919ec	0x64006e	0x14064006e	no	0x140619940..0x140643adc
0x140f919f0	0xd003e	0x1400d003e	no	0x140071910..0x1400f6e74
0x140f91a00	0x200020	0x140200020	no	NO-FUNCTION
0x140f91a04	0x200020	0x140200020	no	NO-FUNCTION
0x140f91a08	0x200020	0x140200020	no	NO-FUNCTION
0x140f91a0c	0x52003c	0x14052003c	no	NO-FUNCTION
0x140f91a10	0x730065	0x140730065	no	0x1407206a0..0x14075b438
0x140f91a14	0x610074	0x140610074	no	0x1405e8220..0x1406196ee
0x140f91a18	0x740072	0x140740072	no	0x1407206a0..0x14075b438
0x140f91a1c	0x6e004f	0x1406e004f	no	0x1406dacb0..0x140720697
0x140f91a20	0x640049	0x140640049	no	0x140619940..0x140643adc
0x140f91a24	0x65006c	0x14065006c	no	0x140643ae0..0x1406656b1
0x140f91a28	0x66003e	0x14066003e	no	0x140643ae0..0x1406656b1
0x140f91a2c	0x6c0061	0x1406c0061	no	0x14069eaa0..0x1406cd1a2
0x140f91a30	0x650073	0x140650073	no	0x140643ae0..0x1406656b1
0x140f91a34	0x2f003c	0x1402f003c	no	NO-FUNCTION
0x140f91a38	0x650052	0x140650052	no	0x140643ae0..0x1406656b1
0x140f91a3c	0x740073	0x140740073	no	0x1407206a0..0x14075b438
0x140f91a40	0x720061	0x140720061	no	0x1406dacb0..0x140720697
0x140f91a44	0x4f0074	0x1404f0074	no	NO-FUNCTION
0x140f91a48	0x49006e	0x14049006e	no	NO-FUNCTION
0x140f91a4c	0x6c0064	0x1406c0064	no	0x14069eaa0..0x1406cd1a2
0x140f91a50	0x3e0065	0x1403e0065	no	NO-FUNCTION
0x140f91a54	0xa000d	0x1400a000d	no	0x140071910..0x1400f6e74
0x140f91a60	0x200020	0x140200020	no	NO-FUNCTION
0x140f91a64	0x200020	0x140200020	no	NO-FUNCTION
0x140f91a68	0x2f003c	0x1402f003c	no	NO-FUNCTION
0x140f91a6c	0x640049	0x140640049	no	0x140619940..0x140643adc
0x140f91a70	0x65006c	0x14065006c	no	0x140643ae0..0x1406656b1
0x140f91a74	0x650053	0x140650053	no	0x140643ae0..0x1406656b1
0x140f91a78	0x740074	0x140740074	no	0x1407206a0..0x14075b438
0x140f91a7c	0x6e0069	0x1406e0069	no	0x1406dacb0..0x140720697
0x140f91a80	0x730067	0x140730067	no	0x1407206a0..0x14075b438
0x140f91a84	0xd003e	0x1400d003e	no	0x140071910..0x1400f6e74
0x140f91a90	0x200020	0x140200020	no	NO-FUNCTION
0x140f91a94	0x200020	0x140200020	no	NO-FUNCTION
0x140f91a98	0x41003c	0x14041003c	no	NO-FUNCTION
0x140f91a9c	0x6c006c	0x1406c006c	no	0x14069eaa0..0x1406cd1a2
0x140f91aa0	0x77006f	0x14077006f	no	0x140770060..0x140770233
0x140f91aa4	0x740053	0x140740053	no	0x1407206a0..0x14075b438
0x140f91aa8	0x720061	0x140720061	no	0x1406dacb0..0x140720697
0x140f91aac	0x4f0074	0x1404f0074	no	NO-FUNCTION
0x140f91ab0	0x44006e	0x14044006e	no	NO-FUNCTION
0x140f91ab4	0x6d0065	0x1406d0065	no	0x1406cd1b0..0x1406daca2
0x140f91ab8	0x6e0061	0x1406e0061	no	0x1406dacb0..0x140720697
0x140f91abc	0x3e0064	0x1403e0064	no	NO-FUNCTION
0x140f91ac0	0x720074	0x140720074	no	0x1406dacb0..0x140720697
0x140f91ac4	0x650075	0x140650075	no	0x140643ae0..0x1406656b1
0x140f91ac8	0x2f003c	0x1402f003c	no	NO-FUNCTION
0x140f91acc	0x6c0041	0x1406c0041	no	0x14069eaa0..0x1406cd1a2
0x140f91ad0	0x6f006c	0x1406f006c	no	0x1406dacb0..0x140720697
0x140f91ad4	0x530077	0x140530077	no	NO-FUNCTION
0x140f91ad8	0x610074	0x140610074	no	0x1405e8220..0x1406196ee
0x140f91adc	0x740072	0x140740072	no	0x1407206a0..0x14075b438
0x140f91ae0	0x6e004f	0x1406e004f	no	0x1406dacb0..0x140720697
0x140f91ae4	0x650044	0x140650044	no	0x140643ae0..0x1406656b1
0x140f91ae8	0x61006d	0x14061006d	no	0x1405e8220..0x1406196ee
0x140f91aec	0x64006e	0x14064006e	no	0x140619940..0x140643adc
0x140f91af0	0xd003e	0x1400d003e	no	0x140071910..0x1400f6e74
0x140f91af8	0x200020	0x140200020	no	NO-FUNCTION
0x140f91afc	0x200020	0x140200020	no	NO-FUNCTION
0x140f91b00	0x45003c	0x14045003c	no	NO-FUNCTION
0x140f91b04	0x61006e	0x14061006e	no	0x1405e8220..0x1406196ee
0x140f91b08	0x6c0062	0x1406c0062	no	0x14069eaa0..0x1406cd1a2
0x140f91b0c	0x640065	0x140640065	no	0x140619940..0x140643adc
0x140f91b10	0x74003e	0x14074003e	no	0x1407206a0..0x14075b438
0x140f91b14	0x750072	0x140750072	no	0x1407206a0..0x14075b438
0x140f91b18	0x3c0065	0x1403c0065	no	0x1403b3d30..0x1403c42ac
0x140f91b1c	0x45002f	0x14045002f	no	NO-FUNCTION
0x140f91b20	0x61006e	0x14061006e	no	0x1405e8220..0x1406196ee
0x140f91b24	0x6c0062	0x1406c0062	no	0x14069eaa0..0x1406cd1a2
0x140f91b28	0x640065	0x140640065	no	0x140619940..0x140643adc
0x140f91b2c	0xd003e	0x1400d003e	no	0x140071910..0x1400f6e74
0x140f91b38	0x200020	0x140200020	no	NO-FUNCTION
0x140f91b3c	0x200020	0x140200020	no	NO-FUNCTION
0x140f91b40	0x48003c	0x14048003c	no	NO-FUNCTION
0x140f91b44	0x640069	0x140640069	no	0x140619940..0x140643adc
0x140f91b48	0x650064	0x140650064	no	0x140643ae0..0x1406656b1
0x140f91b4c	0x3e006e	0x1403e006e	no	NO-FUNCTION
0x140f91b50	0x720074	0x140720074	no	0x1406dacb0..0x140720697
0x140f91b54	0x650075	0x140650075	no	0x140643ae0..0x1406656b1
0x140f91b58	0x2f003c	0x1402f003c	no	NO-FUNCTION
0x140f91b5c	0x690048	0x140690048	no	0x140680980..0x14069e996
0x140f91b60	0x640064	0x140640064	no	0x140619940..0x140643adc
0x140f91b64	0x6e0065	0x1406e0065	no	0x1406dacb0..0x140720697
0x140f91b68	0xd003e	0x1400d003e	no	0x140071910..0x1400f6e74
0x140f91b70	0x200020	0x140200020	no	NO-FUNCTION
0x140f91b74	0x200020	0x140200020	no	NO-FUNCTION
0x140f91b78	0x52003c	0x14052003c	no	NO-FUNCTION
0x140f91b7c	0x6e0075	0x1406e0075	no	0x1406dacb0..0x140720697
0x140f91b80	0x6e004f	0x1406e004f	no	0x1406dacb0..0x140720697
0x140f91b84	0x79006c	0x14079006c	no	0x140790010..0x140790073
0x140f91b88	0x660049	0x140660049	no	0x140643ae0..0x1406656b1
0x140f91b8c	0x640049	0x140640049	no	0x140619940..0x140643adc
0x140f91b90	0x65006c	0x14065006c	no	0x140643ae0..0x1406656b1
0x140f91b94	0x66003e	0x14066003e	no	0x140643ae0..0x1406656b1
0x140f91b98	0x6c0061	0x1406c0061	no	0x14069eaa0..0x1406cd1a2
0x140f91b9c	0x650073	0x140650073	no	0x140643ae0..0x1406656b1
0x140f91ba0	0x2f003c	0x1402f003c	no	NO-FUNCTION
0x140f91ba4	0x750052	0x140750052	no	0x1407206a0..0x14075b438
0x140f91ba8	0x4f006e	0x1404f006e	no	NO-FUNCTION
0x140f91bac	0x6c006e	0x1406c006e	no	0x14069eaa0..0x1406cd1a2
0x140f91bb0	0x490079	0x140490079	no	NO-FUNCTION
0x140f91bb4	0x490066	0x140490066	no	NO-FUNCTION
0x140f91bb8	0x6c0064	0x1406c0064	no	0x14069eaa0..0x1406cd1a2
0x140f91bbc	0x3e0065	0x1403e0065	no	NO-FUNCTION
0x140f91bc0	0xa000d	0x1400a000d	no	0x140071910..0x1400f6e74
0x140f91bd0	0x200020	0x140200020	no	NO-FUNCTION
0x140f91bd4	0x200020	0x140200020	no	NO-FUNCTION
0x140f91bd8	0x57003c	0x14057003c	no	NO-FUNCTION
0x140f91bdc	0x6b0061	0x1406b0061	no	0x14069eaa0..0x1406cd1a2
0x140f91be0	0x540065	0x140540065	no	NO-FUNCTION
0x140f91be4	0x52006f	0x14052006f	no	NO-FUNCTION
0x140f91be8	0x6e0075	0x1406e0075	no	0x1406dacb0..0x140720697
0x140f91bec	0x74003e	0x14074003e	no	0x1407206a0..0x14075b438
0x140f91bf0	0x750072	0x140750072	no	0x1407206a0..0x14075b438
0x140f91bf4	0x3c0065	0x1403c0065	no	0x1403b3d30..0x1403c42ac
0x140f91bf8	0x57002f	0x14057002f	no	NO-FUNCTION
0x140f91bfc	0x6b0061	0x1406b0061	no	0x14069eaa0..0x1406cd1a2
0x140f91c00	0x540065	0x140540065	no	NO-FUNCTION
0x140f91c04	0x52006f	0x14052006f	no	NO-FUNCTION
0x140f91c08	0x6e0075	0x1406e0075	no	0x1406dacb0..0x140720697
0x140f91c0c	0xd003e	0x1400d003e	no	0x140071910..0x1400f6e74
0x140f91c20	0x200020	0x140200020	no	NO-FUNCTION
0x140f91c24	0x200020	0x140200020	no	NO-FUNCTION
0x140f91c28	0x45003c	0x14045003c	no	NO-FUNCTION
0x140f91c2c	0x650078	0x140650078	no	0x140643ae0..0x1406656b1
0x140f91c30	0x750063	0x140750063	no	0x1407206a0..0x14075b438
0x140f91c34	0x690074	0x140690074	no	0x140680980..0x14069e996
0x140f91c38	0x6e006f	0x1406e006f	no	0x1406dacb0..0x140720697
0x140f91c3c	0x690054	0x140690054	no	0x140680980..0x14069e996
0x140f91c40	0x65006d	0x14065006d	no	0x140643ae0..0x1406656b1
0x140f91c44	0x69004c	0x14069004c	no	0x140680980..0x14069e996
0x140f91c48	0x69006d	0x14069006d	no	0x140680980..0x14069e996
0x140f91c4c	0x3e0074	0x1403e0074	no	NO-FUNCTION
0x140f91c50	0x540050	0x140540050	no	NO-FUNCTION
0x140f91c54	0x320037	0x140320037	no	NO-FUNCTION
0x140f91c58	0x3c0048	0x1403c0048	no	0x1403b3d30..0x1403c42ac
0x140f91c5c	0x45002f	0x14045002f	no	NO-FUNCTION
0x140f91c60	0x650078	0x140650078	no	0x140643ae0..0x1406656b1
0x140f91c64	0x750063	0x140750063	no	0x1407206a0..0x14075b438
0x140f91c68	0x690074	0x140690074	no	0x140680980..0x14069e996
0x140f91c6c	0x6e006f	0x1406e006f	no	0x1406dacb0..0x140720697
0x140f91c70	0x690054	0x140690054	no	0x140680980..0x14069e996
0x140f91c74	0x65006d	0x14065006d	no	0x140643ae0..0x1406656b1
0x140f91c78	0x69004c	0x14069004c	no	0x140680980..0x14069e996
0x140f91c7c	0x69006d	0x14069006d	no	0x140680980..0x14069e996
0x140f91c80	0x3e0074	0x1403e0074	no	NO-FUNCTION
0x140f91c84	0xa000d	0x1400a000d	no	0x140071910..0x1400f6e74
0x140f91c90	0x200020	0x140200020	no	NO-FUNCTION
0x140f91c94	0x200020	0x140200020	no	NO-FUNCTION
0x140f91c98	0x50003c	0x14050003c	no	NO-FUNCTION
0x140f91c9c	0x690072	0x140690072	no	0x140680980..0x14069e996
0x140f91ca0	0x72006f	0x14072006f	no	0x1406dacb0..0x140720697
0x140f91ca4	0x740069	0x140740069	no	0x1407206a0..0x14075b438
0x140f91ca8	0x3e0079	0x1403e0079	no	NO-FUNCTION
0x140f91cac	0x3c0037	0x1403c0037	no	0x1403b3d30..0x1403c42ac
0x140f91cb0	0x50002f	0x14050002f	no	NO-FUNCTION
0x140f91cb4	0x690072	0x140690072	no	0x140680980..0x14069e996
0x140f91cb8	0x72006f	0x14072006f	no	0x1406dacb0..0x140720697
0x140f91cbc	0x740069	0x140740069	no	0x1407206a0..0x14075b438
0x140f91cc0	0x3e0079	0x1403e0079	no	NO-FUNCTION
0x140f91cc4	0xa000d	0x1400a000d	no	0x140071910..0x1400f6e74
0x140f91cd0	0x200020	0x140200020	no	NO-FUNCTION
0x140f91cd4	0x2f003c	0x1402f003c	no	NO-FUNCTION
0x140f91cd8	0x650053	0x140650053	no	0x140643ae0..0x1406656b1
0x140f91cdc	0x740074	0x140740074	no	0x1407206a0..0x14075b438
0x140f91ce0	0x6e0069	0x1406e0069	no	0x1406dacb0..0x140720697
0x140f91ce4	0x730067	0x140730067	no	0x1407206a0..0x14075b438
0x140f91ce8	0xd003e	0x1400d003e	no	0x140071910..0x1400f6e74
0x140f91cf0	0x200020	0x140200020	no	NO-FUNCTION
0x140f91cf4	0x41003c	0x14041003c	no	NO-FUNCTION
0x140f91cf8	0x740063	0x140740063	no	0x1407206a0..0x14075b438
0x140f91cfc	0x6f0069	0x1406f0069	no	0x1406dacb0..0x140720697
0x140f91d00	0x73006e	0x14073006e	no	0x1407206a0..0x14075b438
0x140f91d04	0x430020	0x140430020	no	NO-FUNCTION
0x140f91d08	0x6e006f	0x1406e006f	no	0x1406dacb0..0x140720697
0x140f91d0c	0x650074	0x140650074	no	0x140643ae0..0x1406656b1
0x140f91d10	0x740078	0x140740078	no	0x1407206a0..0x14075b438
0x140f91d14	0x22003d	0x14022003d	no	NO-FUNCTION
0x140f91d18	0x750041	0x140750041	no	0x1407206a0..0x14075b438
0x140f91d1c	0x680074	0x140680074	no	0x140665910..0x140680974
0x140f91d20	0x72006f	0x14072006f	no	0x1406dacb0..0x140720697
0x140f91d24	0x3e0022	0x1403e0022	no	NO-FUNCTION
0x140f91d28	0xa000d	0x1400a000d	no	0x140071910..0x1400f6e74
0x140f91d30	0x200020	0x140200020	no	NO-FUNCTION
0x140f91d34	0x200020	0x140200020	no	NO-FUNCTION
0x140f91d38	0x45003c	0x14045003c	no	NO-FUNCTION
0x140f91d3c	0x650078	0x140650078	no	0x140643ae0..0x1406656b1
0x140f91d40	0x3e0063	0x1403e0063	no	NO-FUNCTION
0x140f91d44	0xa000d	0x1400a000d	no	0x140071910..0x1400f6e74
0x140f91d50	0x2f003c	0x1402f003c	no	NO-FUNCTION
0x140f91d54	0x6f0043	0x1406f0043	no	0x1406dacb0..0x140720697
0x140f91d58	0x6d006d	0x1406d006d	no	0x1406cd1b0..0x1406daca2
0x140f91d5c	0x6e0061	0x1406e0061	no	0x1406dacb0..0x140720697
0x140f91d60	0x3e0064	0x1403e0064	no	NO-FUNCTION
0x140f91d64	0xa000d	0x1400a000d	no	0x140071910..0x1400f6e74
0x140f91d70	0x200020	0x140200020	no	NO-FUNCTION
0x140f91d74	0x200020	0x140200020	no	NO-FUNCTION
0x140f91d78	0x200020	0x140200020	no	NO-FUNCTION
0x140f91d7c	0x43003c	0x14043003c	no	NO-FUNCTION
0x140f91d80	0x6d006f	0x1406d006f	no	0x1406cd1b0..0x1406daca2
0x140f91d84	0x61006d	0x14061006d	no	0x1405e8220..0x1406196ee
0x140f91d88	0x64006e	0x14064006e	no	0x140619940..0x140643adc
0x140f91d90	0x200020	0x140200020	no	NO-FUNCTION
0x140f91d94	0x200020	0x140200020	no	NO-FUNCTION
0x140f91d98	0x2f003c	0x1402f003c	no	NO-FUNCTION
0x140f91d9c	0x780045	0x140780045	no	0x140770330..0x140783d53
0x140f91da0	0x630065	0x140630065	no	0x140619940..0x140643adc
0x140f91da4	0xd003e	0x1400d003e	no	0x140071910..0x1400f6e74
0x140f91db0	0x200020	0x140200020	no	NO-FUNCTION
0x140f91db4	0x2f003c	0x1402f003c	no	NO-FUNCTION
0x140f91db8	0x630041	0x140630041	no	0x140619940..0x140643adc
0x140f91dbc	0x690074	0x140690074	no	0x140680980..0x14069e996
0x140f91dc0	0x6e006f	0x1406e006f	no	0x1406dacb0..0x140720697
0x140f91dc4	0x3e0073	0x1403e0073	no	NO-FUNCTION
0x140f91dc8	0xa000d	0x1400a000d	no	0x140071910..0x1400f6e74
0x140f91dd0	0x2f003c	0x1402f003c	no	NO-FUNCTION
0x140f91dd4	0x610054	0x140610054	no	0x1405e8220..0x1406196ee
0x140f91dd8	0x6b0073	0x1406b0073	no	0x14069eaa0..0x1406cd1a2
0x140f91ddc	0xd003e	0x1400d003e	no	0x140071910..0x1400f6e74
0x140f91de8	0x730025	0x140730025	no	0x1407206a0..0x14075b438
0x140f91dec	0x74002e	0x14074002e	no	0x1407206a0..0x14075b438
0x140f91df0	0x70006d	0x14070006d	no	0x1406dacb0..0x140720697
0x140f91e50	0xa0d66	0x1400a0d66	no	0x140071910..0x1400f6e74
0x140f91e9c	0xa0d72	0x1400a0d72	no	0x140071910..0x1400f6e74
0x140f91ec0	0xa0d31	0x1400a0d31	no	0x140071910..0x1400f6e74
0x140f91f00	0xa0d28	0x1400a0d28	no	0x140071910..0x1400f6e74
0x140f91f90	0xa0d22	0x1400a0d22	no	0x140071910..0x1400f6e74
0x140f91fb4	0xa0d29	0x1400a0d29	no	0x140071910..0x1400f6e74
0x140f92008	0xa0d6c	0x1400a0d6c	no	0x140071910..0x1400f6e74
0x140f92228	0xa0d6c	0x1400a0d6c	no	0x140071910..0x1400f6e74
0x140f92268	0xa0d6c	0x1400a0d6c	no	0x140071910..0x1400f6e74
0x140f922a0	0xa0d6c	0x1400a0d6c	no	0x140071910..0x1400f6e74
0x140f922e0	0xa0d6c	0x1400a0d6c	no	0x140071910..0x1400f6e74
0x140f92320	0xa0d30	0x1400a0d30	no	0x140071910..0x1400f6e74
0x140f9232c	0x746f6f	0x140746f6f	no	0x1407206a0..0x14075b438
0x140f92330	0x632d	0x14000632d	no	0x1400019d0..0x14001bde5
0x140f92334	0x747065	0x140747065	no	0x1407206a0..0x14075b438
0x140f92338	0x6c6564	0x1406c6564	no	0x14069eaa0..0x1406cd1a2
0x140f92348	0x730025	0x140730025	no	0x1407206a0..0x14075b438
0x140f9234c	0x500045	0x140500045	no	NO-FUNCTION
0x140f92350	0x5f0054	0x1405f0054	no	0x1405e8220..0x1406196ee
0x140f92354	0x300025	0x140300025	no	NO-FUNCTION
0x140f92358	0x580038	0x140580038	no	NO-FUNCTION
0x140f9235c	0x25005f	0x14025005f	no	NO-FUNCTION
0x140f92360	0x380030	0x140380030	no	0x14037cb90..0x140383f00
0x140f92364	0x2e0058	0x1402e0058	no	NO-FUNCTION
0x140f92368	0x780065	0x140780065	no	0x140770330..0x140783d53
0x140f92370	0x2d002d	0x1402d002d	no	NO-FUNCTION
0x140f92374	0x73006e	0x14073006e	no	0x1407206a0..0x14075b438
0x140f92378	0x2d0070	0x1402d0070	no	NO-FUNCTION
0x140f9237c	0x750072	0x140750072	no	0x1407206a0..0x14075b438
0x140f92380	0x74006e	0x14074006e	no	0x1407206a0..0x14075b438
0x140f92384	0x6d0069	0x1406d0069	no	0x1406cd1b0..0x1406daca2
0x140f92388	0x2d0065	0x1402d0065	no	NO-FUNCTION
0x140f9238c	0x680063	0x140680063	no	0x140665910..0x140680974
0x140f92390	0x6c0069	0x1406c0069	no	0x14069eaa0..0x1406cd1a2
0x140f92398	0x2f0020	0x1402f0020	no	NO-FUNCTION
0x140f923a0	0x630073	0x140630073	no	0x140619940..0x140643adc
0x140f923a4	0x740068	0x140740068	no	0x1407206a0..0x14075b438
0x140f923a8	0x730061	0x140730061	no	0x1407206a0..0x14075b438
0x140f923ac	0x73006b	0x14073006b	no	0x1407206a0..0x14075b438
0x140f923b0	0x65002e	0x14065002e	no	0x140643ae0..0x1406656b1
0x140f923b4	0x650078	0x140650078	no	0x140643ae0..0x1406656b1
0x140f923b8	0x2f0020	0x1402f0020	no	NO-FUNCTION
0x140f923bc	0x650044	0x140650044	no	0x140643ae0..0x1406656b1
0x140f923c0	0x65006c	0x14065006c	no	0x140643ae0..0x1406656b1
0x140f923c4	0x650074	0x140650074	no	0x140643ae0..0x1406656b1
0x140f923c8	0x2f0020	0x1402f0020	no	NO-FUNCTION
0x140f923cc	0x4e0054	0x1404e0054	no	NO-FUNCTION
0x140f923d8	0x630073	0x140630073	no	0x140619940..0x140643adc
0x140f923dc	0x740068	0x140740068	no	0x1407206a0..0x14075b438
0x140f923e0	0x730061	0x140730061	no	0x1407206a0..0x14075b438
0x140f923e4	0x73006b	0x14073006b	no	0x1407206a0..0x14075b438
0x140f923e8	0x65002e	0x14065002e	no	0x140643ae0..0x1406656b1
0x140f923ec	0x650078	0x140650078	no	0x140643ae0..0x1406656b1
0x140f923f0	0x2f0020	0x1402f0020	no	NO-FUNCTION
0x140f923f4	0x750051	0x140750051	no	0x1407206a0..0x14075b438
0x140f923f8	0x720065	0x140720065	no	0x1406dacb0..0x140720697
0x140f923fc	0x200079	0x140200079	no	NO-FUNCTION
0x140f92400	0x54002f	0x14054002f	no	NO-FUNCTION
0x140f92404	0x20004e	0x14020004e	no	NO-FUNCTION
0x140f92434	0x2273	0x140002273	no	0x1400019d0..0x14001bde5
0x140f92464	0x2273	0x140002273	no	0x1400019d0..0x14001bde5
0x140f9248c	0x2273	0x140002273	no	0x1400019d0..0x14001bde5
0x140f924bc	0x2273	0x140002273	no	0x1400019d0..0x14001bde5
0x140f924f0	0x6425ba	0x1406425ba	no	0x140619940..0x140643adc
0x140f92518	0x6e69	0x140006e69	no	0x1400019d0..0x14001bde5
0x140f92544	0x656c	0x14000656c	no	0x1400019d0..0x14001bde5
0x140f92638	0x726a59	0x140726a59	no	0x1407206a0..0x14075b438
0x140f92658	0x74696e	0x14074696e	no	0x1407206a0..0x14075b438
0x140f92680	0x776f6c	0x140776f6c	no	0x140770330..0x140783d53
0x140f92694	0x6d6f	0x140006d6f	no	0x1400019d0..0x14001bde5
0x140f926ec	0x6e6f	0x140006e6f	no	0x1400019d0..0x14001bde5
0x140f927bc	0x6e69	0x140006e69	no	0x1400019d0..0x14001bde5
0x140f927e4	0x776f	0x14000776f	no	0x1400019d0..0x14001bde5
0x140f92848	0x6b63	0x140006b63	no	0x1400019d0..0x14001bde5
0x140f9287c	0x6b636f	0x1406b636f	no	0x14069eaa0..0x1406cd1a2
0x140f92890	0x776f	0x14000776f	no	0x1400019d0..0x14001bde5
0x140f928d0	0xa1a3	0x14000a1a3	no	0x1400019d0..0x14001bde5
0x140f928d8	0x2f0020	0x1402f0020	no	NO-FUNCTION
0x140f928dc	0x4d0058	0x1404d0058	no	NO-FUNCTION
0x140f928e0	0x20004c	0x14020004c	no	NO-FUNCTION
0x140f928e8	0x630073	0x140630073	no	0x140619940..0x140643adc
0x140f928ec	0x740068	0x140740068	no	0x1407206a0..0x14075b438
0x140f928f0	0x730061	0x140730061	no	0x1407206a0..0x14075b438
0x140f928f4	0x73006b	0x14073006b	no	0x1407206a0..0x14075b438
0x140f928f8	0x65002e	0x14065002e	no	0x140643ae0..0x1406656b1
0x140f928fc	0x650078	0x140650078	no	0x140643ae0..0x1406656b1
0x140f92900	0x2f0020	0x1402f0020	no	NO-FUNCTION
0x140f92904	0x720043	0x140720043	no	0x1406dacb0..0x140720697
0x140f92908	0x610065	0x140610065	no	0x1405e8220..0x1406196ee
0x140f9290c	0x650074	0x140650074	no	0x140643ae0..0x1406656b1
0x140f92910	0x2f0020	0x1402f0020	no	NO-FUNCTION
0x140f92914	0x4e0054	0x1404e0054	no	NO-FUNCTION
0x140f9292c	0xa1a3	0x14000a1a3	no	0x1400019d0..0x14001bde5
0x140f9296c	0x6f74	0x140006f74	no	0x1400019d0..0x14001bde5
0x140f929a8	0x6f7475	0x1406f7475	no	0x1406dacb0..0x140720697
0x140f929f4	0xabdca	0x1400abdca	no	0x140071910..0x1400f6e74
0x140f92a20	0x750072	0x140750072	no	0x1407206a0..0x14075b438
0x140f92a24	0x61006e	0x14061006e	no	0x1405e8220..0x1406196ee
0x140f92a48	0xaf4c6	0x1400af4c6	no	0x140071910..0x1400f6e74
0x140f92a88	0xadcb0	0x1400adcb0	no	0x140071910..0x1400f6e74
0x140f92b1c	0x682d	0x14000682d	no	0x1400019d0..0x14001bde5
0x140f92b58	0x6b2d	0x140006b2d	no	0x1400019d0..0x14001bde5
0x140f92b7c	0x6e2d	0x140006e2d	no	0x1400019d0..0x14001bde5
0x140f92ba0	0x6d2d	0x140006d2d	no	0x1400019d0..0x14001bde5
0x140f92c3c	0x6c6564	0x1406c6564	no	0x14069eaa0..0x1406cd1a2
0x140f92d40	0x6769	0x140006769	no	0x1400019d0..0x14001bde5
0x140f92dcc	0x657355	0x140657355	no	0x140643ae0..0x1406656b1
0x140f92df4	0x2e6465	0x1402e6465	no	NO-FUNCTION
0x140f92e04	0xa1a3	0x14000a1a3	no	0x1400019d0..0x14001bde5
0x140f92e10	0xc2d0	0x14000c2d0	no	0x1400019d0..0x14001bde5
0x140f92e5c	0x6e6967	0x1406e6967	no	0x1406dacb0..0x140720697
0x140f92e84	0x21dcb0	0x14021dcb0	no	NO-FUNCTION
0x140f92ecc	0x6e6f69	0x1406e6f69	no	0x1406dacb0..0x140720697
0x140f92ee0	0x21dcb0	0x14021dcb0	no	NO-FUNCTION
0x140f92f98	0xa3a1	0x14000a3a1	no	0x1400019d0..0x14001bde5
0x140f92fb0	0x2e2e2e	0x1402e2e2e	no	NO-FUNCTION
0x140f92fe0	0x21f3ce	0x14021f3ce	no	NO-FUNCTION
0x140f92ff4	0x21dac6	0x14021dac6	no	NO-FUNCTION
0x140f93004	0x21a3cd	0x14021a3cd	no	NO-FUNCTION
0x140f9303c	0xa1a3	0x14000a1a3	no	0x1400019d0..0x14001bde5
0x140f93080	0xa1a3	0x14000a1a3	no	0x1400019d0..0x14001bde5
0x140f93094	0xa1a3	0x14000a1a3	no	0x1400019d0..0x14001bde5
0x140f930a4	0xa1a3	0x14000a1a3	no	0x1400019d0..0x14001bde5
0x140f930d0	0x2e2e2e	0x1402e2e2e	no	NO-FUNCTION
0x140f93104	0x2e2e2e	0x1402e2e2e	no	NO-FUNCTION
0x140f93138	0xa3a1	0x14000a3a1	no	0x1400019d0..0x14001bde5
0x140f931a4	0x6e6967	0x1406e6967	no	0x1406dacb0..0x140720697
0x140f931b4	0x21dcb0	0x14021dcb0	no	NO-FUNCTION
0x140f931ec	0x2e2e2e	0x1402e2e2e	no	NO-FUNCTION
0x140f93200	0x2e2e2e	0x1402e2e2e	no	NO-FUNCTION
0x140f932a0	0x2e6465	0x1402e6465	no	NO-FUNCTION
0x140f932e8	0x6573	0x140006573	no	0x1400019d0..0x14001bde5
0x140f932fc	0x2e2e2e	0x1402e2e2e	no	NO-FUNCTION
0x140f93310	0x2e2e2e	0x1402e2e2e	no	NO-FUNCTION
0x140f93328	0x2e2e2e	0x1402e2e2e	no	NO-FUNCTION
0x140f93344	0x2e2e2e	0x1402e2e2e	no	NO-FUNCTION
0x140f9338c	0x756c25	0x140756c25	no	0x1407206a0..0x14075b438
0x140f933a4	0x2e2e2e	0x1402e2e2e	no	NO-FUNCTION
0x140f93408	0x756c	0x14000756c	no	0x1400019d0..0x14001bde5
0x140f93460	0x2e2e2e	0x1402e2e2e	no	NO-FUNCTION
0x140f934fc	0x586c38	0x140586c38	no	NO-FUNCTION
0x140f93550	0x2e2e2e	0x1402e2e2e	no	NO-FUNCTION
0x140f9356c	0x2e2e2e	0x1402e2e2e	no	NO-FUNCTION
0x140f935b8	0x7325	0x140007325	no	0x1400019d0..0x14001bde5
0x140f93668	0x2e2e2e	0x1402e2e2e	no	NO-FUNCTION
0x140f93680	0x2e2e2e	0x1402e2e2e	no	NO-FUNCTION
0x140f9369c	0x6e6f69	0x1406e6f69	no	0x1406dacb0..0x140720697
0x140f93790	0x2f45	0x140002f45	no	0x1400019d0..0x14001bde5
0x140f93794	0x2f46	0x140002f46	no	0x1400019d0..0x14001bde5
0x140f93798	0x2f47	0x140002f47	no	0x1400019d0..0x14001bde5
0x140f9379c	0x2f48	0x140002f48	no	0x1400019d0..0x14001bde5
0x140f937a0	0x2f52	0x140002f52	no	0x1400019d0..0x14001bde5
0x140f937a4	0x2f53	0x140002f53	no	0x1400019d0..0x14001bde5
0x140f937a8	0x2f4f	0x140002f4f	no	0x1400019d0..0x14001bde5
0x140f937ac	0x2f4b	0x140002f4b	no	0x1400019d0..0x14001bde5
0x140f937b0	0x2f49	0x140002f49	no	0x1400019d0..0x14001bde5
0x140f937b4	0x2f4a	0x140002f4a	no	0x1400019d0..0x14001bde5
0x140f937b8	0x2f50	0x140002f50	no	0x1400019d0..0x14001bde5
0x140f937bc	0x2f51	0x140002f51	no	0x1400019d0..0x14001bde5
0x140f94ae4	0x7b89cc	0x1407b89cc	no	0x1407b88e8..0x1407b8a55
0x140f94ae8	0x7b89f0	0x1407b89f0	no	0x1407b88e8..0x1407b8a55
0x140f94aec	0x7bb3f3	0x1407bb3f3	no	0x1407bb194..0x1407bb515
0x140f94af0	0x7bb449	0x1407bb449	no	0x1407bb194..0x1407bb515
0x140f94af4	0x7bc57b	0x1407bc57b	no	0x1407bc36c..0x1407bc8a4
0x140f94af8	0x7bc5da	0x1407bc5da	no	0x1407bc36c..0x1407bc8a4
0x140f94afc	0x7bc62d	0x1407bc62d	no	0x1407bc36c..0x1407bc8a4
0x140f94b00	0x7bc6f2	0x1407bc6f2	no	0x1407bc36c..0x1407bc8a4
0x140f94b04	0x7bc784	0x1407bc784	no	0x1407bc36c..0x1407bc8a4
0x140f94b08	0x7bc7dd	0x1407bc7dd	no	0x1407bc36c..0x1407bc8a4
0x140f94b0c	0x7bc82b	0x1407bc82b	no	0x1407bc36c..0x1407bc8a4
0x140f94b10	0x7bdd1c	0x1407bdd1c	no	0x1407bdd18..0x1407bddb3
0x140f94b14	0x7bdf3c	0x1407bdf3c	no	0x1407bdf00..0x1407bdfcf
0x140f94b18	0x7bdf73	0x1407bdf73	no	0x1407bdf00..0x1407bdfcf
0x140f94b1c	0x7bea3c	0x1407bea3c	no	0x1407be9d8..0x1407beb3c
0x140f94b20	0x7bf0a1	0x1407bf0a1	no	0x1407bf074..0x1407bf110
0x140f94b24	0x7bf0d4	0x1407bf0d4	no	0x1407bf074..0x1407bf110
0x140f94b28	0x7bf160	0x1407bf160	no	0x1407bf110..0x1407bf1f1
0x140f94b2c	0x7bf2ae	0x1407bf2ae	no	0x1407bf294..0x1407bf320
0x140f94b30	0x7bf2ef	0x1407bf2ef	no	0x1407bf294..0x1407bf320
0x140f94b34	0x7bf2f9	0x1407bf2f9	no	0x1407bf294..0x1407bf320
0x140f94b38	0x7bf304	0x1407bf304	no	0x1407bf294..0x1407bf320
0x140f94b3c	0x7bf385	0x1407bf385	no	0x1407bf320..0x1407bf3f2
0x140f94b40	0x7bf411	0x1407bf411	no	0x1407bf3fc..0x1407bf463
0x140f94b44	0x7bf4d5	0x1407bf4d5	no	0x1407bf48c..0x1407bf506
0x140f94b48	0x7bf548	0x1407bf548	no	0x1407bf508..0x1407bf5ad
0x140f94b4c	0x7c0685	0x1407c0685	no	0x1407c0640..0x1407c0753
0x140f94b50	0x7c0a0c	0x1407c0a0c	no	0x1407c095c..0x1407c0b6d
0x140f94b54	0x7c0a37	0x1407c0a37	no	0x1407c095c..0x1407c0b6d
0x140f94b58	0x7c0a51	0x1407c0a51	no	0x1407c095c..0x1407c0b6d
0x140f94b5c	0x7c0a94	0x1407c0a94	no	0x1407c095c..0x1407c0b6d
0x140f94b60	0x7c0b0e	0x1407c0b0e	no	0x1407c095c..0x1407c0b6d
0x140f94b64	0x7c0cdf	0x1407c0cdf	no	0x1407c0ca0..0x1407c0d87
0x140f94b68	0x7c0cfb	0x1407c0cfb	no	0x1407c0ca0..0x1407c0d87
0x140f94b6c	0x7c0d44	0x1407c0d44	no	0x1407c0ca0..0x1407c0d87
0x140f94b70	0x7c0d5f	0x1407c0d5f	no	0x1407c0ca0..0x1407c0d87
0x140f94b74	0x7c0f3e	0x1407c0f3e	no	0x1407c0f34..0x1407c1052
0x140f94b78	0x7c0fe5	0x1407c0fe5	no	0x1407c0f34..0x1407c1052
0x140f94b7c	0x7c0fe9	0x1407c0fe9	no	0x1407c0f34..0x1407c1052
0x140f94b80	0x7c101d	0x1407c101d	no	0x1407c0f34..0x1407c1052
0x140f94b84	0x7c1042	0x1407c1042	no	0x1407c0f34..0x1407c1052
0x140f94b88	0x7c1047	0x1407c1047	no	0x1407c0f34..0x1407c1052
0x140f94b8c	0x7c117f	0x1407c117f	no	0x1407c10e4..0x1407c134e
0x140f94b90	0x7c11bc	0x1407c11bc	no	0x1407c10e4..0x1407c134e
0x140f94b94	0x7c1332	0x1407c1332	no	0x1407c10e4..0x1407c134e
0x140f94b98	0x7c1339	0x1407c1339	no	0x1407c10e4..0x1407c134e
0x140f94b9c	0x7c14d3	0x1407c14d3	no	0x1407c14b4..0x1407c15ae
0x140f94ba0	0x7c14e2	0x1407c14e2	no	0x1407c14b4..0x1407c15ae
0x140f94ba4	0x7c14f9	0x1407c14f9	no	0x1407c14b4..0x1407c15ae
0x140f94ba8	0x7c15c9	0x1407c15c9	no	0x1407c15b0..0x1407c169a
0x140f94bac	0x7c15f5	0x1407c15f5	no	0x1407c15b0..0x1407c169a
0x140f94bb0	0x7c162f	0x1407c162f	no	0x1407c15b0..0x1407c169a
0x140f94bb4	0x7c163a	0x1407c163a	no	0x1407c15b0..0x1407c169a
0x140f94bb8	0x7c1641	0x1407c1641	no	0x1407c15b0..0x1407c169a
0x140f94bbc	0x7c164c	0x1407c164c	no	0x1407c15b0..0x1407c169a
0x140f94bc0	0x7c165e	0x1407c165e	no	0x1407c15b0..0x1407c169a
0x140f94bc4	0x7c1a8b	0x1407c1a8b	no	0x1407c1a70..0x1407c1b30
0x140f94bc8	0x7c2924	0x1407c2924	no	0x1407c2914..0x1407c2954
0x140f94bcc	0x7c2b28	0x1407c2b28	no	0x1407c2b08..0x1407c2b38
0x140f94bd0	0x7c2b51	0x1407c2b51	no	0x1407c2b38..0x1407c2b75
0x140f94bd4	0x7c2d25	0x1407c2d25	no	0x1407c2c94..0x1407c2dce
0x140f94bd8	0x7c2ffd	0x1407c2ffd	no	NO-FUNCTION
0x140f94bdc	0x7c3a2c	0x1407c3a2c	no	0x1407c38f8..0x1407c3ae2
0x140f94be0	0x7c3a48	0x1407c3a48	no	0x1407c38f8..0x1407c3ae2
0x140f94be4	0x7c3a87	0x1407c3a87	no	0x1407c38f8..0x1407c3ae2
0x140f94be8	0x7c3aa3	0x1407c3aa3	no	0x1407c38f8..0x1407c3ae2
0x140f94bec	0x7c4066	0x1407c4066	no	0x1407c3d7c..0x1407c40e2
0x140f94bf0	0x7c45b0	0x1407c45b0	no	NO-FUNCTION
0x140f94bf4	0x7c45de	0x1407c45de	no	0x1407c45c0..0x1407c45eb
0x140f94bf8	0x7c4936	0x1407c4936	no	0x1407c4770..0x1407c4a0f
0x140f94bfc	0x7c4989	0x1407c4989	no	0x1407c4770..0x1407c4a0f
0x140f94c00	0x7c52f4	0x1407c52f4	no	0x1407c4dec..0x1407c5430
0x140f94c04	0x7c53bf	0x1407c53bf	no	0x1407c4dec..0x1407c5430
0x140f94c08	0x7c62ee	0x1407c62ee	no	0x1407c62c4..0x1407c6303
0x140f94c0c	0x7c63be	0x1407c63be	no	0x1407c638c..0x1407c63eb
0x140f94c10	0x7c8022	0x1407c8022	no	0x1407c8004..0x1407c802b
0x140f94c14	0x7c80de	0x1407c80de	no	0x1407c8090..0x1407c8157
0x140f94c18	0x7c80e9	0x1407c80e9	no	0x1407c8090..0x1407c8157
0x140f94c1c	0x7c8161	0x1407c8161	no	0x1407c8158..0x1407c8195
0x140f94c20	0x7c817a	0x1407c817a	no	0x1407c8158..0x1407c8195
0x140f94c24	0x7c8441	0x1407c8441	no	0x1407c841c..0x1407c8513
0x140f94c28	0x7c84d9	0x1407c84d9	no	0x1407c841c..0x1407c8513
0x140f94c2c	0x7c851a	0x1407c851a	no	0x1407c8514..0x1407c859c
0x140f94c30	0x7c852a	0x1407c852a	no	0x1407c8514..0x1407c859c
0x140f94c34	0x7c853b	0x1407c853b	no	0x1407c8514..0x1407c859c
0x140f94c38	0x7c85bb	0x1407c85bb	no	0x1407c859c..0x1407c8667
0x140f94c3c	0x7c85ce	0x1407c85ce	no	0x1407c859c..0x1407c8667
0x140f94c40	0x7c85d8	0x1407c85d8	no	0x1407c859c..0x1407c8667
0x140f94c44	0x7c85ec	0x1407c85ec	no	0x1407c859c..0x1407c8667
0x140f94c48	0x7c860b	0x1407c860b	no	0x1407c859c..0x1407c8667
0x140f94c4c	0x7c8610	0x1407c8610	no	0x1407c859c..0x1407c8667
0x140f94c50	0x7c8615	0x1407c8615	no	0x1407c859c..0x1407c8667
0x140f94c54	0x7c861e	0x1407c861e	no	0x1407c859c..0x1407c8667
0x140f94c58	0x7c8758	0x1407c8758	no	NO-FUNCTION
0x140f94c5c	0x7c87ce	0x1407c87ce	no	0x1407c8790..0x1407c8942
0x140f94c60	0x7c8867	0x1407c8867	no	0x1407c8790..0x1407c8942
0x140f94c64	0x7c88cc	0x1407c88cc	no	0x1407c8790..0x1407c8942
0x140f94c68	0x7c8912	0x1407c8912	no	0x1407c8790..0x1407c8942
0x140f94c6c	0x7c894a	0x1407c894a	no	0x1407c8944..0x1407c89a0
0x140f94c70	0x7c89a6	0x1407c89a6	no	0x1407c89a0..0x1407c89fc
0x140f94c74	0x7c8a00	0x1407c8a00	no	0x1407c89fc..0x1407c8a46
0x140f94c78	0x7c8b20	0x1407c8b20	no	0x1407c8b0c..0x1407c8bb0
0x140f94c7c	0x7c8bc8	0x1407c8bc8	no	NO-FUNCTION
0x140f94c80	0x7c8bf0	0x1407c8bf0	no	0x1407c8bdc..0x1407c8c70
0x140f94c84	0x7c8c7a	0x1407c8c7a	no	0x1407c8c70..0x1407c8ce0
0x140f94c88	0x7c8cee	0x1407c8cee	no	0x1407c8ce8..0x1407c8d4f
0x140f94c8c	0x7c8d64	0x1407c8d64	no	0x1407c8d50..0x1407c8dd7
0x140f94c90	0x7c8dec	0x1407c8dec	no	0x1407c8dd8..0x1407c8eca
0x140f94c94	0x7c8ed6	0x1407c8ed6	no	0x1407c8ecc..0x1407c8f2e
0x140f94c98	0x7c8f36	0x1407c8f36	no	0x1407c8f30..0x1407c8f80
0x140f94c9c	0x7c8f84	0x1407c8f84	no	0x1407c8f80..0x1407c8fc2
0x140f94ca0	0x7c8fce	0x1407c8fce	no	0x1407c8fc4..0x1407c9021
0x140f94ca4	0x7c903c	0x1407c903c	no	0x1407c9038..0x1407c91df
0x140f94ca8	0x7c9069	0x1407c9069	no	0x1407c9038..0x1407c91df
0x140f94cac	0x7c9092	0x1407c9092	no	0x1407c9038..0x1407c91df
0x140f94cb0	0x7c90bb	0x1407c90bb	no	0x1407c9038..0x1407c91df
0x140f94cb4	0x7c90e4	0x1407c90e4	no	0x1407c9038..0x1407c91df
0x140f94cb8	0x7c910d	0x1407c910d	no	0x1407c9038..0x1407c91df
0x140f94cbc	0x7c9136	0x1407c9136	no	0x1407c9038..0x1407c91df
0x140f94cc0	0x7c915f	0x1407c915f	no	0x1407c9038..0x1407c91df
0x140f94cc4	0x7c9188	0x1407c9188	no	0x1407c9038..0x1407c91df
0x140f94cc8	0x7c91b1	0x1407c91b1	no	0x1407c9038..0x1407c91df
0x140f94ccc	0x7c9214	0x1407c9214	no	0x1407c9210..0x1407c9252
0x140f94cd0	0x7c92d8	0x1407c92d8	no	0x1407c9298..0x1407c934a
0x140f94cd4	0x7c9352	0x1407c9352	no	0x1407c934c..0x1407c938e
0x140f94cd8	0x7c9360	0x1407c9360	no	0x1407c934c..0x1407c938e
0x140f94cdc	0x7c9374	0x1407c9374	no	0x1407c934c..0x1407c938e
0x140f94ce0	0x7ca5d4	0x1407ca5d4	no	NO-FUNCTION
0x140f94ce4	0x7ca613	0x1407ca613	no	0x1407ca5d8..0x1407ca6c1
0x140f94ce8	0x7ca626	0x1407ca626	no	0x1407ca5d8..0x1407ca6c1
0x140f94cec	0x7ca62a	0x1407ca62a	no	0x1407ca5d8..0x1407ca6c1
0x140f94cf0	0x7ca633	0x1407ca633	no	0x1407ca5d8..0x1407ca6c1
0x140f94cf4	0x7ca6af	0x1407ca6af	no	0x1407ca5d8..0x1407ca6c1
0x140f94cf8	0x7ca6c8	0x1407ca6c8	no	0x1407ca6c4..0x1407ca703
0x140f94cfc	0x7ca6f8	0x1407ca6f8	no	0x1407ca6c4..0x1407ca703
0x140f94d00	0x7ca8f0	0x1407ca8f0	no	0x1407ca8a8..0x1407caa12
0x140f94d04	0x7ca8fb	0x1407ca8fb	no	0x1407ca8a8..0x1407caa12
0x140f94d08	0x7ca906	0x1407ca906	no	0x1407ca8a8..0x1407caa12
0x140f94d0c	0x7ca910	0x1407ca910	no	0x1407ca8a8..0x1407caa12
0x140f94d10	0x7ca917	0x1407ca917	no	0x1407ca8a8..0x1407caa12
0x140f94d14	0x7ca91c	0x1407ca91c	no	0x1407ca8a8..0x1407caa12
0x140f94d18	0x7ca960	0x1407ca960	no	0x1407ca8a8..0x1407caa12
0x140f94d1c	0x7ca96d	0x1407ca96d	no	0x1407ca8a8..0x1407caa12
0x140f94d20	0x7ca9d3	0x1407ca9d3	no	0x1407ca8a8..0x1407caa12
0x140f94d24	0x7ca9e1	0x1407ca9e1	no	0x1407ca8a8..0x1407caa12
0x140f94d28	0x7ca9ec	0x1407ca9ec	no	0x1407ca8a8..0x1407caa12
0x140f94d2c	0x7caaee	0x1407caaee	no	0x1407caa80..0x1407cabd0
0x140f94d30	0x7cab2d	0x1407cab2d	no	0x1407caa80..0x1407cabd0
0x140f94d34	0x7cab7d	0x1407cab7d	no	0x1407caa80..0x1407cabd0
0x140f94d38	0x7cab98	0x1407cab98	no	0x1407caa80..0x1407cabd0
0x140f94d3c	0x7cac85	0x1407cac85	no	0x1407cabd0..0x1407cad2b
0x140f94d40	0x7cacb8	0x1407cacb8	no	0x1407cabd0..0x1407cad2b
0x140f94d44	0x7cacc3	0x1407cacc3	no	0x1407cabd0..0x1407cad2b
0x140f94d48	0x7cafe6	0x1407cafe6	no	0x1407cafb0..0x1407cb01b
0x140f94d4c	0x7cafed	0x1407cafed	no	0x1407cafb0..0x1407cb01b
0x140f94d50	0x7cbde0	0x1407cbde0	no	NO-FUNCTION
0x140f94d54	0x7cbdfc	0x1407cbdfc	no	NO-FUNCTION
0x140f94d58	0x7cc991	0x1407cc991	no	0x1407cc820..0x1407cc9ee
0x140f94d5c	0x7cc9d9	0x1407cc9d9	no	0x1407cc820..0x1407cc9ee
0x140f94d60	0x7cceaa	0x1407cceaa	no	0x1407ccd00..0x1407ccf6f
0x140f94d64	0x7ccfca	0x1407ccfca	no	0x1407ccf70..0x1407cd028
0x140f94d68	0x7ccff8	0x1407ccff8	no	0x1407ccf70..0x1407cd028
0x140f94d6c	0x7cecf7	0x1407cecf7	no	0x1407ce83c..0x1407ced57
0x140f94d70	0x7ced09	0x1407ced09	no	0x1407ce83c..0x1407ced57
0x140f94d74	0x7cf049	0x1407cf049	no	0x1407cedc4..0x1407cf0ab
0x140f94d78	0x7cf05b	0x1407cf05b	no	0x1407cedc4..0x1407cf0ab
0x140f94d7c	0x7cf958	0x1407cf958	no	NO-FUNCTION
0x140f94d80	0x7cf968	0x1407cf968	no	NO-FUNCTION
0x140f94d84	0x7cf977	0x1407cf977	no	NO-FUNCTION
0x140f94d88	0x7cf986	0x1407cf986	no	NO-FUNCTION
0x140f94d8c	0x7cf995	0x1407cf995	no	NO-FUNCTION
0x140f94d90	0x7cf9b7	0x1407cf9b7	no	NO-FUNCTION
0x140f94d94	0x7cf9ca	0x1407cf9ca	no	NO-FUNCTION
0x140f94d98	0x7cfb72	0x1407cfb72	no	NO-FUNCTION
0x140f94d9c	0x7cfb9d	0x1407cfb9d	no	0x1407cfb84..0x1407cfbbb
0x140f94da0	0x7cfbd0	0x1407cfbd0	no	NO-FUNCTION
0x140f94da4	0x7cfbf5	0x1407cfbf5	no	0x1407cfbe4..0x1407cfc8c
0x140f94da8	0x7cfc06	0x1407cfc06	no	0x1407cfbe4..0x1407cfc8c
0x140f94dac	0x7cfc16	0x1407cfc16	no	0x1407cfbe4..0x1407cfc8c
0x140f94db0	0x7cfc26	0x1407cfc26	no	0x1407cfbe4..0x1407cfc8c
0x140f94db4	0x7cfc36	0x1407cfc36	no	0x1407cfbe4..0x1407cfc8c
0x140f94db8	0x7cfc59	0x1407cfc59	no	0x1407cfbe4..0x1407cfc8c
0x140f94dbc	0x7cfc6d	0x1407cfc6d	no	0x1407cfbe4..0x1407cfc8c
0x140f94dc0	0x7d20f6	0x1407d20f6	no	0x1407d2090..0x1407d212a
0x140f94dc4	0x7d2192	0x1407d2192	no	0x1407d212c..0x1407d21c6
0x140f94dc8	0x7d2c6e	0x1407d2c6e	no	NO-FUNCTION
0x140f94dcc	0x7d2cb3	0x1407d2cb3	no	0x1407d2c80..0x1407d2cf8
0x140f94dd0	0x7d2cce	0x1407d2cce	no	0x1407d2c80..0x1407d2cf8
0x140f94dd4	0x7d2ce7	0x1407d2ce7	no	0x1407d2c80..0x1407d2cf8
0x140f94dd8	0x7d2d10	0x1407d2d10	no	NO-FUNCTION
0x140f94ddc	0x7d2d33	0x1407d2d33	no	NO-FUNCTION
0x140f94de0	0x7d2e32	0x1407d2e32	no	0x1407d2df0..0x1407d2ea2
0x140f94de4	0x7d2e37	0x1407d2e37	no	0x1407d2df0..0x1407d2ea2
0x140f94de8	0x7d69c5	0x1407d69c5	no	0x1407d6974..0x1407d69d0
0x140f94dec	0x7d6a39	0x1407d6a39	no	NO-FUNCTION
0x140f94df0	0x7da566	0x1407da566	no	0x1407da546..0x1407da573
0x140f94df4	0x7da569	0x1407da569	no	0x1407da546..0x1407da573
0x140f94df8	0x7b87c8	0x1407b87c8	yes	0x1407b87c8..0x1407b882f
0x140f94dfc	0x1e504	0x14001e504	no	0x14001bdf0..0x14002a6e2
0x140f94e00	0x7d6cf0	0x1407d6cf0	yes	0x1407d6cf0..0x1407d6d5f
0x140f94e08	0x7d74cc	0x1407d74cc	yes	0x1407d74cc..0x1407d751e
0x140f94e10	0x7d7f80	0x1407d7f80	yes	0x1407d7f80..0x1407d7fa0
0x140f94e18	0x7d857c	0x1407d857c	yes	0x1407d857c..0x1407d85c8
0x140f94e20	0x7da44c	0x1407da44c	yes	0x1407da44c..0x1407da467
0x140f952b0	0x20601	0x140020601	no	0x14001bdf0..0x14002a6e2
0x140f952b8	0x40a01	0x140040a01	no	0x14002a6f0..0x1400431ac
0x140f952bc	0x6340a	0x14006340a	no	0x14005d9b0..0x140071526
0x140f952c4	0x10401	0x140010401	no	0x1400019d0..0x14001bde5
0x140f952c8	0x8204	0x140008204	no	0x1400019d0..0x14001bde5
0x140f952cc	0x10411	0x140010411	no	0x1400019d0..0x14001bde5
0x140f952d0	0x4204	0x140004204	no	0x1400019d0..0x14001bde5
0x140f952d4	0x7b3fa8	0x1407b3fa8	yes	0x1407b3fa8..0x1407b4067
0x140f952ec	0x7d8b20	0x1407d8b20	no	NO-FUNCTION
0x140f952f8	0x20601	0x140020601	no	0x14001bdf0..0x14002a6e2
0x140f95300	0x20521	0x140020521	no	0x14001bdf0..0x14002a6e2
0x140f95304	0x63405	0x140063405	no	0x14005d9b0..0x140071526
0x140f95308	0x7840d0	0x1407840d0	yes	0x1407840d0..0x14078412f
0x140f9530c	0x78412f	0x14078412f	yes	0x14078412f..0x14078415a
0x140f95318	0x7840d0	0x1407840d0	yes	0x1407840d0..0x14078412f
0x140f9531c	0x78412f	0x14078412f	yes	0x14078412f..0x14078415a
0x140f95324	0x82319	0x140082319	no	0x140071910..0x1400f6e74
0x140f95328	0x146415	0x140146415	no	0x1400f6eb0..0x1401934a2
0x140f9532c	0x133415	0x140133415	no	0x1400f6eb0..0x1401934a2
0x140f95338	0x7d80f8	0x1407d80f8	yes	0x1407d80f8..0x1407d8177
0x140f95354	0x2e906	0x14002e906	no	0x14002a6f0..0x1400431ac
0x140f95360	0x82619	0x140082619	no	0x140071910..0x1400f6e74
0x140f95364	0x166418	0x140166418	no	0x1400f6eb0..0x1401934a2
0x140f95368	0x153418	0x140153418	no	0x1400f6eb0..0x1401934a2
0x140f95374	0x7d80f8	0x1407d80f8	yes	0x1407d80f8..0x1407d8177
0x140f95394	0xa1911	0x1400a1911	no	0x140071910..0x1400f6e74
0x140f95398	0x170119	0x140170119	no	0x1400f6eb0..0x1401934a2
0x140f953ac	0x7b3fa8	0x1407b3fa8	yes	0x1407b3fa8..0x1407b4067
0x140f953ec	0x20521	0x140020521	no	0x14001bdf0..0x14002a6e2
0x140f953f0	0x73405	0x140073405	no	0x140071910..0x1400f6e74
0x140f953f4	0x784c00	0x140784c00	yes	0x140784c00..0x140784c51
0x140f953f8	0x784c51	0x140784c51	yes	0x140784c51..0x140784c7a
0x140f95404	0x784c00	0x140784c00	yes	0x140784c00..0x140784c51
0x140f95408	0x784c51	0x140784c51	yes	0x140784c51..0x140784c7a
0x140f95410	0x20521	0x140020521	no	0x14001bdf0..0x14002a6e2
0x140f95414	0x63405	0x140063405	no	0x14005d9b0..0x140071526
0x140f95418	0x784cc0	0x140784cc0	yes	0x140784cc0..0x140784cdf
0x140f9541c	0x784cdf	0x140784cdf	yes	0x140784cdf..0x140784d0a
0x140f95428	0x784cc0	0x140784cc0	yes	0x140784cc0..0x140784cdf
0x140f9542c	0x784cdf	0x140784cdf	yes	0x140784cdf..0x140784d0a
0x140f95434	0x40901	0x140040901	no	0x14002a6f0..0x1400431ac
0x140f95440	0xa3f21	0x1400a3f21	no	0x140071910..0x1400f6e74
0x140f95444	0x4f43f	0x14004f43f	no	0x14004cf60..0x14005d9a9
0x140f95448	0x5d42d	0x14005d42d	no	0x14004cf60..0x14005d9a9
0x140f9544c	0x6c41c	0x14006c41c	no	0x14005d9b0..0x140071526
0x140f95450	0x77414	0x140077414	no	0x140071910..0x1400f6e74
0x140f95454	0xc3405	0x1400c3405	no	0x140071910..0x1400f6e74
0x140f95458	0x784d20	0x140784d20	yes	0x140784d20..0x140784d49
0x140f9545c	0x784d49	0x140784d49	yes	0x140784d49..0x140784f25
0x140f95468	0x784d20	0x140784d20	yes	0x140784d20..0x140784d49
0x140f9546c	0x784d49	0x140784d49	yes	0x140784d49..0x140784f25
0x140f95474	0xa0021	0x1400a0021	no	0x140071910..0x1400f6e74
0x140f95478	0x4f400	0x14004f400	no	0x14004cf60..0x14005d9a9
0x140f9547c	0x5d400	0x14005d400	no	0x14004cf60..0x14005d9a9
0x140f95480	0x6c400	0x14006c400	no	0x14005d9b0..0x140071526
0x140f95484	0x77400	0x140077400	no	0x140071910..0x1400f6e74
0x140f95488	0xc3400	0x1400c3400	no	0x140071910..0x1400f6e74
0x140f9548c	0x784d20	0x140784d20	yes	0x140784d20..0x140784d49
0x140f95490	0x784d49	0x140784d49	yes	0x140784d49..0x140784f25
0x140f95498	0x81501	0x140081501	no	0x140071910..0x1400f6e74
0x140f9549c	0x97415	0x140097415	no	0x140071910..0x1400f6e74
0x140f954a0	0x85415	0x140085415	no	0x140071910..0x1400f6e74
0x140f954a4	0x73415	0x140073415	no	0x140071910..0x1400f6e74
0x140f954ac	0x20521	0x140020521	no	0x14001bdf0..0x14002a6e2
0x140f954b0	0x66405	0x140066405	no	0x14005d9b0..0x140071526
0x140f954b4	0x784f50	0x140784f50	yes	0x140784f50..0x140784f8f
0x140f954b8	0x784f8f	0x140784f8f	yes	0x140784f8f..0x140785051
0x140f954c4	0x784f50	0x140784f50	yes	0x140784f50..0x140784f8f
0x140f954c8	0x784f8f	0x140784f8f	yes	0x140784f8f..0x140785051
0x140f954d0	0x20021	0x140020021	no	0x14001bdf0..0x14002a6e2
0x140f954d4	0x66400	0x140066400	no	0x14005d9b0..0x140071526
0x140f954d8	0x784f50	0x140784f50	yes	0x140784f50..0x140784f8f
0x140f954dc	0x784f8f	0x140784f8f	yes	0x140784f8f..0x140785051
0x140f954e4	0x81401	0x140081401	no	0x140071910..0x1400f6e74
0x140f954e8	0xb6414	0x1400b6414	no	0x140071910..0x1400f6e74
0x140f954ec	0xa5414	0x1400a5414	no	0x140071910..0x1400f6e74
0x140f954f8	0x41421	0x140041421	no	0x14002a6f0..0x1400431ac
0x140f954fc	0x97414	0x140097414	no	0x140071910..0x1400f6e74
0x140f95500	0x83405	0x140083405	no	0x140071910..0x1400f6e74
0x140f95504	0x7850b0	0x1407850b0	yes	0x1407850b0..0x1407850fe
0x140f95508	0x7850fe	0x1407850fe	yes	0x1407850fe..0x140785235
0x140f95510	0x40021	0x140040021	no	0x14002a6f0..0x1400431ac
0x140f95514	0x97400	0x140097400	no	0x140071910..0x1400f6e74
0x140f95518	0x83400	0x140083400	no	0x140071910..0x1400f6e74
0x140f9551c	0x7850b0	0x1407850b0	yes	0x1407850b0..0x1407850fe
0x140f95520	0x7850fe	0x1407850fe	yes	0x1407850fe..0x140785235
0x140f9552c	0x7850b0	0x1407850b0	yes	0x1407850b0..0x1407850fe
0x140f95530	0x7850fe	0x1407850fe	yes	0x1407850fe..0x140785235
0x140f95538	0xc1c11	0x1400c1c11	no	0x140071910..0x1400f6e74
0x140f9553c	0xe641c	0x1400e641c	no	0x140071910..0x1400f6e74
0x140f95540	0xd541c	0x1400d541c	no	0x140071910..0x1400f6e74
0x140f95544	0xc341c	0x1400c341c	no	0x140071910..0x1400f6e74
0x140f95554	0x7b3fa8	0x1407b3fa8	yes	0x1407b3fa8..0x1407b4067
0x140f95578	0x36504	0x140036504	no	0x14002a6f0..0x1400431ac
0x140f9557c	0x10401	0x140010401	no	0x1400019d0..0x14001bde5
0x140f95584	0x20421	0x140020421	no	0x14001bdf0..0x14002a6e2
0x140f95588	0x7404	0x140007404	no	0x1400019d0..0x14001bde5
0x140f9558c	0x785560	0x140785560	yes	0x140785560..0x14078559e
0x140f95590	0x78559e	0x14078559e	yes	0x14078559e..0x1407855c2
0x140f9559c	0x785560	0x140785560	yes	0x140785560..0x14078559e
0x140f955a0	0x78559e	0x14078559e	yes	0x14078559e..0x1407855c2
0x140f955a8	0x10401	0x140010401	no	0x1400019d0..0x14001bde5
0x140f955ac	0x4204	0x140004204	no	0x1400019d0..0x14001bde5
0x140f955b0	0x40a01	0x140040a01	no	0x14002a6f0..0x1400431ac
0x140f955b4	0x9640a	0x14009640a	no	0x140071910..0x1400f6e74
0x140f955bc	0x41821	0x140041821	no	0x14002a6f0..0x1400431ac
0x140f955c0	0x8e418	0x14008e418	no	0x140071910..0x1400f6e74
0x140f955c4	0x63405	0x140063405	no	0x14005d9b0..0x140071526
0x140f955c8	0x785700	0x140785700	yes	0x140785700..0x140785732
0x140f955cc	0x785732	0x140785732	yes	0x140785732..0x14078577b
0x140f955d4	0x20521	0x140020521	no	0x14001bdf0..0x14002a6e2
0x140f955d8	0x75405	0x140075405	no	0x140071910..0x1400f6e74
0x140f955dc	0x785732	0x140785732	yes	0x140785732..0x14078577b
0x140f955e0	0x78577b	0x14078577b	yes	0x14078577b..0x1407858a8
0x140f955ec	0x785732	0x140785732	yes	0x140785732..0x14078577b
0x140f955f0	0x78577b	0x14078577b	yes	0x14078577b..0x1407858a8
0x140f955f8	0x60021	0x140060021	no	0x14005d9b0..0x140071526
0x140f955fc	0x8e400	0x14008e400	no	0x140071910..0x1400f6e74
0x140f95600	0x75400	0x140075400	no	0x140071910..0x1400f6e74
0x140f95604	0x63400	0x140063400	no	0x14005d9b0..0x140071526
0x140f95608	0x785700	0x140785700	yes	0x140785700..0x140785732
0x140f9560c	0x785732	0x140785732	yes	0x140785732..0x14078577b
0x140f95618	0x785700	0x140785700	yes	0x140785700..0x140785732
0x140f9561c	0x785732	0x140785732	yes	0x140785732..0x14078577b
0x140f95624	0x52519	0x140052519	no	0x14004cf60..0x14005d9a9
0x140f95630	0xd002	0x14000d002	no	0x1400019d0..0x14001bde5
0x140f95634	0x7d807c	0x1407d807c	yes	0x1407d807c..0x1407d8099
0x140f95638	0x1050	0x140001050	no	0x140001030..0x14000107b
0x140f9563c	0xa2e21	0x1400a2e21	no	0x140071910..0x1400f6e74
0x140f95654	0x785940	0x140785940	yes	0x140785940..0x1407859c8
0x140f95658	0x7859c8	0x1407859c8	yes	0x1407859c8..0x140785b84
0x140f95664	0x785940	0x140785940	yes	0x140785940..0x1407859c8
0x140f95668	0x7859c8	0x1407859c8	yes	0x1407859c8..0x140785b84
0x140f95670	0xa0021	0x1400a0021	no	0x140071910..0x1400f6e74
0x140f95688	0x785940	0x140785940	yes	0x140785940..0x1407859c8
0x140f9568c	0x7859c8	0x1407859c8	yes	0x1407859c8..0x140785b84
0x140f95694	0x41c19	0x140041c19	no	0x14002a6f0..0x1400431ac
0x140f95698	0x17010a	0x14017010a	no	0x1400f6eb0..0x1401934a2
0x140f956a0	0x7d807c	0x1407d807c	yes	0x1407d807c..0x1407d8099
0x140f956a8	0x41421	0x140041421	no	0x14002a6f0..0x1400431ac
0x140f956ac	0x1c5414	0x1401c5414	no	NO-FUNCTION
0x140f956b0	0x1b3408	0x1401b3408	no	NO-FUNCTION
0x140f956b4	0x785be0	0x140785be0	yes	0x140785be0..0x140785c44
0x140f956b8	0x785c44	0x140785c44	yes	0x140785c44..0x140785cba
0x140f956c0	0x41321	0x140041321	no	0x14002a6f0..0x1400431ac
0x140f956c4	0x16f413	0x14016f413	no	0x1400f6eb0..0x1401934a2
0x140f956c8	0x1de408	0x1401de408	no	NO-FUNCTION
0x140f956cc	0x785c44	0x140785c44	yes	0x140785c44..0x140785cba
0x140f956d0	0x785cba	0x140785cba	yes	0x140785cba..0x140785db7
0x140f956dc	0x785c44	0x140785c44	yes	0x140785c44..0x140785cba
0x140f956e0	0x785cba	0x140785cba	yes	0x140785cba..0x140785db7
0x140f956ec	0x785be0	0x140785be0	yes	0x140785be0..0x140785c44
0x140f956f0	0x785c44	0x140785c44	yes	0x140785c44..0x140785cba
0x140f956f8	0x80021	0x140080021	no	0x140071910..0x1400f6e74
0x140f956fc	0x16f400	0x14016f400	no	0x1400f6eb0..0x1401934a2
0x140f95700	0x1de400	0x1401de400	no	NO-FUNCTION
0x140f95704	0x1c5400	0x1401c5400	no	NO-FUNCTION
0x140f95708	0x1b3400	0x1401b3400	no	NO-FUNCTION
0x140f9570c	0x785be0	0x140785be0	yes	0x140785be0..0x140785c44
0x140f95710	0x785c44	0x140785c44	yes	0x140785c44..0x140785cba
0x140f95718	0x31b19	0x140031b19	no	0x14002a6f0..0x1400431ac
0x140f9571c	0x120109	0x140120109	no	0x1400f6eb0..0x1401934a2
0x140f95720	0x6002	0x140006002	no	0x1400019d0..0x14001bde5
0x140f95724	0x7d807c	0x1407d807c	yes	0x1407d807c..0x1407d8099
0x140f9572c	0x20821	0x140020821	no	0x14001bdf0..0x14002a6e2
0x140f95730	0x153408	0x140153408	no	0x1400f6eb0..0x1401934a2
0x140f95734	0x785f00	0x140785f00	yes	0x140785f00..0x140785f2b
0x140f95738	0x785f2b	0x140785f2b	yes	0x140785f2b..0x140785f3a
0x140f95740	0x20821	0x140020821	no	0x14001bdf0..0x14002a6e2
0x140f95744	0x165408	0x140165408	no	0x1400f6eb0..0x1401934a2
0x140f95748	0x785f2b	0x140785f2b	yes	0x140785f2b..0x140785f3a
0x140f9574c	0x785f3a	0x140785f3a	yes	0x140785f3a..0x140785f86
0x140f95754	0x20821	0x140020821	no	0x14001bdf0..0x14002a6e2
0x140f95758	0x177408	0x140177408	no	0x1400f6eb0..0x1401934a2
0x140f9575c	0x785f3a	0x140785f3a	yes	0x140785f3a..0x140785f86
0x140f95760	0x785f86	0x140785f86	yes	0x140785f86..0x14078607a
0x140f9576c	0x785f3a	0x140785f3a	yes	0x140785f3a..0x140785f86
0x140f95770	0x785f86	0x140785f86	yes	0x140785f86..0x14078607a
0x140f9577c	0x785f2b	0x140785f2b	yes	0x140785f2b..0x140785f3a
0x140f95780	0x785f3a	0x140785f3a	yes	0x140785f3a..0x140785f86
0x140f9578c	0x785f00	0x140785f00	yes	0x140785f00..0x140785f2b
0x140f95790	0x785f2b	0x140785f2b	yes	0x140785f2b..0x140785f3a
0x140f95798	0x20601	0x140020601	no	0x14001bdf0..0x14002a6e2
0x140f957a0	0xa1901	0x1400a1901	no	0x140071910..0x1400f6e74
0x140f957a4	0x163419	0x140163419	no	0x1400f6eb0..0x1401934a2
0x140f957b8	0x40a01	0x140040a01	no	0x14002a6f0..0x1400431ac
0x140f957bc	0x8340a	0x14008340a	no	0x140071910..0x1400f6e74
0x140f957c4	0x10401	0x140010401	no	0x1400019d0..0x14001bde5
0x140f957c8	0x6204	0x140006204	no	0x1400019d0..0x14001bde5
0x140f957cc	0x20521	0x140020521	no	0x14001bdf0..0x14002a6e2
0x140f957d0	0x63405	0x140063405	no	0x14005d9b0..0x140071526
0x140f957d4	0x7863e0	0x1407863e0	yes	0x1407863e0..0x1407863f5
0x140f957d8	0x7863f5	0x1407863f5	yes	0x1407863f5..0x14078644b
0x140f957e4	0x7863e0	0x1407863e0	yes	0x1407863e0..0x1407863f5
0x140f957e8	0x7863f5	0x1407863f5	yes	0x1407863f5..0x14078644b
0x140f957f0	0x10901	0x140010901	no	0x1400019d0..0x14001bde5
0x140f957f4	0x8209	0x140008209	no	0x1400019d0..0x14001bde5
0x140f957f8	0x10d821	0x14010d821	no	0x1400f6eb0..0x1401934a2
0x140f957fc	0x2e4d8	0x14002e4d8	no	0x14002a6f0..0x1400431ac
0x140f95800	0x3d4d3	0x14003d4d3	no	0x14002a6f0..0x1400431ac
0x140f95804	0x754c2	0x1400754c2	no	0x140071910..0x1400f6e74
0x140f95808	0x1f42c	0x14001f42c	no	0x14001bdf0..0x14002a6e2
0x140f9580c	0x4c420	0x14004c420	no	0x1400487d0..0x14004cec6
0x140f95810	0x57419	0x140057419	no	0x14004cf60..0x14005d9a9
0x140f95814	0x6640d	0x14006640d	no	0x14005d9b0..0x140071526
0x140f95818	0x83405	0x140083405	no	0x140071910..0x1400f6e74
0x140f9581c	0x786460	0x140786460	yes	0x140786460..0x140786469
0x140f95820	0x786469	0x140786469	yes	0x140786469..0x140786a38
0x140f95828	0x60021	0x140060021	no	0x14005d9b0..0x140071526
0x140f9582c	0x4c400	0x14004c400	no	0x1400487d0..0x14004cec6
0x140f95830	0x57400	0x140057400	no	0x14004cf60..0x14005d9a9
0x140f95834	0x66400	0x140066400	no	0x14005d9b0..0x140071526
0x140f95838	0x786460	0x140786460	yes	0x140786460..0x140786469
0x140f9583c	0x786469	0x140786469	yes	0x140786469..0x140786a38
0x140f95848	0x786460	0x140786460	yes	0x140786460..0x140786469
0x140f9584c	0x786469	0x140786469	yes	0x140786469..0x140786a38
0x140f95854	0x41601	0x140041601	no	0x14002a6f0..0x1400431ac
0x140f95860	0x60d01	0x140060d01	no	0x14005d9b0..0x140071526
0x140f95870	0x20521	0x140020521	no	0x14001bdf0..0x14002a6e2
0x140f95874	0xa5405	0x1400a5405	no	0x140071910..0x1400f6e74
0x140f95878	0x7873a0	0x1407873a0	yes	0x1407873a0..0x1407873f1
0x140f9587c	0x7873f1	0x1407873f1	yes	0x1407873f1..0x14078742f
0x140f95884	0x40721	0x140040721	no	0x14002a6f0..0x1400431ac
0x140f95888	0xc7407	0x1400c7407	no	0x140071910..0x1400f6e74
0x140f9588c	0xa5400	0x1400a5400	no	0x140071910..0x1400f6e74
0x140f95890	0x7873a0	0x1407873a0	yes	0x1407873a0..0x1407873f1
0x140f95894	0x7873f1	0x1407873f1	yes	0x1407873f1..0x14078742f
0x140f9589c	0x62019	0x140062019	no	0x14005d9b0..0x140071526
0x140f958a0	0x2f010e	0x1402f010e	no	NO-FUNCTION
0x140f958ac	0x7d807c	0x1407d807c	yes	0x1407d807c..0x1407d8099
0x140f958b4	0x20821	0x140020821	no	0x14001bdf0..0x14002a6e2
0x140f958b8	0x37c408	0x14037c408	no	0x1403774d0..0x14037cb84
0x140f958bc	0x787550	0x140787550	yes	0x140787550..0x1407875b8
0x140f958c0	0x7875b8	0x1407875b8	yes	0x1407875b8..0x1407875fb
0x140f958c8	0x20821	0x140020821	no	0x14001bdf0..0x14002a6e2
0x140f958cc	0x346408	0x140346408	no	NO-FUNCTION
0x140f958d0	0x7875b8	0x1407875b8	yes	0x1407875b8..0x1407875fb
0x140f958d4	0x7875fb	0x1407875fb	yes	0x1407875fb..0x14078762f
0x140f958dc	0x41021	0x140041021	no	0x14002a6f0..0x1400431ac
0x140f958e0	0x2ee410	0x1402ee410	no	NO-FUNCTION
0x140f958e4	0x367408	0x140367408	no	NO-FUNCTION
0x140f958e8	0x7875fb	0x1407875fb	yes	0x1407875fb..0x14078762f
0x140f958ec	0x78762f	0x14078762f	yes	0x14078762f..0x1407879cc
0x140f958f8	0x7875fb	0x1407875fb	yes	0x1407875fb..0x14078762f
0x140f958fc	0x78762f	0x14078762f	yes	0x14078762f..0x1407879cc
0x140f95908	0x7875b8	0x1407875b8	yes	0x1407875b8..0x1407875fb
0x140f9590c	0x7875fb	0x1407875fb	yes	0x1407875fb..0x14078762f
0x140f95918	0x787550	0x140787550	yes	0x140787550..0x1407875b8
0x140f9591c	0x7875b8	0x1407875b8	yes	0x1407875b8..0x1407875fb
0x140f95924	0x91501	0x140091501	no	0x140071910..0x1400f6e74
0x140f95938	0x3006	0x140003006	no	0x1400019d0..0x14001bde5
0x140f9593c	0x92719	0x140092719	no	0x140071910..0x1400f6e74
0x140f95940	0x2e5415	0x1402e5415	no	NO-FUNCTION
0x140f95944	0x2d3415	0x1402d3415	no	NO-FUNCTION
0x140f95948	0x280115	0x140280115	no	NO-FUNCTION
0x140f95950	0x600b	0x14000600b	no	0x1400019d0..0x14001bde5
0x140f95954	0x7d807c	0x1407d807c	yes	0x1407d807c..0x1407d8099
0x140f9595c	0x31d19	0x140031d19	no	0x14002a6f0..0x1400431ac
0x140f95960	0x2c010b	0x1402c010b	no	NO-FUNCTION
0x140f95964	0x3004	0x140003004	no	0x1400019d0..0x14001bde5
0x140f95968	0x7d807c	0x1407d807c	yes	0x1407d807c..0x1407d8099
0x140f95970	0x82221	0x140082221	no	0x140071910..0x1400f6e74
0x140f95974	0x28f422	0x14028f422	no	NO-FUNCTION
0x140f95978	0x29e41e	0x14029e41e	no	NO-FUNCTION
0x140f9597c	0x2a740f	0x1402a740f	no	NO-FUNCTION
0x140f95980	0x2b6404	0x1402b6404	no	NO-FUNCTION
0x140f95984	0x787fc0	0x140787fc0	yes	0x140787fc0..0x140787fea
0x140f95988	0x787fea	0x140787fea	yes	0x140787fea..0x14078809c
0x140f95990	0x20821	0x140020821	no	0x14001bdf0..0x14002a6e2
0x140f95994	0x305408	0x140305408	no	NO-FUNCTION
0x140f95998	0x787fea	0x140787fea	yes	0x140787fea..0x14078809c
0x140f9599c	0x78809c	0x14078809c	yes	0x14078809c..0x14078817d
0x140f959a8	0x787fea	0x140787fea	yes	0x140787fea..0x14078809c
0x140f959ac	0x78809c	0x14078809c	yes	0x14078809c..0x14078817d
0x140f959b8	0x787fc0	0x140787fc0	yes	0x140787fc0..0x140787fea
0x140f959bc	0x787fea	0x140787fea	yes	0x140787fea..0x14078809c
0x140f959c4	0x40901	0x140040901	no	0x14002a6f0..0x1400431ac
0x140f959d0	0xa2521	0x1400a2521	no	0x140071910..0x1400f6e74
0x140f959d4	0x4e425	0x14004e425	no	0x14004cf60..0x14005d9a9
0x140f959d8	0x5d41c	0x14005d41c	no	0x14004cf60..0x14005d9a9
0x140f959dc	0x6c413	0x14006c413	no	0x14005d9b0..0x140071526
0x140f959e0	0x7640c	0x14007640c	no	0x140071910..0x1400f6e74
0x140f959e4	0xc3405	0x1400c3405	no	0x140071910..0x1400f6e74
0x140f959e8	0x7881c0	0x1407881c0	yes	0x1407881c0..0x1407881f7
0x140f959ec	0x7881f7	0x1407881f7	yes	0x1407881f7..0x1407882e3
0x140f959f4	0xa0021	0x1400a0021	no	0x140071910..0x1400f6e74
0x140f959f8	0x4e400	0x14004e400	no	0x14004cf60..0x14005d9a9
0x140f959fc	0x5d400	0x14005d400	no	0x14004cf60..0x14005d9a9
0x140f95a00	0x6c400	0x14006c400	no	0x14005d9b0..0x140071526
0x140f95a04	0x76400	0x140076400	no	0x140071910..0x1400f6e74
0x140f95a08	0xc3400	0x1400c3400	no	0x140071910..0x1400f6e74
0x140f95a0c	0x7881c0	0x1407881c0	yes	0x1407881c0..0x1407881f7
0x140f95a10	0x7881f7	0x1407881f7	yes	0x1407881f7..0x1407882e3
0x140f95a1c	0x7881c0	0x1407881c0	yes	0x1407881c0..0x1407881f7
0x140f95a20	0x7881f7	0x1407881f7	yes	0x1407881f7..0x1407882e3
0x140f95a28	0xa4d01	0x1400a4d01	no	0x140071910..0x1400f6e74
0x140f95a2c	0xbe44d	0x1400be44d	no	0x140071910..0x1400f6e74
0x140f95a30	0xa7443	0x1400a7443	no	0x140071910..0x1400f6e74
0x140f95a34	0xc340d	0x1400c340d	no	0x140071910..0x1400f6e74
0x140f95a40	0x83e01	0x140083e01	no	0x140071910..0x1400f6e74
0x140f95a44	0x6743e	0x14006743e	no	0x14005d9b0..0x140071526
0x140f95a48	0x9540f	0x14009540f	no	0x140071910..0x1400f6e74
0x140f95a4c	0x8340f	0x14008340f	no	0x140071910..0x1400f6e74
0x140f95a54	0x20521	0x140020521	no	0x14001bdf0..0x14002a6e2
0x140f95a58	0x7e405	0x14007e405	no	0x140071910..0x1400f6e74
0x140f95a5c	0x7883e0	0x1407883e0	yes	0x1407883e0..0x140788447
0x140f95a60	0x788447	0x140788447	yes	0x140788447..0x1407884b9
0x140f95a6c	0x7883e0	0x1407883e0	yes	0x1407883e0..0x140788447
0x140f95a70	0x788447	0x140788447	yes	0x140788447..0x1407884b9
0x140f95a78	0x42919	0x140042919	no	0x14002a6f0..0x1400431ac
0x140f95a7c	0x150117	0x140150117	no	0x1400f6eb0..0x1401934a2
0x140f95a84	0x7d807c	0x1407d807c	yes	0x1407d807c..0x1407d8099
0x140f95a8c	0x81621	0x140081621	no	0x140071910..0x1400f6e74
0x140f95a90	0x147416	0x140147416	no	0x1400f6eb0..0x1401934a2
0x140f95a94	0x1b6412	0x1401b6412	no	NO-FUNCTION
0x140f95a98	0x1a540b	0x1401a540b	no	0x140197d50..0x1401a7b91
0x140f95a9c	0x193404	0x140193404	no	0x1400f6eb0..0x1401934a2
0x140f95aa0	0x7884d0	0x1407884d0	yes	0x1407884d0..0x1407884f9
0x140f95aa4	0x7884f9	0x1407884f9	yes	0x1407884f9..0x140788511
0x140f95aac	0x20421	0x140020421	no	0x14001bdf0..0x14002a6e2
0x140f95ab0	0x12e404	0x14012e404	no	0x1400f6eb0..0x1401934a2
0x140f95ab4	0x7884f9	0x1407884f9	yes	0x1407884f9..0x140788511
0x140f95ab8	0x788511	0x140788511	yes	0x140788511..0x14078852b
0x140f95ac0	0x20421	0x140020421	no	0x14001bdf0..0x14002a6e2
0x140f95ac4	0x13d404	0x14013d404	no	0x1400f6eb0..0x1401934a2
0x140f95ac8	0x788511	0x140788511	yes	0x140788511..0x14078852b
0x140f95acc	0x78852b	0x14078852b	yes	0x14078852b..0x14078863d
0x140f95ad8	0x788511	0x140788511	yes	0x140788511..0x14078852b
0x140f95adc	0x78852b	0x14078852b	yes	0x14078852b..0x14078863d
0x140f95ae8	0x7884f9	0x1407884f9	yes	0x1407884f9..0x140788511
0x140f95aec	0x788511	0x140788511	yes	0x140788511..0x14078852b
0x140f95af8	0x7884d0	0x1407884d0	yes	0x1407884d0..0x1407884f9
0x140f95afc	0x7884f9	0x1407884f9	yes	0x1407884f9..0x140788511
0x140f95b04	0x30701	0x140030701	no	0x14002a6f0..0x1400431ac
0x140f95b0c	0x3002	0x140003002	no	0x1400019d0..0x14001bde5
0x140f95b10	0x40d21	0x140040d21	no	0x14002a6f0..0x1400431ac
0x140f95b14	0x6f40d	0x14006f40d	no	0x14005d9b0..0x140071526
0x140f95b18	0xde405	0x1400de405	no	0x140071910..0x1400f6e74
0x140f95b1c	0x7886e0	0x1407886e0	yes	0x1407886e0..0x140788709
0x140f95b20	0x788709	0x140788709	yes	0x140788709..0x14078873f
0x140f95b28	0x81e21	0x140081e21	no	0x140071910..0x1400f6e74
0x140f95b2c	0xc741e	0x1400c741e	no	0x140071910..0x1400f6e74
0x140f95b30	0xb6408	0x1400b6408	no	0x140071910..0x1400f6e74
0x140f95b34	0x6f400	0x14006f400	no	0x14005d9b0..0x140071526
0x140f95b38	0xde400	0x1400de400	no	0x140071910..0x1400f6e74
0x140f95b3c	0x7886e0	0x1407886e0	yes	0x1407886e0..0x140788709
0x140f95b40	0x788709	0x140788709	yes	0x140788709..0x14078873f
0x140f95b4c	0x7886e0	0x1407886e0	yes	0x1407886e0..0x140788709
0x140f95b50	0x788709	0x140788709	yes	0x140788709..0x14078873f
0x140f95b58	0x31b19	0x140031b19	no	0x14002a6f0..0x1400431ac
0x140f95b5c	0x380109	0x140380109	no	0x14037cb90..0x140383f00
0x140f95b60	0x7002	0x140007002	no	0x1400019d0..0x14001bde5
0x140f95b64	0x7d807c	0x1407d807c	yes	0x1407d807c..0x1407d8099
0x140f95b6c	0x20821	0x140020821	no	0x14001bdf0..0x14002a6e2
0x140f95b70	0x3b3408	0x1403b3408	no	0x1403b3320..0x1403b34ce
0x140f95b74	0x788f00	0x140788f00	yes	0x140788f00..0x140788f6b
0x140f95b78	0x788f6b	0x140788f6b	yes	0x140788f6b..0x1407890aa
0x140f95b84	0x788f00	0x140788f00	yes	0x140788f00..0x140788f6b
0x140f95b88	0x788f6b	0x140788f6b	yes	0x140788f6b..0x1407890aa
0x140f95b90	0xb2c19	0x1400b2c19	no	0x140071910..0x1400f6e74
0x140f95b94	0x28641e	0x14028641e	no	NO-FUNCTION
0x140f95b98	0x27341e	0x14027341e	no	NO-FUNCTION
0x140f95b9c	0x20011e	0x14020011e	no	NO-FUNCTION
0x140f95ba8	0x500b	0x14000500b	no	0x1400019d0..0x14001bde5
0x140f95bac	0x7d807c	0x1407d807c	yes	0x1407d807c..0x1407d8099
0x140f95bb4	0x20821	0x140020821	no	0x14001bdf0..0x14002a6e2
0x140f95bb8	0x26f408	0x14026f408	no	NO-FUNCTION
0x140f95bbc	0x7891b0	0x1407891b0	yes	0x1407891b0..0x140789365
0x140f95bc0	0x789365	0x140789365	yes	0x140789365..0x1407896f1
0x140f95bcc	0x7891b0	0x1407891b0	yes	0x1407891b0..0x140789365
0x140f95bd0	0x789365	0x140789365	yes	0x140789365..0x1407896f1
0x140f95bd8	0x20021	0x140020021	no	0x14001bdf0..0x14002a6e2
0x140f95bdc	0x26f400	0x14026f400	no	NO-FUNCTION
0x140f95be0	0x7891b0	0x1407891b0	yes	0x1407891b0..0x140789365
0x140f95be4	0x789365	0x140789365	yes	0x140789365..0x1407896f1
0x140f95bec	0x51201	0x140051201	no	0x14004cf60..0x14005d9a9
0x140f95bf8	0x300b	0x14000300b	no	0x1400019d0..0x14001bde5
0x140f95bfc	0x60f01	0x140060f01	no	0x14005d9b0..0x140071526
0x140f95c0c	0x31a01	0x140031a01	no	0x14002a6f0..0x1400431ac
0x140f95c14	0x3015	0x140003015	no	0x1400019d0..0x14001bde5
0x140f95c18	0x20601	0x140020601	no	0x14001bdf0..0x14002a6e2
0x140f95c20	0x72219	0x140072219	no	0x140071910..0x1400f6e74
0x140f95c24	0x1b3414	0x1401b3414	no	NO-FUNCTION
0x140f95c28	0x140114	0x140140114	no	0x1400f6eb0..0x1401934a2
0x140f95c30	0x5006	0x140005006	no	0x1400019d0..0x14001bde5
0x140f95c34	0x7d80f8	0x1407d80f8	yes	0x1407d80f8..0x1407d8177
0x140f95c64	0x3b102	0x14003b102	no	0x14002a6f0..0x1400431ac
0x140f95c68	0x20611	0x140020611	no	0x14001bdf0..0x14002a6e2
0x140f95c70	0x7b3fa8	0x1407b3fa8	yes	0x1407b3fa8..0x1407b4067
0x140f95c90	0x91a11	0x140091a11	no	0x140071910..0x1400f6e74
0x140f95c94	0x1c641a	0x1401c641a	no	NO-FUNCTION
0x140f95c98	0x1b341a	0x1401b341a	no	NO-FUNCTION
0x140f95c9c	0x16011a	0x14016011a	no	0x1400f6eb0..0x1401934a2
0x140f95ca4	0x500b	0x14000500b	no	0x1400019d0..0x14001bde5
0x140f95ca8	0x7b3fa8	0x1407b3fa8	yes	0x1407b3fa8..0x1407b4067
0x140f95cc0	0x7b1b18	0x1407b1b18	yes	0x1407b1b18..0x1407b1b4a
0x140f95cd0	0x7d8c1c	0x1407d8c1c	no	NO-FUNCTION
0x140f95ce8	0x700800	0x140700800	no	0x1406dacb0..0x140720697
0x140f95cf0	0x10027d	0x14010027d	no	0x1400f6eb0..0x1401934a2
0x140f95cf4	0x20601	0x140020601	no	0x14001bdf0..0x14002a6e2
0x140f95cfc	0x40a01	0x140040a01	no	0x14002a6f0..0x1400431ac
0x140f95d00	0x7340a	0x14007340a	no	0x140071910..0x1400f6e74
0x140f95d08	0x20521	0x140020521	no	0x14001bdf0..0x14002a6e2
0x140f95d0c	0x66405	0x140066405	no	0x14005d9b0..0x140071526
0x140f95d10	0x78a760	0x14078a760	yes	0x14078a760..0x14078a775
0x140f95d14	0x78a775	0x14078a775	yes	0x14078a775..0x14078a79a
0x140f95d20	0x78a760	0x14078a760	yes	0x14078a760..0x14078a775
0x140f95d24	0x78a775	0x14078a775	yes	0x14078a775..0x14078a79a
0x140f95d2c	0x20521	0x140020521	no	0x14001bdf0..0x14002a6e2
0x140f95d30	0x66405	0x140066405	no	0x14005d9b0..0x140071526
0x140f95d34	0x78a7c0	0x14078a7c0	yes	0x14078a7c0..0x14078a7d5
0x140f95d38	0x78a7d5	0x14078a7d5	yes	0x14078a7d5..0x14078a7fa
0x140f95d44	0x78a7c0	0x14078a7c0	yes	0x14078a7c0..0x14078a7d5
0x140f95d48	0x78a7d5	0x14078a7d5	yes	0x14078a7d5..0x14078a7fa
0x140f95d50	0x41a19	0x140041a19	no	0x14002a6f0..0x1400431ac
0x140f95d54	0x6680b	0x14006680b	no	0x14005d9b0..0x140071526
0x140f95d5c	0x7d80f8	0x1407d80f8	yes	0x1407d80f8..0x1407d8177
0x140f95d78	0x7ac130	0x1407ac130	yes	0x1407ac130..0x1407ac18e
0x140f95d84	0x32a01	0x140032a01	no	0x14002a6f0..0x1400431ac
0x140f95d88	0xc342a	0x1400c342a	no	0x140071910..0x1400f6e74
0x140f95d8c	0xc204	0x14000c204	no	0x1400019d0..0x14001bde5
0x140f95d90	0x40a19	0x140040a19	no	0x14002a6f0..0x1400431ac
0x140f95d94	0x6340a	0x14006340a	no	0x14005d9b0..0x140071526
0x140f95d9c	0x7b3fa8	0x1407b3fa8	yes	0x1407b3fa8..0x1407b4067
0x140f95db0	0x21519	0x140021519	no	0x14001bdf0..0x14002a6e2
0x140f95db8	0x7d80f8	0x1407d80f8	yes	0x1407d80f8..0x1407d8177
0x140f95dd4	0x21519	0x140021519	no	0x14001bdf0..0x14002a6e2
0x140f95ddc	0x7d80f8	0x1407d80f8	yes	0x1407d80f8..0x1407d8177
0x140f95df8	0x40a01	0x140040a01	no	0x14002a6f0..0x1400431ac
0x140f95dfc	0x8340a	0x14008340a	no	0x140071910..0x1400f6e74
0x140f95e04	0x20521	0x140020521	no	0x14001bdf0..0x14002a6e2
0x140f95e08	0x65405	0x140065405	no	0x14005d9b0..0x140071526
0x140f95e0c	0x78ac40	0x14078ac40	yes	0x14078ac40..0x14078ace6
0x140f95e10	0x78ace6	0x14078ace6	yes	0x14078ace6..0x14078acee
0x140f95e18	0x20521	0x140020521	no	0x14001bdf0..0x14002a6e2
0x140f95e1c	0x77405	0x140077405	no	0x140071910..0x1400f6e74
0x140f95e20	0x78ace6	0x14078ace6	yes	0x14078ace6..0x14078acee
0x140f95e24	0x78acee	0x14078acee	yes	0x14078acee..0x14078aef2
0x140f95e30	0x78ace6	0x14078ace6	yes	0x14078ace6..0x14078acee
0x140f95e34	0x78acee	0x14078acee	yes	0x14078acee..0x14078aef2
0x140f95e40	0x78ac40	0x14078ac40	yes	0x14078ac40..0x14078ace6
0x140f95e44	0x78ace6	0x14078ace6	yes	0x14078ace6..0x14078acee
0x140f95e4c	0x82119	0x140082119	no	0x140071910..0x1400f6e74
0x140f95e50	0x125412	0x140125412	no	0x1400f6eb0..0x1401934a2
0x140f95e54	0x113412	0x140113412	no	0x1400f6eb0..0x1401934a2
0x140f95e60	0x7d80f8	0x1407d80f8	yes	0x1407d80f8..0x1407d8177
0x140f95e7c	0x7ac130	0x1407ac130	yes	0x1407ac130..0x1407ac18e
0x140f95e98	0x92e19	0x140092e19	no	0x140071910..0x1400f6e74
0x140f95e9c	0x60641d	0x14060641d	no	0x1405e8220..0x1406196ee
0x140f95ea0	0x5f341d	0x1405f341d	no	0x1405e8220..0x1406196ee
0x140f95ea4	0x5a011d	0x1405a011d	no	NO-FUNCTION
0x140f95eac	0x500b	0x14000500b	no	0x1400019d0..0x14001bde5
0x140f95eb0	0x7d80f8	0x1407d80f8	yes	0x1407d80f8..0x1407d8177
0x140f95ecc	0x7abe60	0x1407abe60	yes	0x1407abe60..0x1407abec1
0x140f95ef4	0x72819	0x140072819	no	0x140071910..0x1400f6e74
0x140f95f04	0x5002	0x140005002	no	0x1400019d0..0x14001bde5
0x140f95f08	0x7d807c	0x1407d807c	yes	0x1407d807c..0x1407d8099
0x140f95f10	0x20821	0x140020821	no	0x14001bdf0..0x14002a6e2
0x140f95f18	0x78b650	0x14078b650	yes	0x14078b650..0x14078b6af
0x140f95f1c	0x78b6af	0x14078b6af	yes	0x14078b6af..0x14078b83d
0x140f95f24	0x20821	0x140020821	no	0x14001bdf0..0x14002a6e2
0x140f95f2c	0x78b6af	0x14078b6af	yes	0x14078b6af..0x14078b83d
0x140f95f30	0x78b83d	0x14078b83d	yes	0x14078b83d..0x14078b9cf
0x140f95f3c	0x78b6af	0x14078b6af	yes	0x14078b6af..0x14078b83d
0x140f95f40	0x78b83d	0x14078b83d	yes	0x14078b83d..0x14078b9cf
0x140f95f4c	0x78b650	0x14078b650	yes	0x14078b650..0x14078b6af
0x140f95f50	0x78b6af	0x14078b6af	yes	0x14078b6af..0x14078b83d
0x140f95f58	0x20021	0x140020021	no	0x14001bdf0..0x14002a6e2
0x140f95f60	0x78b650	0x14078b650	yes	0x14078b650..0x14078b6af
0x140f95f64	0x78b6af	0x14078b6af	yes	0x14078b6af..0x14078b83d
0x140f95f6c	0xb1f19	0x1400b1f19	no	0x140071910..0x1400f6e74
0x140f95f70	0x33641f	0x14033641f	no	NO-FUNCTION
0x140f95f74	0x32341f	0x14032341f	no	NO-FUNCTION
0x140f95f78	0x2c011f	0x1402c011f	no	NO-FUNCTION
0x140f95f84	0x7010	0x140007010	no	0x1400019d0..0x14001bde5
0x140f95f88	0x7b3fa8	0x1407b3fa8	yes	0x1407b3fa8..0x1407b4067
0x140f95fbc	0x7d8ccc	0x1407d8ccc	yes	0x1407d8ccc..0x1407d8cea
0x140f95fd4	0x20a01	0x140020a01	no	0x14001bdf0..0x14002a6e2
0x140f95fdc	0x20619	0x140020619	no	0x14001bdf0..0x14002a6e2
0x140f95fe4	0x7b3fa8	0x1407b3fa8	yes	0x1407b3fa8..0x1407b4067
0x140f95ffc	0xb2e19	0x1400b2e19	no	0x140071910..0x1400f6e74
0x140f96000	0x217420	0x140217420	no	NO-FUNCTION
0x140f96004	0x206420	0x140206420	no	NO-FUNCTION
0x140f96008	0x1f3420	0x1401f3420	no	NO-FUNCTION
0x140f9600c	0x1a0120	0x1401a0120	no	0x140197d50..0x1401a7b91
0x140f96014	0x5010	0x140005010	no	0x1400019d0..0x14001bde5
0x140f96018	0x7d80f8	0x1407d80f8	yes	0x1407d80f8..0x1407d8177
0x140f96048	0xb2e19	0x1400b2e19	no	0x140071910..0x1400f6e74
0x140f9604c	0x2f7420	0x1402f7420	no	NO-FUNCTION
0x140f96050	0x2e6420	0x1402e6420	no	NO-FUNCTION
0x140f96054	0x2d3420	0x1402d3420	no	NO-FUNCTION
0x140f96058	0x280120	0x140280120	no	NO-FUNCTION
0x140f96060	0x5010	0x140005010	no	0x1400019d0..0x14001bde5
0x140f96064	0x7d80f8	0x1407d80f8	yes	0x1407d80f8..0x1407d8177
0x140f96088	0x7abe60	0x1407abe60	yes	0x1407abe60..0x1407abec1
0x140f96094	0x6c1402	0x1406c1402	no	0x14069eaa0..0x1406cd1a2
0x140f960b0	0xd3219	0x1400d3219	no	0x140071910..0x1400f6e74
0x140f960b4	0x227424	0x140227424	no	NO-FUNCTION
0x140f960b8	0x216424	0x140216424	no	NO-FUNCTION
0x140f960bc	0x203424	0x140203424	no	NO-FUNCTION
0x140f960c0	0x1a0124	0x1401a0124	no	0x140197d50..0x1401a7b91
0x140f960cc	0x5010	0x140005010	no	0x1400019d0..0x14001bde5
0x140f960d0	0x7d80f8	0x1407d80f8	yes	0x1407d80f8..0x1407d8177
0x140f960ec	0x4ad06	0x14004ad06	no	0x1400487d0..0x14004cec6
0x140f960f8	0x20501	0x140020501	no	0x14001bdf0..0x14002a6e2
0x140f960fc	0x13405	0x140013405	no	0x1400019d0..0x14001bde5
0x140f96100	0xb1d01	0x1400b1d01	no	0x140071910..0x1400f6e74
0x140f96104	0x9641d	0x14009641d	no	0x140071910..0x1400f6e74
0x140f96108	0x8541d	0x14008541d	no	0x140071910..0x1400f6e74
0x140f9610c	0x7341d	0x14007341d	no	0x140071910..0x1400f6e74
0x140f96118	0x7015	0x140007015	no	0x1400019d0..0x14001bde5
0x140f9611c	0x71701	0x140071701	no	0x1400716f0..0x140071706
0x140f9612c	0x300b	0x14000300b	no	0x1400019d0..0x14001bde5
0x140f96130	0x40a21	0x140040a21	no	0x14002a6f0..0x1400431ac
0x140f96134	0x4e40a	0x14004e40a	no	0x14004cf60..0x14005d9a9
0x140f96138	0xd5405	0x1400d5405	no	0x140071910..0x1400f6e74
0x140f9613c	0x78d3f0	0x14078d3f0	yes	0x14078d3f0..0x14078d4c0
0x140f96140	0x78d4c0	0x14078d4c0	yes	0x14078d4c0..0x14078d8a3
0x140f9614c	0x78d3f0	0x14078d3f0	yes	0x14078d3f0..0x14078d4c0
0x140f96150	0x78d4c0	0x14078d4c0	yes	0x14078d4c0..0x14078d8a3
0x140f96158	0x81501	0x140081501	no	0x140071910..0x1400f6e74
0x140f9615c	0x87415	0x140087415	no	0x140071910..0x1400f6e74
0x140f96160	0x76415	0x140076415	no	0x140071910..0x1400f6e74
0x140f96164	0x65415	0x140065415	no	0x14005d9b0..0x140071526
0x140f9616c	0x51101	0x140051101	no	0x14004cf60..0x14005d9a9
0x140f96178	0xc007	0x14000c007	no	0x1400019d0..0x14001bde5
0x140f9617c	0x82121	0x140082121	no	0x140071910..0x1400f6e74
0x140f96180	0x67421	0x140067421	no	0x14005d9b0..0x140071526
0x140f96184	0x76416	0x140076416	no	0x140071910..0x1400f6e74
0x140f96188	0x8540c	0x14008540c	no	0x140071910..0x1400f6e74
0x140f9618c	0xf3405	0x1400f3405	no	0x140071910..0x1400f6e74
0x140f96190	0x78db80	0x14078db80	yes	0x14078db80..0x14078dc4a
0x140f96194	0x78dc4a	0x14078dc4a	yes	0x14078dc4a..0x14078ddf1
0x140f961a0	0x78db80	0x14078db80	yes	0x14078db80..0x14078dc4a
0x140f961a4	0x78dc4a	0x14078dc4a	yes	0x14078dc4a..0x14078ddf1
0x140f961ac	0xd3219	0x1400d3219	no	0x140071910..0x1400f6e74
0x140f961b0	0x247424	0x140247424	no	NO-FUNCTION
0x140f961b4	0x236424	0x140236424	no	NO-FUNCTION
0x140f961b8	0x223424	0x140223424	no	NO-FUNCTION
0x140f961bc	0x1c0124	0x1401c0124	no	NO-FUNCTION
0x140f961c8	0x5010	0x140005010	no	0x1400019d0..0x14001bde5
0x140f961cc	0x7d80f8	0x1407d80f8	yes	0x1407d80f8..0x1407d8177
0x140f961e8	0x7ac130	0x1407ac130	yes	0x1407ac130..0x1407ac18e
0x140f961f8	0x171104	0x140171104	no	0x1400f6eb0..0x1401934a2
0x140f961fc	0x42419	0x140042419	no	0x14002a6f0..0x1400431ac
0x140f96200	0x370113	0x140370113	no	NO-FUNCTION
0x140f96208	0x7d807c	0x1407d807c	yes	0x1407d807c..0x1407d8099
0x140f96210	0x84221	0x140084221	no	0x140071910..0x1400f6e74
0x140f96214	0x36e442	0x14036e442	no	NO-FUNCTION
0x140f96218	0x3c7435	0x1403c7435	no	NO-FUNCTION
0x140f9621c	0x3b6417	0x1403b6417	no	0x1403b3d30..0x1403c42ac
0x140f96220	0x3a3408	0x1403a3408	no	0x140384a80..0x1403a85db
0x140f96224	0x78e4d0	0x14078e4d0	yes	0x14078e4d0..0x14078e589
0x140f96228	0x78e589	0x14078e589	yes	0x14078e589..0x14078e809
0x140f96234	0x78e4d0	0x14078e4d0	yes	0x14078e4d0..0x14078e589
0x140f96238	0x78e589	0x14078e589	yes	0x14078e589..0x14078e809
0x140f96240	0x80021	0x140080021	no	0x140071910..0x1400f6e74
0x140f96244	0x36e400	0x14036e400	no	NO-FUNCTION
0x140f96248	0x3c7400	0x1403c7400	no	NO-FUNCTION
0x140f9624c	0x3b6400	0x1403b6400	no	0x1403b3d30..0x1403c42ac
0x140f96250	0x3a3400	0x1403a3400	no	0x140384a80..0x1403a85db
0x140f96254	0x78e4d0	0x14078e4d0	yes	0x14078e4d0..0x14078e589
0x140f96258	0x78e589	0x14078e589	yes	0x14078e589..0x14078e809
0x140f96260	0x40a01	0x140040a01	no	0x14002a6f0..0x1400431ac
0x140f96264	0xa340a	0x1400a340a	no	0x140071910..0x1400f6e74
0x140f9626c	0x52019	0x140052019	no	0x14004cf60..0x14005d9a9
0x140f96270	0x30010e	0x14030010e	no	NO-FUNCTION
0x140f96278	0x6004	0x140006004	no	0x1400019d0..0x14001bde5
0x140f9627c	0x7d807c	0x1407d807c	yes	0x1407d807c..0x1407d8099
0x140f96284	0x20421	0x140020421	no	0x14001bdf0..0x14002a6e2
0x140f96288	0x353404	0x140353404	no	NO-FUNCTION
0x140f9628c	0x78ece0	0x14078ece0	yes	0x14078ece0..0x14078ed32
0x140f96290	0x78ed32	0x14078ed32	yes	0x14078ed32..0x14078ed39
0x140f96298	0x20421	0x140020421	no	0x14001bdf0..0x14002a6e2
0x140f9629c	0x365404	0x140365404	no	NO-FUNCTION
0x140f962a0	0x78ed32	0x14078ed32	yes	0x14078ed32..0x14078ed39
0x140f962a4	0x78ed39	0x14078ed39	yes	0x14078ed39..0x14078ee89
0x140f962b0	0x78ed32	0x14078ed32	yes	0x14078ed32..0x14078ed39
0x140f962b4	0x78ed39	0x14078ed39	yes	0x14078ed39..0x14078ee89
0x140f962c0	0x78ece0	0x14078ece0	yes	0x14078ece0..0x14078ed32
0x140f962c4	0x78ed32	0x14078ed32	yes	0x14078ed32..0x14078ed39
0x140f962cc	0x20021	0x140020021	no	0x14001bdf0..0x14002a6e2
0x140f962d0	0x353400	0x140353400	no	NO-FUNCTION
0x140f962d4	0x78ece0	0x14078ece0	yes	0x14078ece0..0x14078ed32
0x140f962d8	0x78ed32	0x14078ed32	yes	0x14078ed32..0x14078ed39
0x140f962e0	0x51d19	0x140051d19	no	0x14004cf60..0x14005d9a9
0x140f962e4	0x2e010b	0x1402e010b	no	NO-FUNCTION
0x140f962ec	0x3002	0x140003002	no	0x1400019d0..0x14001bde5
0x140f962f0	0x7d807c	0x1407d807c	yes	0x1407d807c..0x1407d8099
0x140f962f8	0x41321	0x140041321	no	0x14002a6f0..0x1400431ac
0x140f962fc	0x35e413	0x14035e413	no	NO-FUNCTION
0x140f96300	0x327408	0x140327408	no	NO-FUNCTION
0x140f96304	0x78f060	0x14078f060	yes	0x14078f060..0x14078f0ad
0x140f96308	0x78f0ad	0x14078f0ad	yes	0x14078f0ad..0x14078f22b
0x140f96314	0x78f060	0x14078f060	yes	0x14078f060..0x14078f0ad
0x140f96318	0x78f0ad	0x14078f0ad	yes	0x14078f0ad..0x14078f22b
0x140f96320	0x86f01	0x140086f01	no	0x140071910..0x1400f6e74
0x140f96324	0xae46f	0x1400ae46f	no	0x140071910..0x1400f6e74
0x140f96328	0xc640f	0x1400c640f	no	0x140071910..0x1400f6e74
0x140f9632c	0xb340f	0x1400b340f	no	0x140071910..0x1400f6e74
0x140f96334	0x31b19	0x140031b19	no	0x14002a6f0..0x1400431ac
0x140f9633c	0x7002	0x140007002	no	0x1400019d0..0x14001bde5
0x140f96340	0x7d807c	0x1407d807c	yes	0x1407d807c..0x1407d8099
0x140f96348	0x61f21	0x140061f21	no	0x14005d9b0..0x140071526
0x140f96358	0x78f590	0x14078f590	yes	0x14078f590..0x14078f5dc
0x140f9635c	0x78f5dc	0x14078f5dc	yes	0x14078f5dc..0x14078f809
0x140f96368	0x78f590	0x14078f590	yes	0x14078f590..0x14078f5dc
0x140f9636c	0x78f5dc	0x14078f5dc	yes	0x14078f5dc..0x14078f809
0x140f96374	0x41a21	0x140041a21	no	0x14002a6f0..0x1400431ac
0x140f96378	0x8741a	0x14008741a	no	0x140071910..0x1400f6e74
0x140f9637c	0xa3405	0x1400a3405	no	0x140071910..0x1400f6e74
0x140f96380	0x78f850	0x14078f850	yes	0x14078f850..0x14078f86e
0x140f96384	0x78f86e	0x14078f86e	yes	0x14078f86e..0x14078f98b
0x140f9638c	0x67c21	0x140067c21	no	0x14005d9b0..0x140071526
0x140f96390	0xb647c	0x1400b647c	no	0x140071910..0x1400f6e74
0x140f96394	0x87400	0x140087400	no	0x140071910..0x1400f6e74
0x140f96398	0xa3400	0x1400a3400	no	0x140071910..0x1400f6e74
0x140f9639c	0x78f850	0x14078f850	yes	0x14078f850..0x14078f86e
0x140f963a0	0x78f86e	0x14078f86e	yes	0x14078f86e..0x14078f98b
0x140f963ac	0x78f850	0x14078f850	yes	0x14078f850..0x14078f86e
0x140f963b0	0x78f86e	0x14078f86e	yes	0x14078f86e..0x14078f98b
0x140f963b8	0x60021	0x140060021	no	0x14005d9b0..0x140071526
0x140f963bc	0x87400	0x140087400	no	0x140071910..0x1400f6e74
0x140f963c0	0xb6400	0x1400b6400	no	0x140071910..0x1400f6e74
0x140f963c4	0xa3400	0x1400a3400	no	0x140071910..0x1400f6e74
0x140f963c8	0x78f850	0x14078f850	yes	0x14078f850..0x14078f86e
0x140f963cc	0x78f86e	0x14078f86e	yes	0x14078f86e..0x14078f98b
0x140f963d4	0x93019	0x140093019	no	0x140071910..0x1400f6e74
0x140f963d8	0x67741f	0x14067741f	no	0x140665910..0x140680974
0x140f963dc	0x66641f	0x14066641f	no	0x140665910..0x140680974
0x140f963e0	0x65341f	0x14065341f	no	0x140643ae0..0x1406656b1
0x140f963e4	0x62011f	0x14062011f	no	0x140619940..0x140643adc
0x140f963e8	0x5010	0x140005010	no	0x1400019d0..0x14001bde5
0x140f963ec	0x7d807c	0x1407d807c	yes	0x1407d807c..0x1407d8099
0x140f963f4	0x51f19	0x140051f19	no	0x14004cf60..0x14005d9a9
0x140f963f8	0x4c340d	0x1404c340d	no	NO-FUNCTION
0x140f963fc	0x48010d	0x14048010d	no	NO-FUNCTION
0x140f96400	0x7006	0x140007006	no	0x1400019d0..0x14001bde5
0x140f96404	0x7d807c	0x1407d807c	yes	0x1407d807c..0x1407d8099
0x140f9640c	0x51f19	0x140051f19	no	0x14004cf60..0x14005d9a9
0x140f96410	0x2a340d	0x1402a340d	no	NO-FUNCTION
0x140f96414	0x26010d	0x14026010d	no	NO-FUNCTION
0x140f96418	0x7006	0x140007006	no	0x1400019d0..0x14001bde5
0x140f9641c	0x7d807c	0x1407d807c	yes	0x1407d807c..0x1407d8099
0x140f96424	0x60f11	0x140060f11	no	0x14005d9b0..0x140071526
0x140f96428	0x9640f	0x14009640f	no	0x140071910..0x1400f6e74
0x140f9642c	0x8340f	0x14008340f	no	0x140071910..0x1400f6e74
0x140f96434	0x7b3fa8	0x1407b3fa8	yes	0x1407b3fa8..0x1407b4067
0x140f96450	0xb2e19	0x1400b2e19	no	0x140071910..0x1400f6e74
0x140f96454	0x1b7420	0x1401b7420	no	NO-FUNCTION
0x140f96458	0x1a6420	0x1401a6420	no	0x140197d50..0x1401a7b91
0x140f9645c	0x193420	0x140193420	no	0x1400f6eb0..0x1401934a2
0x140f96460	0x140120	0x140140120	no	0x1400f6eb0..0x1401934a2
0x140f96468	0x5010	0x140005010	no	0x1400019d0..0x14001bde5
0x140f9646c	0x7d80f8	0x1407d80f8	yes	0x1407d80f8..0x1407d8177
0x140f96488	0x7b4278	0x1407b4278	yes	0x1407b4278..0x1407b4282
0x140f964b0	0x2020d	0x14002020d	no	0x14001bdf0..0x14002a6e2
0x140f964b4	0x82119	0x140082119	no	0x140071910..0x1400f6e74
0x140f964b8	0x135412	0x140135412	no	0x1400f6eb0..0x1401934a2
0x140f964bc	0x123412	0x140123412	no	0x1400f6eb0..0x1401934a2
0x140f964c8	0x7d80f8	0x1407d80f8	yes	0x1407d80f8..0x1407d8177
0x140f964e8	0x93219	0x140093219	no	0x140071910..0x1400f6e74
0x140f964fc	0x5006	0x140005006	no	0x1400019d0..0x14001bde5
0x140f96500	0x7d80f8	0x1407d80f8	yes	0x1407d80f8..0x1407d8177
0x140f96508	0x1172	0x140001172	no	0x140001170..0x1400011af
0x140f9651c	0x7abe60	0x1407abe60	yes	0x1407abe60..0x1407abec1
0x140f96528	0x7ac130	0x1407ac130	yes	0x1407ac130..0x1407ac18e
0x140f96548	0x25d04	0x140025d04	no	0x14001bdf0..0x14002a6e2
0x140f9654c	0xb2a19	0x1400b2a19	no	0x140071910..0x1400f6e74
0x140f96550	0x1e341c	0x1401e341c	no	NO-FUNCTION
0x140f96554	0x14011c	0x14014011c	no	0x1400f6eb0..0x1401934a2
0x140f96564	0x5006	0x140005006	no	0x1400019d0..0x14001bde5
0x140f96568	0x7d80f8	0x1407d80f8	yes	0x1407d80f8..0x1407d8177
0x140f965a4	0xa2319	0x1400a2319	no	0x140071910..0x1400f6e74
0x140f965a8	0x183414	0x140183414	no	0x1400f6eb0..0x1401934a2
0x140f965bc	0x7d80f8	0x1407d80f8	yes	0x1407d80f8..0x1407d8177
0x140f965d8	0x7b4278	0x1407b4278	yes	0x1407b4278..0x1407b4282
0x140f965ec	0x92519	0x140092519	no	0x140071910..0x1400f6e74
0x140f965f0	0x200117	0x140200117	no	NO-FUNCTION
0x140f96600	0x5002	0x140005002	no	0x1400019d0..0x14001bde5
0x140f96604	0x7d80f8	0x1407d80f8	yes	0x1407d80f8..0x1407d8177
0x140f96620	0x7abe60	0x1407abe60	yes	0x1407abe60..0x1407abec1
0x140f96634	0x7abe60	0x1407abe60	yes	0x1407abe60..0x1407abec1
0x140f9663c	0x7abe60	0x1407abe60	yes	0x1407abe60..0x1407abec1
0x140f96648	0x7abe60	0x1407abe60	yes	0x1407abe60..0x1407abec1
0x140f96654	0x7b4278	0x1407b4278	yes	0x1407b4278..0x1407b4282
0x140f96678	0x62119	0x140062119	no	0x14005d9b0..0x140071526
0x140f9667c	0x156412	0x140156412	no	0x1400f6eb0..0x1401934a2
0x140f96680	0x143412	0x140143412	no	0x1400f6eb0..0x1401934a2
0x140f96688	0x7d80f8	0x1407d80f8	yes	0x1407d80f8..0x1407d8177
0x140f966a4	0x7d8ed0	0x1407d8ed0	yes	0x1407d8ed0..0x1407d8ef6
0x140f966b8	0xb2a19	0x1400b2a19	no	0x140071910..0x1400f6e74
0x140f966bc	0x20341c	0x14020341c	no	NO-FUNCTION
0x140f966c0	0x16011c	0x14016011c	no	0x1400f6eb0..0x1401934a2
0x140f966d0	0x5006	0x140005006	no	0x1400019d0..0x14001bde5
0x140f966d4	0x7d80f8	0x1407d80f8	yes	0x1407d80f8..0x1407d8177
0x140f96708	0x7abe60	0x1407abe60	yes	0x1407abe60..0x1407abec1
0x140f9671c	0x60f11	0x140060f11	no	0x14005d9b0..0x140071526
0x140f96720	0xd640f	0x1400d640f	no	0x140071910..0x1400f6e74
0x140f96724	0xc340f	0x1400c340f	no	0x140071910..0x1400f6e74
0x140f9672c	0x7b3fa8	0x1407b3fa8	yes	0x1407b3fa8..0x1407b4067
0x140f96748	0x2e0600	0x1402e0600	no	NO-FUNCTION
0x140f96754	0x61e19	0x140061e19	no	0x14005d9b0..0x140071526
0x140f96758	0xf640f	0x1400f640f	no	0x140071910..0x1400f6e74
0x140f9675c	0xe340f	0x1400e340f	no	0x140071910..0x1400f6e74
0x140f96764	0x7d807c	0x1407d807c	yes	0x1407d807c..0x1407d8099
0x140f9676c	0xb2e19	0x1400b2e19	no	0x140071910..0x1400f6e74
0x140f96770	0x1c7420	0x1401c7420	no	NO-FUNCTION
0x140f96774	0x1b6420	0x1401b6420	no	NO-FUNCTION
0x140f96778	0x1a3420	0x1401a3420	no	0x140197d50..0x1401a7b91
0x140f9677c	0x160120	0x140160120	no	0x1400f6eb0..0x1401934a2
0x140f96784	0x5010	0x140005010	no	0x1400019d0..0x14001bde5
0x140f96788	0x7d80f8	0x1407d80f8	yes	0x1407d80f8..0x1407d8177
0x140f967a4	0x7abe60	0x1407abe60	yes	0x1407abe60..0x1407abec1
0x140f967b0	0x7abe60	0x1407abe60	yes	0x1407abe60..0x1407abec1
0x140f967fc	0x45108	0x140045108	no	0x1400431b0..0x1400487c1
0x140f96820	0x45108	0x140045108	no	0x1400431b0..0x1400487c1
0x140f96854	0xb2b19	0x1400b2b19	no	0x140071910..0x1400f6e74
0x140f96858	0x315419	0x140315419	no	NO-FUNCTION
0x140f9685c	0x303419	0x140303419	no	NO-FUNCTION
0x140f96860	0x280119	0x140280119	no	NO-FUNCTION
0x140f9686c	0x600b	0x14000600b	no	0x1400019d0..0x14001bde5
0x140f96870	0x7d80f8	0x1407d80f8	yes	0x1407d80f8..0x1407d8177
0x140f96890	0xb3019	0x1400b3019	no	0x140071910..0x1400f6e74
0x140f96894	0x43341f	0x14043341f	no	NO-FUNCTION
0x140f96898	0x3a011f	0x1403a011f	no	0x140384a80..0x1403a85db
0x140f968a8	0x5006	0x140005006	no	0x1400019d0..0x14001bde5
0x140f968ac	0x7d80f8	0x1407d80f8	yes	0x1407d80f8..0x1407d8177
0x140f968c8	0x7ac130	0x1407ac130	yes	0x1407ac130..0x1407ac18e
0x140f968d8	0x7b4278	0x1407b4278	yes	0x1407b4278..0x1407b4282
0x140f968ec	0x7b4278	0x1407b4278	yes	0x1407b4278..0x1407b4282
0x140f96910	0x51f19	0x140051f19	no	0x14004cf60..0x14005d9a9
0x140f96914	0x14340d	0x14014340d	no	0x1400f6eb0..0x1401934a2
0x140f96918	0x12010d	0x14012010d	no	0x1400f6eb0..0x1401934a2
0x140f9691c	0x7006	0x140007006	no	0x1400019d0..0x14001bde5
0x140f96920	0x7d80f8	0x1407d80f8	yes	0x1407d80f8..0x1407d8177
0x140f9693c	0x7d9186	0x1407d9186	yes	0x1407d9186..0x1407d91ac
0x140f9694c	0x51f19	0x140051f19	no	0x14004cf60..0x14005d9a9
0x140f96950	0x15340d	0x14015340d	no	0x1400f6eb0..0x1401934a2
0x140f96954	0x12010d	0x14012010d	no	0x1400f6eb0..0x1401934a2
0x140f96958	0x7006	0x140007006	no	0x1400019d0..0x14001bde5
0x140f9695c	0x7d80f8	0x1407d80f8	yes	0x1407d80f8..0x1407d8177
0x140f96984	0x660c90	0x140660c90	no	0x140643ae0..0x1406656b1
0x140f96990	0x2e800	0x14002e800	no	0x14002a6f0..0x1400431ac
0x140f96994	0xd3819	0x1400d3819	no	0x140071910..0x1400f6e74
0x140f96998	0x477427	0x140477427	no	NO-FUNCTION
0x140f9699c	0x466427	0x140466427	no	NO-FUNCTION
0x140f969a0	0x453427	0x140453427	no	NO-FUNCTION
0x140f969a4	0x3e0127	0x1403e0127	no	NO-FUNCTION
0x140f969b0	0x5010	0x140005010	no	0x1400019d0..0x14001bde5
0x140f969b4	0x7d80f8	0x1407d80f8	yes	0x1407d80f8..0x1407d8177
0x140f969d8	0x7ac130	0x1407ac130	yes	0x1407ac130..0x1407ac18e
0x140f969e8	0x7b4278	0x1407b4278	yes	0x1407b4278..0x1407b4282
0x140f969f4	0x7ac130	0x1407ac130	yes	0x1407ac130..0x1407ac18e
0x140f96a18	0x21519	0x140021519	no	0x14001bdf0..0x14002a6e2
0x140f96a20	0x7d80f8	0x1407d80f8	yes	0x1407d80f8..0x1407d8177
0x140f96a3c	0x7b4278	0x1407b4278	yes	0x1407b4278..0x1407b4282
0x140f96a50	0x82219	0x140082219	no	0x140071910..0x1400f6e74
0x140f96a54	0x190110	0x140190110	no	0x1400f6eb0..0x1401934a2
0x140f96a64	0x7d807c	0x1407d807c	yes	0x1407d807c..0x1407d8099
0x140f96a6c	0x20821	0x140020821	no	0x14001bdf0..0x14002a6e2
0x140f96a70	0x18f408	0x14018f408	no	0x1400f6eb0..0x1401934a2
0x140f96a74	0x7942a0	0x1407942a0	yes	0x1407942a0..0x140794321
0x140f96a78	0x794321	0x140794321	yes	0x140794321..0x140794472
0x140f96a84	0x7942a0	0x1407942a0	yes	0x1407942a0..0x140794321
0x140f96a88	0x794321	0x140794321	yes	0x140794321..0x140794472
0x140f96a90	0x91701	0x140091701	no	0x140071910..0x1400f6e74
0x140f96a94	0x216417	0x140216417	no	NO-FUNCTION
0x140f96a98	0x205417	0x140205417	no	NO-FUNCTION
0x140f96a9c	0x1f3417	0x1401f3417	no	NO-FUNCTION
0x140f96aa0	0x1c0117	0x1401c0117	no	NO-FUNCTION
0x140f96aa4	0x7010	0x140007010	no	0x1400019d0..0x14001bde5
0x140f96aa8	0x11319	0x140011319	no	0x1400019d0..0x14001bde5
0x140f96aac	0xe204	0x14000e204	no	0x1400019d0..0x14001bde5
0x140f96ab0	0x7d807c	0x1407d807c	yes	0x1407d807c..0x1407d8099
0x140f96ab8	0x31b19	0x140031b19	no	0x14002a6f0..0x1400431ac
0x140f96abc	0x160109	0x140160109	no	0x1400f6eb0..0x1401934a2
0x140f96ac0	0x3002	0x140003002	no	0x1400019d0..0x14001bde5
0x140f96ac4	0x7d807c	0x1407d807c	yes	0x1407d807c..0x1407d8099
0x140f96acc	0xa1801	0x1400a1801	no	0x140071910..0x1400f6e74
0x140f96ad0	0xe6418	0x1400e6418	no	0x140071910..0x1400f6e74
0x140f96ad4	0xd5418	0x1400d5418	no	0x140071910..0x1400f6e74
0x140f96ad8	0xc3418	0x1400c3418	no	0x140071910..0x1400f6e74
0x140f96ae4	0xb2a19	0x1400b2a19	no	0x140071910..0x1400f6e74
0x140f96ae8	0x1d341c	0x1401d341c	no	NO-FUNCTION
0x140f96aec	0x12011c	0x14012011c	no	0x1400f6eb0..0x1401934a2
0x140f96afc	0x5006	0x140005006	no	0x1400019d0..0x14001bde5
0x140f96b00	0x7d807c	0x1407d807c	yes	0x1407d807c..0x1407d8099
0x140f96b08	0x20601	0x140020601	no	0x14001bdf0..0x14002a6e2
0x140f96b10	0x21519	0x140021519	no	0x14001bdf0..0x14002a6e2
0x140f96b18	0x7d807c	0x1407d807c	yes	0x1407d807c..0x1407d8099
0x140f96b20	0x61801	0x140061801	no	0x14005d9b0..0x140071526
0x140f96b24	0x76418	0x140076418	no	0x140071910..0x1400f6e74
0x140f96b28	0x63418	0x140063418	no	0x14005d9b0..0x140071526
0x140f96b30	0x60f01	0x140060f01	no	0x14005d9b0..0x140071526
0x140f96b34	0x7640f	0x14007640f	no	0x140071910..0x1400f6e74
0x140f96b38	0x6340f	0x14006340f	no	0x14005d9b0..0x140071526
0x140f96b40	0x20e01	0x140020e01	no	0x14001bdf0..0x14002a6e2
0x140f96b48	0x20521	0x140020521	no	0x14001bdf0..0x14002a6e2
0x140f96b4c	0xe7405	0x1400e7405	no	0x140071910..0x1400f6e74
0x140f96b50	0x795720	0x140795720	yes	0x140795720..0x140795744
0x140f96b54	0x795744	0x140795744	yes	0x140795744..0x1407957e7
0x140f96b60	0x795720	0x140795720	yes	0x140795720..0x140795744
0x140f96b64	0x795744	0x140795744	yes	0x140795744..0x1407957e7
0x140f96b6c	0xc1e01	0x1400c1e01	no	0x140071910..0x1400f6e74
0x140f96b70	0xd741e	0x1400d741e	no	0x140071910..0x1400f6e74
0x140f96b74	0xc641e	0x1400c641e	no	0x140071910..0x1400f6e74
0x140f96b78	0xb541e	0x1400b541e	no	0x140071910..0x1400f6e74
0x140f96b7c	0xa341e	0x1400a341e	no	0x140071910..0x1400f6e74
0x140f96b88	0x92419	0x140092419	no	0x140071910..0x1400f6e74
0x140f96b8c	0x120112	0x140120112	no	0x1400f6eb0..0x1401934a2
0x140f96b9c	0x3002	0x140003002	no	0x1400019d0..0x14001bde5
0x140f96ba0	0x7d807c	0x1407d807c	yes	0x1407d807c..0x1407d8099
0x140f96ba8	0xb3319	0x1400b3319	no	0x140071910..0x1400f6e74
0x140f96bac	0x243425	0x140243425	no	NO-FUNCTION
0x140f96bb0	0x1a0125	0x1401a0125	no	0x140197d50..0x1401a7b91
0x140f96bc0	0x500f	0x14000500f	no	0x1400019d0..0x14001bde5
0x140f96bc4	0x7d80f8	0x1407d80f8	yes	0x1407d80f8..0x1407d8177
0x140f96be0	0x7ac130	0x1407ac130	yes	0x1407ac130..0x1407ac18e
0x140f96bec	0x7ac130	0x1407ac130	yes	0x1407ac130..0x1407ac18e
0x140f96c34	0x51e19	0x140051e19	no	0x14004cf60..0x14005d9a9
0x140f96c38	0x240110	0x140240110	no	NO-FUNCTION
0x140f96c40	0x5002	0x140005002	no	0x1400019d0..0x14001bde5
0x140f96c44	0x7d807c	0x1407d807c	yes	0x1407d807c..0x1407d8099
0x140f96c4c	0x41221	0x140041221	no	0x14002a6f0..0x1400431ac
0x140f96c50	0x2ae412	0x1402ae412	no	NO-FUNCTION
0x140f96c54	0x296408	0x140296408	no	NO-FUNCTION
0x140f96c58	0x7961b0	0x1407961b0	yes	0x1407961b0..0x1407961e8
0x140f96c5c	0x7961e8	0x1407961e8	yes	0x1407961e8..0x1407963ab
0x140f96c68	0x7961b0	0x1407961b0	yes	0x1407961b0..0x1407961e8
0x140f96c6c	0x7961e8	0x1407961e8	yes	0x1407961e8..0x1407963ab
0x140f96c74	0x61e19	0x140061e19	no	0x14005d9b0..0x140071526
0x140f96c78	0x13540f	0x14013540f	no	0x1400f6eb0..0x1401934a2
0x140f96c7c	0x12340f	0x14012340f	no	0x1400f6eb0..0x1401934a2
0x140f96c84	0x7d807c	0x1407d807c	yes	0x1407d807c..0x1407d8099
0x140f96c8c	0x20821	0x140020821	no	0x14001bdf0..0x14002a6e2
0x140f96c90	0x116408	0x140116408	no	0x1400f6eb0..0x1401934a2
0x140f96c94	0x7963d0	0x1407963d0	yes	0x1407963d0..0x1407963ee
0x140f96c98	0x7963ee	0x1407963ee	yes	0x1407963ee..0x1407964f3
0x140f96ca4	0x7963d0	0x1407963d0	yes	0x1407963d0..0x1407963ee
0x140f96ca8	0x7963ee	0x1407963ee	yes	0x1407963ee..0x1407964f3
0x140f96cb0	0x61e19	0x140061e19	no	0x14005d9b0..0x140071526
0x140f96cb4	0xc640f	0x1400c640f	no	0x140071910..0x1400f6e74
0x140f96cb8	0xb340f	0x1400b340f	no	0x140071910..0x1400f6e74
0x140f96cc0	0x7d807c	0x1407d807c	yes	0x1407d807c..0x1407d8099
0x140f96cc8	0x92e19	0x140092e19	no	0x140071910..0x1400f6e74
0x140f96ccc	0x69641d	0x14069641d	no	0x140680980..0x14069e996
0x140f96cd0	0x68341d	0x14068341d	no	0x140680980..0x14069e996
0x140f96cd4	0x62011d	0x14062011d	no	0x140619940..0x140643adc
0x140f96cdc	0x500b	0x14000500b	no	0x1400019d0..0x14001bde5
0x140f96ce0	0x7d80f8	0x1407d80f8	yes	0x1407d80f8..0x1407d8177
0x140f96cfc	0x7ac130	0x1407ac130	yes	0x1407ac130..0x1407ac18e
0x140f96d10	0x7b4278	0x1407b4278	yes	0x1407b4278..0x1407b4282
0x140f96d1c	0x7ac130	0x1407ac130	yes	0x1407ac130..0x1407ac18e
0x140f96d28	0x7b4278	0x1407b4278	yes	0x1407b4278..0x1407b4282
0x140f96d50	0x6c518	0x14006c518	no	0x14005d9b0..0x140071526
0x140f96d54	0xf3819	0x1400f3819	no	0x140071910..0x1400f6e74
0x140f96d58	0x18682a	0x14018682a	no	0x1400f6eb0..0x1401934a2
0x140f96d5c	0x3b7426	0x1403b7426	no	0x1403b3d30..0x1403c42ac
0x140f96d60	0x3a6426	0x1403a6426	no	0x140384a80..0x1403a85db
0x140f96d64	0x393426	0x140393426	no	0x140384a80..0x1403a85db
0x140f96d68	0x320126	0x140320126	no	NO-FUNCTION
0x140f96d74	0x5010	0x140005010	no	0x1400019d0..0x14001bde5
0x140f96d78	0x7d807c	0x1407d807c	yes	0x1407d807c..0x1407d8099
0x140f96d80	0x42819	0x140042819	no	0x14002a6f0..0x1400431ac
0x140f96d84	0x29011a	0x14029011a	no	NO-FUNCTION
0x140f96d8c	0x7d807c	0x1407d807c	yes	0x1407d807c..0x1407d8099
0x140f96d94	0xc3321	0x1400c3321	no	0x140071910..0x1400f6e74
0x140f96d98	0x24f433	0x14024f433	no	NO-FUNCTION
0x140f96d9c	0x25d42f	0x14025d42f	no	NO-FUNCTION
0x140f96da0	0x26c422	0x14026c422	no	NO-FUNCTION
0x140f96da4	0x27741a	0x14027741a	no	NO-FUNCTION
0x140f96da8	0x28640b	0x14028640b	no	NO-FUNCTION
0x140f96dac	0x2e3404	0x1402e3404	no	NO-FUNCTION
0x140f96db0	0x797d90	0x140797d90	yes	0x140797d90..0x140797dc3
0x140f96db4	0x797dc3	0x140797dc3	yes	0x140797dc3..0x14079875b
0x140f96dc0	0x797d90	0x140797d90	yes	0x140797d90..0x140797dc3
0x140f96dc4	0x797dc3	0x140797dc3	yes	0x140797dc3..0x14079875b
0x140f96dcc	0xa2619	0x1400a2619	no	0x140071910..0x1400f6e74
0x140f96dd0	0x150114	0x140150114	no	0x1400f6eb0..0x1401934a2
0x140f96de4	0x7d807c	0x1407d807c	yes	0x1407d807c..0x1407d8099
0x140f96dec	0xd3119	0x1400d3119	no	0x140071910..0x1400f6e74
0x140f96df0	0x2c641f	0x1402c641f	no	NO-FUNCTION
0x140f96df4	0x2b541f	0x1402b541f	no	NO-FUNCTION
0x140f96df8	0x2a341f	0x1402a341f	no	NO-FUNCTION
0x140f96dfc	0x24011f	0x14024011f	no	NO-FUNCTION
0x140f96e08	0x7010	0x140007010	no	0x1400019d0..0x14001bde5
0x140f96e0c	0x7d80f8	0x1407d80f8	yes	0x1407d80f8..0x1407d8177
0x140f96e28	0x82819	0x140082819	no	0x140071910..0x1400f6e74
0x140f96e2c	0x15741a	0x14015741a	no	0x1400f6eb0..0x1401934a2
0x140f96e30	0x14641a	0x14014641a	no	0x1400f6eb0..0x1401934a2
0x140f96e34	0x13341a	0x14013341a	no	0x1400f6eb0..0x1401934a2
0x140f96e3c	0x7d80f8	0x1407d80f8	yes	0x1407d80f8..0x1407d8177
0x140f96e58	0x7b4278	0x1407b4278	yes	0x1407b4278..0x1407b4282
0x140f96e68	0x7ac130	0x1407ac130	yes	0x1407ac130..0x1407ac18e
0x140f96e7c	0x60f11	0x140060f11	no	0x14005d9b0..0x140071526
0x140f96e80	0x7640f	0x14007640f	no	0x140071910..0x1400f6e74
0x140f96e84	0x6340f	0x14006340f	no	0x14005d9b0..0x140071526
0x140f96e8c	0x7b3fa8	0x1407b3fa8	yes	0x1407b3fa8..0x1407b4067
0x140f96ea4	0xa2319	0x1400a2319	no	0x140071910..0x1400f6e74
0x140f96ea8	0x183414	0x140183414	no	0x1400f6eb0..0x1401934a2
0x140f96ebc	0x7d80f8	0x1407d80f8	yes	0x1407d80f8..0x1407d8177
0x140f96ee4	0x7b4278	0x1407b4278	yes	0x1407b4278..0x1407b4282
0x140f96eec	0x45102	0x140045102	no	0x1400431b0..0x1400487c1
0x140f96ef8	0x11319	0x140011319	no	0x1400019d0..0x14001bde5
0x140f96efc	0xc204	0x14000c204	no	0x1400019d0..0x14001bde5
0x140f96f00	0x7d807c	0x1407d807c	yes	0x1407d807c..0x1407d8099
0x140f96f08	0xb2a19	0x1400b2a19	no	0x140071910..0x1400f6e74
0x140f96f0c	0x34341c	0x14034341c	no	NO-FUNCTION
0x140f96f10	0x2a011c	0x1402a011c	no	NO-FUNCTION
0x140f96f20	0x5006	0x140005006	no	0x1400019d0..0x14001bde5
0x140f96f24	0x7d80f8	0x1407d80f8	yes	0x1407d80f8..0x1407d8177
0x140f96f48	0x7ac130	0x1407ac130	yes	0x1407ac130..0x1407ac18e
0x140f96f74	0xd3f19	0x1400d3f19	no	0x140071910..0x1400f6e74
0x140f96f90	0x5015	0x140005015	no	0x1400019d0..0x14001bde5
0x140f96f94	0x7d80f8	0x1407d80f8	yes	0x1407d80f8..0x1407d8177
0x140f96f9c	0x10a2	0x1400010a2	no	0x1400010a0..0x1400010b6
0x140f96fb0	0x7ac130	0x1407ac130	yes	0x1407ac130..0x1407ac18e
0x140f96fc4	0x7b4278	0x1407b4278	yes	0x1407b4278..0x1407b4282
0x140f96fe0	0x7b4278	0x1407b4278	yes	0x1407b4278..0x1407b4282
0x140f96ffc	0x7b4278	0x1407b4278	yes	0x1407b4278..0x1407b4282
0x140f9703c	0x72219	0x140072219	no	0x140071910..0x1400f6e74
0x140f97040	0x303414	0x140303414	no	NO-FUNCTION
0x140f97044	0x2a0114	0x1402a0114	no	NO-FUNCTION
0x140f9704c	0x5006	0x140005006	no	0x1400019d0..0x14001bde5
0x140f97050	0x7d80f8	0x1407d80f8	yes	0x1407d80f8..0x1407d8177
0x140f9707c	0x7aaa60	0x1407aaa60	yes	0x1407aaa60..0x1407aaabd
0x140f97090	0xb2e19	0x1400b2e19	no	0x140071910..0x1400f6e74
0x140f97094	0x297420	0x140297420	no	NO-FUNCTION
0x140f97098	0x286420	0x140286420	no	NO-FUNCTION
0x140f9709c	0x273420	0x140273420	no	NO-FUNCTION
0x140f970a0	0x220120	0x140220120	no	NO-FUNCTION
0x140f970a8	0x5010	0x140005010	no	0x1400019d0..0x14001bde5
0x140f970ac	0x7d80f8	0x1407d80f8	yes	0x1407d80f8..0x1407d8177
0x140f970d4	0x71d04	0x140071d04	no	0x140071910..0x1400f6e74
0x140f970d8	0xc1c11	0x1400c1c11	no	0x140071910..0x1400f6e74
0x140f970dc	0x13641c	0x14013641c	no	0x1400f6eb0..0x1401934a2
0x140f970e0	0x12541c	0x14012541c	no	0x1400f6eb0..0x1401934a2
0x140f970e4	0x11341c	0x14011341c	no	0x1400f6eb0..0x1401934a2
0x140f970f4	0x7b3fa8	0x1407b3fa8	yes	0x1407b3fa8..0x1407b4067
0x140f9710c	0x2f106	0x14002f106	no	0x14002a6f0..0x1400431ac
0x140f97114	0xb2e19	0x1400b2e19	no	0x140071910..0x1400f6e74
0x140f97118	0x1d7420	0x1401d7420	no	NO-FUNCTION
0x140f9711c	0x1c6420	0x1401c6420	no	NO-FUNCTION
0x140f97120	0x1b3420	0x1401b3420	no	NO-FUNCTION
0x140f97124	0x160120	0x140160120	no	0x1400f6eb0..0x1401934a2
0x140f9712c	0x5010	0x140005010	no	0x1400019d0..0x14001bde5
0x140f97130	0x7d80f8	0x1407d80f8	yes	0x1407d80f8..0x1407d8177
0x140f9714c	0x7abe60	0x1407abe60	yes	0x1407abe60..0x1407abec1
0x140f97158	0x7abe60	0x1407abe60	yes	0x1407abe60..0x1407abec1
0x140f97164	0x23904	0x140023904	no	0x14001bdf0..0x14002a6e2
0x140f97168	0x61801	0x140061801	no	0x14005d9b0..0x140071526
0x140f9716c	0xe6418	0x1400e6418	no	0x140071910..0x1400f6e74
0x140f97170	0xd3418	0x1400d3418	no	0x140071910..0x1400f6e74
0x140f97178	0x92719	0x140092719	no	0x140071910..0x1400f6e74
0x140f9717c	0x2f5415	0x1402f5415	no	NO-FUNCTION
0x140f97180	0x2e3415	0x1402e3415	no	NO-FUNCTION
0x140f97184	0x280115	0x140280115	no	NO-FUNCTION
0x140f9718c	0x600b	0x14000600b	no	0x1400019d0..0x14001bde5
0x140f97190	0x7d80f8	0x1407d80f8	yes	0x1407d80f8..0x1407d8177
0x140f971ac	0x61d19	0x140061d19	no	0x14005d9b0..0x140071526
0x140f971bc	0x7d80f8	0x1407d80f8	yes	0x1407d80f8..0x1407d8177
0x140f971ec	0x81401	0x140081401	no	0x140071910..0x1400f6e74
0x140f971f0	0x86414	0x140086414	no	0x140071910..0x1400f6e74
0x140f971f4	0x75414	0x140075414	no	0x140071910..0x1400f6e74
0x140f971f8	0x63414	0x140063414	no	0x14005d9b0..0x140071526
0x140f97200	0xc3019	0x1400c3019	no	0x140071910..0x1400f6e74
0x140f97204	0x197422	0x140197422	no	0x1401934b0..0x140197542
0x140f97208	0x186422	0x140186422	no	0x1400f6eb0..0x1401934a2
0x140f9720c	0x173422	0x140173422	no	0x1400f6eb0..0x1401934a2
0x140f9721c	0x7d80f8	0x1407d80f8	yes	0x1407d80f8..0x1407d8177
0x140f97238	0x7abe60	0x1407abe60	yes	0x1407abe60..0x1407abec1
0x140f97254	0xd3819	0x1400d3819	no	0x140071910..0x1400f6e74
0x140f97270	0x5010	0x140005010	no	0x1400019d0..0x14001bde5
0x140f97274	0x7d80f8	0x1407d80f8	yes	0x1407d80f8..0x1407d8177
0x140f9729c	0x7abe60	0x1407abe60	yes	0x1407abe60..0x1407abec1
0x140f972a8	0x7abe60	0x1407abe60	yes	0x1407abe60..0x1407abec1
0x140f972f0	0xa2c19	0x1400a2c19	no	0x140071910..0x1400f6e74
0x140f972f4	0x16741e	0x14016741e	no	0x1400f6eb0..0x1401934a2
0x140f972f8	0x15641e	0x14015641e	no	0x1400f6eb0..0x1401934a2
0x140f972fc	0x14341e	0x14014341e	no	0x1400f6eb0..0x1401934a2
0x140f97308	0x7d80f8	0x1407d80f8	yes	0x1407d80f8..0x1407d8177
0x140f97324	0x7d9530	0x1407d9530	yes	0x1407d9530..0x1407d9556
0x140f97340	0x9808	0x140009808	no	0x1400019d0..0x14001bde5
0x140f97344	0x11319	0x140011319	no	0x1400019d0..0x14001bde5
0x140f97348	0x8204	0x140008204	no	0x1400019d0..0x14001bde5
0x140f9734c	0x7d807c	0x1407d807c	yes	0x1407d807c..0x1407d8099
0x140f97354	0xd3219	0x1400d3219	no	0x140071910..0x1400f6e74
0x140f97358	0x207424	0x140207424	no	NO-FUNCTION
0x140f9735c	0x1f6424	0x1401f6424	no	NO-FUNCTION
0x140f97360	0x1e3424	0x1401e3424	no	NO-FUNCTION
0x140f97364	0x180124	0x140180124	no	0x1400f6eb0..0x1401934a2
0x140f97370	0x5010	0x140005010	no	0x1400019d0..0x14001bde5
0x140f97374	0x7d80f8	0x1407d80f8	yes	0x1407d80f8..0x1407d8177
0x140f97390	0x7d9590	0x1407d9590	yes	0x1407d9590..0x1407d95b9
0x140f97394	0x7c106	0x14007c106	no	0x140071910..0x1400f6e74
0x140f973a0	0x40a11	0x140040a11	no	0x14002a6f0..0x1400431ac
0x140f973a4	0xe340a	0x1400e340a	no	0x140071910..0x1400f6e74
0x140f973ac	0x7b3fa8	0x1407b3fa8	yes	0x1407b3fa8..0x1407b4067
0x140f973d4	0x21519	0x140021519	no	0x14001bdf0..0x14002a6e2
0x140f973dc	0x7d80f8	0x1407d80f8	yes	0x1407d80f8..0x1407d8177
0x140f973fc	0x9e02	0x140009e02	no	0x1400019d0..0x14001bde5
0x140f97400	0xb2a19	0x1400b2a19	no	0x140071910..0x1400f6e74
0x140f97404	0x1c341c	0x1401c341c	no	NO-FUNCTION
0x140f97408	0x12011c	0x14012011c	no	0x1400f6eb0..0x1401934a2
0x140f97418	0x5006	0x140005006	no	0x1400019d0..0x14001bde5
0x140f9741c	0x7d80f8	0x1407d80f8	yes	0x1407d80f8..0x1407d8177
0x140f97444	0x7b4278	0x1407b4278	yes	0x1407b4278..0x1407b4282
0x140f97478	0xd3819	0x1400d3819	no	0x140071910..0x1400f6e74
0x140f97494	0x5010	0x140005010	no	0x1400019d0..0x14001bde5
0x140f97498	0x7d80f8	0x1407d80f8	yes	0x1407d80f8..0x1407d8177
0x140f974b4	0x7abe60	0x1407abe60	yes	0x1407abe60..0x1407abec1
0x140f974c0	0x7abe60	0x1407abe60	yes	0x1407abe60..0x1407abec1
0x140f974d8	0x25510	0x140025510	no	0x14001bdf0..0x14002a6e2
0x140f974ec	0x87c00	0x140087c00	no	0x140071910..0x1400f6e74
0x140f974f0	0x92e19	0x140092e19	no	0x140071910..0x1400f6e74
0x140f974f4	0x56641d	0x14056641d	no	NO-FUNCTION
0x140f974f8	0x55341d	0x14055341d	no	NO-FUNCTION
0x140f974fc	0x50011d	0x14050011d	no	NO-FUNCTION
0x140f97504	0x500b	0x14000500b	no	0x1400019d0..0x14001bde5
0x140f97508	0x7d80f8	0x1407d80f8	yes	0x1407d80f8..0x1407d8177
0x140f97524	0x7abe60	0x1407abe60	yes	0x1407abe60..0x1407abec1
0x140f9753c	0xb2e19	0x1400b2e19	no	0x140071910..0x1400f6e74
0x140f97540	0x2f7420	0x1402f7420	no	NO-FUNCTION
0x140f97544	0x2e6420	0x1402e6420	no	NO-FUNCTION
0x140f97548	0x2d3420	0x1402d3420	no	NO-FUNCTION
0x140f9754c	0x280120	0x140280120	no	NO-FUNCTION
0x140f97554	0x5010	0x140005010	no	0x1400019d0..0x14001bde5
0x140f97558	0x7d80f8	0x1407d80f8	yes	0x1407d80f8..0x1407d8177
0x140f975ac	0x7abe60	0x1407abe60	yes	0x1407abe60..0x1407abec1
0x140f975b8	0x7abe60	0x1407abe60	yes	0x1407abe60..0x1407abec1
0x140f975bc	0x6c42a0	0x1406c42a0	no	0x14069eaa0..0x1406cd1a2
0x140f9760c	0x51f19	0x140051f19	no	0x14004cf60..0x14005d9a9
0x140f97618	0x7006	0x140007006	no	0x1400019d0..0x14001bde5
0x140f9761c	0x7d807c	0x1407d807c	yes	0x1407d807c..0x1407d8099
0x140f97624	0x31b19	0x140031b19	no	0x14002a6f0..0x1400431ac
0x140f97628	0x2c0109	0x1402c0109	no	NO-FUNCTION
0x140f9762c	0x3002	0x140003002	no	0x1400019d0..0x14001bde5
0x140f97630	0x7d80f8	0x1407d80f8	yes	0x1407d80f8..0x1407d8177
0x140f9764c	0x7ac130	0x1407ac130	yes	0x1407ac130..0x1407ac18e
0x140f9765c	0xc2d19	0x1400c2d19	no	0x140071910..0x1400f6e74
0x140f97660	0x16741f	0x14016741f	no	0x1400f6eb0..0x1401934a2
0x140f97664	0x15641f	0x14015641f	no	0x1400f6eb0..0x1401934a2
0x140f97668	0x14341f	0x14014341f	no	0x1400f6eb0..0x1401934a2
0x140f97678	0x7d80f8	0x1407d80f8	yes	0x1407d80f8..0x1407d8177
0x140f97694	0x7ac130	0x1407ac130	yes	0x1407ac130..0x1407ac18e
0x140f9769c	0x1705	0x140001705	no	0x1400016f0..0x14000170a
0x140f976a0	0xb3219	0x1400b3219	no	0x140071910..0x1400f6e74
0x140f976b8	0x500b	0x14000500b	no	0x1400019d0..0x14001bde5
0x140f976bc	0x7d80f8	0x1407d80f8	yes	0x1407d80f8..0x1407d8177
0x140f976d8	0x7abe60	0x1407abe60	yes	0x1407abe60..0x1407abec1
0x140f976e4	0x59d0a	0x140059d0a	no	0x14004cf60..0x14005d9a9
0x140f976f0	0x4e504	0x14004e504	no	0x14004cf60..0x14005d9a9
0x140f976f4	0x52019	0x140052019	no	0x14004cf60..0x14005d9a9
0x140f976f8	0x203412	0x140203412	no	NO-FUNCTION
0x140f976fc	0x1e0112	0x1401e0112	no	NO-FUNCTION
0x140f97700	0x5006	0x140005006	no	0x1400019d0..0x14001bde5
0x140f97704	0x7d80f8	0x1407d80f8	yes	0x1407d80f8..0x1407d8177
0x140f97720	0x7abe60	0x1407abe60	yes	0x1407abe60..0x1407abec1
0x140f9772c	0x7abe60	0x1407abe60	yes	0x1407abe60..0x1407abec1
0x140f9774c	0x4c90c	0x14004c90c	no	0x1400487d0..0x14004cec6
0x140f97754	0x72519	0x140072519	no	0x140071910..0x1400f6e74
0x140f97758	0x1d7417	0x1401d7417	no	NO-FUNCTION
0x140f9775c	0x1c3417	0x1401c3417	no	NO-FUNCTION
0x140f97760	0x1a0117	0x1401a0117	no	0x140197d50..0x1401a7b91
0x140f97764	0x500b	0x14000500b	no	0x1400019d0..0x14001bde5
0x140f97768	0x7d80f8	0x1407d80f8	yes	0x1407d80f8..0x1407d8177
0x140f97784	0x7abe60	0x1407abe60	yes	0x1407abe60..0x1407abec1
0x140f97790	0x7abe60	0x1407abe60	yes	0x1407abe60..0x1407abec1
0x140f977b0	0x92a19	0x140092a19	no	0x140071910..0x1400f6e74
0x140f977b4	0x22741c	0x14022741c	no	NO-FUNCTION
0x140f977b8	0x21641c	0x14021641c	no	NO-FUNCTION
0x140f977bc	0x20341c	0x14020341c	no	NO-FUNCTION
0x140f977c0	0x1e011c	0x1401e011c	no	NO-FUNCTION
0x140f977c4	0x5010	0x140005010	no	0x1400019d0..0x14001bde5
0x140f977c8	0x7d80f8	0x1407d80f8	yes	0x1407d80f8..0x1407d8177
0x140f977e4	0x7abe60	0x1407abe60	yes	0x1407abe60..0x1407abec1
0x140f977f0	0x7abe60	0x1407abe60	yes	0x1407abe60..0x1407abec1
0x140f97830	0x31b19	0x140031b19	no	0x14002a6f0..0x1400431ac
0x140f97834	0x260109	0x140260109	no	NO-FUNCTION
0x140f97838	0x3002	0x140003002	no	0x1400019d0..0x14001bde5
0x140f9783c	0x7d807c	0x1407d807c	yes	0x1407d807c..0x1407d8099
0x140f97844	0x52619	0x140052619	no	0x14004cf60..0x14005d9a9
0x140f97848	0x773415	0x140773415	no	0x140770330..0x140783d53
0x140f9784c	0x740115	0x140740115	no	0x1407206a0..0x14075b438
0x140f97850	0x5006	0x140005006	no	0x1400019d0..0x14001bde5
0x140f97854	0x7d807c	0x1407d807c	yes	0x1407d807c..0x1407d8099
0x140f9785c	0x20821	0x140020821	no	0x14001bdf0..0x14002a6e2
0x140f97860	0x767408	0x140767408	no	0x1407668d0..0x14076831b
0x140f97864	0x7a3080	0x1407a3080	yes	0x1407a3080..0x1407a3323
0x140f97868	0x7a3323	0x1407a3323	yes	0x1407a3323..0x1407a341d
0x140f97874	0x7a3080	0x1407a3080	yes	0x1407a3080..0x1407a3323
0x140f97878	0x7a3323	0x1407a3323	yes	0x1407a3323..0x1407a341d
0x140f97880	0xd3f19	0x1400d3f19	no	0x140071910..0x1400f6e74
0x140f9789c	0x5015	0x140005015	no	0x1400019d0..0x14001bde5
0x140f978a0	0x7d80f8	0x1407d80f8	yes	0x1407d80f8..0x1407d8177
0x140f978a8	0x1652	0x140001652	no	0x140001650..0x14000166a
0x140f978bc	0x7ac130	0x1407ac130	yes	0x1407ac130..0x1407ac18e
0x140f978d4	0x7ac130	0x1407ac130	yes	0x1407ac130..0x1407ac18e
0x140f978f0	0x7abe60	0x1407abe60	yes	0x1407abe60..0x1407abec1
0x140f97920	0x7abe60	0x1407abe60	yes	0x1407abe60..0x1407abec1
0x140f97928	0x7abe60	0x1407abe60	yes	0x1407abe60..0x1407abec1
0x140f97930	0x7abe60	0x1407abe60	yes	0x1407abe60..0x1407abec1
0x140f97938	0x7abe60	0x1407abe60	yes	0x1407abe60..0x1407abec1
0x140f97940	0x7abe60	0x1407abe60	yes	0x1407abe60..0x1407abec1
0x140f97948	0x7abe60	0x1407abe60	yes	0x1407abe60..0x1407abec1
0x140f9795c	0x63504	0x140063504	no	0x14005d9b0..0x140071526
0x140f97968	0x5b504	0x14005b504	no	0x14004cf60..0x14005d9a9
0x140f97974	0x52104	0x140052104	no	0x14004cf60..0x14005d9a9
0x140f97980	0x6b91a	0x14006b91a	no	0x14005d9b0..0x140071526
0x140f9799c	0x32319	0x140032319	no	0x14002a6f0..0x1400431ac
0x140f979a0	0x3e0111	0x1403e0111	no	NO-FUNCTION
0x140f979a4	0x300a	0x14000300a	no	0x1400019d0..0x14001bde5
0x140f979a8	0x7d807c	0x1407d807c	yes	0x1407d807c..0x1407d8099
0x140f979b0	0x20821	0x140020821	no	0x14001bdf0..0x14002a6e2
0x140f979b4	0x417408	0x140417408	no	NO-FUNCTION
0x140f979b8	0x7a4940	0x1407a4940	yes	0x1407a4940..0x1407a4972
0x140f979bc	0x7a4972	0x1407a4972	yes	0x1407a4972..0x1407a4a52
0x140f979c8	0x7a4940	0x1407a4940	yes	0x1407a4940..0x1407a4972
0x140f979cc	0x7a4972	0x1407a4972	yes	0x1407a4972..0x1407a4a52
0x140f979d4	0xb3619	0x1400b3619	no	0x140071910..0x1400f6e74
0x140f979ec	0x5006	0x140005006	no	0x1400019d0..0x14001bde5
0x140f979f0	0x7d80f8	0x1407d80f8	yes	0x1407d80f8..0x1407d8177
0x140f979f8	0xa072	0x14000a072	no	0x1400019d0..0x14001bde5
0x140f97a14	0x7b4278	0x1407b4278	yes	0x1407b4278..0x1407b4282
0x140f97a20	0x7b4278	0x1407b4278	yes	0x1407b4278..0x1407b4282
0x140f97a3c	0x7b4278	0x1407b4278	yes	0x1407b4278..0x1407b4282
0x140f97a58	0x7b4278	0x1407b4278	yes	0x1407b4278..0x1407b4282
0x140f97a7c	0x7ac130	0x1407ac130	yes	0x1407ac130..0x1407ac18e
0x140f97a84	0x7ac130	0x1407ac130	yes	0x1407ac130..0x1407ac18e
0x140f97b00	0x7ac130	0x1407ac130	yes	0x1407ac130..0x1407ac18e
0x140f97b08	0x7aa710	0x1407aa710	yes	0x1407aa710..0x1407aa7a5
0x140f97b24	0x7ac130	0x1407ac130	yes	0x1407ac130..0x1407ac18e
0x140f97b2c	0x7ac130	0x1407ac130	yes	0x1407ac130..0x1407ac18e
0x140f97b34	0x7ac130	0x1407ac130	yes	0x1407ac130..0x1407ac18e
0x140f97b3c	0x7ac130	0x1407ac130	yes	0x1407ac130..0x1407ac18e
0x140f97b60	0x7ac130	0x1407ac130	yes	0x1407ac130..0x1407ac18e
0x140f97b7c	0x7ac130	0x1407ac130	yes	0x1407ac130..0x1407ac18e
0x140f97be8	0x7ac130	0x1407ac130	yes	0x1407ac130..0x1407ac18e
0x140f97bf0	0x7ac130	0x1407ac130	yes	0x1407ac130..0x1407ac18e
0x140f97c24	0x3afa44	0x1403afa44	no	0x1403aea80..0x1403b28e2
0x140f97c38	0xa9d0a	0x1400a9d0a	no	0x140071910..0x1400f6e74
0x140f97c44	0x72516	0x140072516	no	0x140071910..0x1400f6e74
0x140f97c50	0x7d922	0x14007d922	no	0x140071910..0x1400f6e74
0x140f97c78	0x2513a	0x14002513a	no	0x14001bdf0..0x14002a6e2
0x140f97c8c	0x2e542	0x14002e542	no	0x14002a6f0..0x1400431ac
0x140f97d58	0x1725	0x140001725	no	0x140001710..0x14000172a
0x140f97d5c	0x81511	0x140081511	no	0x140071910..0x1400f6e74
0x140f97d60	0xa7415	0x1400a7415	no	0x140071910..0x1400f6e74
0x140f97d64	0x96415	0x140096415	no	0x140071910..0x1400f6e74
0x140f97d68	0x83415	0x140083415	no	0x140071910..0x1400f6e74
0x140f97d70	0x7b3fa8	0x1407b3fa8	yes	0x1407b3fa8..0x1407b4067
0x140f97d90	0x41311	0x140041311	no	0x14002a6f0..0x1400431ac
0x140f97d94	0x83413	0x140083413	no	0x140071910..0x1400f6e74
0x140f97d9c	0x7b3fa8	0x1407b3fa8	yes	0x1407b3fa8..0x1407b4067
0x140f97dbc	0x65e02	0x140065e02	no	0x14005d9b0..0x140071526
0x140f97dc0	0x60f01	0x140060f01	no	0x14005d9b0..0x140071526
0x140f97dc4	0x8640f	0x14008640f	no	0x140071910..0x1400f6e74
0x140f97dc8	0x7340f	0x14007340f	no	0x140071910..0x1400f6e74
0x140f97dd0	0x81201	0x140081201	no	0x140071910..0x1400f6e74
0x140f97dd4	0xa5412	0x1400a5412	no	0x140071910..0x1400f6e74
0x140f97dd8	0x93412	0x140093412	no	0x140071910..0x1400f6e74
0x140f97de4	0xa1a01	0x1400a1a01	no	0x140071910..0x1400f6e74
0x140f97de8	0x9741a	0x14009741a	no	0x140071910..0x1400f6e74
0x140f97dec	0x8641a	0x14008641a	no	0x140071910..0x1400f6e74
0x140f97df0	0x7541a	0x14007541a	no	0x140071910..0x1400f6e74
0x140f97df4	0x6341a	0x14006341a	no	0x14005d9b0..0x140071526
0x140f97dfc	0x61001	0x140061001	no	0x14005d9b0..0x140071526
0x140f97e00	0x96410	0x140096410	no	0x140071910..0x1400f6e74
0x140f97e04	0x83410	0x140083410	no	0x140071910..0x1400f6e74
0x140f97e0c	0x40a21	0x140040a21	no	0x14002a6f0..0x1400431ac
0x140f97e10	0x7740a	0x14007740a	no	0x140071910..0x1400f6e74
0x140f97e14	0x65405	0x140065405	no	0x14005d9b0..0x140071526
0x140f97e18	0x7ab040	0x1407ab040	yes	0x1407ab040..0x1407ab076
0x140f97e1c	0x7ab076	0x1407ab076	yes	0x1407ab076..0x1407ab1f0
0x140f97e24	0x40021	0x140040021	no	0x14002a6f0..0x1400431ac
0x140f97e28	0x77400	0x140077400	no	0x140071910..0x1400f6e74
0x140f97e2c	0x65400	0x140065400	no	0x14005d9b0..0x140071526
0x140f97e30	0x7ab040	0x1407ab040	yes	0x1407ab040..0x1407ab076
0x140f97e34	0x7ab076	0x1407ab076	yes	0x1407ab076..0x1407ab1f0
0x140f97e3c	0x82819	0x140082819	no	0x140071910..0x1400f6e74
0x140f97e40	0x15741a	0x14015741a	no	0x1400f6eb0..0x1401934a2
0x140f97e44	0x14641a	0x14014641a	no	0x1400f6eb0..0x1401934a2
0x140f97e48	0x13341a	0x14013341a	no	0x1400f6eb0..0x1401934a2
0x140f97e50	0x7d80f8	0x1407d80f8	yes	0x1407d80f8..0x1407d8177
0x140f97e6c	0x7ac130	0x1407ac130	yes	0x1407ac130..0x1407ac18e
0x140f97e74	0x32904	0x140032904	no	0x14002a6f0..0x1400431ac
0x140f97e7c	0x20521	0x140020521	no	0x14001bdf0..0x14002a6e2
0x140f97e80	0x67405	0x140067405	no	0x14005d9b0..0x140071526
0x140f97e84	0x7ab4d0	0x1407ab4d0	yes	0x1407ab4d0..0x1407ab503
0x140f97e88	0x7ab503	0x1407ab503	yes	0x1407ab503..0x1407ab51d
0x140f97e90	0x20021	0x140020021	no	0x14001bdf0..0x14002a6e2
0x140f97e94	0x67400	0x140067400	no	0x14005d9b0..0x140071526
0x140f97e98	0x7ab4d0	0x1407ab4d0	yes	0x1407ab4d0..0x1407ab503
0x140f97e9c	0x7ab503	0x1407ab503	yes	0x1407ab503..0x1407ab51d
0x140f97ea4	0x41c19	0x140041c19	no	0x14002a6f0..0x1400431ac
0x140f97ea8	0x15340d	0x14015340d	no	0x1400f6eb0..0x1401934a2
0x140f97eb0	0x7d807c	0x1407d807c	yes	0x1407d807c..0x1407d8099
0x140f97eb8	0x20821	0x140020821	no	0x14001bdf0..0x14002a6e2
0x140f97ebc	0x146408	0x140146408	no	0x1400f6eb0..0x1401934a2
0x140f97ec0	0x7ab630	0x1407ab630	yes	0x1407ab630..0x1407ab69f
0x140f97ec4	0x7ab69f	0x1407ab69f	yes	0x1407ab69f..0x1407ab7a3
0x140f97ed0	0x7ab630	0x1407ab630	yes	0x1407ab630..0x1407ab69f
0x140f97ed4	0x7ab69f	0x1407ab69f	yes	0x1407ab69f..0x1407ab7a3
0x140f97edc	0x20619	0x140020619	no	0x14001bdf0..0x14002a6e2
0x140f97ee4	0x7b3fa8	0x1407b3fa8	yes	0x1407b3fa8..0x1407b4067
0x140f97ef4	0x81501	0x140081501	no	0x140071910..0x1400f6e74
0x140f97ef8	0x96415	0x140096415	no	0x140071910..0x1400f6e74
0x140f97efc	0x85415	0x140085415	no	0x140071910..0x1400f6e74
0x140f97f00	0x73415	0x140073415	no	0x140071910..0x1400f6e74
0x140f97f08	0x20521	0x140020521	no	0x14001bdf0..0x14002a6e2
0x140f97f0c	0x67405	0x140067405	no	0x14005d9b0..0x140071526
0x140f97f10	0x7ab8f0	0x1407ab8f0	yes	0x1407ab8f0..0x1407ab916
0x140f97f14	0x7ab916	0x1407ab916	yes	0x1407ab916..0x1407ab984
0x140f97f20	0x7ab8f0	0x1407ab8f0	yes	0x1407ab8f0..0x1407ab916
0x140f97f24	0x7ab916	0x1407ab916	yes	0x1407ab916..0x1407ab984
0x140f97f2c	0x20521	0x140020521	no	0x14001bdf0..0x14002a6e2
0x140f97f30	0x67405	0x140067405	no	0x14005d9b0..0x140071526
0x140f97f34	0x7ab9a0	0x1407ab9a0	yes	0x1407ab9a0..0x1407ab9c6
0x140f97f38	0x7ab9c6	0x1407ab9c6	yes	0x1407ab9c6..0x1407aba34
0x140f97f44	0x7ab9a0	0x1407ab9a0	yes	0x1407ab9a0..0x1407ab9c6
0x140f97f48	0x7ab9c6	0x1407ab9c6	yes	0x1407ab9c6..0x1407aba34
0x140f97f50	0x81c11	0x140081c11	no	0x140071910..0x1400f6e74
0x140f97f54	0xc541c	0x1400c541c	no	0x140071910..0x1400f6e74
0x140f97f58	0xb341c	0x1400b341c	no	0x140071910..0x1400f6e74
0x140f97f64	0x7b3fa8	0x1407b3fa8	yes	0x1407b3fa8..0x1407b4067
0x140f97f9c	0x81819	0x140081819	no	0x140071910..0x1400f6e74
0x140f97fa0	0xc6418	0x1400c6418	no	0x140071910..0x1400f6e74
0x140f97fa4	0xb3418	0x1400b3418	no	0x140071910..0x1400f6e74
0x140f97fb0	0x7b3fa8	0x1407b3fa8	yes	0x1407b3fa8..0x1407b4067
0x140f97ffc	0x20a01	0x140020a01	no	0x14001bdf0..0x14002a6e2
0x140f98004	0x10419	0x140010419	no	0x1400019d0..0x14001bde5
0x140f98008	0x4204	0x140004204	no	0x1400019d0..0x14001bde5
0x140f9800c	0x7b3fa8	0x1407b3fa8	yes	0x1407b3fa8..0x1407b4067
0x140f98020	0x40a19	0x140040a19	no	0x14002a6f0..0x1400431ac
0x140f98024	0x6340a	0x14006340a	no	0x14005d9b0..0x140071526
0x140f9802c	0x7b3fa8	0x1407b3fa8	yes	0x1407b3fa8..0x1407b4067
0x140f98040	0x20611	0x140020611	no	0x14001bdf0..0x14002a6e2
0x140f98048	0x7b3fa8	0x1407b3fa8	yes	0x1407b3fa8..0x1407b4067
0x140f98058	0x580200	0x140580200	no	NO-FUNCTION
0x140f9805c	0x83501	0x140083501	no	0x140071910..0x1400f6e74
0x140f98060	0x66435	0x140066435	no	0x14005d9b0..0x140071526
0x140f98064	0x8540f	0x14008540f	no	0x140071910..0x1400f6e74
0x140f98068	0x7340f	0x14007340f	no	0x140071910..0x1400f6e74
0x140f98074	0x7b3fa8	0x1407b3fa8	yes	0x1407b3fa8..0x1407b4067
0x140f98080	0x7b3fa8	0x1407b3fa8	yes	0x1407b3fa8..0x1407b4067
0x140f98094	0x40a19	0x140040a19	no	0x14002a6f0..0x1400431ac
0x140f98098	0x6340a	0x14006340a	no	0x14005d9b0..0x140071526
0x140f980a0	0x7b3fa8	0x1407b3fa8	yes	0x1407b3fa8..0x1407b4067
0x140f980b4	0x20619	0x140020619	no	0x14001bdf0..0x14002a6e2
0x140f980bc	0x7b3fa8	0x1407b3fa8	yes	0x1407b3fa8..0x1407b4067
0x140f980cc	0x2a0400	0x1402a0400	no	NO-FUNCTION
0x140f980d4	0x40f11	0x140040f11	no	0x14002a6f0..0x1400431ac
0x140f980d8	0x7340f	0x14007340f	no	0x140071910..0x1400f6e74
0x140f980e0	0x7b3fa8	0x1407b3fa8	yes	0x1407b3fa8..0x1407b4067
0x140f98100	0x21519	0x140021519	no	0x14001bdf0..0x14002a6e2
0x140f98108	0x7d807c	0x1407d807c	yes	0x1407d807c..0x1407d8099
0x140f98110	0x20521	0x140020521	no	0x14001bdf0..0x14002a6e2
0x140f98114	0xf7405	0x1400f7405	no	0x1400f6eb0..0x1401934a2
0x140f98118	0x7ac6e0	0x1407ac6e0	yes	0x1407ac6e0..0x1407ac715
0x140f9811c	0x7ac715	0x1407ac715	yes	0x1407ac715..0x1407ac774
0x140f98124	0x20021	0x140020021	no	0x14001bdf0..0x14002a6e2
0x140f98128	0xf7400	0x1400f7400	no	0x1400f6eb0..0x1401934a2
0x140f9812c	0x7ac6e0	0x1407ac6e0	yes	0x1407ac6e0..0x1407ac715
0x140f98130	0x7ac715	0x1407ac715	yes	0x1407ac715..0x1407ac774
0x140f9813c	0x7ac6e0	0x1407ac6e0	yes	0x1407ac6e0..0x1407ac715
0x140f98140	0x7ac715	0x1407ac715	yes	0x1407ac715..0x1407ac774
0x140f98148	0x40801	0x140040801	no	0x14002a6f0..0x1400431ac
0x140f98154	0x40a11	0x140040a11	no	0x14002a6f0..0x1400431ac
0x140f98158	0x6340a	0x14006340a	no	0x14005d9b0..0x140071526
0x140f98160	0x7b3fa8	0x1407b3fa8	yes	0x1407b3fa8..0x1407b4067
0x140f98170	0x380400	0x140380400	no	0x14037cb90..0x140383f00
0x140f98178	0x20a11	0x140020a11	no	0x14001bdf0..0x14002a6e2
0x140f98180	0x7b3fa8	0x1407b3fa8	yes	0x1407b3fa8..0x1407b4067
0x140f9819c	0x40901	0x140040901	no	0x14002a6f0..0x1400431ac
0x140f981a8	0x41321	0x140041321	no	0x14002a6f0..0x1400431ac
0x140f981ac	0x8e413	0x14008e413	no	0x140071910..0x1400f6e74
0x140f981b0	0x11c408	0x14011c408	no	0x1400f6eb0..0x1401934a2
0x140f981b4	0x7acb10	0x1407acb10	yes	0x1407acb10..0x1407acb2f
0x140f981b8	0x7acb2f	0x1407acb2f	yes	0x1407acb2f..0x1407acb7e
0x140f981c0	0x40d21	0x140040d21	no	0x14002a6f0..0x1400431ac
0x140f981c4	0x10740d	0x14010740d	no	0x1400f6eb0..0x1401934a2
0x140f981c8	0xf3405	0x1400f3405	no	0x140071910..0x1400f6e74
0x140f981cc	0x7acb2f	0x1407acb2f	yes	0x1407acb2f..0x1407acb7e
0x140f981d0	0x7acb7e	0x1407acb7e	yes	0x1407acb7e..0x1407acbde
0x140f981d8	0x20521	0x140020521	no	0x14001bdf0..0x14002a6e2
0x140f981dc	0x9d405	0x14009d405	no	0x140071910..0x1400f6e74
0x140f981e0	0x7acb7e	0x1407acb7e	yes	0x1407acb7e..0x1407acbde
0x140f981e4	0x7acbde	0x1407acbde	yes	0x1407acbde..0x1407acca9
0x140f981f0	0x7acb7e	0x1407acb7e	yes	0x1407acb7e..0x1407acbde
0x140f981f4	0x7acbde	0x1407acbde	yes	0x1407acbde..0x1407acca9
0x140f98200	0x7acb2f	0x1407acb2f	yes	0x1407acb2f..0x1407acb7e
0x140f98204	0x7acb7e	0x1407acb7e	yes	0x1407acb7e..0x1407acbde
0x140f98210	0x7acb10	0x1407acb10	yes	0x1407acb10..0x1407acb2f
0x140f98214	0x7acb2f	0x1407acb2f	yes	0x1407acb2f..0x1407acb7e
0x140f9821c	0xa1801	0x1400a1801	no	0x140071910..0x1400f6e74
0x140f98220	0xb6418	0x1400b6418	no	0x140071910..0x1400f6e74
0x140f98224	0xa5418	0x1400a5418	no	0x140071910..0x1400f6e74
0x140f98228	0x93418	0x140093418	no	0x140071910..0x1400f6e74
0x140f98234	0x20521	0x140020521	no	0x14001bdf0..0x14002a6e2
0x140f98238	0x8e405	0x14008e405	no	0x140071910..0x1400f6e74
0x140f9823c	0x7acce0	0x1407acce0	yes	0x1407acce0..0x1407acd52
0x140f98240	0x7acd52	0x1407acd52	yes	0x1407acd52..0x1407ace52
0x140f9824c	0x7acce0	0x1407acce0	yes	0x1407acce0..0x1407acd52
0x140f98250	0x7acd52	0x1407acd52	yes	0x1407acd52..0x1407ace52
0x140f98258	0x20021	0x140020021	no	0x14001bdf0..0x14002a6e2
0x140f9825c	0x8e400	0x14008e400	no	0x140071910..0x1400f6e74
0x140f98260	0x7acce0	0x1407acce0	yes	0x1407acce0..0x1407acd52
0x140f98264	0x7acd52	0x1407acd52	yes	0x1407acd52..0x1407ace52
0x140f9826c	0xc1e01	0x1400c1e01	no	0x140071910..0x1400f6e74
0x140f98270	0xb741e	0x1400b741e	no	0x140071910..0x1400f6e74
0x140f98274	0xa641e	0x1400a641e	no	0x140071910..0x1400f6e74
0x140f98278	0x9541e	0x14009541e	no	0x140071910..0x1400f6e74
0x140f9827c	0x8341e	0x14008341e	no	0x140071910..0x1400f6e74
0x140f98288	0x81201	0x140081201	no	0x140071910..0x1400f6e74
0x140f9828c	0xa5412	0x1400a5412	no	0x140071910..0x1400f6e74
0x140f98290	0x93412	0x140093412	no	0x140071910..0x1400f6e74
0x140f9829c	0x20521	0x140020521	no	0x14001bdf0..0x14002a6e2
0x140f982a0	0x8e405	0x14008e405	no	0x140071910..0x1400f6e74
0x140f982a4	0x7ad020	0x1407ad020	yes	0x1407ad020..0x1407ad07b
0x140f982a8	0x7ad07b	0x1407ad07b	yes	0x1407ad07b..0x1407ad154
0x140f982b4	0x7ad020	0x1407ad020	yes	0x1407ad020..0x1407ad07b
0x140f982b8	0x7ad07b	0x1407ad07b	yes	0x1407ad07b..0x1407ad154
0x140f982c0	0x20021	0x140020021	no	0x14001bdf0..0x14002a6e2
0x140f982c4	0x8e400	0x14008e400	no	0x140071910..0x1400f6e74
0x140f982c8	0x7ad020	0x1407ad020	yes	0x1407ad020..0x1407ad07b
0x140f982cc	0x7ad07b	0x1407ad07b	yes	0x1407ad07b..0x1407ad154
0x140f982d4	0x40a01	0x140040a01	no	0x14002a6f0..0x1400431ac
0x140f982d8	0xa640a	0x1400a640a	no	0x140071910..0x1400f6e74
0x140f982e0	0x20521	0x140020521	no	0x14001bdf0..0x14002a6e2
0x140f982e4	0x93405	0x140093405	no	0x140071910..0x1400f6e74
0x140f982e8	0x7ad180	0x1407ad180	yes	0x1407ad180..0x1407ad1a3
0x140f982ec	0x7ad1a3	0x1407ad1a3	yes	0x1407ad1a3..0x1407ad1e2
0x140f982f8	0x7ad180	0x1407ad180	yes	0x1407ad180..0x1407ad1a3
0x140f982fc	0x7ad1a3	0x1407ad1a3	yes	0x1407ad1a3..0x1407ad1e2
0x140f98304	0x10419	0x140010419	no	0x1400019d0..0x14001bde5
0x140f98308	0x4204	0x140004204	no	0x1400019d0..0x14001bde5
0x140f9830c	0x7b3fa8	0x1407b3fa8	yes	0x1407b3fa8..0x1407b4067
0x140f98318	0x360200	0x140360200	no	NO-FUNCTION
0x140f9831c	0x40a11	0x140040a11	no	0x14002a6f0..0x1400431ac
0x140f98320	0x8340a	0x14008340a	no	0x140071910..0x1400f6e74
0x140f98328	0x7b3fa8	0x1407b3fa8	yes	0x1407b3fa8..0x1407b4067
0x140f98358	0x20619	0x140020619	no	0x14001bdf0..0x14002a6e2
0x140f98360	0x7b3fa8	0x1407b3fa8	yes	0x1407b3fa8..0x1407b4067
0x140f98390	0xa1a11	0x1400a1a11	no	0x140071910..0x1400f6e74
0x140f98394	0x9741a	0x14009741a	no	0x140071910..0x1400f6e74
0x140f98398	0x8641a	0x14008641a	no	0x140071910..0x1400f6e74
0x140f9839c	0x7541a	0x14007541a	no	0x140071910..0x1400f6e74
0x140f983a0	0x6341a	0x14006341a	no	0x14005d9b0..0x140071526
0x140f983a8	0x7b3fa8	0x1407b3fa8	yes	0x1407b3fa8..0x1407b4067
0x140f983bc	0x340214	0x140340214	no	NO-FUNCTION
0x140f983c0	0x60b11	0x140060b11	no	0x14005d9b0..0x140071526
0x140f983d0	0x7b3fa8	0x1407b3fa8	yes	0x1407b3fa8..0x1407b4067
0x140f98400	0x20611	0x140020611	no	0x14001bdf0..0x14002a6e2
0x140f98408	0x7b3fa8	0x1407b3fa8	yes	0x1407b3fa8..0x1407b4067
0x140f98418	0x4c0200	0x1404c0200	no	NO-FUNCTION
0x140f9841c	0x81711	0x140081711	no	0x140071910..0x1400f6e74
0x140f98420	0xc5417	0x1400c5417	no	0x140071910..0x1400f6e74
0x140f98424	0xb3417	0x1400b3417	no	0x140071910..0x1400f6e74
0x140f98430	0x7b3fa8	0x1407b3fa8	yes	0x1407b3fa8..0x1407b4067
0x140f98448	0xc1c11	0x1400c1c11	no	0x140071910..0x1400f6e74
0x140f9844c	0xe641c	0x1400e641c	no	0x140071910..0x1400f6e74
0x140f98450	0xd541c	0x1400d541c	no	0x140071910..0x1400f6e74
0x140f98454	0xc341c	0x1400c341c	no	0x140071910..0x1400f6e74
0x140f98464	0x7b3fa8	0x1407b3fa8	yes	0x1407b3fa8..0x1407b4067
0x140f9847c	0xc1e11	0x1400c1e11	no	0x140071910..0x1400f6e74
0x140f98480	0xd741e	0x1400d741e	no	0x140071910..0x1400f6e74
0x140f98484	0xc641e	0x1400c641e	no	0x140071910..0x1400f6e74
0x140f98488	0xb541e	0x1400b541e	no	0x140071910..0x1400f6e74
0x140f9848c	0xa341e	0x1400a341e	no	0x140071910..0x1400f6e74
0x140f98498	0x7b3fa8	0x1407b3fa8	yes	0x1407b3fa8..0x1407b4067
0x140f984b0	0xa1a01	0x1400a1a01	no	0x140071910..0x1400f6e74
0x140f984b4	0x9e41a	0x14009e41a	no	0x140071910..0x1400f6e74
0x140f984b8	0x8741a	0x14008741a	no	0x140071910..0x1400f6e74
0x140f984bc	0x7641a	0x14007641a	no	0x140071910..0x1400f6e74
0x140f984c0	0x6341a	0x14006341a	no	0x14005d9b0..0x140071526
0x140f984c8	0xa1c19	0x1400a1c19	no	0x140071910..0x1400f6e74
0x140f984cc	0xf641c	0x1400f641c	no	0x140071910..0x1400f6e74
0x140f984d0	0xd341c	0x1400d341c	no	0x140071910..0x1400f6e74
0x140f984e0	0x7b3fa8	0x1407b3fa8	yes	0x1407b3fa8..0x1407b4067
0x140f98500	0x7d9e78	0x1407d9e78	yes	0x1407d9e78..0x1407d9ec5
0x140f98514	0x320c	0x14000320c	no	0x1400019d0..0x14001bde5
0x140f98518	0xa2819	0x1400a2819	no	0x140071910..0x1400f6e74
0x140f9851c	0x46819	0x140046819	no	0x1400431b0..0x1400487c1
0x140f98520	0xe6414	0x1400e6414	no	0x140071910..0x1400f6e74
0x140f98524	0xd5414	0x1400d5414	no	0x140071910..0x1400f6e74
0x140f98528	0xc3414	0x1400c3414	no	0x140071910..0x1400f6e74
0x140f98530	0x7d807c	0x1407d807c	yes	0x1407d807c..0x1407d8099
0x140f98538	0x50b01	0x140050b01	no	0x14004cf60..0x14005d9a9
0x140f98544	0x5002	0x140005002	no	0x1400019d0..0x14001bde5
0x140f98548	0x82a21	0x140082a21	no	0x140071910..0x1400f6e74
0x140f9854c	0x4e42a	0x14004e42a	no	0x14004cf60..0x14005d9a9
0x140f98550	0xcc418	0x1400cc418	no	0x140071910..0x1400f6e74
0x140f98554	0xb6410	0x1400b6410	no	0x140071910..0x1400f6e74
0x140f98558	0xa3405	0x1400a3405	no	0x140071910..0x1400f6e74
0x140f9855c	0x7ae220	0x1407ae220	yes	0x1407ae220..0x1407ae261
0x140f98560	0x7ae261	0x1407ae261	yes	0x1407ae261..0x1407ae3a3
0x140f98568	0x80021	0x140080021	no	0x140071910..0x1400f6e74
0x140f9856c	0x4e400	0x14004e400	no	0x14004cf60..0x14005d9a9
0x140f98570	0xcc400	0x1400cc400	no	0x140071910..0x1400f6e74
0x140f98574	0xb6400	0x1400b6400	no	0x140071910..0x1400f6e74
0x140f98578	0xa3400	0x1400a3400	no	0x140071910..0x1400f6e74
0x140f9857c	0x7ae220	0x1407ae220	yes	0x1407ae220..0x1407ae261
0x140f98580	0x7ae261	0x1407ae261	yes	0x1407ae261..0x1407ae3a3
0x140f9858c	0x7ae220	0x1407ae220	yes	0x1407ae220..0x1407ae261
0x140f98590	0x7ae261	0x1407ae261	yes	0x1407ae261..0x1407ae3a3
0x140f98598	0x81301	0x140081301	no	0x140071910..0x1400f6e74
0x140f9859c	0xb5413	0x1400b5413	no	0x140071910..0x1400f6e74
0x140f985a0	0xa3413	0x1400a3413	no	0x140071910..0x1400f6e74
0x140f985ac	0x40d21	0x140040d21	no	0x14002a6f0..0x1400431ac
0x140f985b0	0x9f40d	0x14009f40d	no	0x140071910..0x1400f6e74
0x140f985b4	0x87405	0x140087405	no	0x140071910..0x1400f6e74
0x140f985b8	0x7ae3c0	0x1407ae3c0	yes	0x1407ae3c0..0x1407ae406
0x140f985bc	0x7ae406	0x1407ae406	yes	0x1407ae406..0x1407ae52b
0x140f985c8	0x7ae3c0	0x1407ae3c0	yes	0x1407ae3c0..0x1407ae406
0x140f985cc	0x7ae406	0x1407ae406	yes	0x1407ae406..0x1407ae52b
0x140f985d4	0x40021	0x140040021	no	0x14002a6f0..0x1400431ac
0x140f985d8	0x9f400	0x14009f400	no	0x140071910..0x1400f6e74
0x140f985dc	0x87400	0x140087400	no	0x140071910..0x1400f6e74
0x140f985e0	0x7ae3c0	0x1407ae3c0	yes	0x1407ae3c0..0x1407ae406
0x140f985e4	0x7ae406	0x1407ae406	yes	0x1407ae406..0x1407ae52b
0x140f985ec	0x81419	0x140081419	no	0x140071910..0x1400f6e74
0x140f98600	0x7b3fa8	0x1407b3fa8	yes	0x1407b3fa8..0x1407b4067
0x140f98620	0x7d9ed0	0x1407d9ed0	yes	0x1407d9ed0..0x1407d9f04
0x140f98624	0x27506	0x140027506	no	0x14001bdf0..0x14002a6e2
0x140f98628	0x7802c6	0x1407802c6	no	0x140770330..0x140783d53
0x140f9862c	0xc1c11	0x1400c1c11	no	0x140071910..0x1400f6e74
0x140f98630	0xc641c	0x1400c641c	no	0x140071910..0x1400f6e74
0x140f98634	0xb541c	0x1400b541c	no	0x140071910..0x1400f6e74
0x140f98638	0xa341c	0x1400a341c	no	0x140071910..0x1400f6e74
0x140f98648	0x7b3fa8	0x1407b3fa8	yes	0x1407b3fa8..0x1407b4067
0x140f98664	0x28d06	0x140028d06	no	0x14001bdf0..0x14002a6e2
0x140f98670	0x81419	0x140081419	no	0x140071910..0x1400f6e74
0x140f98684	0x7b3fa8	0x1407b3fa8	yes	0x1407b3fa8..0x1407b4067
0x140f986a4	0x7d9f10	0x1407d9f10	yes	0x1407d9f10..0x1407d9f44
0x140f986a8	0x60c11	0x140060c11	no	0x14005d9b0..0x140071526
0x140f986ac	0xb340c	0x1400b340c	no	0x140071910..0x1400f6e74
0x140f986b8	0x7b3fa8	0x1407b3fa8	yes	0x1407b3fa8..0x1407b4067
0x140f986e0	0x81401	0x140081401	no	0x140071910..0x1400f6e74
0x140f986e4	0x47414	0x140047414	no	0x1400431b0..0x1400487c1
0x140f986e8	0x3640f	0x14003640f	no	0x14002a6f0..0x1400431ac
0x140f986ec	0x2540a	0x14002540a	no	0x14001bdf0..0x14002a6e2
0x140f986f0	0x13405	0x140013405	no	0x1400019d0..0x14001bde5
0x140f986f4	0x40901	0x140040901	no	0x14002a6f0..0x1400431ac
0x140f98700	0x61321	0x140061321	no	0x14005d9b0..0x140071526
0x140f98704	0xaf413	0x1400af413	no	0x140071910..0x1400f6e74
0x140f98708	0x9740e	0x14009740e	no	0x140071910..0x1400f6e74
0x140f9870c	0x85405	0x140085405	no	0x140071910..0x1400f6e74
0x140f98710	0x7aec90	0x1407aec90	yes	0x1407aec90..0x1407aecb9
0x140f98714	0x7aecb9	0x1407aecb9	yes	0x1407aecb9..0x1407aedea
0x140f9871c	0x60021	0x140060021	no	0x14005d9b0..0x140071526
0x140f98720	0xaf400	0x1400af400	no	0x140071910..0x1400f6e74
0x140f98724	0x97400	0x140097400	no	0x140071910..0x1400f6e74
0x140f98728	0x85400	0x140085400	no	0x140071910..0x1400f6e74
0x140f9872c	0x7aec90	0x1407aec90	yes	0x1407aec90..0x1407aecb9
0x140f98730	0x7aecb9	0x1407aecb9	yes	0x1407aecb9..0x1407aedea
0x140f9873c	0x7aec90	0x1407aec90	yes	0x1407aec90..0x1407aecb9
0x140f98740	0x7aecb9	0x1407aecb9	yes	0x1407aecb9..0x1407aedea
0x140f98748	0x50b01	0x140050b01	no	0x14004cf60..0x14005d9a9
0x140f98754	0x3002	0x140003002	no	0x1400019d0..0x14001bde5
0x140f98758	0x81f21	0x140081f21	no	0x140071910..0x1400f6e74
0x140f9875c	0x4d41f	0x14004d41f	no	0x14004cf60..0x14005d9a9
0x140f98760	0xcc413	0x1400cc413	no	0x140071910..0x1400f6e74
0x140f98764	0xb740e	0x1400b740e	no	0x140071910..0x1400f6e74
0x140f98768	0xa5405	0x1400a5405	no	0x140071910..0x1400f6e74
0x140f9876c	0x7aee00	0x1407aee00	yes	0x1407aee00..0x1407aee2f
0x140f98770	0x7aee2f	0x1407aee2f	yes	0x1407aee2f..0x1407aef81
0x140f98778	0x80021	0x140080021	no	0x140071910..0x1400f6e74
0x140f9877c	0x4d400	0x14004d400	no	0x14004cf60..0x14005d9a9
0x140f98780	0xcc400	0x1400cc400	no	0x140071910..0x1400f6e74
0x140f98784	0xb7400	0x1400b7400	no	0x140071910..0x1400f6e74
0x140f98788	0xa5400	0x1400a5400	no	0x140071910..0x1400f6e74
0x140f9878c	0x7aee00	0x1407aee00	yes	0x1407aee00..0x1407aee2f
0x140f98790	0x7aee2f	0x1407aee2f	yes	0x1407aee2f..0x1407aef81
0x140f9879c	0x7aee00	0x1407aee00	yes	0x1407aee00..0x1407aee2f
0x140f987a0	0x7aee2f	0x1407aee2f	yes	0x1407aee2f..0x1407aef81
0x140f987a8	0x50f01	0x140050f01	no	0x14004cf60..0x14005d9a9
0x140f987b4	0x3006	0x140003006	no	0x1400019d0..0x14001bde5
0x140f987b8	0x81f21	0x140081f21	no	0x140071910..0x1400f6e74
0x140f987bc	0x4d41f	0x14004d41f	no	0x14004cf60..0x14005d9a9
0x140f987c0	0x5c413	0x14005c413	no	0x14004cf60..0x14005d9a9
0x140f987c4	0x6740e	0x14006740e	no	0x14005d9b0..0x140071526
0x140f987c8	0xd5405	0x1400d5405	no	0x140071910..0x1400f6e74
0x140f987cc	0x7aefa0	0x1407aefa0	yes	0x1407aefa0..0x1407aefd2
0x140f987d0	0x7aefd2	0x1407aefd2	yes	0x1407aefd2..0x1407af192
0x140f987d8	0x80021	0x140080021	no	0x140071910..0x1400f6e74
0x140f987dc	0x4d400	0x14004d400	no	0x14004cf60..0x14005d9a9
0x140f987e0	0x5c400	0x14005c400	no	0x14004cf60..0x14005d9a9
0x140f987e4	0x67400	0x140067400	no	0x14005d9b0..0x140071526
0x140f987e8	0xd5400	0x1400d5400	no	0x140071910..0x1400f6e74
0x140f987ec	0x7aefa0	0x1407aefa0	yes	0x1407aefa0..0x1407aefd2
0x140f987f0	0x7aefd2	0x1407aefd2	yes	0x1407aefd2..0x1407af192
0x140f987fc	0x7aefa0	0x1407aefa0	yes	0x1407aefa0..0x1407aefd2
0x140f98800	0x7aefd2	0x1407aefd2	yes	0x1407aefd2..0x1407af192
0x140f98808	0x60e01	0x140060e01	no	0x14005d9b0..0x140071526
0x140f9880c	0xb340e	0x1400b340e	no	0x140071910..0x1400f6e74
0x140f98818	0x61321	0x140061321	no	0x14005d9b0..0x140071526
0x140f9881c	0xac413	0x1400ac413	no	0x140071910..0x1400f6e74
0x140f98820	0x9740e	0x14009740e	no	0x140071910..0x1400f6e74
0x140f98824	0x85405	0x140085405	no	0x140071910..0x1400f6e74
0x140f98828	0x7af1b0	0x1407af1b0	yes	0x1407af1b0..0x1407af1e2
0x140f9882c	0x7af1e2	0x1407af1e2	yes	0x1407af1e2..0x1407af307
0x140f98834	0x60021	0x140060021	no	0x14005d9b0..0x140071526
0x140f98838	0xac400	0x1400ac400	no	0x140071910..0x1400f6e74
0x140f9883c	0x97400	0x140097400	no	0x140071910..0x1400f6e74
0x140f98840	0x85400	0x140085400	no	0x140071910..0x1400f6e74
0x140f98844	0x7af1b0	0x1407af1b0	yes	0x1407af1b0..0x1407af1e2
0x140f98848	0x7af1e2	0x1407af1e2	yes	0x1407af1e2..0x1407af307
0x140f98854	0x7af1b0	0x1407af1b0	yes	0x1407af1b0..0x1407af1e2
0x140f98858	0x7af1e2	0x1407af1e2	yes	0x1407af1e2..0x1407af307
0x140f98860	0x60d01	0x140060d01	no	0x14005d9b0..0x140071526
0x140f98870	0x61321	0x140061321	no	0x14005d9b0..0x140071526
0x140f98874	0xce413	0x1400ce413	no	0x140071910..0x1400f6e74
0x140f98878	0xb740e	0x1400b740e	no	0x140071910..0x1400f6e74
0x140f9887c	0xa5405	0x1400a5405	no	0x140071910..0x1400f6e74
0x140f98880	0x7af320	0x1407af320	yes	0x1407af320..0x1407af355
0x140f98884	0x7af355	0x1407af355	yes	0x1407af355..0x1407af48e
0x140f9888c	0x60021	0x140060021	no	0x14005d9b0..0x140071526
0x140f98890	0xce400	0x1400ce400	no	0x140071910..0x1400f6e74
0x140f98894	0xb7400	0x1400b7400	no	0x140071910..0x1400f6e74
0x140f98898	0xa5400	0x1400a5400	no	0x140071910..0x1400f6e74
0x140f9889c	0x7af320	0x1407af320	yes	0x1407af320..0x1407af355
0x140f988a0	0x7af355	0x1407af355	yes	0x1407af355..0x1407af48e
0x140f988ac	0x7af320	0x1407af320	yes	0x1407af320..0x1407af355
0x140f988b0	0x7af355	0x1407af355	yes	0x1407af355..0x1407af48e
0x140f988b8	0x20a01	0x140020a01	no	0x14001bdf0..0x14002a6e2
0x140f988c0	0x40d21	0x140040d21	no	0x14002a6f0..0x1400431ac
0x140f988c4	0x7640d	0x14007640d	no	0x140071910..0x1400f6e74
0x140f988c8	0x63405	0x140063405	no	0x14005d9b0..0x140071526
0x140f988cc	0x7af4b0	0x1407af4b0	yes	0x1407af4b0..0x1407af4ba
0x140f988d0	0x7af4ba	0x1407af4ba	yes	0x1407af4ba..0x1407af531
0x140f988dc	0x7af4b0	0x1407af4b0	yes	0x1407af4b0..0x1407af4ba
0x140f988e0	0x7af4ba	0x1407af4ba	yes	0x1407af4ba..0x1407af531
0x140f988e8	0x40021	0x140040021	no	0x14002a6f0..0x1400431ac
0x140f988ec	0x76400	0x140076400	no	0x140071910..0x1400f6e74
0x140f988f0	0x63400	0x140063400	no	0x14005d9b0..0x140071526
0x140f988f4	0x7af4b0	0x1407af4b0	yes	0x1407af4b0..0x1407af4ba
0x140f988f8	0x7af4ba	0x1407af4ba	yes	0x1407af4ba..0x1407af531
0x140f98900	0x20e01	0x140020e01	no	0x14001bdf0..0x14002a6e2
0x140f98908	0x40d21	0x140040d21	no	0x14002a6f0..0x1400431ac
0x140f9890c	0x7640d	0x14007640d	no	0x140071910..0x1400f6e74
0x140f98910	0x63405	0x140063405	no	0x14005d9b0..0x140071526
0x140f98914	0x7af540	0x1407af540	yes	0x1407af540..0x1407af54e
0x140f98918	0x7af54e	0x1407af54e	yes	0x1407af54e..0x1407af5c7
0x140f98924	0x7af540	0x1407af540	yes	0x1407af540..0x1407af54e
0x140f98928	0x7af54e	0x1407af54e	yes	0x1407af54e..0x1407af5c7
0x140f98930	0x40021	0x140040021	no	0x14002a6f0..0x1400431ac
0x140f98934	0x76400	0x140076400	no	0x140071910..0x1400f6e74
0x140f98938	0x63400	0x140063400	no	0x14005d9b0..0x140071526
0x140f9893c	0x7af540	0x1407af540	yes	0x1407af540..0x1407af54e
0x140f98940	0x7af54e	0x1407af54e	yes	0x1407af54e..0x1407af5c7
0x140f98948	0x50f01	0x140050f01	no	0x14004cf60..0x14005d9a9
0x140f98954	0x3006	0x140003006	no	0x1400019d0..0x14001bde5
0x140f98958	0x81b21	0x140081b21	no	0x140071910..0x1400f6e74
0x140f9895c	0x4e41b	0x14004e41b	no	0x14004cf60..0x14005d9a9
0x140f98960	0xcc416	0x1400cc416	no	0x140071910..0x1400f6e74
0x140f98964	0xb7411	0x1400b7411	no	0x140071910..0x1400f6e74
0x140f98968	0xa5405	0x1400a5405	no	0x140071910..0x1400f6e74
0x140f9896c	0x7af5d0	0x1407af5d0	yes	0x1407af5d0..0x1407af604
0x140f98970	0x7af604	0x1407af604	yes	0x1407af604..0x1407af77e
0x140f98978	0x80021	0x140080021	no	0x140071910..0x1400f6e74
0x140f9897c	0x4e400	0x14004e400	no	0x14004cf60..0x14005d9a9
0x140f98980	0xcc400	0x1400cc400	no	0x140071910..0x1400f6e74
0x140f98984	0xb7400	0x1400b7400	no	0x140071910..0x1400f6e74
0x140f98988	0xa5400	0x1400a5400	no	0x140071910..0x1400f6e74
0x140f9898c	0x7af5d0	0x1407af5d0	yes	0x1407af5d0..0x1407af604
0x140f98990	0x7af604	0x1407af604	yes	0x1407af604..0x1407af77e
0x140f9899c	0x7af5d0	0x1407af5d0	yes	0x1407af5d0..0x1407af604
0x140f989a0	0x7af604	0x1407af604	yes	0x1407af604..0x1407af77e
0x140f989a8	0x91a11	0x140091a11	no	0x140071910..0x1400f6e74
0x140f989ac	0x18641a	0x14018641a	no	0x1400f6eb0..0x1401934a2
0x140f989b0	0x17341a	0x14017341a	no	0x1400f6eb0..0x1401934a2
0x140f989b4	0x12011a	0x14012011a	no	0x1400f6eb0..0x1401934a2
0x140f989bc	0x500b	0x14000500b	no	0x1400019d0..0x14001bde5
0x140f989c0	0x7b3fa8	0x1407b3fa8	yes	0x1407b3fa8..0x1407b4067
0x140f989d8	0x7b1b18	0x1407b1b18	yes	0x1407b1b18..0x1407b1b4a
0x140f989e8	0x7d9fbc	0x1407d9fbc	no	NO-FUNCTION
0x140f98a00	0x700800	0x140700800	no	0x1406dacb0..0x140720697
0x140f98a08	0x10027d	0x14010027d	no	0x1400f6eb0..0x1401934a2
0x140f98a0c	0x61419	0x140061419	no	0x14005d9b0..0x140071526
0x140f98a10	0xb6414	0x1400b6414	no	0x140071910..0x1400f6e74
0x140f98a14	0x93414	0x140093414	no	0x140071910..0x1400f6e74
0x140f98a1c	0x7b3fa8	0x1407b3fa8	yes	0x1407b3fa8..0x1407b4067
0x140f98a3c	0x7da018	0x1407da018	yes	0x1407da018..0x1407da065
0x140f98a4c	0xc340a	0x1400c340a	no	0x140071910..0x1400f6e74
0x140f98a50	0xc1c11	0x1400c1c11	no	0x140071910..0x1400f6e74
0x140f98a54	0xc641c	0x1400c641c	no	0x140071910..0x1400f6e74
0x140f98a58	0xb541c	0x1400b541c	no	0x140071910..0x1400f6e74
0x140f98a5c	0xa341c	0x1400a341c	no	0x140071910..0x1400f6e74
0x140f98a6c	0x7b3fa8	0x1407b3fa8	yes	0x1407b3fa8..0x1407b4067
0x140f98a8c	0xc1c01	0x1400c1c01	no	0x140071910..0x1400f6e74
0x140f98a90	0xc641c	0x1400c641c	no	0x140071910..0x1400f6e74
0x140f98a94	0xb541c	0x1400b541c	no	0x140071910..0x1400f6e74
0x140f98a98	0xa341c	0x1400a341c	no	0x140071910..0x1400f6e74
0x140f98aa8	0xc1c11	0x1400c1c11	no	0x140071910..0x1400f6e74
0x140f98aac	0xc641c	0x1400c641c	no	0x140071910..0x1400f6e74
0x140f98ab0	0xb541c	0x1400b541c	no	0x140071910..0x1400f6e74
0x140f98ab4	0xa341c	0x1400a341c	no	0x140071910..0x1400f6e74
0x140f98ac4	0x7b3fa8	0x1407b3fa8	yes	0x1407b3fa8..0x1407b4067
0x140f98adc	0x60f01	0x140060f01	no	0x14005d9b0..0x140071526
0x140f98ae0	0x9540f	0x14009540f	no	0x140071910..0x1400f6e74
0x140f98ae4	0x8340f	0x14008340f	no	0x140071910..0x1400f6e74
0x140f98aec	0x40d21	0x140040d21	no	0x14002a6f0..0x1400431ac
0x140f98af0	0x7e40d	0x14007e40d	no	0x140071910..0x1400f6e74
0x140f98af4	0x67405	0x140067405	no	0x14005d9b0..0x140071526
0x140f98af8	0x7b0020	0x1407b0020	yes	0x1407b0020..0x1407b0048
0x140f98afc	0x7b0048	0x1407b0048	yes	0x1407b0048..0x1407b0153
0x140f98b08	0x7b0020	0x1407b0020	yes	0x1407b0020..0x1407b0048
0x140f98b0c	0x7b0048	0x1407b0048	yes	0x1407b0048..0x1407b0153
0x140f98b14	0x40021	0x140040021	no	0x14002a6f0..0x1400431ac
0x140f98b18	0x7e400	0x14007e400	no	0x140071910..0x1400f6e74
0x140f98b1c	0x67400	0x140067400	no	0x14005d9b0..0x140071526
0x140f98b20	0x7b0020	0x1407b0020	yes	0x1407b0020..0x1407b0048
0x140f98b24	0x7b0048	0x1407b0048	yes	0x1407b0048..0x1407b0153
0x140f98b2c	0x20611	0x140020611	no	0x14001bdf0..0x14002a6e2
0x140f98b34	0x7b3fa8	0x1407b3fa8	yes	0x1407b3fa8..0x1407b4067
0x140f98b4c	0x4000	0x140004000	no	0x1400019d0..0x14001bde5
0x140f98b50	0x60e01	0x140060e01	no	0x14005d9b0..0x140071526
0x140f98b54	0xb640e	0x1400b640e	no	0x140071910..0x1400f6e74
0x140f98b60	0x61321	0x140061321	no	0x14005d9b0..0x140071526
0x140f98b64	0xae413	0x1400ae413	no	0x140071910..0x1400f6e74
0x140f98b68	0x9540a	0x14009540a	no	0x140071910..0x1400f6e74
0x140f98b6c	0x83405	0x140083405	no	0x140071910..0x1400f6e74
0x140f98b70	0x7b0270	0x1407b0270	yes	0x1407b0270..0x1407b02a3
0x140f98b74	0x7b02a3	0x1407b02a3	yes	0x1407b02a3..0x1407b03ff
0x140f98b7c	0x60021	0x140060021	no	0x14005d9b0..0x140071526
0x140f98b80	0xae400	0x1400ae400	no	0x140071910..0x1400f6e74
0x140f98b84	0x95400	0x140095400	no	0x140071910..0x1400f6e74
0x140f98b88	0x83400	0x140083400	no	0x140071910..0x1400f6e74
0x140f98b8c	0x7b0270	0x1407b0270	yes	0x1407b0270..0x1407b02a3
0x140f98b90	0x7b02a3	0x1407b02a3	yes	0x1407b02a3..0x1407b03ff
0x140f98b9c	0x7b0270	0x1407b0270	yes	0x1407b0270..0x1407b02a3
0x140f98ba0	0x7b02a3	0x1407b02a3	yes	0x1407b02a3..0x1407b03ff
0x140f98ba8	0x60e01	0x140060e01	no	0x14005d9b0..0x140071526
0x140f98bac	0xb340e	0x1400b340e	no	0x140071910..0x1400f6e74
0x140f98bb8	0x61321	0x140061321	no	0x14005d9b0..0x140071526
0x140f98bbc	0xaf413	0x1400af413	no	0x140071910..0x1400f6e74
0x140f98bc0	0x9740e	0x14009740e	no	0x140071910..0x1400f6e74
0x140f98bc4	0x85405	0x140085405	no	0x140071910..0x1400f6e74
0x140f98bc8	0x7b0420	0x1407b0420	yes	0x1407b0420..0x1407b0453
0x140f98bcc	0x7b0453	0x1407b0453	yes	0x1407b0453..0x1407b0585
0x140f98bd4	0x60021	0x140060021	no	0x14005d9b0..0x140071526
0x140f98bd8	0xaf400	0x1400af400	no	0x140071910..0x1400f6e74
0x140f98bdc	0x97400	0x140097400	no	0x140071910..0x1400f6e74
0x140f98be0	0x85400	0x140085400	no	0x140071910..0x1400f6e74
0x140f98be4	0x7b0420	0x1407b0420	yes	0x1407b0420..0x1407b0453
0x140f98be8	0x7b0453	0x1407b0453	yes	0x1407b0453..0x1407b0585
0x140f98bf4	0x7b0420	0x1407b0420	yes	0x1407b0420..0x1407b0453
0x140f98bf8	0x7b0453	0x1407b0453	yes	0x1407b0453..0x1407b0585
0x140f98c00	0x20619	0x140020619	no	0x14001bdf0..0x14002a6e2
0x140f98c08	0x7b3fa8	0x1407b3fa8	yes	0x1407b3fa8..0x1407b4067
0x140f98c14	0x120200	0x140120200	no	0x1400f6eb0..0x1401934a2
0x140f98c1c	0x10409	0x140010409	no	0x1400019d0..0x14001bde5
0x140f98c20	0x2204	0x140002204	no	0x1400019d0..0x14001bde5
0x140f98c24	0x7b441c	0x1407b441c	yes	0x1407b441c..0x1407b4627
0x140f98c2c	0x7b082f	0x1407b082f	no	0x1407b0828..0x1407b08c0
0x140f98c30	0x7b08b9	0x1407b08b9	no	0x1407b0828..0x1407b08c0
0x140f98c34	0x7da065	0x1407da065	yes	0x1407da065..0x1407da07d
0x140f98c38	0x7b08b9	0x1407b08b9	no	0x1407b0828..0x1407b08c0
0x140f98c3c	0x10201	0x140010201	no	0x1400019d0..0x14001bde5
0x140f98c40	0x5002	0x140005002	no	0x1400019d0..0x14001bde5
0x140f98c44	0x10801	0x140010801	no	0x1400019d0..0x14001bde5
0x140f98c48	0x4208	0x140004208	no	0x1400019d0..0x14001bde5
0x140f98c4c	0x10901	0x140010901	no	0x1400019d0..0x14001bde5
0x140f98c50	0x6209	0x140006209	no	0x1400019d0..0x14001bde5
0x140f98c54	0x40a01	0x140040a01	no	0x14002a6f0..0x1400431ac
0x140f98c58	0xd340a	0x1400d340a	no	0x140071910..0x1400f6e74
0x140f98c60	0x40801	0x140040801	no	0x14002a6f0..0x1400431ac
0x140f98c6c	0x60f09	0x140060f09	no	0x14005d9b0..0x140071526
0x140f98c70	0x9640f	0x14009640f	no	0x140071910..0x1400f6e74
0x140f98c74	0x8340f	0x14008340f	no	0x140071910..0x1400f6e74
0x140f98c7c	0x7b441c	0x1407b441c	yes	0x1407b441c..0x1407b4627
0x140f98c84	0x7b0fb1	0x1407b0fb1	no	0x1407b0f88..0x1407b1104
0x140f98c88	0x7b10b6	0x1407b10b6	no	0x1407b0f88..0x1407b1104
0x140f98c8c	0x7da07d	0x1407da07d	yes	0x1407da07d..0x1407da09b
0x140f98c90	0x7b10b6	0x1407b10b6	no	0x1407b0f88..0x1407b1104
0x140f98c94	0x7b10ea	0x1407b10ea	no	0x1407b0f88..0x1407b1104
0x140f98c98	0x7b10fc	0x1407b10fc	no	0x1407b0f88..0x1407b1104
0x140f98c9c	0x7da07d	0x1407da07d	yes	0x1407da07d..0x1407da09b
0x140f98ca0	0x7b10b6	0x1407b10b6	no	0x1407b0f88..0x1407b1104
0x140f98ca4	0x60f01	0x140060f01	no	0x14005d9b0..0x140071526
0x140f98ca8	0x6640f	0x14006640f	no	0x14005d9b0..0x140071526
0x140f98cac	0x5340f	0x14005340f	no	0x14004cf60..0x14005d9a9
0x140f98cb4	0x51501	0x140051501	no	0x14004cf60..0x14005d9a9
0x140f98cc0	0x5006	0x140005006	no	0x1400019d0..0x14001bde5
0x140f98cc4	0x10419	0x140010419	no	0x1400019d0..0x14001bde5
0x140f98cc8	0x4204	0x140004204	no	0x1400019d0..0x14001bde5
0x140f98ccc	0x7b3fa8	0x1407b3fa8	yes	0x1407b3fa8..0x1407b4067
0x140f98cec	0x7da09b	0x1407da09b	yes	0x1407da09b..0x1407da0b9
0x140f98cf4	0x20a19	0x140020a19	no	0x14001bdf0..0x14002a6e2
0x140f98cfc	0x7b3fa8	0x1407b3fa8	yes	0x1407b3fa8..0x1407b4067
0x140f98d10	0x40d01	0x140040d01	no	0x14002a6f0..0x1400431ac
0x140f98d14	0x9340d	0x14009340d	no	0x140071910..0x1400f6e74
0x140f98d2c	0x10401	0x140010401	no	0x1400019d0..0x14001bde5
0x140f98d30	0x2204	0x140002204	no	0x1400019d0..0x14001bde5
0x140f98d34	0x40a01	0x140040a01	no	0x14002a6f0..0x1400431ac
0x140f98d38	0xc340a	0x1400c340a	no	0x140071910..0x1400f6e74
0x140f98d40	0x61f19	0x140061f19	no	0x14005d9b0..0x140071526
0x140f98d44	0x106410	0x140106410	no	0x1400f6eb0..0x1401934a2
0x140f98d48	0xf3410	0x1400f3410	no	0x140071910..0x1400f6e74
0x140f98d50	0x7d80f8	0x1407d80f8	yes	0x1407d80f8..0x1407d8177
0x140f98d6c	0x20611	0x140020611	no	0x14001bdf0..0x14002a6e2
0x140f98d74	0x7b3fa8	0x1407b3fa8	yes	0x1407b3fa8..0x1407b4067
0x140f98d84	0x180200	0x140180200	no	0x1400f6eb0..0x1401934a2
0x140f98d88	0x10411	0x140010411	no	0x1400019d0..0x14001bde5
0x140f98d8c	0x4204	0x140004204	no	0x1400019d0..0x14001bde5
0x140f98d90	0x7b3fa8	0x1407b3fa8	yes	0x1407b3fa8..0x1407b4067
0x140f98da4	0x60f01	0x140060f01	no	0x14005d9b0..0x140071526
0x140f98da8	0x7540f	0x14007540f	no	0x140071910..0x1400f6e74
0x140f98dac	0x6340f	0x14006340f	no	0x14005d9b0..0x140071526
0x140f98db4	0x81411	0x140081411	no	0x140071910..0x1400f6e74
0x140f98db8	0x96414	0x140096414	no	0x140071910..0x1400f6e74
0x140f98dbc	0x85414	0x140085414	no	0x140071910..0x1400f6e74
0x140f98dc0	0x73414	0x140073414	no	0x140071910..0x1400f6e74
0x140f98dc8	0x7b3fa8	0x1407b3fa8	yes	0x1407b3fa8..0x1407b4067
0x140f98de8	0x40a19	0x140040a19	no	0x14002a6f0..0x1400431ac
0x140f98dec	0x6340a	0x14006340a	no	0x14005d9b0..0x140071526
0x140f98df4	0x7b3fa8	0x1407b3fa8	yes	0x1407b3fa8..0x1407b4067
0x140f98e00	0x400200	0x140400200	no	NO-FUNCTION
0x140f98e04	0xa1901	0x1400a1901	no	0x140071910..0x1400f6e74
0x140f98e08	0x97419	0x140097419	no	0x140071910..0x1400f6e74
0x140f98e0c	0x86419	0x140086419	no	0x140071910..0x1400f6e74
0x140f98e10	0x75419	0x140075419	no	0x140071910..0x1400f6e74
0x140f98e14	0x63419	0x140063419	no	0x14005d9b0..0x140071526
0x140f98e1c	0x60c01	0x140060c01	no	0x14005d9b0..0x140071526
0x140f98e20	0xc340c	0x1400c340c	no	0x140071910..0x1400f6e74
0x140f98e2c	0x21519	0x140021519	no	0x14001bdf0..0x14002a6e2
0x140f98e34	0x7d807c	0x1407d807c	yes	0x1407d807c..0x1407d8099
0x140f98e3c	0x81201	0x140081201	no	0x140071910..0x1400f6e74
0x140f98e40	0xf5412	0x1400f5412	no	0x140071910..0x1400f6e74
0x140f98e44	0xc3412	0x1400c3412	no	0x140071910..0x1400f6e74
0x140f98e50	0x10411	0x140010411	no	0x1400019d0..0x14001bde5
0x140f98e54	0x4204	0x140004204	no	0x1400019d0..0x14001bde5
0x140f98e58	0x7b3fa8	0x1407b3fa8	yes	0x1407b3fa8..0x1407b4067
0x140f98e6c	0x60f01	0x140060f01	no	0x14005d9b0..0x140071526
0x140f98e70	0xa640f	0x1400a640f	no	0x140071910..0x1400f6e74
0x140f98e74	0x9340f	0x14009340f	no	0x140071910..0x1400f6e74
0x140f98e80	0x13c41f	0x14013c41f	no	0x1400f6eb0..0x1401934a2
0x140f98e84	0x12741b	0x14012741b	no	0x1400f6eb0..0x1401934a2
0x140f98e88	0x116417	0x140116417	no	0x1400f6eb0..0x1401934a2
0x140f98e8c	0x103413	0x140103413	no	0x1400f6eb0..0x1401934a2
0x140f98e98	0x5002	0x140005002	no	0x1400019d0..0x14001bde5
0x140f98e9c	0x7d807c	0x1407d807c	yes	0x1407d807c..0x1407d8099
0x140f98ea4	0x10101	0x140010101	no	0x1400019d0..0x14001bde5
0x140f98ec4	0x5001	0x140005001	no	0x1400019d0..0x14001bde5
0x140f98ee0	0x5001	0x140005001	no	0x1400019d0..0x14001bde5
0x140f98efc	0x5001	0x140005001	no	0x1400019d0..0x14001bde5
0x140f98f18	0x5001	0x140005001	no	0x1400019d0..0x14001bde5
0x140f98f34	0x5001	0x140005001	no	0x1400019d0..0x14001bde5
0x140f98f38	0x20701	0x140020701	no	0x14001bdf0..0x14002a6e2
0x140f98f3c	0x290107	0x140290107	no	NO-FUNCTION
0x140f98f58	0x5001	0x140005001	no	0x1400019d0..0x14001bde5
0x140f98f74	0x5001	0x140005001	no	0x1400019d0..0x14001bde5
0x140f98f90	0x5001	0x140005001	no	0x1400019d0..0x14001bde5
0x140f98f94	0x7b3f20	0x1407b3f20	yes	0x1407b3f20..0x1407b3fa6
0x140f98f9c	0x91c01	0x140091c01	no	0x140071910..0x1400f6e74
0x140f98fb0	0x5006	0x140005006	no	0x1400019d0..0x14001bde5
0x140f98fd0	0x5580	0x140005580	no	0x1400019d0..0x14001bde5
0x140f98fe0	0xf6e80	0x1400f6e80	yes	0x1400f6e80..0x1400f6ea8
0x140f98fe4	0x71910	0x140071910	yes	0x140071910..0x1400f6e74
0x140f98fec	0x91e0b	0x140091e0b	no	0x140071910..0x1400f6e74
0x140f98ff4	0x91e1e	0x140091e1e	no	0x140071910..0x1400f6e74
0x140f99014	0x5001	0x140005001	no	0x1400019d0..0x14001bde5
0x140f99030	0x5001	0x140005001	no	0x1400019d0..0x14001bde5
0x140f99040	0x7b3f20	0x1407b3f20	yes	0x1407b3f20..0x1407b3fa6
0x140f99048	0x21101	0x140021101	no	0x14001bdf0..0x14002a6e2
0x140f99050	0x21101	0x140021101	no	0x14001bdf0..0x14002a6e2
0x140f99058	0x21101	0x140021101	no	0x14001bdf0..0x14002a6e2
0x140f99060	0x21101	0x140021101	no	0x14001bdf0..0x14002a6e2
0x140f99094	0x197830	0x140197830	yes	0x140197830..0x140197851
0x140f9909c	0x197800	0x140197800	yes	0x140197800..0x140197821
0x140f990a4	0x1977d0	0x1401977d0	yes	0x1401977d0..0x1401977f1
0x140f990ac	0x1977a0	0x1401977a0	yes	0x1401977a0..0x1401977c1
0x140f990b0	0x197550	0x140197550	yes	0x140197550..0x14019779c
0x140f990b8	0x197581	0x140197581	no	0x140197550..0x14019779c
0x140f990c0	0x19758f	0x14019758f	no	0x140197550..0x14019779c
0x140f990c8	0x1975a4	0x1401975a4	no	0x140197550..0x14019779c
0x140f990d0	0x1975b9	0x1401975b9	no	0x140197550..0x14019779c
0x140f990d8	0x197693	0x140197693	no	0x140197550..0x14019779c
0x140f990ec	0x7b3f20	0x1407b3f20	yes	0x1407b3f20..0x1407b3fa6
0x140f990f4	0x21101	0x140021101	no	0x14001bdf0..0x14002a6e2
0x140f990fc	0x21101	0x140021101	no	0x14001bdf0..0x14002a6e2
0x140f99104	0x21101	0x140021101	no	0x14001bdf0..0x14002a6e2
0x140f9910c	0x21101	0x140021101	no	0x14001bdf0..0x14002a6e2
0x140f99140	0x197d20	0x140197d20	yes	0x140197d20..0x140197d41
0x140f99148	0x197cf0	0x140197cf0	yes	0x140197cf0..0x140197d11
0x140f99150	0x197cc0	0x140197cc0	yes	0x140197cc0..0x140197ce1
0x140f99158	0x197c90	0x140197c90	yes	0x140197c90..0x140197cb1
0x140f9915c	0x197a10	0x140197a10	yes	0x140197a10..0x140197c85
0x140f99164	0x197a41	0x140197a41	no	0x140197a10..0x140197c85
0x140f9916c	0x197a4f	0x140197a4f	no	0x140197a10..0x140197c85
0x140f99174	0x197a64	0x140197a64	no	0x140197a10..0x140197c85
0x140f9917c	0x197aa2	0x140197aa2	no	0x140197a10..0x140197c85
0x140f99184	0x197c18	0x140197c18	no	0x140197a10..0x140197c85
0x140f991a4	0x5001	0x140005001	no	0x1400019d0..0x14001bde5
0x140f991c0	0x5001	0x140005001	no	0x1400019d0..0x14001bde5
0x140f991dc	0x5001	0x140005001	no	0x1400019d0..0x14001bde5
0x140f991f8	0x5001	0x140005001	no	0x1400019d0..0x14001bde5
0x140f99208	0x7b3f20	0x1407b3f20	yes	0x1407b3f20..0x1407b3fa6
0x140f99210	0x21101	0x140021101	no	0x14001bdf0..0x14002a6e2
0x140f99218	0x21101	0x140021101	no	0x14001bdf0..0x14002a6e2
0x140f99220	0x21101	0x140021101	no	0x14001bdf0..0x14002a6e2
0x140f99228	0x21101	0x140021101	no	0x14001bdf0..0x14002a6e2
0x140f99230	0x21101	0x140021101	no	0x14001bdf0..0x14002a6e2
0x140f99238	0x21101	0x140021101	no	0x14001bdf0..0x14002a6e2
0x140f99240	0x21101	0x140021101	no	0x14001bdf0..0x14002a6e2
0x140f99248	0x21101	0x140021101	no	0x14001bdf0..0x14002a6e2
0x140f99250	0x21101	0x140021101	no	0x14001bdf0..0x14002a6e2
0x140f99258	0x21101	0x140021101	no	0x14001bdf0..0x14002a6e2
0x140f99260	0x21101	0x140021101	no	0x14001bdf0..0x14002a6e2
0x140f99268	0x21101	0x140021101	no	0x14001bdf0..0x14002a6e2
0x140f99270	0x21101	0x140021101	no	0x14001bdf0..0x14002a6e2
0x140f99278	0x21101	0x140021101	no	0x14001bdf0..0x14002a6e2
0x140f99280	0x21101	0x140021101	no	0x14001bdf0..0x14002a6e2
0x140f99288	0x21101	0x140021101	no	0x14001bdf0..0x14002a6e2
0x140f99290	0x21101	0x140021101	no	0x14001bdf0..0x14002a6e2
0x140f99298	0x21101	0x140021101	no	0x14001bdf0..0x14002a6e2
0x140f992a0	0x21101	0x140021101	no	0x14001bdf0..0x14002a6e2
0x140f992a8	0x21101	0x140021101	no	0x14001bdf0..0x14002a6e2
0x140f992b0	0x21101	0x140021101	no	0x14001bdf0..0x14002a6e2
0x140f992b8	0x21101	0x140021101	no	0x14001bdf0..0x14002a6e2
0x140f992c0	0x21101	0x140021101	no	0x14001bdf0..0x14002a6e2
0x140f992c8	0x21101	0x140021101	no	0x14001bdf0..0x14002a6e2
0x140f992ec	0x2458	0x140002458	no	0x1400019d0..0x14001bde5
0x140f992fc	0x384350	0x140384350	yes	0x140384350..0x140384374
0x140f99304	0x384320	0x140384320	yes	0x140384320..0x140384344
0x140f9930c	0x3842f0	0x1403842f0	yes	0x1403842f0..0x140384314
0x140f99314	0x3842c0	0x1403842c0	yes	0x1403842c0..0x1403842e4
0x140f9931c	0x384290	0x140384290	yes	0x140384290..0x1403842b4
0x140f99324	0x384260	0x140384260	yes	0x140384260..0x140384284
0x140f9932c	0x384230	0x140384230	yes	0x140384230..0x140384254
0x140f99334	0x384200	0x140384200	yes	0x140384200..0x140384224
0x140f9933c	0x3841d0	0x1403841d0	yes	0x1403841d0..0x1403841f4
0x140f99344	0x3841a0	0x1403841a0	yes	0x1403841a0..0x1403841c4
0x140f9934c	0x384170	0x140384170	yes	0x140384170..0x140384194
0x140f99354	0x384140	0x140384140	yes	0x140384140..0x140384164
0x140f9935c	0x384110	0x140384110	yes	0x140384110..0x140384134
0x140f99364	0x3840e0	0x1403840e0	yes	0x1403840e0..0x140384104
0x140f9936c	0x3840b0	0x1403840b0	yes	0x1403840b0..0x1403840d4
0x140f99374	0x384080	0x140384080	yes	0x140384080..0x1403840a4
0x140f9937c	0x384050	0x140384050	yes	0x140384050..0x140384074
0x140f99384	0x384020	0x140384020	yes	0x140384020..0x140384044
0x140f9938c	0x383ff0	0x140383ff0	yes	0x140383ff0..0x140384014
0x140f99394	0x383fc0	0x140383fc0	yes	0x140383fc0..0x140383fe4
0x140f9939c	0x383f90	0x140383f90	yes	0x140383f90..0x140383fb4
0x140f993a4	0x383f60	0x140383f60	yes	0x140383f60..0x140383f84
0x140f993ac	0x383f30	0x140383f30	yes	0x140383f30..0x140383f54
0x140f993b4	0x383f00	0x140383f00	yes	0x140383f00..0x140383f24
0x140f993b8	0x37cb90	0x14037cb90	yes	0x14037cb90..0x140383f00
0x140f993c0	0x37cc12	0x14037cc12	no	0x14037cb90..0x140383f00
0x140f993c8	0x37cc38	0x14037cc38	no	0x14037cb90..0x140383f00
0x140f993d0	0x37cc50	0x14037cc50	no	0x14037cb90..0x140383f00
0x140f993d8	0x37cc68	0x14037cc68	no	0x14037cb90..0x140383f00
0x140f993e0	0x37cc80	0x14037cc80	no	0x14037cb90..0x140383f00
0x140f993e8	0x37cc98	0x14037cc98	no	0x14037cb90..0x140383f00
0x140f993f0	0x37ccb0	0x14037ccb0	no	0x14037cb90..0x140383f00
0x140f993f8	0x37ccc8	0x14037ccc8	no	0x14037cb90..0x140383f00
0x140f99400	0x37cce0	0x14037cce0	no	0x14037cb90..0x140383f00
0x140f99408	0x37ccf8	0x14037ccf8	no	0x14037cb90..0x140383f00
0x140f99410	0x37cd10	0x14037cd10	no	0x14037cb90..0x140383f00
0x140f99418	0x37cd28	0x14037cd28	no	0x14037cb90..0x140383f00
0x140f99420	0x37cd40	0x14037cd40	no	0x14037cb90..0x140383f00
0x140f99428	0x37cd58	0x14037cd58	no	0x14037cb90..0x140383f00
0x140f99430	0x37cd6b	0x14037cd6b	no	0x14037cb90..0x140383f00
0x140f99438	0x37ce15	0x14037ce15	no	0x14037cb90..0x140383f00
0x140f99440	0x37d078	0x14037d078	no	0x14037cb90..0x140383f00
0x140f99448	0x37d206	0x14037d206	no	0x14037cb90..0x140383f00
0x140f99450	0x37d28f	0x14037d28f	no	0x14037cb90..0x140383f00
0x140f99458	0x37d315	0x14037d315	no	0x14037cb90..0x140383f00
0x140f99460	0x37d412	0x14037d412	no	0x14037cb90..0x140383f00
0x140f99468	0x37d4b8	0x14037d4b8	no	0x14037cb90..0x140383f00
0x140f99470	0x37d8ec	0x14037d8ec	no	0x14037cb90..0x140383f00
0x140f99478	0x37d904	0x14037d904	no	0x14037cb90..0x140383f00
0x140f99480	0x37d91c	0x14037d91c	no	0x14037cb90..0x140383f00
0x140f99488	0x37d968	0x14037d968	no	0x14037cb90..0x140383f00
0x140f99490	0x37db88	0x14037db88	no	0x14037cb90..0x140383f00
0x140f99498	0x37db9f	0x14037db9f	no	0x14037cb90..0x140383f00
0x140f994a0	0x37dbb7	0x14037dbb7	no	0x14037cb90..0x140383f00
0x140f994a8	0x37dcfd	0x14037dcfd	no	0x14037cb90..0x140383f00
0x140f994b0	0x37e53d	0x14037e53d	no	0x14037cb90..0x140383f00
0x140f994b8	0x37e5e8	0x14037e5e8	no	0x14037cb90..0x140383f00
0x140f994c0	0x37e5f0	0x14037e5f0	no	0x14037cb90..0x140383f00
0x140f994c8	0x37e612	0x14037e612	no	0x14037cb90..0x140383f00
0x140f994d0	0x37e6c1	0x14037e6c1	no	0x14037cb90..0x140383f00
0x140f994d8	0x37e783	0x14037e783	no	0x14037cb90..0x140383f00
0x140f994e0	0x37e974	0x14037e974	no	0x14037cb90..0x140383f00
0x140f994e8	0x37e9e2	0x14037e9e2	no	0x14037cb90..0x140383f00
0x140f994f0	0x37ea33	0x14037ea33	no	0x14037cb90..0x140383f00
0x140f994f8	0x37eaa1	0x14037eaa1	no	0x14037cb90..0x140383f00
0x140f99500	0x37eaf2	0x14037eaf2	no	0x14037cb90..0x140383f00
0x140f99508	0x37eb74	0x14037eb74	no	0x14037cb90..0x140383f00
0x140f99510	0x37eba1	0x14037eba1	no	0x14037cb90..0x140383f00
0x140f99518	0x37ec68	0x14037ec68	no	0x14037cb90..0x140383f00
0x140f99520	0x37ecb2	0x14037ecb2	no	0x14037cb90..0x140383f00
0x140f99528	0x37ed20	0x14037ed20	no	0x14037cb90..0x140383f00
0x140f99530	0x37ef31	0x14037ef31	no	0x14037cb90..0x140383f00
0x140f99538	0x37ef79	0x14037ef79	no	0x14037cb90..0x140383f00
0x140f99540	0x37f132	0x14037f132	no	0x14037cb90..0x140383f00
0x140f99548	0x37f3f0	0x14037f3f0	no	0x14037cb90..0x140383f00
0x140f9955c	0x5001	0x140005001	no	0x1400019d0..0x14001bde5
0x140f99560	0x7b3f20	0x1407b3f20	yes	0x1407b3f20..0x1407b3fa6
0x140f99568	0x31201	0x140031201	no	0x14002a6f0..0x1400431ac
0x140f99570	0x5006	0x140005006	no	0x1400019d0..0x14001bde5
0x140f99574	0x31201	0x140031201	no	0x14002a6f0..0x1400431ac
0x140f9957c	0x5006	0x140005006	no	0x1400019d0..0x14001bde5
0x140f99580	0x31201	0x140031201	no	0x14002a6f0..0x1400431ac
0x140f99588	0x5006	0x140005006	no	0x1400019d0..0x14001bde5
0x140f9958c	0x31201	0x140031201	no	0x14002a6f0..0x1400431ac
0x140f99594	0x5006	0x140005006	no	0x1400019d0..0x14001bde5
0x140f995c4	0x384a50	0x140384a50	yes	0x140384a50..0x140384a76
0x140f995cc	0x384a20	0x140384a20	yes	0x140384a20..0x140384a43
0x140f995d4	0x3849f0	0x1403849f0	yes	0x1403849f0..0x140384a16
0x140f995dc	0x3849c0	0x1403849c0	yes	0x1403849c0..0x1403849e6
0x140f995e0	0x384540	0x140384540	yes	0x140384540..0x1403849be
0x140f995e8	0x3847a0	0x1403847a0	no	0x140384540..0x1403849be
0x140f995f0	0x384825	0x140384825	no	0x140384540..0x1403849be
0x140f995f8	0x384838	0x140384838	no	0x140384540..0x1403849be
0x140f99600	0x384909	0x140384909	no	0x140384540..0x1403849be
0x140f99608	0x384917	0x140384917	no	0x140384540..0x1403849be
0x140f99610	0x38493a	0x14038493a	no	0x140384540..0x1403849be
0x140f99618	0x38496a	0x14038496a	no	0x140384540..0x1403849be
0x140f99638	0x5001	0x140005001	no	0x1400019d0..0x14001bde5
0x140f99648	0x7b3f20	0x1407b3f20	yes	0x1407b3f20..0x1407b3fa6
0x140f99650	0x21101	0x140021101	no	0x14001bdf0..0x14002a6e2
0x140f99658	0x21101	0x140021101	no	0x14001bdf0..0x14002a6e2
0x140f99660	0x21101	0x140021101	no	0x14001bdf0..0x14002a6e2
0x140f99668	0x21101	0x140021101	no	0x14001bdf0..0x14002a6e2
0x140f99670	0x21101	0x140021101	no	0x14001bdf0..0x14002a6e2
0x140f99678	0x21101	0x140021101	no	0x14001bdf0..0x14002a6e2
0x140f99680	0x21101	0x140021101	no	0x14001bdf0..0x14002a6e2
0x140f99688	0x21101	0x140021101	no	0x14001bdf0..0x14002a6e2
0x140f996bc	0x3a9360	0x1403a9360	yes	0x1403a9360..0x1403a9384
0x140f996c4	0x3a9330	0x1403a9330	yes	0x1403a9330..0x1403a9354
0x140f996cc	0x3a9300	0x1403a9300	yes	0x1403a9300..0x1403a9324
0x140f996d4	0x3a92d0	0x1403a92d0	yes	0x1403a92d0..0x1403a92f4
0x140f996dc	0x3a92a0	0x1403a92a0	yes	0x1403a92a0..0x1403a92c4
0x140f996e4	0x3a9270	0x1403a9270	yes	0x1403a9270..0x1403a9294
0x140f996ec	0x3a9240	0x1403a9240	yes	0x1403a9240..0x1403a9264
0x140f996f4	0x3a9210	0x1403a9210	yes	0x1403a9210..0x1403a9234
0x140f996f8	0x3a86a0	0x1403a86a0	yes	0x1403a86a0..0x1403a9201
0x140f99700	0x3a8706	0x1403a8706	no	0x1403a86a0..0x1403a9201
0x140f99708	0x3a872c	0x1403a872c	no	0x1403a86a0..0x1403a9201
0x140f99710	0x3a8744	0x1403a8744	no	0x1403a86a0..0x1403a9201
0x140f99718	0x3a875c	0x1403a875c	no	0x1403a86a0..0x1403a9201
0x140f99720	0x3a8774	0x1403a8774	no	0x1403a86a0..0x1403a9201
0x140f99728	0x3a878c	0x1403a878c	no	0x1403a86a0..0x1403a9201
0x140f99730	0x3a87e0	0x1403a87e0	no	0x1403a86a0..0x1403a9201
0x140f99738	0x3a89e8	0x1403a89e8	no	0x1403a86a0..0x1403a9201
0x140f99740	0x3a8abb	0x1403a8abb	no	0x1403a86a0..0x1403a9201
0x140f99748	0x3a8b06	0x1403a8b06	no	0x1403a86a0..0x1403a9201
0x140f99750	0x3a8c9e	0x1403a8c9e	no	0x1403a86a0..0x1403a9201
0x140f99758	0x3a8ec2	0x1403a8ec2	no	0x1403a86a0..0x1403a9201
0x140f99760	0x3a8f81	0x1403a8f81	no	0x1403a86a0..0x1403a9201
0x140f99768	0x3a8fa8	0x1403a8fa8	no	0x1403a86a0..0x1403a9201
0x140f9977c	0x7b3f20	0x1407b3f20	yes	0x1407b3f20..0x1407b3fa6
0x140f99784	0x21101	0x140021101	no	0x14001bdf0..0x14002a6e2
0x140f9978c	0x21101	0x140021101	no	0x14001bdf0..0x14002a6e2
0x140f99794	0x21101	0x140021101	no	0x14001bdf0..0x14002a6e2
0x140f9979c	0x21101	0x140021101	no	0x14001bdf0..0x14002a6e2
0x140f997a4	0x21101	0x140021101	no	0x14001bdf0..0x14002a6e2
0x140f997ac	0x21101	0x140021101	no	0x14001bdf0..0x14002a6e2
0x140f997b4	0x21101	0x140021101	no	0x14001bdf0..0x14002a6e2
0x140f997e8	0x3ae9f0	0x1403ae9f0	yes	0x1403ae9f0..0x1403aea14
0x140f997f0	0x3ae9c0	0x1403ae9c0	yes	0x1403ae9c0..0x1403ae9e4
0x140f997f8	0x3ae990	0x1403ae990	yes	0x1403ae990..0x1403ae9b4
0x140f99800	0x3ae960	0x1403ae960	yes	0x1403ae960..0x1403ae984
0x140f99808	0x3ae930	0x1403ae930	yes	0x1403ae930..0x1403ae954
0x140f99810	0x3ae900	0x1403ae900	yes	0x1403ae900..0x1403ae924
0x140f99818	0x3ae8d0	0x1403ae8d0	yes	0x1403ae8d0..0x1403ae8f4
0x140f9981c	0x3a93f0	0x1403a93f0	yes	0x1403a93f0..0x1403ae8c6
0x140f99824	0x3adb43	0x1403adb43	no	0x1403a93f0..0x1403ae8c6
0x140f9982c	0x3adb69	0x1403adb69	no	0x1403a93f0..0x1403ae8c6
0x140f99834	0x3adb81	0x1403adb81	no	0x1403a93f0..0x1403ae8c6
0x140f9983c	0x3adb99	0x1403adb99	no	0x1403a93f0..0x1403ae8c6
0x140f99844	0x3adbb1	0x1403adbb1	no	0x1403a93f0..0x1403ae8c6
0x140f9984c	0x3adbc9	0x1403adbc9	no	0x1403a93f0..0x1403ae8c6
0x140f99854	0x3ae27a	0x1403ae27a	no	0x1403a93f0..0x1403ae8c6
0x140f9985c	0x3ae2ab	0x1403ae2ab	no	0x1403a93f0..0x1403ae8c6
0x140f99864	0x3ae354	0x1403ae354	no	0x1403a93f0..0x1403ae8c6
0x140f9986c	0x3ae5cc	0x1403ae5cc	no	0x1403a93f0..0x1403ae8c6
0x140f99874	0x3ae62e	0x1403ae62e	no	0x1403a93f0..0x1403ae8c6
0x140f9987c	0x3ae65d	0x1403ae65d	no	0x1403a93f0..0x1403ae8c6
0x140f99884	0x3ae767	0x1403ae767	no	0x1403a93f0..0x1403ae8c6
0x140f9988c	0x3ae839	0x1403ae839	no	0x1403a93f0..0x1403ae8c6
0x140f99894	0x10401	0x140010401	no	0x1400019d0..0x14001bde5
0x140f99898	0xa204	0x14000a204	no	0x1400019d0..0x14001bde5
0x140f998b4	0x5001	0x140005001	no	0x1400019d0..0x14001bde5
0x140f998c4	0x7b3f20	0x1407b3f20	yes	0x1407b3f20..0x1407b3fa6
0x140f998cc	0x21101	0x140021101	no	0x14001bdf0..0x14002a6e2
0x140f99900	0x3b3bb0	0x1403b3bb0	yes	0x1403b3bb0..0x1403b3bd1
0x140f99904	0x3b34d0	0x1403b34d0	yes	0x1403b34d0..0x1403b3ba6
0x140f9990c	0x3b3615	0x1403b3615	no	0x1403b34d0..0x1403b3ba6
0x140f99914	0x3b3646	0x1403b3646	no	0x1403b34d0..0x1403b3ba6
0x140f9991c	0x10401	0x140010401	no	0x1400019d0..0x14001bde5
0x140f99920	0x1204	0x140001204	no	0x1400011f0..0x14000120a
0x140f99924	0x20701	0x140020701	no	0x14001bdf0..0x14002a6e2
0x140f9992c	0x10401	0x140010401	no	0x1400019d0..0x14001bde5
0x140f99930	0xe204	0x14000e204	no	0x1400019d0..0x14001bde5
0x140f9994c	0x5001	0x140005001	no	0x1400019d0..0x14001bde5
0x140f99968	0x5001	0x140005001	no	0x1400019d0..0x14001bde5
0x140f9996c	0x7b3f20	0x1407b3f20	yes	0x1407b3f20..0x1407b3fa6
0x140f99974	0x91c01	0x140091c01	no	0x140071910..0x1400f6e74
0x140f99988	0x5006	0x140005006	no	0x1400019d0..0x14001bde5
0x140f999a8	0x1640	0x140001640	no	0x140001630..0x14000164a
0x140f999b8	0x5c16d0	0x1405c16d0	yes	0x1405c16d0..0x1405c16f8
0x140f999bc	0x5a0700	0x1405a0700	yes	0x1405a0700..0x1405c16cf
0x140f999c4	0x5a6aaa	0x1405a6aaa	no	0x1405a0700..0x1405c16cf
0x140f999cc	0x5a6abe	0x1405a6abe	no	0x1405a0700..0x1405c16cf
0x140f999d4	0x5b1dfa	0x1405b1dfa	no	0x1405a0700..0x1405c16cf
0x140f999dc	0x5b1e15	0x1405b1e15	no	0x1405a0700..0x1405c16cf
0x140f999fc	0x5001	0x140005001	no	0x1400019d0..0x14001bde5
0x140f99a00	0x10401	0x140010401	no	0x1400019d0..0x14001bde5
0x140f99a04	0xc204	0x14000c204	no	0x1400019d0..0x14001bde5
0x140f99a08	0x10401	0x140010401	no	0x1400019d0..0x14001bde5
0x140f99a0c	0x3204	0x140003204	no	0x1400019d0..0x14001bde5
0x140f99a10	0x20701	0x140020701	no	0x14001bdf0..0x14002a6e2
0x140f99a14	0x1f0107	0x1401f0107	no	NO-FUNCTION
0x140f99a24	0x7b3f20	0x1407b3f20	yes	0x1407b3f20..0x1407b3fa6
0x140f99a2c	0x21101	0x140021101	no	0x14001bdf0..0x14002a6e2
0x140f99a60	0x5d4660	0x1405d4660	yes	0x1405d4660..0x1405d4681
0x140f99a64	0x5d4550	0x1405d4550	yes	0x1405d4550..0x1405d465d
0x140f99a6c	0x5d45e0	0x1405d45e0	no	0x1405d4550..0x1405d465d
0x140f99a74	0x5d45fb	0x1405d45fb	no	0x1405d4550..0x1405d465d
0x140f99a84	0x5001	0x140005001	no	0x1400019d0..0x14001bde5
0x140f99a88	0x7b3f20	0x1407b3f20	yes	0x1407b3f20..0x1407b3fa6
0x140f99a90	0x20e01	0x140020e01	no	0x14001bdf0..0x14002a6e2
0x140f99ac4	0x5d4bf0	0x1405d4bf0	yes	0x1405d4bf0..0x1405d4c05
0x140f99ac8	0x5d4bb0	0x1405d4bb0	yes	0x1405d4bb0..0x1405d4bf0
0x140f99ad0	0x5d4bd6	0x1405d4bd6	no	0x1405d4bb0..0x1405d4bf0
0x140f99ad8	0x5d4be2	0x1405d4be2	no	0x1405d4bb0..0x1405d4bf0
0x140f99ae8	0x5001	0x140005001	no	0x1400019d0..0x14001bde5
0x140f99aec	0x7b3f20	0x1407b3f20	yes	0x1407b3f20..0x1407b3fa6
0x140f99af4	0x20e01	0x140020e01	no	0x14001bdf0..0x14002a6e2
0x140f99b28	0x5d4d00	0x1405d4d00	yes	0x1405d4d00..0x1405d4d1e
0x140f99b2c	0x5d4cb0	0x1405d4cb0	yes	0x1405d4cb0..0x1405d4cfa
0x140f99b34	0x5d4cdf	0x1405d4cdf	no	0x1405d4cb0..0x1405d4cfa
0x140f99b3c	0x5d4cec	0x1405d4cec	no	0x1405d4cb0..0x1405d4cfa
0x140f99b44	0x20701	0x140020701	no	0x14001bdf0..0x14002a6e2
0x140f99b48	0x130107	0x140130107	no	0x1400f6eb0..0x1401934a2
0x140f99b4c	0x20701	0x140020701	no	0x14001bdf0..0x14002a6e2
0x140f99b50	0x110107	0x140110107	no	0x1400f6eb0..0x1401934a2
0x140f99b60	0x7b3f20	0x1407b3f20	yes	0x1407b3f20..0x1407b3fa6
0x140f99b68	0x21119	0x140021119	no	0x14001bdf0..0x14002a6e2
0x140f99b70	0x7b3f20	0x1407b3f20	yes	0x1407b3f20..0x1407b3fa6
0x140f99bd0	0x5d5550	0x1405d5550	yes	0x1405d5550..0x1405d559e
0x140f99bd8	0x5d5410	0x1405d5410	yes	0x1405d5410..0x1405d5545
0x140f99be0	0x5d54ea	0x1405d54ea	no	0x1405d5410..0x1405d5545
0x140f99be8	0x5d5522	0x1405d5522	no	0x1405d5410..0x1405d5545
0x140f99bf0	0x5d5550	0x1405d5550	yes	0x1405d5550..0x1405d559e
0x140f99c00	0x5001	0x140005001	no	0x1400019d0..0x14001bde5
0x140f99c04	0x7b3f20	0x1407b3f20	yes	0x1407b3f20..0x1407b3fa6
0x140f99c0c	0x21101	0x140021101	no	0x14001bdf0..0x14002a6e2
0x140f99c40	0x5d5a00	0x1405d5a00	yes	0x1405d5a00..0x1405d5a21
0x140f99c44	0x5d5940	0x1405d5940	yes	0x1405d5940..0x1405d59f1
0x140f99c4c	0x5d59ab	0x1405d59ab	no	0x1405d5940..0x1405d59f1
0x140f99c54	0x5d59b7	0x1405d59b7	no	0x1405d5940..0x1405d59f1
0x140f99c64	0x5001	0x140005001	no	0x1400019d0..0x14001bde5
0x140f99c68	0x7b3f20	0x1407b3f20	yes	0x1407b3f20..0x1407b3fa6
0x140f99c70	0x20e01	0x140020e01	no	0x14001bdf0..0x14002a6e2
0x140f99ca4	0x5d5d10	0x1405d5d10	yes	0x1405d5d10..0x1405d5d2e
0x140f99ca8	0x5d5c90	0x1405d5c90	yes	0x1405d5c90..0x1405d5d0e
0x140f99cb0	0x5d5cce	0x1405d5cce	no	0x1405d5c90..0x1405d5d0e
0x140f99cb8	0x5d5cd7	0x1405d5cd7	no	0x1405d5c90..0x1405d5d0e
0x140f99cc0	0x30601	0x140030601	no	0x14002a6f0..0x1400431ac
0x140f99cc8	0x6001	0x140006001	no	0x1400019d0..0x14001bde5
0x140f99ccc	0x30601	0x140030601	no	0x14002a6f0..0x1400431ac
0x140f99cd4	0x6001	0x140006001	no	0x1400019d0..0x14001bde5
0x140f99cf0	0x5001	0x140005001	no	0x1400019d0..0x14001bde5
0x140f99d0c	0x5001	0x140005001	no	0x1400019d0..0x14001bde5
0x140f99d28	0x5001	0x140005001	no	0x1400019d0..0x14001bde5
0x140f99d44	0x5001	0x140005001	no	0x1400019d0..0x14001bde5
0x140f99d60	0x5001	0x140005001	no	0x1400019d0..0x14001bde5
0x140f99d7c	0x5001	0x140005001	no	0x1400019d0..0x14001bde5
0x140f99d98	0x5001	0x140005001	no	0x1400019d0..0x14001bde5
0x140f99db4	0x5001	0x140005001	no	0x1400019d0..0x14001bde5
0x140f99dd0	0x5001	0x140005001	no	0x1400019d0..0x14001bde5
0x140f99dec	0x5001	0x140005001	no	0x1400019d0..0x14001bde5
0x140f99e08	0x5001	0x140005001	no	0x1400019d0..0x14001bde5
0x140f99e0c	0x7b3f20	0x1407b3f20	yes	0x1407b3f20..0x1407b3fa6
0x140f99e14	0x91c01	0x140091c01	no	0x140071910..0x1400f6e74
0x140f99e28	0x5006	0x140005006	no	0x1400019d0..0x14001bde5
0x140f99e2c	0x91c01	0x140091c01	no	0x140071910..0x1400f6e74
0x140f99e40	0x5006	0x140005006	no	0x1400019d0..0x14001bde5
0x140f99e70	0x75e3f0	0x14075e3f0	yes	0x14075e3f0..0x14075e40e
0x140f99e78	0x75e410	0x14075e410	yes	0x14075e410..0x14075e42e
0x140f99e7c	0x75b550	0x14075b550	yes	0x14075b550..0x14075e3f0
0x140f99e84	0x75ba0c	0x14075ba0c	no	0x14075b550..0x14075e3f0
0x140f99e8c	0x75ba2e	0x14075ba2e	no	0x14075b550..0x14075e3f0
0x140f99e94	0x75cb88	0x14075cb88	no	0x14075b550..0x14075e3f0
0x140f99e9c	0x75cbac	0x14075cbac	no	0x14075b550..0x14075e3f0
0x140f99ea4	0x75ccfb	0x14075ccfb	no	0x14075b550..0x14075e3f0
0x140f99eac	0x75cd13	0x14075cd13	no	0x14075b550..0x14075e3f0
0x140f99eb4	0x75cdce	0x14075cdce	no	0x14075b550..0x14075e3f0
0x140f99ebc	0x75cdea	0x14075cdea	no	0x14075b550..0x14075e3f0
0x140f99ec4	0x75d129	0x14075d129	no	0x14075b550..0x14075e3f0
0x140f99ecc	0x75d13c	0x14075d13c	no	0x14075b550..0x14075e3f0
0x140f99eec	0x5001	0x140005001	no	0x1400019d0..0x14001bde5
0x140f99ef0	0x7b3f20	0x1407b3f20	yes	0x1407b3f20..0x1407b3fa6
0x140f99ef8	0x91c01	0x140091c01	no	0x140071910..0x1400f6e74
0x140f99f0c	0x5006	0x140005006	no	0x1400019d0..0x14001bde5
0x140f99f10	0x91c01	0x140091c01	no	0x140071910..0x1400f6e74
0x140f99f24	0x5006	0x140005006	no	0x1400019d0..0x14001bde5
0x140f99f54	0x763250	0x140763250	yes	0x140763250..0x14076326e
0x140f99f5c	0x763270	0x140763270	yes	0x140763270..0x14076328e
0x140f99f60	0x75e430	0x14075e430	yes	0x14075e430..0x14076324d
0x140f99f68	0x75ec40	0x14075ec40	no	0x14075e430..0x14076324d
0x140f99f70	0x75ec68	0x14075ec68	no	0x14075e430..0x14076324d
0x140f99f78	0x75f5cb	0x14075f5cb	no	0x14075e430..0x14076324d
0x140f99f80	0x75f5ef	0x14075f5ef	no	0x14075e430..0x14076324d
0x140f99f88	0x75fcdf	0x14075fcdf	no	0x14075e430..0x14076324d
0x140f99f90	0x75fcf9	0x14075fcf9	no	0x14075e430..0x14076324d
0x140f99f98	0x76025d	0x14076025d	no	0x14075e430..0x14076324d
0x140f99fa0	0x760272	0x140760272	no	0x14075e430..0x14076324d
0x140f99fa8	0x76082d	0x14076082d	no	0x14075e430..0x14076324d
0x140f99fb0	0x760844	0x140760844	no	0x14075e430..0x14076324d
0x140f99fb8	0x76157d	0x14076157d	no	0x14075e430..0x14076324d
0x140f99fc0	0x761594	0x140761594	no	0x14075e430..0x14076324d
0x140f99fc8	0x761ef6	0x140761ef6	no	0x14075e430..0x14076324d
0x140f99fd0	0x761f13	0x140761f13	no	0x14075e430..0x14076324d
0x140f99fd8	0x76261d	0x14076261d	no	0x14075e430..0x14076324d
0x140f99fe0	0x76262a	0x14076262a	no	0x14075e430..0x14076324d
0x140f99fe8	0x20701	0x140020701	no	0x14001bdf0..0x14002a6e2
0x140f99fec	0x150107	0x140150107	no	0x1400f6eb0..0x1401934a2
0x140f99ff0	0x20701	0x140020701	no	0x14001bdf0..0x14002a6e2
0x140f99ff4	0x1d0107	0x1401d0107	no	NO-FUNCTION
0x140f99ff8	0xa1301	0x1400a1301	no	0x140071910..0x1400f6e74
0x140f99ffc	0x1f0113	0x1401f0113	no	NO-FUNCTION
0x140f9a010	0x91001	0x140091001	no	0x140071910..0x1400f6e74
0x140f9a024	0xf002	0x14000f002	no	0x1400019d0..0x14001bde5
0x140f9a028	0xa1301	0x1400a1301	no	0x140071910..0x1400f6e74
0x140f9a02c	0x290113	0x140290113	no	NO-FUNCTION
0x140f9a040	0x20701	0x140020701	no	0x14001bdf0..0x14002a6e2
0x140f9a044	0x2f0107	0x1402f0107	no	NO-FUNCTION
0x140f9a048	0x20701	0x140020701	no	0x14001bdf0..0x14002a6e2
0x140f9a04c	0x350107	0x140350107	no	NO-FUNCTION
0x140f9a050	0x20701	0x140020701	no	0x14001bdf0..0x14002a6e2
0x140f9a054	0x590107	0x140590107	no	NO-FUNCTION
0x140f9a058	0x50a01	0x140050a01	no	0x14004cf60..0x14005d9a9
0x140f9a05c	0x20010a	0x14020010a	no	NO-FUNCTION
0x140f9a064	0x6001	0x140006001	no	0x1400019d0..0x14001bde5
0x140f9a068	0x20701	0x140020701	no	0x14001bdf0..0x14002a6e2
0x140f9a06c	0x570107	0x140570107	no	NO-FUNCTION
0x140f9a070	0x40901	0x140040901	no	0x14002a6f0..0x1400431ac
0x140f9a074	0x190109	0x140190109	no	0x1400f6eb0..0x1401934a2
0x140f9a07c	0x20701	0x140020701	no	0x14001bdf0..0x14002a6e2
0x140f9a084	0x20701	0x140020701	no	0x14001bdf0..0x14002a6e2
0x140f9a088	0x510107	0x140510107	no	NO-FUNCTION
0x140f9a08c	0x30801	0x140030801	no	0x14002a6f0..0x1400431ac
0x140f9a090	0x540108	0x140540108	no	NO-FUNCTION
0x140f9a094	0x6001	0x140006001	no	0x1400019d0..0x14001bde5
0x140f9a098	0x20701	0x140020701	no	0x14001bdf0..0x14002a6e2
0x140f9a09c	0x530107	0x140530107	no	NO-FUNCTION
0x140f9a0a0	0x50a01	0x140050a01	no	0x14004cf60..0x14005d9a9
0x140f9a0a4	0x1a010a	0x1401a010a	no	0x140197d50..0x1401a7b91
0x140f9a0ac	0x6001	0x140006001	no	0x1400019d0..0x14001bde5
0x140f9a0b0	0x20701	0x140020701	no	0x14001bdf0..0x14002a6e2
0x140f9a0b8	0x60c01	0x140060c01	no	0x14005d9b0..0x140071526
0x140f9a0bc	0x19010c	0x14019010c	no	0x1400f6eb0..0x1401934a2
0x140f9a0c8	0x30801	0x140030801	no	0x14002a6f0..0x1400431ac
0x140f9a0cc	0x140108	0x140140108	no	0x1400f6eb0..0x1401934a2
0x140f9a0d0	0x6001	0x140006001	no	0x1400019d0..0x14001bde5
0x140f9a0d4	0x10401	0x140010401	no	0x1400019d0..0x14001bde5
0x140f9a0d8	0x5204	0x140005204	no	0x1400019d0..0x14001bde5
0x140f9a0e8	0x7b3f20	0x1407b3f20	yes	0x1407b3f20..0x1407b3fa6
0x140f9a0f0	0x21101	0x140021101	no	0x14001bdf0..0x14002a6e2
0x140f9a124	0x76ff00	0x14076ff00	yes	0x14076ff00..0x14076ff21
0x140f9a128	0x76fdc0	0x14076fdc0	yes	0x14076fdc0..0x14076fef8
0x140f9a130	0x76fe07	0x14076fe07	no	0x14076fdc0..0x14076fef8
0x140f9a138	0x76febd	0x14076febd	no	0x14076fdc0..0x14076fef8
0x140f9a140	0x20d01	0x140020d01	no	0x14001bdf0..0x14002a6e2
0x140f9a148	0x91501	0x140091501	no	0x140071910..0x1400f6e74
0x140f9a14c	0x57415	0x140057415	no	0x14004cf60..0x14005d9a9
0x140f9a150	0x46415	0x140046415	no	0x1400431b0..0x1400487c1
0x140f9a154	0x35415	0x140035415	no	0x14002a6f0..0x1400431ac
0x140f9a158	0x23415	0x140023415	no	0x14001bdf0..0x14002a6e2
0x140f9a15c	0xe015	0x14000e015	no	0x1400019d0..0x14001bde5
0x140f9a160	0xa1601	0x1400a1601	no	0x140071910..0x1400f6e74
0x140f9a164	0xc5416	0x1400c5416	no	0x140071910..0x1400f6e74
0x140f9a168	0xb3416	0x1400b3416	no	0x140071910..0x1400f6e74
0x140f9a178	0x31c19	0x140031c19	no	0x14002a6f0..0x1400431ac
0x140f9a17c	0x1c010e	0x1401c010e	no	NO-FUNCTION
0x140f9a180	0x5002	0x140005002	no	0x1400019d0..0x14001bde5
0x140f9a184	0x7d807c	0x1407d807c	yes	0x1407d807c..0x1407d8099
0x140f9a18c	0xc1c01	0x1400c1c01	no	0x140071910..0x1400f6e74
0x140f9a190	0x10641c	0x14010641c	no	0x1400f6eb0..0x1401934a2
0x140f9a194	0xf541c	0x1400f541c	no	0x140071910..0x1400f6e74
0x140f9a198	0xe341c	0x1400e341c	no	0x140071910..0x1400f6e74
0x140f9a1a8	0xc2501	0x1400c2501	no	0x140071910..0x1400f6e74
0x140f9a1ac	0x56825	0x140056825	no	0x14004cf60..0x14005d9a9
0x140f9a1b0	0x117419	0x140117419	no	0x1400f6eb0..0x1401934a2
0x140f9a1b4	0x106419	0x140106419	no	0x1400f6eb0..0x1401934a2
0x140f9a1b8	0xf5419	0x1400f5419	no	0x140071910..0x1400f6e74
0x140f9a1bc	0xe3419	0x1400e3419	no	0x140071910..0x1400f6e74
0x140f9a1c4	0x81401	0x140081401	no	0x140071910..0x1400f6e74
0x140f9a1c8	0xd6414	0x1400d6414	no	0x140071910..0x1400f6e74
0x140f9a1cc	0xc5414	0x1400c5414	no	0x140071910..0x1400f6e74
0x140f9a1d0	0xb3414	0x1400b3414	no	0x140071910..0x1400f6e74
0x140f9a1d8	0x81401	0x140081401	no	0x140071910..0x1400f6e74
0x140f9a1dc	0x116414	0x140116414	no	0x1400f6eb0..0x1401934a2
0x140f9a1e0	0x105414	0x140105414	no	0x1400f6eb0..0x1401934a2
0x140f9a1e4	0xf3414	0x1400f3414	no	0x140071910..0x1400f6e74
0x140f9a1ec	0x21809	0x140021809	no	0x14001bdf0..0x14002a6e2
0x140f9a1f4	0x7b441c	0x1407b441c	yes	0x1407b441c..0x1407b4627
0x140f9a1fc	0x7b344b	0x1407b344b	no	0x1407b3424..0x1407b3475
0x140f9a200	0x7b346b	0x1407b346b	no	0x1407b3424..0x1407b3475
0x140f9a204	0x7da156	0x1407da156	yes	0x1407da156..0x1407da1f5
0x140f9a208	0x7b346b	0x1407b346b	no	0x1407b3424..0x1407b3475
0x140f9a20c	0x30701	0x140030701	no	0x14002a6f0..0x1400431ac
0x140f9a214	0x3002	0x140003002	no	0x1400019d0..0x14001bde5
0x140f9a218	0x21809	0x140021809	no	0x14001bdf0..0x14002a6e2
0x140f9a220	0x7b441c	0x1407b441c	yes	0x1407b441c..0x1407b4627
0x140f9a228	0x7b33f7	0x1407b33f7	no	0x1407b33d0..0x1407b3421
0x140f9a22c	0x7b3417	0x1407b3417	no	0x1407b33d0..0x1407b3421
0x140f9a230	0x7da0c5	0x1407da0c5	yes	0x1407da0c5..0x1407da156
0x140f9a234	0x7b3417	0x1407b3417	no	0x1407b33d0..0x1407b3421
0x140f9a238	0x81501	0x140081501	no	0x140071910..0x1400f6e74
0x140f9a23c	0x87415	0x140087415	no	0x140071910..0x1400f6e74
0x140f9a240	0x76415	0x140076415	no	0x140071910..0x1400f6e74
0x140f9a244	0x63415	0x140063415	no	0x14005d9b0..0x140071526
0x140f9a24c	0x10d09	0x140010d09	no	0x1400019d0..0x14001bde5
0x140f9a250	0x820d	0x14000820d	no	0x1400019d0..0x14001bde5
0x140f9a254	0x7b441c	0x1407b441c	yes	0x1407b441c..0x1407b4627
0x140f9a25c	0x7b4159	0x1407b4159	no	0x1407b4120..0x1407b418d
0x140f9a260	0x7b4168	0x1407b4168	no	0x1407b4120..0x1407b418d
0x140f9a264	0x7da1f5	0x1407da1f5	yes	0x1407da1f5..0x1407da28b
0x140f9a268	0x7b4168	0x1407b4168	no	0x1407b4120..0x1407b418d
0x140f9a26c	0x30701	0x140030701	no	0x14002a6f0..0x1400431ac
0x140f9a274	0x3002	0x140003002	no	0x1400019d0..0x14001bde5
0x140f9a278	0x60f01	0x140060f01	no	0x14005d9b0..0x140071526
0x140f9a27c	0xf640f	0x1400f640f	no	0x140071910..0x1400f6e74
0x140f9a280	0xe340f	0x1400e340f	no	0x140071910..0x1400f6e74
0x140f9a288	0x30102	0x140030102	no	0x14002a6f0..0x1400431ac
0x140f9a290	0x7001	0x140007001	no	0x1400019d0..0x14001bde5
0x140f9a298	0x40202	0x140040202	no	0x14002a6f0..0x1400431ac
0x140f9a2b4	0x81301	0x140081301	no	0x140071910..0x1400f6e74
0x140f9a2b8	0x4e413	0x14004e413	no	0x14004cf60..0x14005d9a9
0x140f9a2bc	0x3740f	0x14003740f	no	0x14002a6f0..0x1400431ac
0x140f9a2c0	0x2640b	0x14002640b	no	0x14001bdf0..0x14002a6e2
0x140f9a2c4	0x13407	0x140013407	no	0x1400019d0..0x14001bde5
0x140f9a2c8	0xa1e01	0x1400a1e01	no	0x140071910..0x1400f6e74
0x140f9a2cc	0xe341e	0x1400e341e	no	0x140071910..0x1400f6e74
0x140f9a2e0	0x60f01	0x140060f01	no	0x14005d9b0..0x140071526
0x140f9a2e4	0x9640f	0x14009640f	no	0x140071910..0x1400f6e74
0x140f9a2e8	0x8340f	0x14008340f	no	0x140071910..0x1400f6e74
0x140f9a2f0	0x81e19	0x140081e19	no	0x140071910..0x1400f6e74
0x140f9a304	0x7b441c	0x1407b441c	yes	0x1407b441c..0x1407b4627
0x140f9a30c	0x7b7a9e	0x1407b7a9e	no	0x1407b7a14..0x1407b7b9e
0x140f9a310	0x7b7b30	0x1407b7b30	no	0x1407b7a14..0x1407b7b9e
0x140f9a314	0x7da3da	0x1407da3da	yes	0x1407da3da..0x1407da3f0
0x140f9a318	0x7b7b30	0x1407b7b30	no	0x1407b7a14..0x1407b7b9e
0x140f9a31c	0x7b7a63	0x1407b7a63	no	0x1407b7a14..0x1407b7b9e
0x140f9a320	0x7b7b57	0x1407b7b57	no	0x1407b7a14..0x1407b7b9e
0x140f9a324	0x7da3f0	0x1407da3f0	yes	0x1407da3f0..0x1407da413
0x140f9a32c	0x7b7b92	0x1407b7b92	no	0x1407b7a14..0x1407b7b9e
0x140f9a330	0x7b7b98	0x1407b7b98	no	0x1407b7a14..0x1407b7b9e
0x140f9a334	0x7da3f0	0x1407da3f0	yes	0x1407da3f0..0x1407da413
0x140f9a33c	0x81019	0x140081019	no	0x140071910..0x1400f6e74
0x140f9a350	0x7b441c	0x1407b441c	yes	0x1407b441c..0x1407b4627
0x140f9a358	0x7b746d	0x1407b746d	no	0x1407b7398..0x1407b7582
0x140f9a35c	0x7b7492	0x1407b7492	no	0x1407b7398..0x1407b7582
0x140f9a360	0x7da28b	0x1407da28b	yes	0x1407da28b..0x1407da2b0
0x140f9a364	0x7b7492	0x1407b7492	no	0x1407b7398..0x1407b7582
0x140f9a368	0x7b746d	0x1407b746d	no	0x1407b7398..0x1407b7582
0x140f9a36c	0x7b750a	0x1407b750a	no	0x1407b7398..0x1407b7582
0x140f9a370	0x7da2b0	0x1407da2b0	yes	0x1407da2b0..0x1407da328
0x140f9a378	0xb2b19	0x1400b2b19	no	0x140071910..0x1400f6e74
0x140f9a37c	0xe6819	0x1400e6819	no	0x140071910..0x1400f6e74
0x140f9a380	0x1e0115	0x1401e0115	no	NO-FUNCTION
0x140f9a390	0x3004	0x140003004	no	0x1400019d0..0x14001bde5
0x140f9a394	0x7d82c0	0x1407d82c0	yes	0x1407d82c0..0x1407d8345
0x140f9a39c	0x7b7dc5	0x1407b7dc5	no	0x1407b7ba0..0x1407b7e86
0x140f9a3a0	0x7b7e25	0x1407b7e25	no	0x1407b7ba0..0x1407b7e86
0x140f9a3a4	0x7da413	0x1407da413	yes	0x1407da413..0x1407da429
0x140f9a3a8	0x7b7e25	0x1407b7e25	no	0x1407b7ba0..0x1407b7e86
0x140f9a3ac	0x7b7ce5	0x1407b7ce5	no	0x1407b7ba0..0x1407b7e86
0x140f9a3b0	0x7b7e42	0x1407b7e42	no	0x1407b7ba0..0x1407b7e86
0x140f9a3b4	0x7da429	0x1407da429	yes	0x1407da429..0x1407da44c
0x140f9a3c0	0x20601	0x140020601	no	0x14001bdf0..0x14002a6e2
0x140f9a3c8	0x81319	0x140081319	no	0x140071910..0x1400f6e74
0x140f9a3cc	0x150113	0x140150113	no	0x1400f6eb0..0x1401934a2
0x140f9a3dc	0x7b441c	0x1407b441c	yes	0x1407b441c..0x1407b4627
0x140f9a3e4	0x7b7686	0x1407b7686	no	0x1407b7584..0x1407b77d4
0x140f9a3e8	0x7b76d1	0x1407b76d1	no	0x1407b7584..0x1407b77d4
0x140f9a3ec	0x7da328	0x1407da328	yes	0x1407da328..0x1407da357
0x140f9a3f0	0x7b76d1	0x1407b76d1	no	0x1407b7584..0x1407b77d4
0x140f9a3f4	0x7b7686	0x1407b7686	no	0x1407b7584..0x1407b77d4
0x140f9a3f8	0x7b774d	0x1407b774d	no	0x1407b7584..0x1407b77d4
0x140f9a3fc	0x7da357	0x1407da357	yes	0x1407da357..0x1407da3da
0x140f9a404	0x7b77cd	0x1407b77cd	no	0x1407b7584..0x1407b77d4
0x140f9a408	0x7b77d3	0x1407b77d3	no	0x1407b7584..0x1407b77d4
0x140f9a40c	0x7da328	0x1407da328	yes	0x1407da328..0x1407da357
0x140f9a410	0x7b76d1	0x1407b76d1	no	0x1407b7584..0x1407b77d4
0x140f9a414	0x7b77cd	0x1407b77cd	no	0x1407b7584..0x1407b77d4
0x140f9a418	0x7b77d3	0x1407b77d3	no	0x1407b7584..0x1407b77d4
0x140f9a41c	0x7da357	0x1407da357	yes	0x1407da357..0x1407da3da
0x140f9a424	0xc1c01	0x1400c1c01	no	0x140071910..0x1400f6e74
0x140f9a428	0xd641c	0x1400d641c	no	0x140071910..0x1400f6e74
0x140f9a42c	0xc541c	0x1400c541c	no	0x140071910..0x1400f6e74
0x140f9a430	0xa341c	0x1400a341c	no	0x140071910..0x1400f6e74
0x140f9a440	0xa1901	0x1400a1901	no	0x140071910..0x1400f6e74
0x140f9a444	0xf7419	0x1400f7419	no	0x1400f6eb0..0x1401934a2
0x140f9a448	0xe6419	0x1400e6419	no	0x140071910..0x1400f6e74
0x140f9a44c	0xd5419	0x1400d5419	no	0x140071910..0x1400f6e74
0x140f9a450	0xc3419	0x1400c3419	no	0x140071910..0x1400f6e74
0x140f9a458	0xa1b01	0x1400a1b01	no	0x140071910..0x1400f6e74
0x140f9a45c	0x16641b	0x14016641b	no	0x1400f6eb0..0x1401934a2
0x140f9a460	0x15541b	0x14015541b	no	0x1400f6eb0..0x1401934a2
0x140f9a464	0x14341b	0x14014341b	no	0x1400f6eb0..0x1401934a2
0x140f9a470	0xa1909	0x1400a1909	no	0x140071910..0x1400f6e74
0x140f9a474	0xc7419	0x1400c7419	no	0x140071910..0x1400f6e74
0x140f9a478	0xb6419	0x1400b6419	no	0x140071910..0x1400f6e74
0x140f9a47c	0xa3419	0x1400a3419	no	0x140071910..0x1400f6e74
0x140f9a488	0x7b441c	0x1407b441c	yes	0x1407b441c..0x1407b4627
0x140f9a490	0x7b5525	0x1407b5525	no	0x1407b549c..0x1407b569a
0x140f9a494	0x7b565a	0x1407b565a	no	0x1407b549c..0x1407b569a
0x140f9a49c	0x7b5694	0x1407b5694	no	0x1407b549c..0x1407b569a
0x140f9a4a0	0x7b567a	0x1407b567a	no	0x1407b549c..0x1407b569a
0x140f9a4a4	0x7b5694	0x1407b5694	no	0x1407b549c..0x1407b569a
0x140f9a4ac	0x7b5694	0x1407b5694	no	0x1407b549c..0x1407b569a
0x140f9a4b0	0xa1909	0x1400a1909	no	0x140071910..0x1400f6e74
0x140f9a4b4	0xc7419	0x1400c7419	no	0x140071910..0x1400f6e74
0x140f9a4b8	0xb6419	0x1400b6419	no	0x140071910..0x1400f6e74
0x140f9a4bc	0xa3419	0x1400a3419	no	0x140071910..0x1400f6e74
0x140f9a4c8	0x7b441c	0x1407b441c	yes	0x1407b441c..0x1407b4627
0x140f9a4d0	0x7b5726	0x1407b5726	no	0x1407b569c..0x1407b589d
0x140f9a4d4	0x7b585d	0x1407b585d	no	0x1407b569c..0x1407b589d
0x140f9a4dc	0x7b5897	0x1407b5897	no	0x1407b569c..0x1407b589d
0x140f9a4e0	0x7b587d	0x1407b587d	no	0x1407b569c..0x1407b589d
0x140f9a4e4	0x7b5897	0x1407b5897	no	0x1407b569c..0x1407b589d
0x140f9a4ec	0x7b5897	0x1407b5897	no	0x1407b569c..0x1407b589d
0x140f9a4f0	0x81509	0x140081509	no	0x140071910..0x1400f6e74
0x140f9a4f4	0x87415	0x140087415	no	0x140071910..0x1400f6e74
0x140f9a4f8	0x76415	0x140076415	no	0x140071910..0x1400f6e74
0x140f9a4fc	0x63415	0x140063415	no	0x14005d9b0..0x140071526
0x140f9a504	0x7b441c	0x1407b441c	yes	0x1407b441c..0x1407b4627
0x140f9a50c	0x7b58ce	0x1407b58ce	no	0x1407b58a0..0x1407b5960
0x140f9a510	0x7b5944	0x1407b5944	no	0x1407b58a0..0x1407b5960
0x140f9a518	0x7b595a	0x1407b595a	no	0x1407b58a0..0x1407b5960
0x140f9a51c	0x81509	0x140081509	no	0x140071910..0x1400f6e74
0x140f9a520	0x87415	0x140087415	no	0x140071910..0x1400f6e74
0x140f9a524	0x76415	0x140076415	no	0x140071910..0x1400f6e74
0x140f9a528	0x63415	0x140063415	no	0x14005d9b0..0x140071526
0x140f9a530	0x7b441c	0x1407b441c	yes	0x1407b441c..0x1407b4627
0x140f9a538	0x7b598f	0x1407b598f	no	0x1407b5960..0x1407b5a21
0x140f9a53c	0x7b5a05	0x1407b5a05	no	0x1407b5960..0x1407b5a21
0x140f9a544	0x7b5a1b	0x1407b5a1b	no	0x1407b5960..0x1407b5a21
0x140f9a548	0xa2719	0x1400a2719	no	0x140071910..0x1400f6e74
0x140f9a54c	0x250119	0x140250119	no	NO-FUNCTION
0x140f9a560	0x7d807c	0x1407d807c	yes	0x1407d807c..0x1407d8099
0x140f9a568	0xa2a19	0x1400a2a19	no	0x140071910..0x1400f6e74
0x140f9a56c	0x31011c	0x14031011c	no	NO-FUNCTION
0x140f9a580	0x7d807c	0x1407d807c	yes	0x1407d807c..0x1407d8099
0x140f9a588	0xa1a01	0x1400a1a01	no	0x140071910..0x1400f6e74
0x140f9a58c	0x14341a	0x14014341a	no	0x1400f6eb0..0x1401934a2
0x140f9a5a0	0xb2501	0x1400b2501	no	0x140071910..0x1400f6e74
0x140f9a5a4	0x233425	0x140233425	no	NO-FUNCTION
0x140f9a5a8	0x180125	0x140180125	no	0x1400f6eb0..0x1401934a2
0x140f9a5b8	0x5010	0x140005010	no	0x1400019d0..0x14001bde5
0x140f9a5bc	0xa2719	0x1400a2719	no	0x140071910..0x1400f6e74
0x140f9a5c0	0x270119	0x140270119	no	NO-FUNCTION
0x140f9a5d4	0x7d807c	0x1407d807c	yes	0x1407d807c..0x1407d8099
0x140f9a5f0	0x10401	0x140010401	no	0x1400019d0..0x14001bde5
0x140f9a5f4	0x4204	0x140004204	no	0x1400019d0..0x14001bde5
0x140f9a5f8	0x10401	0x140010401	no	0x1400019d0..0x14001bde5
0x140f9a5fc	0x4204	0x140004204	no	0x1400019d0..0x14001bde5
0x140f9a600	0x10401	0x140010401	no	0x1400019d0..0x14001bde5
0x140f9a604	0x4204	0x140004204	no	0x1400019d0..0x14001bde5
0x140f9a608	0x10401	0x140010401	no	0x1400019d0..0x14001bde5
0x140f9a60c	0x4204	0x140004204	no	0x1400019d0..0x14001bde5
0x140f9a610	0x92e19	0x140092e19	no	0x140071910..0x1400f6e74
0x140f9a624	0x500b	0x14000500b	no	0x1400019d0..0x14001bde5
0x140f9a628	0x7d807c	0x1407d807c	yes	0x1407d807c..0x1407d8099
0x140f9a630	0x81401	0x140081401	no	0x140071910..0x1400f6e74
0x140f9a634	0xa6414	0x1400a6414	no	0x140071910..0x1400f6e74
0x140f9a638	0x95414	0x140095414	no	0x140071910..0x1400f6e74
0x140f9a63c	0x83414	0x140083414	no	0x140071910..0x1400f6e74
0x140f9a644	0x40d01	0x140040d01	no	0x14002a6f0..0x1400431ac
0x140f9a648	0x10340d	0x14010340d	no	0x1400f6eb0..0x1401934a2
0x140f9a650	0x81701	0x140081701	no	0x140071910..0x1400f6e74
0x140f9a654	0x127417	0x140127417	no	0x1400f6eb0..0x1401934a2
0x140f9a658	0x116417	0x140116417	no	0x1400f6eb0..0x1401934a2
0x140f9a65c	0x103417	0x140103417	no	0x1400f6eb0..0x1401934a2
0x140f9a664	0xc1f01	0x1400c1f01	no	0x140071910..0x1400f6e74
0x140f9a668	0x15c41f	0x14015c41f	no	0x1400f6eb0..0x1401934a2
0x140f9a66c	0x14741f	0x14014741f	no	0x1400f6eb0..0x1401934a2
0x140f9a670	0x13641f	0x14013641f	no	0x1400f6eb0..0x1401934a2
0x140f9a674	0x12341f	0x14012341f	no	0x1400f6eb0..0x1401934a2
0x140f9a680	0x51001	0x140051001	no	0x14004cf60..0x14005d9a9
0x140f9a684	0x160110	0x140160110	no	0x1400f6eb0..0x1401934a2
0x140f9a68c	0x5002	0x140005002	no	0x1400019d0..0x14001bde5
0x140f9a690	0x92b19	0x140092b19	no	0x140071910..0x1400f6e74
0x140f9a6a4	0x5002	0x140005002	no	0x1400019d0..0x14001bde5
0x140f9a6a8	0x7d807c	0x1407d807c	yes	0x1407d807c..0x1407d8099
0x140f9a6b0	0xa1801	0x1400a1801	no	0x140071910..0x1400f6e74
0x140f9a6b4	0xa6418	0x1400a6418	no	0x140071910..0x1400f6e74
0x140f9a6b8	0x95418	0x140095418	no	0x140071910..0x1400f6e74
0x140f9a6bc	0x83418	0x140083418	no	0x140071910..0x1400f6e74
0x140f9a6c8	0xa1901	0x1400a1901	no	0x140071910..0x1400f6e74
0x140f9a6cc	0xb7419	0x1400b7419	no	0x140071910..0x1400f6e74
0x140f9a6d0	0xa6419	0x1400a6419	no	0x140071910..0x1400f6e74
0x140f9a6d4	0x95419	0x140095419	no	0x140071910..0x1400f6e74
0x140f9a6d8	0x83419	0x140083419	no	0x140071910..0x1400f6e74
0x140f9a6e0	0x81401	0x140081401	no	0x140071910..0x1400f6e74
0x140f9a6e4	0xb6414	0x1400b6414	no	0x140071910..0x1400f6e74
0x140f9a6e8	0xa5414	0x1400a5414	no	0x140071910..0x1400f6e74
0x140f9a6ec	0x93414	0x140093414	no	0x140071910..0x1400f6e74
0x140f9a6f4	0xc3519	0x1400c3519	no	0x140071910..0x1400f6e74
0x140f9a6f8	0x157427	0x140157427	no	0x1400f6eb0..0x1401934a2
0x140f9a6fc	0x146423	0x140146423	no	0x1400f6eb0..0x1401934a2
0x140f9a700	0x13341f	0x14013341f	no	0x1400f6eb0..0x1401934a2
0x140f9a710	0x7d8348	0x1407d8348	yes	0x1407d8348..0x1407d83c7
0x140f9a720	0x7b4278	0x1407b4278	yes	0x1407b4278..0x1407b4282
0x140f9a728	0x7bc6dd	0x1407bc6dd	no	0x1407bc36c..0x1407bc8a4
0x140f9a730	0x7bc881	0x1407bc881	no	0x1407bc36c..0x1407bc8a4
0x140f9a738	0x60f01	0x140060f01	no	0x14005d9b0..0x140071526
0x140f9a73c	0xe640f	0x1400e640f	no	0x140071910..0x1400f6e74
0x140f9a740	0xd340f	0x1400d340f	no	0x140071910..0x1400f6e74
0x140f9a748	0xb3319	0x1400b3319	no	0x140071910..0x1400f6e74
0x140f9a760	0x5010	0x140005010	no	0x1400019d0..0x14001bde5
0x140f9a764	0x7d807c	0x1407d807c	yes	0x1407d807c..0x1407d8099
0x140f9a76c	0xa2201	0x1400a2201	no	0x140071910..0x1400f6e74
0x140f9a770	0x97422	0x140097422	no	0x140071910..0x1400f6e74
0x140f9a774	0x86422	0x140086422	no	0x140071910..0x1400f6e74
0x140f9a778	0x75422	0x140075422	no	0x140071910..0x1400f6e74
0x140f9a77c	0x63422	0x140063422	no	0x14005d9b0..0x140071526
0x140f9a784	0xa3019	0x1400a3019	no	0x140071910..0x1400f6e74
0x140f9a788	0x146422	0x140146422	no	0x1400f6eb0..0x1401934a2
0x140f9a78c	0x13341e	0x14013341e	no	0x1400f6eb0..0x1401934a2
0x140f9a79c	0x7d8348	0x1407d8348	yes	0x1407d8348..0x1407d83c7
0x140f9a7a8	0x7bcbc9	0x1407bcbc9	no	0x1407bc8a4..0x1407bcd11
0x140f9a7b0	0x7bccf3	0x1407bccf3	no	0x1407bc8a4..0x1407bcd11
0x140f9a7b8	0xa2101	0x1400a2101	no	0x140071910..0x1400f6e74
0x140f9a7bc	0xa6421	0x1400a6421	no	0x140071910..0x1400f6e74
0x140f9a7c0	0x95421	0x140095421	no	0x140071910..0x1400f6e74
0x140f9a7c4	0x83421	0x140083421	no	0x140071910..0x1400f6e74
0x140f9a7d0	0x92b19	0x140092b19	no	0x140071910..0x1400f6e74
0x140f9a7e4	0x5002	0x140005002	no	0x1400019d0..0x14001bde5
0x140f9a7e8	0x7d807c	0x1407d807c	yes	0x1407d807c..0x1407d8099
0x140f9a7f0	0x40f11	0x140040f11	no	0x14002a6f0..0x1400431ac
0x140f9a7f4	0x6340f	0x14006340f	no	0x14005d9b0..0x140071526
0x140f9a7fc	0x7b441c	0x1407b441c	yes	0x1407b441c..0x1407b4627
0x140f9a804	0x7b8c6a	0x1407b8c6a	no	0x1407b8c4c..0x1407b8c89
0x140f9a808	0x7b8c74	0x1407b8c74	no	0x1407b8c4c..0x1407b8c89
0x140f9a80c	0x7da44c	0x1407da44c	yes	0x1407da44c..0x1407da467
0x140f9a814	0xc3519	0x1400c3519	no	0x140071910..0x1400f6e74
0x140f9a818	0x157427	0x140157427	no	0x1400f6eb0..0x1401934a2
0x140f9a81c	0x146423	0x140146423	no	0x1400f6eb0..0x1401934a2
0x140f9a820	0x13341f	0x14013341f	no	0x1400f6eb0..0x1401934a2
0x140f9a830	0x7d8348	0x1407d8348	yes	0x1407d8348..0x1407d83c7
0x140f9a840	0x7bd08c	0x1407bd08c	no	0x1407bcd14..0x1407bd289
0x140f9a848	0x7bd266	0x1407bd266	no	0x1407bcd14..0x1407bd289
0x140f9a850	0x61919	0x140061919	no	0x14005d9b0..0x140071526
0x140f9a854	0x96419	0x140096419	no	0x140071910..0x1400f6e74
0x140f9a858	0x83414	0x140083414	no	0x140071910..0x1400f6e74
0x140f9a860	0x7b3f20	0x1407b3f20	yes	0x1407b3f20..0x1407b3fa6
0x140f9a868	0x7bdc2c	0x1407bdc2c	no	0x1407bdbdc..0x1407bdc9c
0x140f9a870	0x81501	0x140081501	no	0x140071910..0x1400f6e74
0x140f9a874	0xf7415	0x1400f7415	no	0x1400f6eb0..0x1401934a2
0x140f9a878	0xe6415	0x1400e6415	no	0x140071910..0x1400f6e74
0x140f9a87c	0xd3415	0x1400d3415	no	0x140071910..0x1400f6e74
0x140f9a884	0xb1c01	0x1400b1c01	no	0x140071910..0x1400f6e74
0x140f9a888	0x1e341c	0x1401e341c	no	NO-FUNCTION
0x140f9a88c	0x14011c	0x14014011c	no	0x1400f6eb0..0x1401934a2
0x140f9a89c	0x500b	0x14000500b	no	0x1400019d0..0x14001bde5
0x140f9a8a0	0xc1c01	0x1400c1c01	no	0x140071910..0x1400f6e74
0x140f9a8a4	0xe641c	0x1400e641c	no	0x140071910..0x1400f6e74
0x140f9a8a8	0xd541c	0x1400d541c	no	0x140071910..0x1400f6e74
0x140f9a8ac	0xc341c	0x1400c341c	no	0x140071910..0x1400f6e74
0x140f9a8bc	0x40a01	0x140040a01	no	0x14002a6f0..0x1400431ac
0x140f9a8c0	0x7640a	0x14007640a	no	0x140071910..0x1400f6e74
0x140f9a8c8	0x20521	0x140020521	no	0x14001bdf0..0x14002a6e2
0x140f9a8cc	0x63405	0x140063405	no	0x14005d9b0..0x140071526
0x140f9a8d0	0x7be740	0x1407be740	yes	0x1407be740..0x1407be78d
0x140f9a8d4	0x7be78d	0x1407be78d	yes	0x1407be78d..0x1407be7da
0x140f9a8e0	0x7be740	0x1407be740	yes	0x1407be740..0x1407be78d
0x140f9a8e4	0x7be78d	0x1407be78d	yes	0x1407be78d..0x1407be7da
0x140f9a8ec	0x61201	0x140061201	no	0x14005d9b0..0x140071526
0x140f9a8f0	0xf7412	0x1400f7412	no	0x1400f6eb0..0x1401934a2
0x140f9a8f4	0xe3412	0x1400e3412	no	0x140071910..0x1400f6e74
0x140f9a8fc	0x61411	0x140061411	no	0x14005d9b0..0x140071526
0x140f9a900	0xc6414	0x1400c6414	no	0x140071910..0x1400f6e74
0x140f9a904	0xa3414	0x1400a3414	no	0x140071910..0x1400f6e74
0x140f9a90c	0x7b441c	0x1407b441c	yes	0x1407b441c..0x1407b4627
0x140f9a914	0x7bea3c	0x1407bea3c	no	0x1407be9d8..0x1407beb3c
0x140f9a918	0x7beb01	0x1407beb01	no	0x1407be9d8..0x1407beb3c
0x140f9a91c	0x7da467	0x1407da467	yes	0x1407da467..0x1407da481
0x140f9a924	0x7beb09	0x1407beb09	no	0x1407be9d8..0x1407beb3c
0x140f9a928	0x7beb2d	0x1407beb2d	no	0x1407be9d8..0x1407beb3c
0x140f9a92c	0x7da467	0x1407da467	yes	0x1407da467..0x1407da481
0x140f9a934	0x30701	0x140030701	no	0x14002a6f0..0x1400431ac
0x140f9a93c	0x5002	0x140005002	no	0x1400019d0..0x14001bde5
0x140f9a940	0x81a21	0x140081a21	no	0x140071910..0x1400f6e74
0x140f9a944	0x8f41a	0x14008f41a	no	0x140071910..0x1400f6e74
0x140f9a948	0xee40f	0x1400ee40f	no	0x140071910..0x1400f6e74
0x140f9a94c	0xd740a	0x1400d740a	no	0x140071910..0x1400f6e74
0x140f9a950	0xc3405	0x1400c3405	no	0x140071910..0x1400f6e74
0x140f9a954	0x7beeb0	0x1407beeb0	yes	0x1407beeb0..0x1407bef8b
0x140f9a958	0x7bef8b	0x1407bef8b	yes	0x1407bef8b..0x1407bf056
0x140f9a964	0x7beeb0	0x1407beeb0	yes	0x1407beeb0..0x1407bef8b
0x140f9a968	0x7bef8b	0x1407bef8b	yes	0x1407bef8b..0x1407bf056
0x140f9a970	0x20c01	0x140020c01	no	0x14001bdf0..0x14002a6e2
0x140f9a978	0x40f11	0x140040f11	no	0x14002a6f0..0x1400431ac
0x140f9a97c	0x6340f	0x14006340f	no	0x14005d9b0..0x140071526
0x140f9a984	0x7b441c	0x1407b441c	yes	0x1407b441c..0x1407b4627
0x140f9a98c	0x7bf092	0x1407bf092	no	0x1407bf074..0x1407bf110
0x140f9a990	0x7bf0fd	0x1407bf0fd	no	0x1407bf074..0x1407bf110
0x140f9a994	0x7da44c	0x1407da44c	yes	0x1407da44c..0x1407da467
0x140f9a99c	0x61211	0x140061211	no	0x14005d9b0..0x140071526
0x140f9a9a0	0x103412	0x140103412	no	0x1400f6eb0..0x1401934a2
0x140f9a9ac	0x7b441c	0x1407b441c	yes	0x1407b441c..0x1407b4627
0x140f9a9b4	0x7bf130	0x1407bf130	no	0x1407bf110..0x1407bf1f1
0x140f9a9b8	0x7bf1d9	0x1407bf1d9	no	0x1407bf110..0x1407bf1f1
0x140f9a9bc	0x7da481	0x1407da481	yes	0x1407da481..0x1407da49e
0x140f9a9c4	0x40f11	0x140040f11	no	0x14002a6f0..0x1400431ac
0x140f9a9c8	0x6340f	0x14006340f	no	0x14005d9b0..0x140071526
0x140f9a9d0	0x7b441c	0x1407b441c	yes	0x1407b441c..0x1407b4627
0x140f9a9d8	0x7bf212	0x1407bf212	no	0x1407bf1f4..0x1407bf234
0x140f9a9dc	0x7bf21f	0x1407bf21f	no	0x1407bf1f4..0x1407bf234
0x140f9a9e0	0x7da44c	0x1407da44c	yes	0x1407da44c..0x1407da467
0x140f9a9e8	0x61001	0x140061001	no	0x14005d9b0..0x140071526
0x140f9a9ec	0x96410	0x140096410	no	0x140071910..0x1400f6e74
0x140f9a9f0	0x83410	0x140083410	no	0x140071910..0x1400f6e74
0x140f9a9f8	0x41011	0x140041011	no	0x14002a6f0..0x1400431ac
0x140f9a9fc	0x93410	0x140093410	no	0x140071910..0x1400f6e74
0x140f9aa04	0x7b441c	0x1407b441c	yes	0x1407b441c..0x1407b4627
0x140f9aa0c	0x7bf4ed	0x1407bf4ed	no	0x1407bf48c..0x1407bf506
0x140f9aa10	0x7bf4fa	0x1407bf4fa	no	0x1407bf48c..0x1407bf506
0x140f9aa14	0x7da49e	0x1407da49e	yes	0x1407da49e..0x1407da4b6
0x140f9aa1c	0x81401	0x140081401	no	0x140071910..0x1400f6e74
0x140f9aa20	0xb6414	0x1400b6414	no	0x140071910..0x1400f6e74
0x140f9aa24	0x95414	0x140095414	no	0x140071910..0x1400f6e74
0x140f9aa28	0x83414	0x140083414	no	0x140071910..0x1400f6e74
0x140f9aa30	0x20619	0x140020619	no	0x14001bdf0..0x14002a6e2
0x140f9aa38	0x7d8434	0x1407d8434	yes	0x1407d8434..0x1407d847f
0x140f9aa40	0x7bf7bf	0x1407bf7bf	no	0x1407bf77c..0x1407bf7e1
0x140f9aa44	0x7bf7d3	0x1407bf7d3	no	0x1407bf77c..0x1407bf7e1
0x140f9aa48	0x7da07d	0x1407da07d	yes	0x1407da07d..0x1407da09b
0x140f9aa4c	0x7bf7d3	0x1407bf7d3	no	0x1407bf77c..0x1407bf7e1
0x140f9aa50	0x61201	0x140061201	no	0x14005d9b0..0x140071526
0x140f9aa54	0x117412	0x140117412	no	0x1400f6eb0..0x1401934a2
0x140f9aa58	0x103412	0x140103412	no	0x1400f6eb0..0x1401934a2
0x140f9aa60	0x40f11	0x140040f11	no	0x14002a6f0..0x1400431ac
0x140f9aa64	0xa340f	0x1400a340f	no	0x140071910..0x1400f6e74
0x140f9aa6c	0x7b441c	0x1407b441c	yes	0x1407b441c..0x1407b4627
0x140f9aa74	0x7c0680	0x1407c0680	no	0x1407c0640..0x1407c0753
0x140f9aa78	0x7c0732	0x1407c0732	no	0x1407c0640..0x1407c0753
0x140f9aa7c	0x7da4b6	0x1407da4b6	yes	0x1407da4b6..0x1407da4d0
0x140f9aa84	0x7c073a	0x1407c073a	no	0x1407c0640..0x1407c0753
0x140f9aa88	0x7c0744	0x1407c0744	no	0x1407c0640..0x1407c0753
0x140f9aa8c	0x7da4b6	0x1407da4b6	yes	0x1407da4b6..0x1407da4d0
0x140f9aa9c	0x10419	0x140010419	no	0x1400019d0..0x14001bde5
0x140f9aaa0	0x4204	0x140004204	no	0x1400019d0..0x14001bde5
0x140f9aaa4	0x7d8434	0x1407d8434	yes	0x1407d8434..0x1407d847f
0x140f9aaac	0x7c0772	0x1407c0772	no	0x1407c0760..0x1407c077f
0x140f9aab0	0x7c0779	0x1407c0779	no	0x1407c0760..0x1407c077f
0x140f9aab8	0x7c0779	0x1407c0779	no	0x1407c0760..0x1407c077f
0x140f9aabc	0xc1c01	0x1400c1c01	no	0x140071910..0x1400f6e74
0x140f9aac0	0xf641c	0x1400f641c	no	0x140071910..0x1400f6e74
0x140f9aac4	0xe541c	0x1400e541c	no	0x140071910..0x1400f6e74
0x140f9aac8	0xc341c	0x1400c341c	no	0x140071910..0x1400f6e74
0x140f9aad8	0x21b01	0x140021b01	no	0x14001bdf0..0x14002a6e2
0x140f9aae0	0x40f11	0x140040f11	no	0x14002a6f0..0x1400431ac
0x140f9aae4	0x6340f	0x14006340f	no	0x14005d9b0..0x140071526
0x140f9aaec	0x7b441c	0x1407b441c	yes	0x1407b441c..0x1407b4627
0x140f9aaf4	0x7c081e	0x1407c081e	no	0x1407c0800..0x1407c083f
0x140f9aaf8	0x7c0829	0x1407c0829	no	0x1407c0800..0x1407c083f
0x140f9aafc	0x7da44c	0x1407da44c	yes	0x1407da44c..0x1407da467
0x140f9ab04	0x40f11	0x140040f11	no	0x14002a6f0..0x1400431ac
0x140f9ab08	0x6340f	0x14006340f	no	0x14005d9b0..0x140071526
0x140f9ab10	0x7b441c	0x1407b441c	yes	0x1407b441c..0x1407b4627
0x140f9ab18	0x7c0c7e	0x1407c0c7e	no	0x1407c0c60..0x1407c0c9d
0x140f9ab1c	0x7c0c88	0x1407c0c88	no	0x1407c0c60..0x1407c0c9d
0x140f9ab20	0x7da44c	0x1407da44c	yes	0x1407da44c..0x1407da467
0x140f9ab28	0x40f11	0x140040f11	no	0x14002a6f0..0x1400431ac
0x140f9ab2c	0x6340f	0x14006340f	no	0x14005d9b0..0x140071526
0x140f9ab34	0x7b441c	0x1407b441c	yes	0x1407b441c..0x1407b4627
0x140f9ab3c	0x7c1094	0x1407c1094	no	0x1407c1054..0x1407c10ac
0x140f9ab40	0x7c10a0	0x1407c10a0	no	0x1407c1054..0x1407c10ac
0x140f9ab44	0x7da4d0	0x1407da4d0	yes	0x1407da4d0..0x1407da4e8
0x140f9ab4c	0xa1911	0x1400a1911	no	0x140071910..0x1400f6e74
0x140f9ab50	0xbe419	0x1400be419	no	0x140071910..0x1400f6e74
0x140f9ab54	0xa7419	0x1400a7419	no	0x140071910..0x1400f6e74
0x140f9ab58	0x96419	0x140096419	no	0x140071910..0x1400f6e74
0x140f9ab5c	0x83419	0x140083419	no	0x140071910..0x1400f6e74
0x140f9ab64	0x7b441c	0x1407b441c	yes	0x1407b441c..0x1407b4627
0x140f9ab6c	0x7c13ef	0x1407c13ef	no	0x1407c1370..0x1407c1415
0x140f9ab70	0x7c1408	0x1407c1408	no	0x1407c1370..0x1407c1415
0x140f9ab74	0x7da4e8	0x1407da4e8	yes	0x1407da4e8..0x1407da500
0x140f9ab7c	0xa1901	0x1400a1901	no	0x140071910..0x1400f6e74
0x140f9ab80	0xc3419	0x1400c3419	no	0x140071910..0x1400f6e74
0x140f9ab94	0x81919	0x140081919	no	0x140071910..0x1400f6e74
0x140f9ab98	0xb7419	0x1400b7419	no	0x140071910..0x1400f6e74
0x140f9ab9c	0xa6419	0x1400a6419	no	0x140071910..0x1400f6e74
0x140f9aba0	0x93419	0x140093419	no	0x140071910..0x1400f6e74
0x140f9aba8	0x7d8434	0x1407d8434	yes	0x1407d8434..0x1407d847f
0x140f9abb0	0x7c1494	0x1407c1494	no	0x1407c1418..0x1407c14b3
0x140f9abb4	0x7c14a7	0x1407c14a7	no	0x1407c1418..0x1407c14b3
0x140f9abb8	0x7da49e	0x1407da49e	yes	0x1407da49e..0x1407da4b6
0x140f9abc0	0x40a01	0x140040a01	no	0x14002a6f0..0x1400431ac
0x140f9abc4	0x6340a	0x14006340a	no	0x14005d9b0..0x140071526
0x140f9abcc	0x20611	0x140020611	no	0x14001bdf0..0x14002a6e2
0x140f9abd4	0x7b441c	0x1407b441c	yes	0x1407b441c..0x1407b4627
0x140f9abdc	0x7c182e	0x1407c182e	no	0x1407c1820..0x1407c1857
0x140f9abe0	0x7c1847	0x1407c1847	no	0x1407c1820..0x1407c1857
0x140f9abe4	0x7da500	0x1407da500	yes	0x1407da500..0x1407da516
0x140f9abec	0x20601	0x140020601	no	0x14001bdf0..0x14002a6e2
0x140f9abf4	0x40a11	0x140040a11	no	0x14002a6f0..0x1400431ac
0x140f9abf8	0x6340a	0x14006340a	no	0x14005d9b0..0x140071526
0x140f9ac00	0x7b441c	0x1407b441c	yes	0x1407b441c..0x1407b4627
0x140f9ac08	0x7c1875	0x1407c1875	no	0x1407c1860..0x1407c18b9
0x140f9ac0c	0x7c18a4	0x1407c18a4	no	0x1407c1860..0x1407c18b9
0x140f9ac10	0x7da516	0x1407da516	yes	0x1407da516..0x1407da52c
0x140f9ac18	0x20601	0x140020601	no	0x14001bdf0..0x14002a6e2
0x140f9ac20	0x20f19	0x140020f19	no	0x14001bdf0..0x14002a6e2
0x140f9ac28	0x7b3f20	0x1407b3f20	yes	0x1407b3f20..0x1407b3fa6
0x140f9ac30	0x7c1c8c	0x1407c1c8c	no	0x1407c1c44..0x1407c1ca8
0x140f9ac38	0x41e19	0x140041e19	no	0x14002a6f0..0x1400431ac
0x140f9ac3c	0xc341e	0x1400c341e	no	0x140071910..0x1400f6e74
0x140f9ac44	0x7b3f20	0x1407b3f20	yes	0x1407b3f20..0x1407b3fa6
0x140f9ac50	0x7c1bd6	0x1407c1bd6	no	0x1407c1b30..0x1407c1c13
0x140f9ac58	0x20609	0x140020609	no	0x14001bdf0..0x14002a6e2
0x140f9ac60	0x7b441c	0x1407b441c	yes	0x1407b441c..0x1407b4627
0x140f9ac68	0x7c1a91	0x1407c1a91	no	0x1407c1a70..0x1407c1b30
0x140f9ac6c	0x7c1adf	0x1407c1adf	no	0x1407c1a70..0x1407c1b30
0x140f9ac70	0x7da546	0x1407da546	yes	0x1407da546..0x1407da573
0x140f9ac74	0x7c1b2a	0x1407c1b2a	no	0x1407c1a70..0x1407c1b30
0x140f9ac78	0x40f11	0x140040f11	no	0x14002a6f0..0x1400431ac
0x140f9ac7c	0x6340f	0x14006340f	no	0x14005d9b0..0x140071526
0x140f9ac84	0x7b441c	0x1407b441c	yes	0x1407b441c..0x1407b4627
0x140f9ac8c	0x7c1a55	0x1407c1a55	no	0x1407c1a38..0x1407c1a70
0x140f9ac90	0x7c1a5e	0x1407c1a5e	no	0x1407c1a38..0x1407c1a70
0x140f9ac94	0x7da52c	0x1407da52c	yes	0x1407da52c..0x1407da546
0x140f9ac9c	0x81301	0x140081301	no	0x140071910..0x1400f6e74
0x140f9aca0	0xc3413	0x1400c3413	no	0x140071910..0x1400f6e74
0x140f9acb0	0xc1d01	0x1400c1d01	no	0x140071910..0x1400f6e74
0x140f9acb4	0xb741d	0x1400b741d	no	0x140071910..0x1400f6e74
0x140f9acb8	0xa641d	0x1400a641d	no	0x140071910..0x1400f6e74
0x140f9acbc	0x9541d	0x14009541d	no	0x140071910..0x1400f6e74
0x140f9acc0	0x8341d	0x14008341d	no	0x140071910..0x1400f6e74
0x140f9accc	0x10d11	0x140010d11	no	0x1400019d0..0x14001bde5
0x140f9acd0	0x6204	0x140006204	no	0x1400019d0..0x14001bde5
0x140f9acd4	0x7b3f20	0x1407b3f20	yes	0x1407b3f20..0x1407b3fa6
0x140f9acdc	0x40f01	0x140040f01	no	0x14002a6f0..0x1400431ac
0x140f9ace0	0x6340f	0x14006340f	no	0x14005d9b0..0x140071526
0x140f9ace8	0x81501	0x140081501	no	0x140071910..0x1400f6e74
0x140f9acec	0xc7415	0x1400c7415	no	0x140071910..0x1400f6e74
0x140f9acf0	0xb6415	0x1400b6415	no	0x140071910..0x1400f6e74
0x140f9acf4	0xa3415	0x1400a3415	no	0x140071910..0x1400f6e74
0x140f9acfc	0x21201	0x140021201	no	0x14001bdf0..0x14002a6e2
0x140f9ad04	0x11311	0x140011311	no	0x1400019d0..0x14001bde5
0x140f9ad08	0x620b	0x14000620b	no	0x1400019d0..0x14001bde5
0x140f9ad0c	0x7b3f20	0x1407b3f20	yes	0x1407b3f20..0x1407b3fa6
0x140f9ad18	0x7c2808	0x1407c2808	no	0x1407c27d0..0x1407c2813
0x140f9ad20	0x40f11	0x140040f11	no	0x14002a6f0..0x1400431ac
0x140f9ad24	0x6340f	0x14006340f	no	0x14005d9b0..0x140071526
0x140f9ad2c	0x7b441c	0x1407b441c	yes	0x1407b441c..0x1407b4627
0x140f9ad34	0x7c249d	0x1407c249d	no	0x1407c2480..0x1407c24bb
0x140f9ad38	0x7c24a7	0x1407c24a7	no	0x1407c2480..0x1407c24bb
0x140f9ad3c	0x7da52c	0x1407da52c	yes	0x1407da52c..0x1407da546
0x140f9ad44	0x40f11	0x140040f11	no	0x14002a6f0..0x1400431ac
0x140f9ad48	0x6340f	0x14006340f	no	0x14005d9b0..0x140071526
0x140f9ad50	0x7b441c	0x1407b441c	yes	0x1407b441c..0x1407b4627
0x140f9ad58	0x7c24d9	0x1407c24d9	no	0x1407c24bc..0x1407c24f7
0x140f9ad5c	0x7c24e3	0x1407c24e3	no	0x1407c24bc..0x1407c24f7
0x140f9ad60	0x7da52c	0x1407da52c	yes	0x1407da52c..0x1407da546
0x140f9ad68	0x60f01	0x140060f01	no	0x14005d9b0..0x140071526
0x140f9ad6c	0x3e40f	0x14003e40f	no	0x14002a6f0..0x1400431ac
0x140f9ad70	0x2740a	0x14002740a	no	0x14001bdf0..0x14002a6e2
0x140f9ad74	0x13405	0x140013405	no	0x1400019d0..0x14001bde5
0x140f9ad78	0x21101	0x140021101	no	0x14001bdf0..0x14002a6e2
0x140f9ad80	0xa2d19	0x1400a2d19	no	0x140071910..0x1400f6e74
0x140f9ad84	0x4d011c	0x1404d011c	no	NO-FUNCTION
0x140f9ad98	0x7d807c	0x1407d807c	yes	0x1407d807c..0x1407d8099
0x140f9ada0	0x51801	0x140051801	no	0x14004cf60..0x14005d9a9
0x140f9adac	0x3011	0x140003011	no	0x1400019d0..0x14001bde5
0x140f9adb0	0xa1801	0x1400a1801	no	0x140071910..0x1400f6e74
0x140f9adb4	0xc6418	0x1400c6418	no	0x140071910..0x1400f6e74
0x140f9adb8	0xb5418	0x1400b5418	no	0x140071910..0x1400f6e74
0x140f9adbc	0xa3418	0x1400a3418	no	0x140071910..0x1400f6e74
0x140f9adc8	0xb3019	0x1400b3019	no	0x140071910..0x1400f6e74
0x140f9adcc	0x71341f	0x14071341f	no	0x1406dacb0..0x140720697
0x140f9add0	0x66011f	0x14066011f	no	0x140643ae0..0x1406656b1
0x140f9ade0	0x5006	0x140005006	no	0x1400019d0..0x14001bde5
0x140f9ade4	0x7d807c	0x1407d807c	yes	0x1407d807c..0x1407d8099
0x140f9adec	0xb2919	0x1400b2919	no	0x140071910..0x1400f6e74
0x140f9adf0	0x4d3417	0x1404d3417	no	NO-FUNCTION
0x140f9adf4	0x420117	0x140420117	no	NO-FUNCTION
0x140f9ae04	0x5006	0x140005006	no	0x1400019d0..0x14001bde5
0x140f9ae08	0x7d807c	0x1407d807c	yes	0x1407d807c..0x1407d8099
0x140f9ae10	0x10701	0x140010701	no	0x1400019d0..0x14001bde5
0x140f9ae14	0x4207	0x140004207	no	0x1400019d0..0x14001bde5
0x140f9ae18	0x40a01	0x140040a01	no	0x14002a6f0..0x1400431ac
0x140f9ae1c	0xf340a	0x1400f340a	no	0x140071910..0x1400f6e74
0x140f9ae24	0x81501	0x140081501	no	0x140071910..0x1400f6e74
0x140f9ae28	0x97415	0x140097415	no	0x140071910..0x1400f6e74
0x140f9ae2c	0x86415	0x140086415	no	0x140071910..0x1400f6e74
0x140f9ae30	0x63415	0x140063415	no	0x14005d9b0..0x140071526
0x140f9ae38	0x81201	0x140081201	no	0x140071910..0x1400f6e74
0x140f9ae3c	0xc5412	0x1400c5412	no	0x140071910..0x1400f6e74
0x140f9ae40	0xa3412	0x1400a3412	no	0x140071910..0x1400f6e74
0x140f9ae4c	0xb2a19	0x1400b2a19	no	0x140071910..0x1400f6e74
0x140f9ae50	0x1c341c	0x1401c341c	no	NO-FUNCTION
0x140f9ae54	0x12011c	0x14012011c	no	0x1400f6eb0..0x1401934a2
0x140f9ae64	0x5006	0x140005006	no	0x1400019d0..0x14001bde5
0x140f9ae68	0x7d807c	0x1407d807c	yes	0x1407d807c..0x1407d8099
0x140f9ae70	0x61411	0x140061411	no	0x14005d9b0..0x140071526
0x140f9ae74	0x96414	0x140096414	no	0x140071910..0x1400f6e74
0x140f9ae78	0x83414	0x140083414	no	0x140071910..0x1400f6e74
0x140f9ae80	0x7b441c	0x1407b441c	yes	0x1407b441c..0x1407b4627
0x140f9ae88	0x7c2def	0x1407c2def	no	0x1407c2dd0..0x1407c2e3e
0x140f9ae8c	0x7c2e27	0x1407c2e27	no	0x1407c2dd0..0x1407c2e3e
0x140f9ae90	0x7da573	0x1407da573	yes	0x1407da573..0x1407da58d
0x140f9ae98	0x40f11	0x140040f11	no	0x14002a6f0..0x1400431ac
0x140f9ae9c	0x6340f	0x14006340f	no	0x14005d9b0..0x140071526
0x140f9aea4	0x7b441c	0x1407b441c	yes	0x1407b441c..0x1407b4627
0x140f9aeac	0x7c2cb1	0x1407c2cb1	no	0x1407c2c94..0x1407c2dce
0x140f9aeb0	0x7c2dbc	0x1407c2dbc	no	0x1407c2c94..0x1407c2dce
0x140f9aeb4	0x7da52c	0x1407da52c	yes	0x1407da52c..0x1407da546
0x140f9aebc	0x20a11	0x140020a11	no	0x14001bdf0..0x14002a6e2
0x140f9aec4	0x7b441c	0x1407b441c	yes	0x1407b441c..0x1407b4627
0x140f9aecc	0x7c2e4d	0x1407c2e4d	no	0x1407c2e40..0x1407c2e69
0x140f9aed0	0x7c2e56	0x1407c2e56	no	0x1407c2e40..0x1407c2e69
0x140f9aed4	0x7da58d	0x1407da58d	yes	0x1407da58d..0x1407da5ae
0x140f9aedc	0x10401	0x140010401	no	0x1400019d0..0x14001bde5
0x140f9aee0	0x4204	0x140004204	no	0x1400019d0..0x14001bde5
0x140f9aee4	0x21101	0x140021101	no	0x14001bdf0..0x14002a6e2
0x140f9aeec	0xa1901	0x1400a1901	no	0x140071910..0x1400f6e74
0x140f9aef0	0x116419	0x140116419	no	0x1400f6eb0..0x1401934a2
0x140f9aef4	0x103419	0x140103419	no	0x1400f6eb0..0x1401934a2
0x140f9af04	0x40f11	0x140040f11	no	0x14002a6f0..0x1400431ac
0x140f9af08	0x6340f	0x14006340f	no	0x14005d9b0..0x140071526
0x140f9af10	0x7b441c	0x1407b441c	yes	0x1407b441c..0x1407b4627
0x140f9af18	0x7c474d	0x1407c474d	no	0x1407c4730..0x1407c476d
0x140f9af1c	0x7c4758	0x1407c4758	no	0x1407c4730..0x1407c476d
0x140f9af20	0x7da52c	0x1407da52c	yes	0x1407da52c..0x1407da546
0x140f9af28	0x60f19	0x140060f19	no	0x14005d9b0..0x140071526
0x140f9af2c	0xa640f	0x1400a640f	no	0x140071910..0x1400f6e74
0x140f9af30	0x9340f	0x14009340f	no	0x140071910..0x1400f6e74
0x140f9af38	0x7d8434	0x1407d8434	yes	0x1407d8434..0x1407d847f
0x140f9af40	0x7c4ade	0x1407c4ade	no	0x1407c4a5c..0x1407c4b15
0x140f9af44	0x7c4af4	0x1407c4af4	no	0x1407c4a5c..0x1407c4b15
0x140f9af48	0x7da5ae	0x1407da5ae	yes	0x1407da5ae..0x1407da5d9
0x140f9af50	0x81519	0x140081519	no	0x140071910..0x1400f6e74
0x140f9af54	0xb7415	0x1400b7415	no	0x140071910..0x1400f6e74
0x140f9af58	0xa6415	0x1400a6415	no	0x140071910..0x1400f6e74
0x140f9af5c	0x93415	0x140093415	no	0x140071910..0x1400f6e74
0x140f9af64	0x7d8434	0x1407d8434	yes	0x1407d8434..0x1407d847f
0x140f9af6c	0x7c4baa	0x1407c4baa	no	0x1407c4b18..0x1407c4be1
0x140f9af70	0x7c4bc0	0x1407c4bc0	no	0x1407c4b18..0x1407c4be1
0x140f9af74	0x7da5ae	0x1407da5ae	yes	0x1407da5ae..0x1407da5d9
0x140f9af7c	0xd3119	0x1400d3119	no	0x140071910..0x1400f6e74
0x140f9af80	0x1b641f	0x1401b641f	no	NO-FUNCTION
0x140f9af84	0x1a541f	0x1401a541f	no	0x140197d50..0x1401a7b91
0x140f9af88	0x19341f	0x14019341f	no	0x1400f6eb0..0x1401934a2
0x140f9af8c	0x12011f	0x14012011f	no	0x1400f6eb0..0x1401934a2
0x140f9af98	0x7010	0x140007010	no	0x1400019d0..0x14001bde5
0x140f9af9c	0x7d807c	0x1407d807c	yes	0x1407d807c..0x1407d8099
0x140f9afa4	0x60f01	0x140060f01	no	0x14005d9b0..0x140071526
0x140f9afa8	0x3740f	0x14003740f	no	0x14002a6f0..0x1400431ac
0x140f9afac	0x2640a	0x14002640a	no	0x14001bdf0..0x14002a6e2
0x140f9afb0	0x13405	0x140013405	no	0x1400019d0..0x14001bde5
0x140f9afb4	0x91601	0x140091601	no	0x140071910..0x1400f6e74
0x140f9afb8	0x440116	0x140440116	no	NO-FUNCTION
0x140f9afc8	0x3006	0x140003006	no	0x1400019d0..0x14001bde5
0x140f9afcc	0x20821	0x140020821	no	0x14001bdf0..0x14002a6e2
0x140f9afd0	0x43d408	0x14043d408	no	NO-FUNCTION
0x140f9afd4	0x7c5640	0x1407c5640	yes	0x1407c5640..0x1407c5888
0x140f9afd8	0x7c5888	0x1407c5888	yes	0x1407c5888..0x1407c5a78
0x140f9afe4	0x7c5640	0x1407c5640	yes	0x1407c5640..0x1407c5888
0x140f9afe8	0x7c5888	0x1407c5888	yes	0x1407c5888..0x1407c5a78
0x140f9aff0	0x81401	0x140081401	no	0x140071910..0x1400f6e74
0x140f9aff4	0xc6414	0x1400c6414	no	0x140071910..0x1400f6e74
0x140f9aff8	0xb5414	0x1400b5414	no	0x140071910..0x1400f6e74
0x140f9affc	0xa3414	0x1400a3414	no	0x140071910..0x1400f6e74
0x140f9b01c	0x41411	0x140041411	no	0x14002a6f0..0x1400431ac
0x140f9b020	0x83414	0x140083414	no	0x140071910..0x1400f6e74
0x140f9b028	0x7b3f20	0x1407b3f20	yes	0x1407b3f20..0x1407b3fa6
0x140f9b030	0x20a01	0x140020a01	no	0x14001bdf0..0x14002a6e2
0x140f9b038	0x20901	0x140020901	no	0x14001bdf0..0x14002a6e2
0x140f9b040	0x20901	0x140020901	no	0x14001bdf0..0x14002a6e2
0x140f9b048	0x40f11	0x140040f11	no	0x14002a6f0..0x1400431ac
0x140f9b04c	0x6340f	0x14006340f	no	0x14005d9b0..0x140071526
0x140f9b054	0x7b441c	0x1407b441c	yes	0x1407b441c..0x1407b4627
0x140f9b05c	0x7c62e1	0x1407c62e1	no	0x1407c62c4..0x1407c6303
0x140f9b060	0x7c62f1	0x1407c62f1	no	0x1407c62c4..0x1407c6303
0x140f9b064	0x7da52c	0x1407da52c	yes	0x1407da52c..0x1407da546
0x140f9b06c	0x40f11	0x140040f11	no	0x14002a6f0..0x1400431ac
0x140f9b070	0x6340f	0x14006340f	no	0x14005d9b0..0x140071526
0x140f9b078	0x7b441c	0x1407b441c	yes	0x1407b441c..0x1407b4627
0x140f9b080	0x7c6361	0x1407c6361	no	0x1407c6344..0x1407c6389
0x140f9b084	0x7c6377	0x1407c6377	no	0x1407c6344..0x1407c6389
0x140f9b088	0x7da52c	0x1407da52c	yes	0x1407da52c..0x1407da546
0x140f9b090	0x40f11	0x140040f11	no	0x14002a6f0..0x1400431ac
0x140f9b094	0x6340f	0x14006340f	no	0x14005d9b0..0x140071526
0x140f9b09c	0x7b441c	0x1407b441c	yes	0x1407b441c..0x1407b4627
0x140f9b0a4	0x7c63a9	0x1407c63a9	no	0x1407c638c..0x1407c63eb
0x140f9b0a8	0x7c63d9	0x1407c63d9	no	0x1407c638c..0x1407c63eb
0x140f9b0ac	0x7da52c	0x1407da52c	yes	0x1407da52c..0x1407da546
0x140f9b0b4	0x40f11	0x140040f11	no	0x14002a6f0..0x1400431ac
0x140f9b0b8	0x6340f	0x14006340f	no	0x14005d9b0..0x140071526
0x140f9b0c0	0x7b441c	0x1407b441c	yes	0x1407b441c..0x1407b4627
0x140f9b0c8	0x7c6321	0x1407c6321	no	0x1407c6304..0x1407c6341
0x140f9b0cc	0x7c632f	0x1407c632f	no	0x1407c6304..0x1407c6341
0x140f9b0d0	0x7da52c	0x1407da52c	yes	0x1407da52c..0x1407da546
0x140f9b0dc	0x20a01	0x140020a01	no	0x14001bdf0..0x14002a6e2
0x140f9b0e4	0x20601	0x140020601	no	0x14001bdf0..0x14002a6e2
0x140f9b0ec	0x60f01	0x140060f01	no	0x14005d9b0..0x140071526
0x140f9b0f0	0xd640f	0x1400d640f	no	0x140071910..0x1400f6e74
0x140f9b0f4	0xc340f	0x1400c340f	no	0x140071910..0x1400f6e74
0x140f9b0fc	0xc1d01	0x1400c1d01	no	0x140071910..0x1400f6e74
0x140f9b100	0xd741d	0x1400d741d	no	0x140071910..0x1400f6e74
0x140f9b104	0xc641d	0x1400c641d	no	0x140071910..0x1400f6e74
0x140f9b108	0xb541d	0x1400b541d	no	0x140071910..0x1400f6e74
0x140f9b10c	0xa341d	0x1400a341d	no	0x140071910..0x1400f6e74
0x140f9b118	0xc1c01	0x1400c1c01	no	0x140071910..0x1400f6e74
0x140f9b11c	0x13641c	0x14013641c	no	0x1400f6eb0..0x1401934a2
0x140f9b120	0x12541c	0x14012541c	no	0x1400f6eb0..0x1401934a2
0x140f9b124	0x10341c	0x14010341c	no	0x1400f6eb0..0x1401934a2
0x140f9b134	0x81401	0x140081401	no	0x140071910..0x1400f6e74
0x140f9b138	0xe6414	0x1400e6414	no	0x140071910..0x1400f6e74
0x140f9b13c	0xd5414	0x1400d5414	no	0x140071910..0x1400f6e74
0x140f9b140	0xc3414	0x1400c3414	no	0x140071910..0x1400f6e74
0x140f9b148	0xa1901	0x1400a1901	no	0x140071910..0x1400f6e74
0x140f9b14c	0xfe419	0x1400fe419	no	0x1400f6eb0..0x1401934a2
0x140f9b150	0xe7419	0x1400e7419	no	0x140071910..0x1400f6e74
0x140f9b154	0xd5419	0x1400d5419	no	0x140071910..0x1400f6e74
0x140f9b158	0xc3419	0x1400c3419	no	0x140071910..0x1400f6e74
0x140f9b160	0x81801	0x140081801	no	0x140071910..0x1400f6e74
0x140f9b164	0xe5418	0x1400e5418	no	0x140071910..0x1400f6e74
0x140f9b168	0xc3418	0x1400c3418	no	0x140071910..0x1400f6e74
0x140f9b174	0x81e19	0x140081e19	no	0x140071910..0x1400f6e74
0x140f9b188	0x7d807c	0x1407d807c	yes	0x1407d807c..0x1407d8099
0x140f9b190	0xc1c01	0x1400c1c01	no	0x140071910..0x1400f6e74
0x140f9b194	0xf641c	0x1400f641c	no	0x140071910..0x1400f6e74
0x140f9b198	0xe541c	0x1400e541c	no	0x140071910..0x1400f6e74
0x140f9b19c	0xd341c	0x1400d341c	no	0x140071910..0x1400f6e74
0x140f9b1ac	0x20901	0x140020901	no	0x14001bdf0..0x14002a6e2
0x140f9b1b4	0x20611	0x140020611	no	0x14001bdf0..0x14002a6e2
0x140f9b1bc	0x7b441c	0x1407b441c	yes	0x1407b441c..0x1407b4627
0x140f9b1c4	0x7c83b2	0x1407c83b2	no	0x1407c83a0..0x1407c83db
0x140f9b1c8	0x7c83c9	0x1407c83c9	no	0x1407c83a0..0x1407c83db
0x140f9b1cc	0x7da5d9	0x1407da5d9	yes	0x1407da5d9..0x1407da5f2
0x140f9b1d4	0xb1c01	0x1400b1c01	no	0x140071910..0x1400f6e74
0x140f9b1d8	0x17741c	0x14017741c	no	0x1400f6eb0..0x1401934a2
0x140f9b1dc	0x16641c	0x14016641c	no	0x1400f6eb0..0x1401934a2
0x140f9b1e0	0x15541c	0x14015541c	no	0x1400f6eb0..0x1401934a2
0x140f9b1e4	0x14341c	0x14014341c	no	0x1400f6eb0..0x1401934a2
0x140f9b1e8	0x12011c	0x14012011c	no	0x1400f6eb0..0x1401934a2
0x140f9b1ec	0xe015	0x14000e015	no	0x1400019d0..0x14001bde5
0x140f9b1f0	0x81701	0x140081701	no	0x140071910..0x1400f6e74
0x140f9b1f4	0x96417	0x140096417	no	0x140071910..0x1400f6e74
0x140f9b1f8	0x85417	0x140085417	no	0x140071910..0x1400f6e74
0x140f9b1fc	0x73417	0x140073417	no	0x140071910..0x1400f6e74
0x140f9b204	0x20601	0x140020601	no	0x14001bdf0..0x14002a6e2
0x140f9b20c	0x61401	0x140061401	no	0x14005d9b0..0x140071526
0x140f9b210	0xe6414	0x1400e6414	no	0x140071910..0x1400f6e74
0x140f9b214	0xd3414	0x1400d3414	no	0x140071910..0x1400f6e74
0x140f9b21c	0xc1c01	0x1400c1c01	no	0x140071910..0x1400f6e74
0x140f9b220	0xd641c	0x1400d641c	no	0x140071910..0x1400f6e74
0x140f9b224	0xb541c	0x1400b541c	no	0x140071910..0x1400f6e74
0x140f9b228	0xa341c	0x1400a341c	no	0x140071910..0x1400f6e74
0x140f9b238	0x40f11	0x140040f11	no	0x14002a6f0..0x1400431ac
0x140f9b23c	0x6340f	0x14006340f	no	0x14005d9b0..0x140071526
0x140f9b244	0x7b441c	0x1407b441c	yes	0x1407b441c..0x1407b4627
0x140f9b24c	0x7c8719	0x1407c8719	no	0x1407c86fc..0x1407c8756
0x140f9b250	0x7c8742	0x1407c8742	no	0x1407c86fc..0x1407c8756
0x140f9b254	0x7da52c	0x1407da52c	yes	0x1407da52c..0x1407da546
0x140f9b25c	0x40a11	0x140040a11	no	0x14002a6f0..0x1400431ac
0x140f9b260	0x9340a	0x14009340a	no	0x140071910..0x1400f6e74
0x140f9b268	0x7b441c	0x1407b441c	yes	0x1407b441c..0x1407b4627
0x140f9b270	0x7c92b2	0x1407c92b2	no	0x1407c9298..0x1407c934a
0x140f9b274	0x7c9331	0x1407c9331	no	0x1407c9298..0x1407c934a
0x140f9b278	0x7da5f2	0x1407da5f2	yes	0x1407da5f2..0x1407da60b
0x140f9b280	0x41201	0x140041201	no	0x14002a6f0..0x1400431ac
0x140f9b284	0xd3412	0x1400d3412	no	0x140071910..0x1400f6e74
0x140f9b28c	0x10801	0x140010801	no	0x1400019d0..0x14001bde5
0x140f9b290	0x6208	0x140006208	no	0x1400019d0..0x14001bde5
0x140f9b294	0x40f11	0x140040f11	no	0x14002a6f0..0x1400431ac
0x140f9b298	0x6340f	0x14006340f	no	0x14005d9b0..0x140071526
0x140f9b2a0	0x7b441c	0x1407b441c	yes	0x1407b441c..0x1407b4627
0x140f9b2a8	0x7c94a9	0x1407c94a9	no	0x1407c948c..0x1407c9517
0x140f9b2ac	0x7c9503	0x1407c9503	no	0x1407c948c..0x1407c9517
0x140f9b2b0	0x7da60b	0x1407da60b	yes	0x1407da60b..0x1407da625
0x140f9b2b8	0x91401	0x140091401	no	0x140071910..0x1400f6e74
0x140f9b2cc	0x5002	0x140005002	no	0x1400019d0..0x14001bde5
0x140f9b2d0	0x81b11	0x140081b11	no	0x140071910..0x1400f6e74
0x140f9b2d4	0xe341b	0x1400e341b	no	0x140071910..0x1400f6e74
0x140f9b2e4	0x7b441c	0x1407b441c	yes	0x1407b441c..0x1407b4627
0x140f9b2ec	0x7c9f41	0x1407c9f41	no	0x1407c9e70..0x1407c9f8d
0x140f9b2f0	0x7c9f7e	0x1407c9f7e	no	0x1407c9e70..0x1407c9f8d
0x140f9b2f4	0x7da625	0x1407da625	yes	0x1407da625..0x1407da63c
0x140f9b2fc	0xb3319	0x1400b3319	no	0x140071910..0x1400f6e74
0x140f9b300	0x223425	0x140223425	no	NO-FUNCTION
0x140f9b304	0x1a0119	0x1401a0119	no	0x140197d50..0x1401a7b91
0x140f9b314	0x5004	0x140005004	no	0x1400019d0..0x14001bde5
0x140f9b318	0x7d8348	0x1407d8348	yes	0x1407d8348..0x1407d83c7
0x140f9b328	0x7c9793	0x1407c9793	no	0x1407c95ac..0x1407c9a3f
0x140f9b330	0x92d19	0x140092d19	no	0x140071910..0x1400f6e74
0x140f9b344	0x600b	0x14000600b	no	0x1400019d0..0x14001bde5
0x140f9b348	0x7d807c	0x1407d807c	yes	0x1407d807c..0x1407d8099
0x140f9b34c	0x1440	0x140001440	no	0x140001430..0x14000144a
0x140f9b350	0xb3119	0x1400b3119	no	0x140071910..0x1400f6e74
0x140f9b368	0x600b	0x14000600b	no	0x1400019d0..0x14001bde5
0x140f9b36c	0x7d807c	0x1407d807c	yes	0x1407d807c..0x1407d8099
0x140f9b370	0x1460	0x140001460	no	0x140001450..0x14000146a
0x140f9b374	0x10801	0x140010801	no	0x1400019d0..0x14001bde5
0x140f9b378	0xa208	0x14000a208	no	0x1400019d0..0x14001bde5
0x140f9b37c	0x40f11	0x140040f11	no	0x14002a6f0..0x1400431ac
0x140f9b380	0x6340f	0x14006340f	no	0x14005d9b0..0x140071526
0x140f9b388	0x7b441c	0x1407b441c	yes	0x1407b441c..0x1407b4627
0x140f9b390	0x7ca2dd	0x1407ca2dd	no	0x1407ca2c0..0x1407ca337
0x140f9b394	0x7ca323	0x1407ca323	no	0x1407ca2c0..0x1407ca337
0x140f9b398	0x7da60b	0x1407da60b	yes	0x1407da60b..0x1407da625
0x140f9b3a0	0x20619	0x140020619	no	0x14001bdf0..0x14002a6e2
0x140f9b3a8	0x7d8434	0x1407d8434	yes	0x1407d8434..0x1407d847f
0x140f9b3b0	0x7ca57c	0x1407ca57c	no	0x1407ca564..0x1407ca5ba
0x140f9b3b4	0x7ca5a7	0x1407ca5a7	no	0x1407ca564..0x1407ca5ba
0x140f9b3b8	0x7da5f2	0x1407da5f2	yes	0x1407da5f2..0x1407da60b
0x140f9b3c0	0x81401	0x140081401	no	0x140071910..0x1400f6e74
0x140f9b3c4	0x96414	0x140096414	no	0x140071910..0x1400f6e74
0x140f9b3c8	0x85414	0x140085414	no	0x140071910..0x1400f6e74
0x140f9b3cc	0x63414	0x140063414	no	0x14005d9b0..0x140071526
0x140f9b3d4	0x82819	0x140082819	no	0x140071910..0x1400f6e74
0x140f9b3d8	0x14741a	0x14014741a	no	0x1400f6eb0..0x1401934a2
0x140f9b3dc	0x13641a	0x14013641a	no	0x1400f6eb0..0x1401934a2
0x140f9b3e0	0x12341a	0x14012341a	no	0x1400f6eb0..0x1401934a2
0x140f9b3e8	0x7d807c	0x1407d807c	yes	0x1407d807c..0x1407d8099
0x140f9b3f0	0xb2f19	0x1400b2f19	no	0x140071910..0x1400f6e74
0x140f9b408	0x5006	0x140005006	no	0x1400019d0..0x14001bde5
0x140f9b40c	0x7d807c	0x1407d807c	yes	0x1407d807c..0x1407d8099
0x140f9b410	0x1040	0x140001040	no	0x140001030..0x14000107b
0x140f9b414	0xa1e01	0x1400a1e01	no	0x140071910..0x1400f6e74
0x140f9b418	0xd341e	0x1400d341e	no	0x140071910..0x1400f6e74
0x140f9b42c	0x41019	0x140041019	no	0x14002a6f0..0x1400431ac
0x140f9b430	0x93410	0x140093410	no	0x140071910..0x1400f6e74
0x140f9b438	0x7d8434	0x1407d8434	yes	0x1407d8434..0x1407d847f
0x140f9b440	0x7caa64	0x1407caa64	no	0x1407caa14..0x1407caa7f
0x140f9b444	0x7caa72	0x1407caa72	no	0x1407caa14..0x1407caa7f
0x140f9b448	0x7da49e	0x1407da49e	yes	0x1407da49e..0x1407da4b6
0x140f9b450	0xa1c11	0x1400a1c11	no	0x140071910..0x1400f6e74
0x140f9b454	0xbc41c	0x1400bc41c	no	0x140071910..0x1400f6e74
0x140f9b458	0xa641c	0x1400a641c	no	0x140071910..0x1400f6e74
0x140f9b45c	0x9341c	0x14009341c	no	0x140071910..0x1400f6e74
0x140f9b468	0x7b441c	0x1407b441c	yes	0x1407b441c..0x1407b4627
0x140f9b470	0x7cb621	0x1407cb621	no	0x1407cb548..0x1407cb666
0x140f9b474	0x7cb658	0x1407cb658	no	0x1407cb548..0x1407cb666
0x140f9b478	0x7da63c	0x1407da63c	yes	0x1407da63c..0x1407da653
0x140f9b480	0xa1901	0x1400a1901	no	0x140071910..0x1400f6e74
0x140f9b484	0x163419	0x140163419	no	0x1400f6eb0..0x1401934a2
0x140f9b498	0xa1401	0x1400a1401	no	0x140071910..0x1400f6e74
0x140f9b49c	0x103414	0x140103414	no	0x1400f6eb0..0x1401934a2
0x140f9b4b0	0xa1401	0x1400a1401	no	0x140071910..0x1400f6e74
0x140f9b4b4	0x113414	0x140113414	no	0x1400f6eb0..0x1401934a2
0x140f9b4c8	0x81b19	0x140081b19	no	0x140071910..0x1400f6e74
0x140f9b4cc	0xe341b	0x1400e341b	no	0x140071910..0x1400f6e74
0x140f9b4dc	0x7d8434	0x1407d8434	yes	0x1407d8434..0x1407d847f
0x140f9b4e4	0x7cbb9a	0x1407cbb9a	no	0x1407cbac8..0x1407cbbe6
0x140f9b4e8	0x7cbbd7	0x1407cbbd7	no	0x1407cbac8..0x1407cbbe6
0x140f9b4ec	0x7da625	0x1407da625	yes	0x1407da625..0x1407da63c
0x140f9b4f4	0xa1701	0x1400a1701	no	0x140071910..0x1400f6e74
0x140f9b4f8	0x123417	0x140123417	no	0x1400f6eb0..0x1401934a2
0x140f9b50c	0xa1901	0x1400a1901	no	0x140071910..0x1400f6e74
0x140f9b510	0xd7419	0x1400d7419	no	0x140071910..0x1400f6e74
0x140f9b514	0xc6419	0x1400c6419	no	0x140071910..0x1400f6e74
0x140f9b518	0xb5419	0x1400b5419	no	0x140071910..0x1400f6e74
0x140f9b51c	0xa3419	0x1400a3419	no	0x140071910..0x1400f6e74
0x140f9b524	0x92b19	0x140092b19	no	0x140071910..0x1400f6e74
0x140f9b528	0x68011a	0x14068011a	no	0x140665910..0x140680974
0x140f9b538	0x5002	0x140005002	no	0x1400019d0..0x14001bde5
0x140f9b53c	0x7d807c	0x1407d807c	yes	0x1407d807c..0x1407d8099
0x140f9b544	0x72b19	0x140072b19	no	0x140071910..0x1400f6e74
0x140f9b548	0x58741a	0x14058741a	no	NO-FUNCTION
0x140f9b54c	0x57341a	0x14057341a	no	NO-FUNCTION
0x140f9b550	0x54011a	0x14054011a	no	NO-FUNCTION
0x140f9b554	0x500b	0x14000500b	no	0x1400019d0..0x14001bde5
0x140f9b558	0x7d807c	0x1407d807c	yes	0x1407d807c..0x1407d8099
0x140f9b560	0xa2519	0x1400a2519	no	0x140071910..0x1400f6e74
0x140f9b564	0x115416	0x140115416	no	0x1400f6eb0..0x1401934a2
0x140f9b568	0x103416	0x140103416	no	0x1400f6eb0..0x1401934a2
0x140f9b578	0x7d807c	0x1407d807c	yes	0x1407d807c..0x1407d8099
0x140f9b580	0x60f19	0x140060f19	no	0x14005d9b0..0x140071526
0x140f9b584	0x8640f	0x14008640f	no	0x140071910..0x1400f6e74
0x140f9b588	0x7340f	0x14007340f	no	0x140071910..0x1400f6e74
0x140f9b590	0x7d8434	0x1407d8434	yes	0x1407d8434..0x1407d847f
0x140f9b598	0x7ccfb1	0x1407ccfb1	no	0x1407ccf70..0x1407cd028
0x140f9b59c	0x7cd000	0x1407cd000	no	0x1407ccf70..0x1407cd028
0x140f9b5a0	0x7da66d	0x1407da66d	yes	0x1407da66d..0x1407da686
0x140f9b5a8	0x92501	0x140092501	no	0x140071910..0x1400f6e74
0x140f9b5ac	0x536425	0x140536425	no	NO-FUNCTION
0x140f9b5b0	0x523425	0x140523425	no	NO-FUNCTION
0x140f9b5b4	0x4e0125	0x1404e0125	no	NO-FUNCTION
0x140f9b5bc	0x5014	0x140005014	no	0x1400019d0..0x14001bde5
0x140f9b5c0	0x72b19	0x140072b19	no	0x140071910..0x1400f6e74
0x140f9b5d0	0x500b	0x14000500b	no	0x1400019d0..0x14001bde5
0x140f9b5d4	0x7d807c	0x1407d807c	yes	0x1407d807c..0x1407d8099
0x140f9b5dc	0x40f11	0x140040f11	no	0x14002a6f0..0x1400431ac
0x140f9b5e0	0xa340f	0x1400a340f	no	0x140071910..0x1400f6e74
0x140f9b5e8	0x7b441c	0x1407b441c	yes	0x1407b441c..0x1407b4627
0x140f9b5f0	0x7cc83d	0x1407cc83d	no	0x1407cc820..0x1407cc9ee
0x140f9b5f4	0x7cc9dc	0x1407cc9dc	no	0x1407cc820..0x1407cc9ee
0x140f9b5f8	0x7da653	0x1407da653	yes	0x1407da653..0x1407da66d
0x140f9b600	0x60f01	0x140060f01	no	0x14005d9b0..0x140071526
0x140f9b604	0xb640f	0x1400b640f	no	0x140071910..0x1400f6e74
0x140f9b608	0xa340f	0x1400a340f	no	0x140071910..0x1400f6e74
0x140f9b610	0x30601	0x140030601	no	0x14002a6f0..0x1400431ac
0x140f9b614	0x23406	0x140023406	no	0x14001bdf0..0x14002a6e2
0x140f9b618	0x7006	0x140007006	no	0x1400019d0..0x14001bde5
0x140f9b61c	0xa1801	0x1400a1801	no	0x140071910..0x1400f6e74
0x140f9b620	0x103418	0x140103418	no	0x1400f6eb0..0x1401934a2
0x140f9b634	0x81501	0x140081501	no	0x140071910..0x1400f6e74
0x140f9b638	0xa7415	0x1400a7415	no	0x140071910..0x1400f6e74
0x140f9b63c	0x96415	0x140096415	no	0x140071910..0x1400f6e74
0x140f9b640	0x83415	0x140083415	no	0x140071910..0x1400f6e74
0x140f9b648	0x81401	0x140081401	no	0x140071910..0x1400f6e74
0x140f9b64c	0x86414	0x140086414	no	0x140071910..0x1400f6e74
0x140f9b650	0x75414	0x140075414	no	0x140071910..0x1400f6e74
0x140f9b654	0x63414	0x140063414	no	0x14005d9b0..0x140071526
0x140f9b65c	0x10401	0x140010401	no	0x1400019d0..0x14001bde5
0x140f9b660	0x4204	0x140004204	no	0x1400019d0..0x14001bde5
0x140f9b664	0xa1711	0x1400a1711	no	0x140071910..0x1400f6e74
0x140f9b668	0x116417	0x140116417	no	0x1400f6eb0..0x1401934a2
0x140f9b66c	0x103417	0x140103417	no	0x1400f6eb0..0x1401934a2
0x140f9b67c	0x7b441c	0x1407b441c	yes	0x1407b441c..0x1407b4627
0x140f9b684	0x7cdee9	0x1407cdee9	no	0x1407cddbc..0x1407ce018
0x140f9b688	0x7cdf9e	0x1407cdf9e	no	0x1407cddbc..0x1407ce018
0x140f9b68c	0x7da686	0x1407da686	yes	0x1407da686..0x1407da6a7
0x140f9b694	0x7cdfff	0x1407cdfff	no	0x1407cddbc..0x1407ce018
0x140f9b698	0x7ce017	0x1407ce017	no	0x1407cddbc..0x1407ce018
0x140f9b69c	0x7da686	0x1407da686	yes	0x1407da686..0x1407da6a7
0x140f9b6a4	0x40f11	0x140040f11	no	0x14002a6f0..0x1400431ac
0x140f9b6a8	0x6340f	0x14006340f	no	0x14005d9b0..0x140071526
0x140f9b6b0	0x7b441c	0x1407b441c	yes	0x1407b441c..0x1407b4627
0x140f9b6b8	0x7cdd3e	0x1407cdd3e	no	0x1407cdd24..0x1407cdd6c
0x140f9b6bc	0x7cdd57	0x1407cdd57	no	0x1407cdd24..0x1407cdd6c
0x140f9b6c0	0x7da52c	0x1407da52c	yes	0x1407da52c..0x1407da546
0x140f9b6c8	0x20521	0x140020521	no	0x14001bdf0..0x14002a6e2
0x140f9b6cc	0x63405	0x140063405	no	0x14005d9b0..0x140071526
0x140f9b6d0	0x7ce0b0	0x1407ce0b0	yes	0x1407ce0b0..0x1407ce136
0x140f9b6d4	0x7ce136	0x1407ce136	yes	0x1407ce136..0x1407ce1b8
0x140f9b6dc	0x20021	0x140020021	no	0x14001bdf0..0x14002a6e2
0x140f9b6e0	0x63400	0x140063400	no	0x14005d9b0..0x140071526
0x140f9b6e4	0x7ce0b0	0x1407ce0b0	yes	0x1407ce0b0..0x1407ce136
0x140f9b6e8	0x7ce136	0x1407ce136	yes	0x1407ce136..0x1407ce1b8
0x140f9b6f0	0xa1911	0x1400a1911	no	0x140071910..0x1400f6e74
0x140f9b6f4	0xc7419	0x1400c7419	no	0x140071910..0x1400f6e74
0x140f9b6f8	0xb6419	0x1400b6419	no	0x140071910..0x1400f6e74
0x140f9b6fc	0xa3419	0x1400a3419	no	0x140071910..0x1400f6e74
0x140f9b708	0x7b441c	0x1407b441c	yes	0x1407b441c..0x1407b4627
0x140f9b710	0x7ce4cb	0x1407ce4cb	no	0x1407ce4a4..0x1407ce5e2
0x140f9b714	0x7ce5bb	0x1407ce5bb	no	0x1407ce4a4..0x1407ce5e2
0x140f9b718	0x7da5d9	0x1407da5d9	yes	0x1407da5d9..0x1407da5f2
0x140f9b720	0x61401	0x140061401	no	0x14005d9b0..0x140071526
0x140f9b724	0x76414	0x140076414	no	0x140071910..0x1400f6e74
0x140f9b728	0x63414	0x140063414	no	0x14005d9b0..0x140071526
0x140f9b730	0x81511	0x140081511	no	0x140071910..0x1400f6e74
0x140f9b734	0xa7415	0x1400a7415	no	0x140071910..0x1400f6e74
0x140f9b738	0x96415	0x140096415	no	0x140071910..0x1400f6e74
0x140f9b73c	0x83415	0x140083415	no	0x140071910..0x1400f6e74
0x140f9b744	0x7b441c	0x1407b441c	yes	0x1407b441c..0x1407b4627
0x140f9b74c	0x7ce33f	0x1407ce33f	no	0x1407ce2ec..0x1407ce394
0x140f9b750	0x7ce386	0x1407ce386	no	0x1407ce2ec..0x1407ce394
0x140f9b754	0x7da5d9	0x1407da5d9	yes	0x1407da5d9..0x1407da5f2
0x140f9b75c	0xc1f01	0x1400c1f01	no	0x140071910..0x1400f6e74
0x140f9b760	0x10741f	0x14010741f	no	0x1400f6eb0..0x1401934a2
0x140f9b764	0xf641f	0x1400f641f	no	0x140071910..0x1400f6e74
0x140f9b768	0xe341f	0x1400e341f	no	0x140071910..0x1400f6e74
0x140f9b778	0x20e01	0x140020e01	no	0x14001bdf0..0x14002a6e2
0x140f9b780	0x61801	0x140061801	no	0x14005d9b0..0x140071526
0x140f9b784	0x75418	0x140075418	no	0x140071910..0x1400f6e74
0x140f9b788	0x63418	0x140063418	no	0x14005d9b0..0x140071526
0x140f9b794	0x14741f	0x14014741f	no	0x1400f6eb0..0x1401934a2
0x140f9b798	0x13641b	0x14013641b	no	0x1400f6eb0..0x1401934a2
0x140f9b79c	0x123417	0x140123417	no	0x1400f6eb0..0x1401934a2
0x140f9b7ac	0x5002	0x140005002	no	0x1400019d0..0x14001bde5
0x140f9b7b0	0x7d807c	0x1407d807c	yes	0x1407d807c..0x1407d8099
0x140f9b7b8	0x40a11	0x140040a11	no	0x14002a6f0..0x1400431ac
0x140f9b7bc	0x6340a	0x14006340a	no	0x14005d9b0..0x140071526
0x140f9b7c4	0x7b441c	0x1407b441c	yes	0x1407b441c..0x1407b4627
0x140f9b7cc	0x7cfcc5	0x1407cfcc5	no	0x1407cfc8c..0x1407cfcfa
0x140f9b7d0	0x7cfcd7	0x1407cfcd7	no	0x1407cfc8c..0x1407cfcfa
0x140f9b7d4	0x7da6a7	0x1407da6a7	yes	0x1407da6a7..0x1407da6c0
0x140f9b7dc	0x92a19	0x140092a19	no	0x140071910..0x1400f6e74
0x140f9b7e0	0x1d7418	0x1401d7418	no	NO-FUNCTION
0x140f9b7e4	0x1c5418	0x1401c5418	no	NO-FUNCTION
0x140f9b7e8	0x1b3418	0x1401b3418	no	NO-FUNCTION
0x140f9b7ec	0x180118	0x140180118	no	0x1400f6eb0..0x1401934a2
0x140f9b7f0	0xe011	0x14000e011	no	0x1400019d0..0x14001bde5
0x140f9b7f4	0x7d807c	0x1407d807c	yes	0x1407d807c..0x1407d8099
0x140f9b7fc	0x72419	0x140072419	no	0x140071910..0x1400f6e74
0x140f9b800	0x2a6412	0x1402a6412	no	NO-FUNCTION
0x140f9b804	0x293412	0x140293412	no	NO-FUNCTION
0x140f9b808	0x260112	0x140260112	no	NO-FUNCTION
0x140f9b80c	0x700b	0x14000700b	no	0x1400019d0..0x14001bde5
0x140f9b810	0x7d807c	0x1407d807c	yes	0x1407d807c..0x1407d8099
0x140f9b818	0x51f19	0x140051f19	no	0x14004cf60..0x14005d9a9
0x140f9b81c	0x21340d	0x14021340d	no	NO-FUNCTION
0x140f9b820	0x1e010d	0x1401e010d	no	NO-FUNCTION
0x140f9b824	0x7006	0x140007006	no	0x1400019d0..0x14001bde5
0x140f9b828	0x7d807c	0x1407d807c	yes	0x1407d807c..0x1407d8099
0x140f9b830	0x41919	0x140041919	no	0x14002a6f0..0x1400431ac
0x140f9b834	0xb340a	0x1400b340a	no	0x140071910..0x1400f6e74
0x140f9b83c	0x7d807c	0x1407d807c	yes	0x1407d807c..0x1407d8099
0x140f9b844	0x82019	0x140082019	no	0x140071910..0x1400f6e74
0x140f9b858	0x7d807c	0x1407d807c	yes	0x1407d807c..0x1407d8099
0x140f9b860	0x92719	0x140092719	no	0x140071910..0x1400f6e74
0x140f9b864	0x2a5415	0x1402a5415	no	NO-FUNCTION
0x140f9b868	0x293415	0x140293415	no	NO-FUNCTION
0x140f9b86c	0x240115	0x140240115	no	NO-FUNCTION
0x140f9b874	0x600b	0x14000600b	no	0x1400019d0..0x14001bde5
0x140f9b878	0x7d807c	0x1407d807c	yes	0x1407d807c..0x1407d8099
0x140f9b880	0x72419	0x140072419	no	0x140071910..0x1400f6e74
0x140f9b884	0x286412	0x140286412	no	NO-FUNCTION
0x140f9b888	0x273412	0x140273412	no	NO-FUNCTION
0x140f9b88c	0x240112	0x140240112	no	NO-FUNCTION
0x140f9b890	0x700b	0x14000700b	no	0x1400019d0..0x14001bde5
0x140f9b894	0x7d807c	0x1407d807c	yes	0x1407d807c..0x1407d8099
0x140f9b89c	0x92919	0x140092919	no	0x140071910..0x1400f6e74
0x140f9b8a0	0x296417	0x140296417	no	NO-FUNCTION
0x140f9b8a4	0x285417	0x140285417	no	NO-FUNCTION
0x140f9b8a8	0x273417	0x140273417	no	NO-FUNCTION
0x140f9b8ac	0x240117	0x140240117	no	NO-FUNCTION
0x140f9b8b0	0x7010	0x140007010	no	0x1400019d0..0x14001bde5
0x140f9b8b4	0x7d807c	0x1407d807c	yes	0x1407d807c..0x1407d8099
0x140f9b8bc	0x81401	0x140081401	no	0x140071910..0x1400f6e74
0x140f9b8c0	0x96414	0x140096414	no	0x140071910..0x1400f6e74
0x140f9b8c4	0x85414	0x140085414	no	0x140071910..0x1400f6e74
0x140f9b8c8	0x73414	0x140073414	no	0x140071910..0x1400f6e74
0x140f9b8d0	0x81f19	0x140081f19	no	0x140071910..0x1400f6e74
0x140f9b8d4	0xf541f	0x1400f541f	no	0x140071910..0x1400f6e74
0x140f9b8d8	0xe341b	0x1400e341b	no	0x140071910..0x1400f6e74
0x140f9b8e4	0x7b3f20	0x1407b3f20	yes	0x1407b3f20..0x1407b3fa6
0x140f9b8f0	0x7d13cd	0x1407d13cd	no	0x1407d131c..0x1407d1514
0x140f9b8f8	0xa1801	0x1400a1801	no	0x140071910..0x1400f6e74
0x140f9b8fc	0xc6418	0x1400c6418	no	0x140071910..0x1400f6e74
0x140f9b900	0xb5418	0x1400b5418	no	0x140071910..0x1400f6e74
0x140f9b904	0xa3418	0x1400a3418	no	0x140071910..0x1400f6e74
0x140f9b910	0x92219	0x140092219	no	0x140071910..0x1400f6e74
0x140f9b924	0x5002	0x140005002	no	0x1400019d0..0x14001bde5
0x140f9b928	0x7d807c	0x1407d807c	yes	0x1407d807c..0x1407d8099
0x140f9b930	0x81401	0x140081401	no	0x140071910..0x1400f6e74
0x140f9b934	0xf6414	0x1400f6414	no	0x140071910..0x1400f6e74
0x140f9b938	0xd5414	0x1400d5414	no	0x140071910..0x1400f6e74
0x140f9b93c	0xc3414	0x1400c3414	no	0x140071910..0x1400f6e74
0x140f9b944	0x92419	0x140092419	no	0x140071910..0x1400f6e74
0x140f9b948	0x1a0112	0x1401a0112	no	0x140197d50..0x1401a7b91
0x140f9b958	0x3002	0x140003002	no	0x1400019d0..0x14001bde5
0x140f9b95c	0x7d807c	0x1407d807c	yes	0x1407d807c..0x1407d8099
0x140f9b968	0x15c41f	0x14015c41f	no	0x1400f6eb0..0x1401934a2
0x140f9b96c	0x14741b	0x14014741b	no	0x1400f6eb0..0x1401934a2
0x140f9b970	0x136417	0x140136417	no	0x1400f6eb0..0x1401934a2
0x140f9b974	0x123413	0x140123413	no	0x1400f6eb0..0x1401934a2
0x140f9b980	0x5002	0x140005002	no	0x1400019d0..0x14001bde5
0x140f9b984	0x7d807c	0x1407d807c	yes	0x1407d807c..0x1407d8099
0x140f9b98c	0x60f01	0x140060f01	no	0x14005d9b0..0x140071526
0x140f9b990	0x11640f	0x14011640f	no	0x1400f6eb0..0x1401934a2
0x140f9b994	0x10340f	0x14010340f	no	0x1400f6eb0..0x1401934a2
0x140f9b9a0	0x14741f	0x14014741f	no	0x1400f6eb0..0x1401934a2
0x140f9b9a4	0x13641b	0x14013641b	no	0x1400f6eb0..0x1401934a2
0x140f9b9a8	0x123417	0x140123417	no	0x1400f6eb0..0x1401934a2
0x140f9b9b8	0x5002	0x140005002	no	0x1400019d0..0x14001bde5
0x140f9b9bc	0x7d807c	0x1407d807c	yes	0x1407d807c..0x1407d8099
0x140f9b9c4	0x81c01	0x140081c01	no	0x140071910..0x1400f6e74
0x140f9b9c8	0x9741c	0x14009741c	no	0x140071910..0x1400f6e74
0x140f9b9cc	0x8641c	0x14008641c	no	0x140071910..0x1400f6e74
0x140f9b9d0	0x7341c	0x14007341c	no	0x140071910..0x1400f6e74
0x140f9b9d8	0x10409	0x140010409	no	0x1400019d0..0x14001bde5
0x140f9b9dc	0x4204	0x140004204	no	0x1400019d0..0x14001bde5
0x140f9b9e0	0x7b441c	0x1407b441c	yes	0x1407b441c..0x1407b4627
0x140f9b9e8	0x7d2cb3	0x1407d2cb3	no	0x1407d2c80..0x1407d2cf8
0x140f9b9ec	0x7d2cbe	0x1407d2cbe	no	0x1407d2c80..0x1407d2cf8
0x140f9b9f0	0x7da6c0	0x1407da6c0	yes	0x1407da6c0..0x1407da6ed
0x140f9b9f4	0x7d2cbe	0x1407d2cbe	no	0x1407d2c80..0x1407d2cf8
0x140f9b9f8	0x40a01	0x140040a01	no	0x14002a6f0..0x1400431ac
0x140f9b9fc	0x6340a	0x14006340a	no	0x14005d9b0..0x140071526
0x140f9ba04	0x20601	0x140020601	no	0x14001bdf0..0x14002a6e2
0x140f9ba0c	0xb3019	0x1400b3019	no	0x140071910..0x1400f6e74
0x140f9ba24	0x5004	0x140005004	no	0x1400019d0..0x14001bde5
0x140f9ba28	0x7d807c	0x1407d807c	yes	0x1407d807c..0x1407d8099
0x140f9ba30	0x10901	0x140010901	no	0x1400019d0..0x14001bde5
0x140f9ba34	0x4209	0x140004209	no	0x1400019d0..0x14001bde5
0x140f9ba38	0x62119	0x140062119	no	0x14005d9b0..0x140071526
0x140f9ba48	0x7d807c	0x1407d807c	yes	0x1407d807c..0x1407d8099
0x140f9ba50	0x82921	0x140082921	no	0x140071910..0x1400f6e74
0x140f9ba64	0x7d46e0	0x1407d46e0	yes	0x1407d46e0..0x1407d4772
0x140f9ba68	0x7d4772	0x1407d4772	yes	0x1407d4772..0x1407d4a58
0x140f9ba74	0x7d46e0	0x1407d46e0	yes	0x1407d46e0..0x1407d4772
0x140f9ba78	0x7d4772	0x1407d4772	yes	0x1407d4772..0x1407d4a58
0x140f9ba80	0x50b01	0x140050b01	no	0x14004cf60..0x14005d9a9
0x140f9ba84	0x4640b	0x14004640b	no	0x1400431b0..0x1400487c1
0x140f9ba88	0x2340b	0x14002340b	no	0x14001bdf0..0x14002a6e2
0x140f9ba8c	0x700b	0x14000700b	no	0x1400019d0..0x14001bde5
0x140f9ba90	0x11319	0x140011319	no	0x1400019d0..0x14001bde5
0x140f9ba94	0x6204	0x140006204	no	0x1400019d0..0x14001bde5
0x140f9ba98	0x7d807c	0x1407d807c	yes	0x1407d807c..0x1407d8099
0x140f9baa0	0x81701	0x140081701	no	0x140071910..0x1400f6e74
0x140f9baa4	0x11e417	0x14011e417	no	0x1400f6eb0..0x1401934a2
0x140f9baa8	0x107417	0x140107417	no	0x1400f6eb0..0x1401934a2
0x140f9baac	0xf6417	0x1400f6417	no	0x140071910..0x1400f6e74
0x140f9bab4	0x20521	0x140020521	no	0x14001bdf0..0x14002a6e2
0x140f9bab8	0xe3405	0x1400e3405	no	0x140071910..0x1400f6e74
0x140f9babc	0x7d4f90	0x1407d4f90	yes	0x1407d4f90..0x1407d4fc3
0x140f9bac0	0x7d4fc3	0x1407d4fc3	yes	0x1407d4fc3..0x1407d511c
0x140f9bacc	0x7d4f90	0x1407d4f90	yes	0x1407d4f90..0x1407d4fc3
0x140f9bad0	0x7d4fc3	0x1407d4fc3	yes	0x1407d4fc3..0x1407d511c
0x140f9bad8	0xb1f01	0x1400b1f01	no	0x140071910..0x1400f6e74
0x140f9badc	0x1b741f	0x1401b741f	no	NO-FUNCTION
0x140f9bae0	0x19641f	0x14019641f	no	0x1401934b0..0x140197542
0x140f9bae4	0x18341f	0x14018341f	no	0x1400f6eb0..0x1401934a2
0x140f9bae8	0x14011f	0x14014011f	no	0x1400f6eb0..0x1401934a2
0x140f9baf0	0x5010	0x140005010	no	0x1400019d0..0x14001bde5
0x140f9baf4	0x10401	0x140010401	no	0x1400019d0..0x14001bde5
0x140f9baf8	0x4204	0x140004204	no	0x1400019d0..0x14001bde5
0x140f9bafc	0x64f01	0x140064f01	no	0x14005d9b0..0x140071526
0x140f9bb00	0xd744f	0x1400d744f	no	0x140071910..0x1400f6e74
0x140f9bb0c	0x61621	0x140061621	no	0x14005d9b0..0x140071526
0x140f9bb10	0xff416	0x1400ff416	no	0x1400f6eb0..0x1401934a2
0x140f9bb14	0xec40a	0x1400ec40a	no	0x140071910..0x1400f6e74
0x140f9bb18	0xc6405	0x1400c6405	no	0x140071910..0x1400f6e74
0x140f9bb1c	0x7d5530	0x1407d5530	yes	0x1407d5530..0x1407d562a
0x140f9bb20	0x7d562a	0x1407d562a	yes	0x1407d562a..0x1407d56e8
0x140f9bb2c	0x7d5530	0x1407d5530	yes	0x1407d5530..0x1407d562a
0x140f9bb30	0x7d562a	0x1407d562a	yes	0x1407d562a..0x1407d56e8
0x140f9bb38	0xa2319	0x1400a2319	no	0x140071910..0x1400f6e74
0x140f9bb3c	0x123414	0x140123414	no	0x1400f6eb0..0x1401934a2
0x140f9bb50	0x7d807c	0x1407d807c	yes	0x1407d807c..0x1407d8099
0x140f9bb58	0x10201	0x140010201	no	0x1400019d0..0x14001bde5
0x140f9bb5c	0x3002	0x140003002	no	0x1400019d0..0x14001bde5
0x140f9bb60	0xb1f01	0x1400b1f01	no	0x140071910..0x1400f6e74
0x140f9bb64	0x19e41f	0x14019e41f	no	0x140197d50..0x1401a7b91
0x140f9bb68	0x18741f	0x14018741f	no	0x1400f6eb0..0x1401934a2
0x140f9bb6c	0x17641f	0x14017641f	no	0x1400f6eb0..0x1401934a2
0x140f9bb70	0x16341f	0x14016341f	no	0x1400f6eb0..0x1401934a2
0x140f9bb74	0x14011f	0x14014011f	no	0x1400f6eb0..0x1401934a2
0x140f9bb78	0x5014	0x140005014	no	0x1400019d0..0x14001bde5
0x140f9bb7c	0xd2701	0x1400d2701	no	0x140071910..0x1400f6e74
0x140f9bb80	0x257427	0x140257427	no	NO-FUNCTION
0x140f9bb84	0x236427	0x140236427	no	NO-FUNCTION
0x140f9bb88	0x223427	0x140223427	no	NO-FUNCTION
0x140f9bb8c	0x1c0127	0x1401c0127	no	NO-FUNCTION
0x140f9bb98	0x5014	0x140005014	no	0x1400019d0..0x14001bde5
0x140f9bb9c	0x40a19	0x140040a19	no	0x14002a6f0..0x1400431ac
0x140f9bba0	0xc340a	0x1400c340a	no	0x140071910..0x1400f6e74
0x140f9bba8	0x7d8434	0x1407d8434	yes	0x1407d8434..0x1407d847f
0x140f9bbb0	0x7d5b27	0x1407d5b27	no	0x1407d5acc..0x1407d5b8f
0x140f9bbb4	0x7d5b4e	0x1407d5b4e	no	0x1407d5acc..0x1407d5b8f
0x140f9bbb8	0x7da6ed	0x1407da6ed	yes	0x1407da6ed..0x1407da765
0x140f9bbc0	0x20601	0x140020601	no	0x14001bdf0..0x14002a6e2
0x140f9bbc8	0x40a19	0x140040a19	no	0x14002a6f0..0x1400431ac
0x140f9bbcc	0xc340a	0x1400c340a	no	0x140071910..0x1400f6e74
0x140f9bbd4	0x7d8434	0x1407d8434	yes	0x1407d8434..0x1407d847f
0x140f9bbdc	0x7d5beb	0x1407d5beb	no	0x1407d5b90..0x1407d5c53
0x140f9bbe0	0x7d5c12	0x1407d5c12	no	0x1407d5b90..0x1407d5c53
0x140f9bbe4	0x7da6ed	0x1407da6ed	yes	0x1407da6ed..0x1407da765
0x140f9bbec	0x60f01	0x140060f01	no	0x14005d9b0..0x140071526
0x140f9bbf0	0x8540f	0x14008540f	no	0x140071910..0x1400f6e74
0x140f9bbf4	0x7340f	0x14007340f	no	0x140071910..0x1400f6e74
0x140f9bbfc	0xa1801	0x1400a1801	no	0x140071910..0x1400f6e74
0x140f9bc00	0xd6418	0x1400d6418	no	0x140071910..0x1400f6e74
0x140f9bc04	0xc5418	0x1400c5418	no	0x140071910..0x1400f6e74
0x140f9bc08	0xb3418	0x1400b3418	no	0x140071910..0x1400f6e74
0x140f9bc14	0x30601	0x140030601	no	0x14002a6f0..0x1400431ac
0x140f9bc18	0x43406	0x140043406	no	0x1400431b0..0x1400487c1
0x140f9bc1c	0x6006	0x140006006	no	0x1400019d0..0x14001bde5
0x140f9bc20	0x20521	0x140020521	no	0x14001bdf0..0x14002a6e2
0x140f9bc24	0x37405	0x140037405	no	0x14002a6f0..0x1400431ac
0x140f9bc28	0x7d68a0	0x1407d68a0	yes	0x1407d68a0..0x1407d68a8
0x140f9bc2c	0x7d68a8	0x1407d68a8	yes	0x1407d68a8..0x1407d6974
0x140f9bc38	0x7d68a0	0x1407d68a0	yes	0x1407d68a0..0x1407d68a8
0x140f9bc3c	0x7d68a8	0x1407d68a8	yes	0x1407d68a8..0x1407d6974
0x140f9bc44	0x20521	0x140020521	no	0x14001bdf0..0x14002a6e2
0x140f9bc48	0x66405	0x140066405	no	0x14005d9b0..0x140071526
0x140f9bc4c	0x7d6a50	0x1407d6a50	yes	0x1407d6a50..0x1407d6a7c
0x140f9bc50	0x7d6a7c	0x1407d6a7c	yes	0x1407d6a7c..0x1407d6b3b
0x140f9bc5c	0x7d6a50	0x1407d6a50	yes	0x1407d6a50..0x1407d6a7c
0x140f9bc60	0x7d6a7c	0x1407d6a7c	yes	0x1407d6a7c..0x1407d6b3b
0x140f9bc68	0x82819	0x140082819	no	0x140071910..0x1400f6e74
0x140f9bc6c	0xf681a	0x1400f681a	no	0x140071910..0x1400f6e74
0x140f9bc70	0x210112	0x140210112	no	NO-FUNCTION
0x140f9bc7c	0x7d807c	0x1407d807c	yes	0x1407d807c..0x1407d8099
0x140f9bc84	0x30402	0x140030402	no	0x14002a6f0..0x1400431ac
0x140f9bc8c	0x4204	0x140004204	no	0x1400019d0..0x14001bde5
0x140f9bc90	0x30a01	0x140030a01	no	0x14002a6f0..0x1400431ac
0x140f9bc94	0x2680a	0x14002680a	no	0x14001bdf0..0x14002a6e2
0x140f9bc98	0xa204	0x14000a204	no	0x1400019d0..0x14001bde5
0x140f9bc9c	0x60f01	0x140060f01	no	0x14005d9b0..0x140071526
0x140f9bca0	0xf640f	0x1400f640f	no	0x140071910..0x1400f6e74
0x140f9bca4	0xe340f	0x1400e340f	no	0x140071910..0x1400f6e74
0x140f9bcc4	0x5002	0x140005002	no	0x1400019d0..0x14001bde5
0x140f9bcc8	0x7d807c	0x1407d807c	yes	0x1407d807c..0x1407d8099
0x140f9bcd0	0x40a09	0x140040a09	no	0x14002a6f0..0x1400431ac
0x140f9bcd4	0x7340a	0x14007340a	no	0x140071910..0x1400f6e74
0x140f9bcdc	0x7b441c	0x1407b441c	yes	0x1407b441c..0x1407b4627
0x140f9bce4	0x7d7e65	0x1407d7e65	no	0x1407d7cc0..0x1407d7f51
0x140f9bce8	0x7d7e6e	0x1407d7e6e	no	0x1407d7cc0..0x1407d7f51
0x140f9bcec	0x7da770	0x1407da770	yes	0x1407da770..0x1407da79e
0x140f9bcf0	0x7d7e6e	0x1407d7e6e	no	0x1407d7cc0..0x1407d7f51
0x140f9bcf4	0x30901	0x140030901	no	0x14002a6f0..0x1400431ac
0x140f9bcf8	0x56809	0x140056809	no	0x14004cf60..0x14005d9a9
0x140f9bcfc	0xc204	0x14000c204	no	0x1400019d0..0x14001bde5
0x140f9bd00	0x10401	0x140010401	no	0x1400019d0..0x14001bde5
0x140f9bd04	0x1204	0x140001204	no	0x1400011f0..0x14000120a
0x140f9bd08	0x40a09	0x140040a09	no	0x14002a6f0..0x1400431ac
0x140f9bd0c	0x6340a	0x14006340a	no	0x14005d9b0..0x140071526
0x140f9bd14	0x7b441c	0x1407b441c	yes	0x1407b441c..0x1407b4627
0x140f9bd1c	0x7d824d	0x1407d824d	no	0x1407d8240..0x1407d828d
0x140f9bd20	0x7d8280	0x1407d8280	no	0x1407d8240..0x1407d828d
0x140f9bd24	0x7da7a0	0x1407da7a0	yes	0x1407da7a0..0x1407da7c0
0x140f9bd28	0x7d8280	0x1407d8280	no	0x1407d8240..0x1407d828d
0x140f9bd2c	0x10e01	0x140010e01	no	0x1400019d0..0x14001bde5
0x140f9bd30	0x420e	0x14000420e	no	0x1400019d0..0x14001bde5
0x140f9bd3c	0x783fa0	0x140783fa0	no	NO-FUNCTION
0x140f9bd88	0x7b1744	0x1407b1744	yes	0x1407b1744..0x1407b1780
0x140f9bd9c	0x783fa0	0x140783fa0	no	NO-FUNCTION
0x140f9bdf0	0x7b16c0	0x1407b16c0	yes	0x1407b16c0..0x1407b16fc
0x140f9be04	0x783fa0	0x140783fa0	no	NO-FUNCTION
0x140f9be58	0x7b1780	0x1407b1780	yes	0x1407b1780..0x1407b17bc
0x140f9be6c	0x783fa0	0x140783fa0	no	NO-FUNCTION
0x140f9bea4	0x783fa0	0x140783fa0	no	NO-FUNCTION
0x140f9beec	0x783fa0	0x140783fa0	no	NO-FUNCTION
0x140f9bf38	0x7b733c	0x1407b733c	yes	0x1407b733c..0x1407b7378
0x140f9bf80	0x784010	0x140784010	yes	0x140784010..0x14078404c
0x140f9bfa8	0x784050	0x140784050	yes	0x140784050..0x14078408c
0x140f9bfd0	0x783ef0	0x140783ef0	yes	0x140783ef0..0x140783f22
0x140f9bfe4	0x783fa0	0x140783fa0	no	NO-FUNCTION
0x140f9c030	0x78a3c0	0x14078a3c0	yes	0x14078a3c0..0x14078a417
0x140f9c044	0x783fa0	0x140783fa0	no	NO-FUNCTION
0x140f9c064	0x783fa0	0x140783fa0	no	NO-FUNCTION
0x140f9c098	0x78a100	0x14078a100	yes	0x14078a100..0x14078a13c
0x140f9c0c0	0x78a080	0x14078a080	yes	0x14078a080..0x14078a0bc
0x140f9c0e8	0x78a420	0x14078a420	yes	0x14078a420..0x14078a46d
0x140f9c140	0x78aa40	0x14078aa40	yes	0x14078aa40..0x14078aa97
0x140f9cc14	0x5d769b	0x1405d769b	no	0x1405d6460..0x1405e821d
0x140f9cc20	0x7ba299	0x1407ba299	no	0x1407ba1bc..0x1407ba3c5
0x140f9ccdc	0x4f008a	0x1404f008a	no	NO-FUNCTION
0x140f9cce8	0x503f69	0x140503f69	no	NO-FUNCTION
0x140f9cd8c	0x4315b	0x14004315b	no	0x14002a6f0..0x1400431ac
0x140f9cdb4	0x5b7601	0x1405b7601	no	0x1405a0700..0x1405c16cf
0x140f9cdf0	0x680cd8	0x140680cd8	no	0x140680980..0x14069e996
0x140f9cee4	0x86342	0x140086342	no	0x140071910..0x1400f6e74
0x140f9cf18	0x6ce016	0x1406ce016	no	0x1406cd1b0..0x1406daca2
0x140f9cf98	0xe5eef	0x1400e5eef	no	0x140071910..0x1400f6e74
0x140f9cfac	0x635590	0x140635590	no	0x140619940..0x140643adc
0x140f9cfe0	0x68135	0x140068135	no	0x14005d9b0..0x140071526
0x140f9cffc	0x42c294	0x14042c294	no	NO-FUNCTION
0x140f9d01c	0x63f2d1	0x14063f2d1	no	0x140619940..0x140643adc
0x140f9d064	0x528e84	0x140528e84	no	NO-FUNCTION
0x140f9d0a8	0x59524b	0x14059524b	no	NO-FUNCTION
0x140f9d120	0x297c3b	0x140297c3b	no	NO-FUNCTION
0x140f9d150	0x680a90	0x140680a90	no	0x140680980..0x14069e996
0x140f9d1e4	0x25b423	0x14025b423	no	NO-FUNCTION
0x140f9d218	0x564cd3	0x140564cd3	no	NO-FUNCTION
0x140f9d224	0x78cf39	0x14078cf39	no	0x14078cf20..0x14078d3f0
0x140f9d3b4	0x43263d	0x14043263d	no	NO-FUNCTION
0x140f9d3f0	0x189aeb	0x140189aeb	no	0x1400f6eb0..0x1401934a2
0x140f9d434	0x724e50	0x140724e50	no	0x1407206a0..0x14075b438
0x140f9d614	0x6a73b8	0x1406a73b8	no	0x14069eaa0..0x1406cd1a2
0x140f9d6c4	0x746560	0x140746560	no	0x1407206a0..0x14075b438
0x140f9d6f4	0x37501d	0x14037501d	no	0x140372900..0x1403774ca
0x140f9d70c	0x53c9e0	0x14053c9e0	no	NO-FUNCTION
0x140f9d79c	0x88a70	0x140088a70	no	0x140071910..0x1400f6e74
0x140f9d7c0	0x6406a4	0x1406406a4	no	0x140619940..0x140643adc
0x140f9d8c0	0x261e48	0x140261e48	no	NO-FUNCTION
0x140f9db28	0xb6a93	0x1400b6a93	no	0x140071910..0x1400f6e74
0x140f9db44	0x133aa6	0x140133aa6	no	0x1400f6eb0..0x1401934a2
0x140f9db78	0x65a369	0x14065a369	no	0x140643ae0..0x1406656b1
0x140f9dbfc	0x352f3e	0x140352f3e	no	NO-FUNCTION
0x140f9dc38	0x5d183d	0x1405d183d	no	0x1405c1780..0x1405d2cca
0x140f9dc70	0x72788f	0x14072788f	no	0x1407206a0..0x14075b438
0x140f9dd1c	0x639aa2	0x140639aa2	no	0x140619940..0x140643adc
0x140f9ddc0	0x1cc9	0x140001cc9	no	0x1400019d0..0x14001bde5
0x140f9e014	0x2b99	0x140002b99	no	0x1400019d0..0x14001bde5
0x140f9e020	0x202f	0x14000202f	no	0x1400019d0..0x14001bde5
0x140f9e028	0xf800	0x14000f800	no	0x1400019d0..0x14001bde5
0x140f9e200	0x4c93	0x140004c93	no	0x1400019d0..0x14001bde5
0x140f9e7d0	0xf1ae	0x14000f1ae	no	0x1400019d0..0x14001bde5
0x140f9f2f4	0x3490	0x140003490	no	0x1400019d0..0x14001bde5
0x140fa0a04	0x75a1ce	0x14075a1ce	no	0x1407206a0..0x14075b438
0x140fa2104	0x3995e8	0x1403995e8	no	0x140384a80..0x1403a85db
0x140fa5714	0x2d0e79	0x1402d0e79	no	NO-FUNCTION
0x140fa58e4	0x27841	0x140027841	no	0x14001bdf0..0x14002a6e2
0x140fa8c68	0x681b	0x14000681b	no	0x1400019d0..0x14001bde5
