begin_va	end_va	size	unwind_va	section
0x140001000	0x140001027	39	0x140f955a8	.text
0x140001030	0x14000107b	75	0x140f952c4	.text
0x140001080	0x14000109c	28	0x140f955a8	.text
0x1400010a0	0x1400010b6	22	0x140f955a8	.text
0x1400010c0	0x140001105	69	0x140f957c4	.text
0x140001110	0x14000111b	11	0x140f98ea4	.text
0x140001120	0x140001134	20	0x140f955a8	.text
0x140001140	0x140001167	39	0x140f955a8	.text
0x140001170	0x1400011af	63	0x140f952c4	.text
0x1400011b0	0x1400011c9	25	0x140f955a8	.text
0x1400011d0	0x1400011e6	22	0x140f955a8	.text
0x1400011f0	0x14000120a	26	0x140f955a8	.text
0x140001210	0x14000122a	26	0x140f955a8	.text
0x140001230	0x14000124a	26	0x140f955a8	.text
0x140001250	0x14000126a	26	0x140f955a8	.text
0x140001270	0x14000128a	26	0x140f955a8	.text
0x140001290	0x1400012aa	26	0x140f955a8	.text
0x1400012b0	0x1400012ca	26	0x140f955a8	.text
0x1400012d0	0x1400012ea	26	0x140f955a8	.text
0x1400012f0	0x14000130a	26	0x140f955a8	.text
0x140001310	0x14000132a	26	0x140f955a8	.text
0x140001330	0x14000134a	26	0x140f955a8	.text
0x140001350	0x14000136a	26	0x140f955a8	.text
0x140001370	0x14000138a	26	0x140f955a8	.text
0x140001390	0x1400013aa	26	0x140f955a8	.text
0x1400013b0	0x1400013ca	26	0x140f955a8	.text
0x1400013d0	0x1400013ea	26	0x140f955a8	.text
0x1400013f0	0x14000140a	26	0x140f955a8	.text
0x140001410	0x14000142a	26	0x140f955a8	.text
0x140001430	0x14000144a	26	0x140f955a8	.text
0x140001450	0x14000146a	26	0x140f955a8	.text
0x140001470	0x14000148a	26	0x140f955a8	.text
0x140001490	0x1400014aa	26	0x140f955a8	.text
0x1400014b0	0x1400014ca	26	0x140f955a8	.text
0x1400014d0	0x1400014ea	26	0x140f955a8	.text
0x1400014f0	0x14000150a	26	0x140f955a8	.text
0x140001510	0x14000152a	26	0x140f955a8	.text
0x140001530	0x14000154a	26	0x140f955a8	.text
0x140001550	0x14000156a	26	0x140f955a8	.text
0x140001570	0x14000158a	26	0x140f955a8	.text
0x140001590	0x1400015aa	26	0x140f955a8	.text
0x1400015b0	0x1400015ca	26	0x140f955a8	.text
0x1400015d0	0x1400015ea	26	0x140f955a8	.text
0x1400015f0	0x14000160a	26	0x140f955a8	.text
0x140001610	0x14000162a	26	0x140f955a8	.text
0x140001630	0x14000164a	26	0x140f955a8	.text
0x140001650	0x14000166a	26	0x140f955a8	.text
0x140001670	0x14000168a	26	0x140f955a8	.text
0x140001690	0x1400016aa	26	0x140f955a8	.text
0x1400016b0	0x1400016ca	26	0x140f955a8	.text
0x1400016d0	0x1400016ea	26	0x140f955a8	.text
0x1400016f0	0x14000170a	26	0x140f955a8	.text
0x140001710	0x14000172a	26	0x140f955a8	.text
0x140001730	0x14000174a	26	0x140f955a8	.text
0x140001750	0x14000176a	26	0x140f955a8	.text
0x140001770	0x14000178a	26	0x140f955a8	.text
0x140001790	0x1400017aa	26	0x140f955a8	.text
0x1400017b0	0x1400017ca	26	0x140f955a8	.text
0x1400017d0	0x1400017ea	26	0x140f955a8	.text
0x1400017f0	0x14000180a	26	0x140f955a8	.text
0x140001810	0x14000182a	26	0x140f955a8	.text
0x140001830	0x14000184a	26	0x140f955a8	.text
0x140001850	0x14000186a	26	0x140f955a8	.text
0x140001870	0x14000188a	26	0x140f955a8	.text
0x140001890	0x1400018aa	26	0x140f955a8	.text
0x1400018b0	0x1400018ca	26	0x140f955a8	.text
0x1400018d0	0x1400018ea	26	0x140f955a8	.text
0x1400018f0	0x14000190a	26	0x140f955a8	.text
0x140001910	0x14000192a	26	0x140f955a8	.text
0x140001930	0x1400019cb	155	0x140f957c4	.text
0x1400019d0	0x14001bde5	107541	0x140f98eac	.text
0x14001bdf0	0x14002a6e2	59634	0x140f98ec8	.text
0x14002a6f0	0x1400431ac	101052	0x140f98ee4	.text
0x1400431b0	0x1400487c1	22033	0x140f98f00	.text
0x1400487d0	0x14004cec6	18166	0x140f98f1c	.text
0x14004ced0	0x14004cf53	131	0x140f98f38	.text
0x14004cf60	0x14005d9a9	68169	0x140f98f40	.text
0x14005d9b0	0x140071526	80758	0x140f98f5c	.text
0x140071530	0x140071557	39	0x140f955a8	.text
0x140071560	0x140071599	57	0x140f957c4	.text
0x1400715a0	0x1400715cb	43	0x140f955a8	.text
0x1400715d0	0x1400715e6	22	0x140f955a8	.text
0x1400715f0	0x140071617	39	0x140f955a8	.text
0x140071620	0x140071636	22	0x140f955a8	.text
0x140071640	0x140071667	39	0x140f955a8	.text
0x140071670	0x140071686	22	0x140f955a8	.text
0x140071690	0x1400716a6	22	0x140f955a8	.text
0x1400716b0	0x1400716ed	61	0x140f957c4	.text
0x1400716f0	0x140071706	22	0x140f955a8	.text
0x140071710	0x140071726	22	0x140f955a8	.text
0x140071730	0x140071746	22	0x140f955a8	.text
0x140071750	0x140071766	22	0x140f955a8	.text
0x140071770	0x140071786	22	0x140f955a8	.text
0x140071790	0x1400717a6	22	0x140f955a8	.text
0x1400717b0	0x1400717ed	61	0x140f957c4	.text
0x1400717f0	0x140071806	22	0x140f955a8	.text
0x140071810	0x140071826	22	0x140f955a8	.text
0x140071830	0x140071846	22	0x140f955a8	.text
0x140071850	0x140071866	22	0x140f955a8	.text
0x140071870	0x1400718ad	61	0x140f957c4	.text
0x1400718b0	0x1400718c6	22	0x140f955a8	.text
0x1400718d0	0x1400718e6	22	0x140f955a8	.text
0x1400718f0	0x140071906	22	0x140f955a8	.text
0x140071910	0x1400f6e74	546148	0x140f98f78	.text
0x1400f6e80	0x1400f6ea8	40	0x140f98f9c	.text
0x1400f6eb0	0x1401934a2	640498	0x140f98ffc	.text
0x1401934b0	0x140197542	16530	0x140f99018	.text
0x140197550	0x14019779c	588	0x140f99034	.text
0x1401977a0	0x1401977c1	33	0x140f99048	.text
0x1401977d0	0x1401977f1	33	0x140f99050	.text
0x140197800	0x140197821	33	0x140f99058	.text
0x140197830	0x140197851	33	0x140f99060	.text
0x140197860	0x1401978b3	83	0x140f952c4	.text
0x1401978c0	0x14019791e	94	0x140f952c4	.text
0x140197920	0x14019792f	15	0x140f98ea4	.text
0x140197930	0x140197951	33	0x140f957c4	.text
0x140197960	0x1401979d2	114	0x140f952c4	.text
0x1401979e0	0x1401979ee	14	0x140f98ea4	.text
0x1401979f0	0x140197a09	25	0x140f955a8	.text
0x140197a10	0x140197c85	629	0x140f990e0	.text
0x140197c90	0x140197cb1	33	0x140f990f4	.text
0x140197cc0	0x140197ce1	33	0x140f990fc	.text
0x140197cf0	0x140197d11	33	0x140f99104	.text
0x140197d20	0x140197d41	33	0x140f9910c	.text
0x140197d50	0x1401a7b91	65089	0x140f9918c	.text
0x1403728e0	0x1403728ff	31	0x140f955a8	.text
0x140372900	0x1403774ca	19402	0x140f991c4	.text
0x1403774d0	0x14037cb84	22196	0x140f991e0	.text
0x14037cb90	0x140383f00	29552	0x140f991fc	.text
0x140383f00	0x140383f24	36	0x140f99210	.text
0x140383f30	0x140383f54	36	0x140f99218	.text
0x140383f60	0x140383f84	36	0x140f99220	.text
0x140383f90	0x140383fb4	36	0x140f99228	.text
0x140383fc0	0x140383fe4	36	0x140f99230	.text
0x140383ff0	0x140384014	36	0x140f99238	.text
0x140384020	0x140384044	36	0x140f99240	.text
0x140384050	0x140384074	36	0x140f99248	.text
0x140384080	0x1403840a4	36	0x140f99250	.text
0x1403840b0	0x1403840d4	36	0x140f99258	.text
0x1403840e0	0x140384104	36	0x140f99260	.text
0x140384110	0x140384134	36	0x140f99268	.text
0x140384140	0x140384164	36	0x140f99270	.text
0x140384170	0x140384194	36	0x140f99278	.text
0x1403841a0	0x1403841c4	36	0x140f99280	.text
0x1403841d0	0x1403841f4	36	0x140f99288	.text
0x140384200	0x140384224	36	0x140f99290	.text
0x140384230	0x140384254	36	0x140f99298	.text
0x140384260	0x140384284	36	0x140f992a0	.text
0x140384290	0x1403842b4	36	0x140f992a8	.text
0x1403842c0	0x1403842e4	36	0x140f992b0	.text
0x1403842f0	0x140384314	36	0x140f992b8	.text
0x140384320	0x140384344	36	0x140f992c0	.text
0x140384350	0x140384374	36	0x140f992c8	.text
0x140384380	0x1403843c1	65	0x140f952c4	.text
0x1403843d0	0x14038440f	63	0x140f952c4	.text
0x140384410	0x14038443d	45	0x140f957c4	.text
0x140384440	0x1403844a0	96	0x140f952c4	.text
0x1403844a0	0x1403844e1	65	0x140f952c4	.text
0x1403844f0	0x14038453a	74	0x140f952c4	.text
0x140384540	0x1403849be	1150	0x140f99550	.text
0x1403849c0	0x1403849e6	38	0x140f99568	.text
0x1403849f0	0x140384a16	38	0x140f99574	.text
0x140384a20	0x140384a43	35	0x140f99580	.text
0x140384a50	0x140384a76	38	0x140f9958c	.text
0x140384a80	0x1403a85db	146267	0x140f99620	.text
0x1403a85e0	0x1403a861a	58	0x140f957c4	.text
0x1403a8620	0x1403a867e	94	0x140f952c4	.text
0x1403a8680	0x1403a8699	25	0x140f955a8	.text
0x1403a86a0	0x1403a9201	2913	0x140f9963c	.text
0x1403a9210	0x1403a9234	36	0x140f99650	.text
0x1403a9240	0x1403a9264	36	0x140f99658	.text
0x1403a9270	0x1403a9294	36	0x140f99660	.text
0x1403a92a0	0x1403a92c4	36	0x140f99668	.text
0x1403a92d0	0x1403a92f4	36	0x140f99670	.text
0x1403a9300	0x1403a9324	36	0x140f99678	.text
0x1403a9330	0x1403a9354	36	0x140f99680	.text
0x1403a9360	0x1403a9384	36	0x140f99688	.text
0x1403a9390	0x1403a93b3	35	0x140f955a8	.text
0x1403a93c0	0x1403a93e3	35	0x140f955a8	.text
0x1403a93f0	0x1403ae8c6	21718	0x140f99770	.text
0x1403ae8d0	0x1403ae8f4	36	0x140f99784	.text
0x1403ae900	0x1403ae924	36	0x140f9978c	.text
0x1403ae930	0x1403ae954	36	0x140f99794	.text
0x1403ae960	0x1403ae984	36	0x140f9979c	.text
0x1403ae990	0x1403ae9b4	36	0x140f997a4	.text
0x1403ae9c0	0x1403ae9e4	36	0x140f997ac	.text
0x1403ae9f0	0x1403aea14	36	0x140f997b4	.text
0x1403aea20	0x1403aea7e	94	0x140f99894	.text
0x1403aea80	0x1403b28e2	15970	0x140f9989c	.text
0x1403b28f0	0x1403b2ee0	1520	0x140f99894	.text
0x1403b2ee0	0x1403b2f0f	47	0x140f98d2c	.text
0x1403b2f10	0x1403b2f82	114	0x140f952c4	.text
0x1403b2f90	0x1403b30e0	336	0x140f952c4	.text
0x1403b30e0	0x1403b3230	336	0x140f952c4	.text
0x1403b3230	0x1403b3274	68	0x140f955a8	.text
0x1403b3280	0x1403b3320	160	0x140f952c4	.text
0x1403b3320	0x1403b34ce	430	0x140f99894	.text
0x1403b34d0	0x1403b3ba6	1750	0x140f998b8	.text
0x1403b3bb0	0x1403b3bd1	33	0x140f998cc	.text
0x1403b3be0	0x1403b3c34	84	0x140f99894	.text
0x1403b3c40	0x1403b3cb2	114	0x140f952c4	.text
0x1403b3cc0	0x1403b3ce5	37	0x140f9991c	.text
0x1403b3cf0	0x1403b3d2d	61	0x140f957c4	.text
0x1403b3d30	0x1403c42ac	66940	0x140f99924	.text
0x1403c42b0	0x1403c42f7	71	0x140f952c4	.text
0x1403c4300	0x1403c4492	402	0x140f99894	.text
0x1403c44a0	0x1403c47d1	817	0x140f9992c	.text
0x1403c47e0	0x1403c49cd	493	0x140f99894	.text
0x1403c49d0	0x1403c4a67	151	0x140f957c4	.text
0x1405a03e0	0x1405a042a	74	0x140f952c4	.text
0x1405a0430	0x1405a0449	25	0x140f955a8	.text
0x1405a0450	0x1405a04a1	81	0x140f957c4	.text
0x1405a04b0	0x1405a0548	152	0x140f952c4	.text
0x1405a0550	0x1405a05a9	89	0x140f957c4	.text
0x1405a05b0	0x1405a05f3	67	0x140f957c4	.text
0x1405a0600	0x1405a0633	51	0x140f98d2c	.text
0x1405a0640	0x1405a0652	18	0x140f9991c	.text
0x1405a0660	0x1405a0667	7	0x140f98ea4	.text
0x1405a0670	0x1405a069f	47	0x140f957c4	.text
0x1405a06a0	0x1405a06f3	83	0x140f952c4	.text
0x1405a0700	0x1405c16cf	135119	0x140f99950	.text
0x1405c16d0	0x1405c16f8	40	0x140f99974	.text
0x1405c1700	0x1405c1772	114	0x140f952c4	.text
0x1405c1780	0x1405d2cca	70986	0x140f999e4	.text
0x1405d2cd0	0x1405d2d36	102	0x140f99894	.text
0x1405d2d40	0x1405d2d9f	95	0x140f99a00	.text
0x1405d2da0	0x1405d2e39	153	0x140f99a00	.text
0x1405d2e40	0x1405d2e80	64	0x140f952c4	.text
0x1405d2e80	0x1405d2e9a	26	0x140f98ea4	.text
0x1405d2ea0	0x1405d2f3e	158	0x140f952c4	.text
0x1405d2f40	0x1405d2f66	38	0x140f957c4	.text
0x1405d2f70	0x1405d2faf	63	0x140f957c4	.text
0x1405d2fb0	0x1405d2fed	61	0x140f957c4	.text
0x1405d2ff0	0x1405d3030	64	0x140f952c4	.text
0x1405d3030	0x1405d3052	34	0x140f98ea4	.text
0x1405d3060	0x1405d313b	219	0x140f99894	.text
0x1405d3140	0x1405d3175	53	0x140f957c4	.text
0x1405d3180	0x1405d31af	47	0x140f957c4	.text
0x1405d31b0	0x1405d3204	84	0x140f957c4	.text
0x1405d3210	0x1405d322e	30	0x140f957c4	.text
0x1405d3230	0x1405d326d	61	0x140f957c4	.text
0x1405d3270	0x1405d32af	63	0x140f957c4	.text
0x1405d32b0	0x1405d32c9	25	0x140f955a8	.text
0x1405d32d0	0x1405d33ab	219	0x140f99894	.text
0x1405d33b0	0x1405d33e5	53	0x140f957c4	.text
0x1405d33f0	0x1405d3407	23	0x140f98d2c	.text
0x1405d3410	0x1405d3445	53	0x140f957c4	.text
0x1405d3450	0x1405d34e5	149	0x140f99894	.text
0x1405d34f0	0x1405d3525	53	0x140f957c4	.text
0x1405d3530	0x1405d3552	34	0x140f98ea4	.text
0x1405d3560	0x1405d3580	32	0x140f9991c	.text
0x1405d3580	0x1405d35bb	59	0x140f957c4	.text
0x1405d35c0	0x1405d371f	351	0x140f99894	.text
0x1405d3720	0x1405d3804	228	0x140f957c4	.text
0x1405d3810	0x1405d3856	70	0x140f952c4	.text
0x1405d3860	0x1405d3901	161	0x140f955a8	.text
0x1405d3910	0x1405d394f	63	0x140f952c4	.text
0x1405d3950	0x1405d3987	55	0x140f957c4	.text
0x1405d3990	0x1405d39b7	39	0x140f9991c	.text
0x1405d39c0	0x1405d3a80	192	0x140f9992c	.text
0x1405d3a80	0x1405d3b07	135	0x140f952c4	.text
0x1405d3b10	0x1405d3b1b	11	0x140f98ea4	.text
0x1405d3b20	0x1405d3ba6	134	0x140f952c4	.text
0x1405d3bb0	0x1405d3cb4	260	0x140f952c4	.text
0x1405d3cd0	0x1405d3d23	83	0x140f952c4	.text
0x1405d3d30	0x1405d3df4	196	0x140f957c4	.text
0x1405d3e00	0x1405d3ec3	195	0x140f99a08	.text
0x1405d3ed0	0x1405d408b	443	0x140f955a8	.text
0x1405d4090	0x1405d429b	523	0x140f99a10	.text
0x1405d42a0	0x1405d43c9	297	0x140f9992c	.text
0x1405d43d0	0x1405d4448	120	0x140f99894	.text
0x1405d4450	0x1405d44a1	81	0x140f952c4	.text
0x1405d44b0	0x1405d44f5	69	0x140f957c4	.text
0x1405d4500	0x1405d454a	74	0x140f952c4	.text
0x1405d4550	0x1405d465d	269	0x140f99a18	.text
0x1405d4660	0x1405d4681	33	0x140f99a2c	.text
0x1405d4690	0x1405d46e5	85	0x140f952c4	.text
0x1405d46f0	0x1405d477e	142	0x140f957c4	.text
0x1405d4780	0x1405d4aba	826	0x140f9992c	.text
0x1405d4ac0	0x1405d4af3	51	0x140f98d2c	.text
0x1405d4b00	0x1405d4b67	103	0x140f952c4	.text
0x1405d4b70	0x1405d4b82	18	0x140f955a8	.text
0x1405d4b90	0x1405d4ba1	17	0x140f98ea4	.text
0x1405d4bb0	0x1405d4bf0	64	0x140f99a7c	.text
0x1405d4bf0	0x1405d4c05	21	0x140f99a90	.text
0x1405d4c10	0x1405d4c66	86	0x140f99894	.text
0x1405d4c70	0x1405d4ca2	50	0x140f957c4	.text
0x1405d4cb0	0x1405d4cfa	74	0x140f99ae0	.text
0x1405d4d00	0x1405d4d1e	30	0x140f99af4	.text
0x1405d4d20	0x1405d4df5	213	0x140f99b44	.text
0x1405d4e00	0x1405d4e1c	28	0x140f955a8	.text
0x1405d4e20	0x1405d4e46	38	0x140f9991c	.text
0x1405d4e50	0x1405d4e86	54	0x140f957c4	.text
0x1405d4e90	0x1405d4ecb	59	0x140f957c4	.text
0x1405d4ed0	0x1405d4f12	66	0x140f952c4	.text
0x1405d4f20	0x1405d4f6e	78	0x140f99a00	.text
0x1405d4f70	0x1405d4fdd	109	0x140f99894	.text
0x1405d4fe0	0x1405d500f	47	0x140f98d2c	.text
0x1405d5010	0x1405d510a	250	0x140f99a08	.text
0x1405d5110	0x1405d520d	253	0x140f99a08	.text
0x1405d5210	0x1405d5249	57	0x140f952c4	.text
0x1405d5250	0x1405d5282	50	0x140f957c4	.text
0x1405d5290	0x1405d5404	372	0x140f99b4c	.text
0x1405d5410	0x1405d5545	309	0x140f99b54	.text
0x1405d5550	0x1405d559e	78	0x140f99b68	.text
0x1405d55a0	0x1405d55da	58	0x140f952c4	.text
0x1405d55e0	0x1405d5647	103	0x140f952c4	.text
0x1405d5650	0x1405d5662	18	0x140f955a8	.text
0x1405d5670	0x1405d571b	171	0x140f99894	.text
0x1405d5720	0x1405d5746	38	0x140f957c4	.text
0x1405d5750	0x1405d578f	63	0x140f99894	.text
0x1405d5790	0x1405d5895	261	0x140f9992c	.text
0x1405d58a0	0x1405d58b1	17	0x140f98ea4	.text
0x1405d58c0	0x1405d58ed	45	0x140f9991c	.text
0x1405d58f0	0x1405d5937	71	0x140f952c4	.text
0x1405d5940	0x1405d59f1	177	0x140f99bf8	.text
0x1405d5a00	0x1405d5a21	33	0x140f99c0c	.text
0x1405d5a30	0x1405d5a65	53	0x140f98d2c	.text
0x1405d5a70	0x1405d5ad4	100	0x140f952c4	.text
0x1405d5ae0	0x1405d5af6	22	0x140f98ea4	.text
0x1405d5b00	0x1405d5b24	36	0x140f955a8	.text
0x1405d5b30	0x1405d5b6f	63	0x140f952c4	.text
0x1405d5b70	0x1405d5bea	122	0x140f99894	.text
0x1405d5bf0	0x1405d5c3c	76	0x140f952c4	.text
0x1405d5c40	0x1405d5c8d	77	0x140f99894	.text
0x1405d5c90	0x1405d5d0e	126	0x140f99c5c	.text
0x1405d5d10	0x1405d5d2e	30	0x140f99c70	.text
0x1405d5d30	0x1405d5d76	70	0x140f957c4	.text
0x1405d5d80	0x1405d5da6	38	0x140f957c4	.text
0x1405d5db0	0x1405d5de1	49	0x140f952c4	.text
0x1405d5df0	0x1405d5e0c	28	0x140f9991c	.text
0x1405d5e10	0x1405d5f7d	365	0x140f955a8	.text
0x1405d5f80	0x1405d5ff1	113	0x140f99a08	.text
0x1405d6000	0x1405d609e	158	0x140f98ea4	.text
0x1405d60a0	0x1405d6130	144	0x140f99cc0	.text
0x1405d6130	0x1405d63a7	631	0x140f99ccc	.text
0x1405d63b0	0x1405d6453	163	0x140f957c4	.text
0x1405d6460	0x1405e821d	73149	0x140f99cd8	.text
0x1405e8220	0x1406196ee	201934	0x140f99cf4	.text
0x1406196f0	0x14061993d	589	0x140f99894	.text
0x140619940	0x140643adc	172444	0x140f99d10	.text
0x140643ae0	0x1406656b1	138193	0x140f99d2c	.text
0x1406656c0	0x140665901	577	0x140f99894	.text
0x140665910	0x140680974	110692	0x140f99d48	.text
0x140680980	0x14069e996	122902	0x140f99d64	.text
0x14069e9a0	0x14069ea24	132	0x140f9991c	.text
0x14069ea30	0x14069ea9b	107	0x140f9991c	.text
0x14069eaa0	0x1406cd1a2	190210	0x140f99d80	.text
0x1406cd1b0	0x1406daca2	56050	0x140f99d9c	.text
0x1406dacb0	0x140720697	285159	0x140f99db8	.text
0x1407206a0	0x14075b438	241048	0x140f99dd4	.text
0x14075b440	0x14075b54d	269	0x140f99894	.text
0x14075b550	0x14075e3f0	11936	0x140f99df0	.text
0x14075e3f0	0x14075e40e	30	0x140f99e14	.text
0x14075e410	0x14075e42e	30	0x140f99e2c	.text
0x14075e430	0x14076324d	19997	0x140f99ed4	.text
0x140763250	0x14076326e	30	0x140f99ef8	.text
0x140763270	0x14076328e	30	0x140f99f10	.text
0x140763290	0x14076339a	266	0x140f99fe8	.text
0x1407633a0	0x1407633f0	80	0x140f98d2c	.text
0x1407633f0	0x140763537	327	0x140f955a8	.text
0x140763540	0x14076361f	223	0x140f957c4	.text
0x140763620	0x1407636c4	164	0x140f99b44	.text
0x1407636d0	0x140763776	166	0x140f98d2c	.text
0x140763780	0x140763849	201	0x140f99a08	.text
0x140763850	0x1407638b7	103	0x140f957c4	.text
0x1407638c0	0x140763902	66	0x140f9991c	.text
0x140763910	0x1407639f7	231	0x140f98d2c	.text
0x140763a00	0x140763a8a	138	0x140f952c4	.text
0x140763a90	0x140763b2f	159	0x140f98d2c	.text
0x140763b30	0x140763c3a	266	0x140f99ff0	.text
0x140763c40	0x140763c90	80	0x140f98d2c	.text
0x140763c90	0x140763dcb	315	0x140f955a8	.text
0x140763dd0	0x140763e7d	173	0x140f98d2c	.text
0x140763e80	0x140763ec2	66	0x140f9991c	.text
0x140763ed0	0x140763f1d	77	0x140f9991c	.text
0x140763f20	0x140763f82	98	0x140f99a08	.text
0x140763f90	0x140763fb9	41	0x140f957c4	.text
0x140763fc0	0x140764022	98	0x140f99a08	.text
0x140764030	0x140764092	98	0x140f99a08	.text
0x1407640a0	0x1407640fc	92	0x140f99a08	.text
0x140764100	0x1407641cf	207	0x140f952c4	.text
0x1407641d0	0x1407668cc	9980	0x140f99ff8	.text
0x1407668d0	0x14076831b	6731	0x140f9a010	.text
0x140768320	0x14076a941	9761	0x140f9a028	.text
0x14076a950	0x14076aaea	410	0x140f955a8	.text
0x14076aaf0	0x14076ac64	372	0x140f955a8	.text
0x14076ac70	0x14076aecb	603	0x140f99a00	.text
0x14076aed0	0x14076af76	166	0x140f99a08	.text
0x14076af80	0x14076b08c	268	0x140f9a040	.text
0x14076b090	0x14076b0fa	106	0x140f952c4	.text
0x14076b100	0x14076b16b	107	0x140f99a08	.text
0x14076b170	0x14076b1af	63	0x140f957c4	.text
0x14076b1b0	0x14076b24f	159	0x140f952c4	.text
0x14076b250	0x14076b4ba	618	0x140f9a048	.text
0x14076b4c0	0x14076b65a	410	0x140f952c4	.text
0x14076b660	0x14076b6ce	110	0x140f952c4	.text
0x14076b6d0	0x14076b724	84	0x140f957c4	.text
0x14076b730	0x14076b78e	94	0x140f957c4	.text
0x14076b790	0x14076b812	130	0x140f957c4	.text
0x14076b820	0x14076b8bb	155	0x140f952c4	.text
0x14076b8c0	0x14076b954	148	0x140f99894	.text
0x14076b960	0x14076b9f4	148	0x140f99894	.text
0x14076ba00	0x14076ba26	38	0x140f957c4	.text
0x14076ba30	0x14076bb6c	316	0x140f952c4	.text
0x14076bb70	0x14076bc68	248	0x140f952c4	.text
0x14076bc70	0x14076bd03	147	0x140f957c4	.text
0x14076bd10	0x14076bdb2	162	0x140f9a050	.text
0x14076bdc0	0x14076c36b	1451	0x140f9a058	.text
0x14076c370	0x14076c46d	253	0x140f952c4	.text
0x14076c470	0x14076c505	149	0x140f9a068	.text
0x14076c510	0x14076c888	888	0x140f9a070	.text
0x14076c890	0x14076ca5b	459	0x140f9a07c	.text
0x14076ca60	0x14076caf0	144	0x140f952c4	.text
0x14076caf0	0x14076cd52	610	0x140f9a07c	.text
0x14076cd60	0x14076ce13	179	0x140f9a084	.text
0x14076ce20	0x14076cf9a	378	0x140f9a08c	.text
0x14076cfa0	0x14076d0de	318	0x140f9a098	.text
0x14076d0e0	0x14076d1d1	241	0x140f9a098	.text
0x14076d1e0	0x14076d3a3	451	0x140f9a068	.text
0x14076d3b0	0x14076d45f	175	0x140f952c4	.text
0x14076d460	0x14076d4ff	159	0x140f952c4	.text
0x14076d500	0x14076d59f	159	0x140f952c4	.text
0x14076d5a0	0x14076d635	149	0x140f957c4	.text
0x14076d640	0x14076d6e2	162	0x140f9a050	.text
0x14076d6f0	0x14076d77a	138	0x140f957c4	.text
0x14076d780	0x14076db3b	955	0x140f9a0a0	.text
0x14076db40	0x14076dcb3	371	0x140f9a0b0	.text
0x14076dcc0	0x14076dd37	119	0x140f952c4	.text
0x14076dd40	0x14076e0f1	945	0x140f9a0b8	.text
0x14076e100	0x14076e192	146	0x140f952c4	.text
0x14076e1a0	0x14076e1c5	37	0x140f957c4	.text
0x14076e1d0	0x14076e208	56	0x140f98ea4	.text
0x14076e210	0x14076e25c	76	0x140f952c4	.text
0x14076e260	0x14076e29e	62	0x140f957c4	.text
0x14076e2a0	0x14076e3ec	332	0x140f99b4c	.text
0x14076e3f0	0x14076e563	371	0x140f99894	.text
0x14076e570	0x14076e57f	15	0x140f98ea4	.text
0x14076e580	0x14076fbfa	5754	0x140f9a0c8	.text
0x14076fc00	0x14076fcf4	244	0x140f9a0d4	.text
0x14076fd00	0x14076fdbc	188	0x140f9a0d4	.text
0x14076fdc0	0x14076fef8	312	0x140f9a0dc	.text
0x14076ff00	0x14076ff21	33	0x140f9a0f0	.text
0x14076ff30	0x140770002	210	0x140f99894	.text
0x140770010	0x14077005f	79	0x140f952c4	.text
0x140770060	0x140770233	467	0x140f99b44	.text
0x140770240	0x1407702ec	172	0x140f99894	.text
0x1407702f0	0x14077032b	59	0x140f952c4	.text
0x140770330	0x140783d53	80419	0x140f9a140	.text
0x140783d60	0x140783ddd	125	0x140f952cc	.text
0x140783de0	0x140783e00	32	0x140f955a8	.text
0x140783e00	0x140783e30	48	0x140f955a8	.text
0x140783e30	0x140783e80	80	0x140f952b0	.text
0x140783e8c	0x140783eac	32	0x140f955a8	.text
0x140783ec4	0x140783ee4	32	0x140f955a8	.text
0x140783ef0	0x140783f22	50	0x140f952b0	.text
0x140783f50	0x140783f92	66	0x140f952b8	.text
0x140783ff0	0x140784010	32	0x140f952c4	.text
0x140784010	0x14078404c	60	0x140f952b0	.text
0x140784050	0x14078408c	60	0x140f952b0	.text
0x1407840d0	0x14078412f	95	0x140f952f8	.text
0x14078412f	0x14078415a	43	0x140f95300	.text
0x14078415a	0x140784173	25	0x140f95314	.text
0x140784180	0x140784397	535	0x140f95324	.text
0x1407843a0	0x1407845ba	538	0x140f95360	.text
0x1407845c0	0x140784a04	1092	0x140f95394	.text
0x140784b20	0x140784b7b	91	0x140f952b0	.text
0x140784ba0	0x140784bf6	86	0x140f952b0	.text
0x140784c00	0x140784c51	81	0x140f952f8	.text
0x140784c51	0x140784c7a	41	0x140f953ec	.text
0x140784c7a	0x140784cb2	56	0x140f95400	.text
0x140784cc0	0x140784cdf	31	0x140f952f8	.text
0x140784cdf	0x140784d0a	43	0x140f95410	.text
0x140784d0a	0x140784d1c	18	0x140f95424	.text
0x140784d20	0x140784d49	41	0x140f95434	.text
0x140784d49	0x140784f25	476	0x140f95440	.text
0x140784f25	0x140784f31	12	0x140f95464	.text
0x140784f31	0x140784f43	18	0x140f95474	.text
0x140784f50	0x140784f8f	63	0x140f95498	.text
0x140784f8f	0x140785051	194	0x140f954ac	.text
0x140785051	0x14078508e	61	0x140f954c0	.text
0x14078508e	0x14078509a	12	0x140f954d0	.text
0x1407850b0	0x1407850fe	78	0x140f954e4	.text
0x1407850fe	0x140785235	311	0x140f954f8	.text
0x140785235	0x140785241	12	0x140f95510	.text
0x140785241	0x140785247	6	0x140f95528	.text
0x140785260	0x140785552	754	0x140f95538	.text
0x140785560	0x14078559e	62	0x140f9557c	.text
0x14078559e	0x1407855c2	36	0x140f95584	.text
0x1407855c2	0x1407855e4	34	0x140f95598	.text
0x1407855f0	0x140785624	52	0x140f955a8	.text
0x140785630	0x140785688	88	0x140f955a8	.text
0x140785690	0x1407856b6	38	0x140f955a8	.text
0x1407856e0	0x1407856f1	17	0x140f955a8	.text
0x140785700	0x140785732	50	0x140f955b0	.text
0x140785732	0x14078577b	73	0x140f955bc	.text
0x14078577b	0x1407858a8	301	0x140f955d4	.text
0x1407858a8	0x1407858bd	21	0x140f955e8	.text
0x1407858bd	0x1407858e3	38	0x140f955f8	.text
0x1407858e3	0x1407858f0	13	0x140f95614	.text
0x1407858f0	0x14078592a	58	0x140f955a8	.text
0x140785940	0x1407859c8	136	0x140f95624	.text
0x1407859c8	0x140785b84	444	0x140f9563c	.text
0x140785b84	0x140785ba2	30	0x140f95660	.text
0x140785ba2	0x140785bd4	50	0x140f95670	.text
0x140785bd4	0x140785bd8	4	0x140f95660	.text
0x140785be0	0x140785c44	100	0x140f95694	.text
0x140785c44	0x140785cba	118	0x140f956a8	.text
0x140785cba	0x140785db7	253	0x140f956c0	.text
0x140785db7	0x140785dc7	16	0x140f956d8	.text
0x140785dc7	0x140785de1	26	0x140f956e8	.text
0x140785de1	0x140785eef	270	0x140f956f8	.text
0x140785eef	0x140785ef9	10	0x140f956e8	.text
0x140785f00	0x140785f2b	43	0x140f95718	.text
0x140785f2b	0x140785f3a	15	0x140f9572c	.text
0x140785f3a	0x140785f86	76	0x140f95740	.text
0x140785f86	0x14078607a	244	0x140f95754	.text
0x14078607a	0x140786097	29	0x140f95768	.text
0x140786097	0x1407860d0	57	0x140f95778	.text
0x1407860d0	0x1407860e9	25	0x140f95788	.text
0x1407860f0	0x140786166	118	0x140f95798	.text
0x140786170	0x140786335	453	0x140f957a0	.text
0x140786340	0x1407863d9	153	0x140f957b8	.text
0x1407863e0	0x1407863f5	21	0x140f957c4	.text
0x1407863f5	0x14078644b	86	0x140f957cc	.text
0x14078644b	0x140786455	10	0x140f957e0	.text
0x140786460	0x140786469	9	0x140f957f0	.text
0x140786469	0x140786a38	1487	0x140f957f8	.text
0x140786a38	0x140786b0a	210	0x140f95828	.text
0x140786b0a	0x140786c16	268	0x140f95844	.text
0x140786c30	0x140786c8d	93	0x140f95854	.text
0x1407873a0	0x1407873f1	81	0x140f95860	.text
0x1407873f1	0x14078742f	62	0x140f95870	.text
0x14078742f	0x14078754f	288	0x140f95884	.text
0x140787550	0x1407875b8	104	0x140f9589c	.text
0x1407875b8	0x1407875fb	67	0x140f958b4	.text
0x1407875fb	0x14078762f	52	0x140f958c8	.text
0x14078762f	0x1407879cc	925	0x140f958dc	.text
0x1407879cc	0x1407879d4	8	0x140f958f4	.text
0x1407879d4	0x1407879dc	8	0x140f95904	.text
0x1407879dc	0x1407879fa	30	0x140f95914	.text
0x140787a00	0x140787d46	838	0x140f95924	.text
0x140787d50	0x140787fbd	621	0x140f9593c	.text
0x140787fc0	0x140787fea	42	0x140f9595c	.text
0x140787fea	0x14078809c	178	0x140f95970	.text
0x14078809c	0x14078817d	225	0x140f95990	.text
0x14078817d	0x1407881a1	36	0x140f959a4	.text
0x1407881a1	0x1407881bf	30	0x140f959b4	.text
0x1407881c0	0x1407881f7	55	0x140f959c4	.text
0x1407881f7	0x1407882e3	236	0x140f959d0	.text
0x1407882e3	0x1407882ea	7	0x140f959f4	.text
0x1407882ea	0x1407882f5	11	0x140f95a18	.text
0x140788300	0x1407883d7	215	0x140f95a28	.text
0x1407883e0	0x140788447	103	0x140f95a40	.text
0x140788447	0x1407884b9	114	0x140f95a54	.text
0x1407884b9	0x1407884ce	21	0x140f95a68	.text
0x1407884d0	0x1407884f9	41	0x140f95a78	.text
0x1407884f9	0x140788511	24	0x140f95a8c	.text
0x140788511	0x14078852b	26	0x140f95aac	.text
0x14078852b	0x14078863d	274	0x140f95ac0	.text
0x14078863d	0x140788651	20	0x140f95ad4	.text
0x140788651	0x1407886d8	135	0x140f95ae4	.text
0x1407886d8	0x1407886d9	1	0x140f95af4	.text
0x1407886e0	0x140788709	41	0x140f95b04	.text
0x140788709	0x14078873f	54	0x140f95b10	.text
0x14078873f	0x140788eed	1966	0x140f95b28	.text
0x140788eed	0x140788ef9	12	0x140f95b48	.text
0x140788f00	0x140788f6b	107	0x140f95b58	.text
0x140788f6b	0x1407890aa	319	0x140f95b6c	.text
0x1407890aa	0x1407890c3	25	0x140f95b80	.text
0x1407890d0	0x1407891a6	214	0x140f952b0	.text
0x1407891b0	0x140789365	437	0x140f95b90	.text
0x140789365	0x1407896f1	908	0x140f95bb4	.text
0x1407896f1	0x1407896f6	5	0x140f95bc8	.text
0x1407896f6	0x140789e2b	1845	0x140f95bd8	.text
0x140789e2b	0x140789ea8	125	0x140f95bc8	.text
0x140789eb0	0x140789f07	87	0x140f95bec	.text
0x140789f10	0x140789f71	97	0x140f95bfc	.text
0x140789f80	0x140789fd0	80	0x140f95c0c	.text
0x140789fd0	0x14078a027	87	0x140f95bec	.text
0x14078a060	0x14078a080	32	0x140f952c4	.text
0x14078a080	0x14078a0bc	60	0x140f952b0	.text
0x14078a0e0	0x14078a0f1	17	0x140f955a8	.text
0x14078a100	0x14078a13c	60	0x140f952b0	.text
0x14078a150	0x14078a18f	63	0x140f95c18	.text
0x14078a1d0	0x14078a370	416	0x140f95c20	.text
0x14078a370	0x14078a3b2	66	0x140f952b8	.text
0x14078a3c0	0x14078a417	87	0x140f952b8	.text
0x14078a420	0x14078a46d	77	0x140f952b8	.text
0x14078a480	0x14078a4fe	126	0x140f95c68	.text
0x14078a500	0x14078a521	33	0x140f952b0	.text
0x14078a530	0x14078a55b	43	0x140f952b0	.text
0x14078a580	0x14078a5af	47	0x140f955a8	.text
0x14078a5c0	0x14078a74c	396	0x140f95c90	.text
0x14078a760	0x14078a775	21	0x140f95cfc	.text
0x14078a775	0x14078a79a	37	0x140f95d08	.text
0x14078a79a	0x14078a7a8	14	0x140f95d1c	.text
0x14078a7c0	0x14078a7d5	21	0x140f95cfc	.text
0x14078a7d5	0x14078a7fa	37	0x140f95d2c	.text
0x14078a7fa	0x14078a808	14	0x140f95d40	.text
0x14078a820	0x14078a83d	29	0x140f952b0	.text
0x14078a840	0x14078a85f	31	0x140f952b0	.text
0x14078a860	0x14078a8ca	106	0x140f952b8	.text
0x14078a8d0	0x14078a9a8	216	0x140f95d50	.text
0x14078a9b0	0x14078aa32	130	0x140f95d84	.text
0x14078aa40	0x14078aa97	87	0x140f952b8	.text
0x14078aaa0	0x14078aadf	63	0x140f95d90	.text
0x14078aae0	0x14078ab80	160	0x140f95db0	.text
0x14078ab80	0x14078ac33	179	0x140f95dd4	.text
0x14078ac40	0x14078ace6	166	0x140f95df8	.text
0x14078ace6	0x14078acee	8	0x140f95e04	.text
0x14078acee	0x14078aef2	516	0x140f95e18	.text
0x14078aef2	0x14078b0fc	522	0x140f95e2c	.text
0x14078b0fc	0x14078b107	11	0x140f95e3c	.text
0x14078b110	0x14078b2a0	400	0x140f95e4c	.text
0x14078b2a0	0x14078b5a2	770	0x140f95e98	.text
0x14078b5b0	0x14078b64f	159	0x140f952b0	.text
0x14078b650	0x14078b6af	95	0x140f95ef4	.text
0x14078b6af	0x14078b83d	398	0x140f95f10	.text
0x14078b83d	0x14078b9cf	402	0x140f95f24	.text
0x14078b9cf	0x14078b9d7	8	0x140f95f38	.text
0x14078b9d7	0x14078b9f5	30	0x140f95f48	.text
0x14078b9f5	0x14078ba0f	26	0x140f95f58	.text
0x14078ba10	0x14078bea1	1169	0x140f95f6c	.text
0x14078beb0	0x14078bf45	149	0x140f95fdc	.text
0x14078bf50	0x14078c2f3	931	0x140f95ffc	.text
0x14078c300	0x14078c8bb	1467	0x140f96048	.text
0x14078c8c0	0x14078cd57	1175	0x140f960b0	.text
0x14078ce60	0x14078cf14	180	0x140f960f8	.text
0x14078cf20	0x14078d3f0	1232	0x140f96100	.text
0x14078d3f0	0x14078d4c0	208	0x140f9611c	.text
0x14078d4c0	0x14078d8a3	995	0x140f96130	.text
0x14078d8a3	0x14078d8fc	89	0x140f96148	.text
0x14078d900	0x14078db79	633	0x140f96158	.text
0x14078db80	0x14078dc4a	202	0x140f9616c	.text
0x14078dc4a	0x14078ddf1	423	0x140f9617c	.text
0x14078ddf1	0x14078de4c	91	0x140f9619c	.text
0x14078de50	0x14078e4c7	1655	0x140f961ac	.text
0x14078e4d0	0x14078e589	185	0x140f961fc	.text
0x14078e589	0x14078e809	640	0x140f96210	.text
0x14078e809	0x14078e823	26	0x140f96230	.text
0x14078e823	0x14078e8bc	153	0x140f96240	.text
0x14078e8c0	0x14078ecdc	1052	0x140f96260	.text
0x14078ece0	0x14078ed32	82	0x140f9626c	.text
0x14078ed32	0x14078ed39	7	0x140f96284	.text
0x14078ed39	0x14078ee89	336	0x140f96298	.text
0x14078ee89	0x14078eee6	93	0x140f962ac	.text
0x14078eee6	0x14078ef02	28	0x140f962bc	.text
0x14078ef02	0x14078f025	291	0x140f962cc	.text
0x14078f025	0x14078f057	50	0x140f962bc	.text
0x14078f060	0x14078f0ad	77	0x140f962e0	.text
0x14078f0ad	0x14078f22b	382	0x140f962f8	.text
0x14078f22b	0x14078f246	27	0x140f96310	.text
0x14078f250	0x14078f563	787	0x140f96320	.text
0x14078f570	0x14078f585	21	0x140f955a8	.text
0x14078f590	0x14078f5dc	76	0x140f96334	.text
0x14078f5dc	0x14078f809	557	0x140f96348	.text
0x14078f809	0x14078f822	25	0x140f96364	.text
0x14078f850	0x14078f86e	30	0x140f952c4	.text
0x14078f86e	0x14078f98b	285	0x140f96374	.text
0x14078f98b	0x14078fa84	249	0x140f9638c	.text
0x14078fa84	0x14078fa89	5	0x140f963a8	.text
0x14078fa89	0x14078fac3	58	0x140f963b8	.text
0x14078fc90	0x14078fe7b	491	0x140f963d4	.text
0x14078fe80	0x14078ff04	132	0x140f963f4	.text
0x14078ff10	0x14078ff88	120	0x140f9640c	.text
0x14078ff90	0x140790006	118	0x140f957c4	.text
0x140790010	0x140790073	99	0x140f955a8	.text
0x140790080	0x1407901d1	337	0x140f96424	.text
0x1407901e0	0x1407904be	734	0x140f96450	.text
0x1407904c0	0x140790630	368	0x140f964b4	.text
0x140790630	0x140790b43	1299	0x140f964e8	.text
0x140790b50	0x140790dd3	643	0x140f9654c	.text
0x140790de0	0x140790fbc	476	0x140f965a4	.text
0x140790fc0	0x14079146e	1198	0x140f965ec	.text
0x140791470	0x1407915d4	356	0x140f96678	.text
0x1407915e0	0x1407919a5	965	0x140f966b8	.text
0x1407919b0	0x140791b15	357	0x140f9671c	.text
0x140791b20	0x140791c2c	268	0x140f96754	.text
0x140791c30	0x140792e40	4624	0x140f9676c	.text
0x140792e40	0x140792ff1	433	0x140f96854	.text
0x140793000	0x14079363e	1598	0x140f96890	.text
0x140793640	0x140793802	450	0x140f96910	.text
0x140793810	0x140793a43	563	0x140f9694c	.text
0x140793a50	0x1407941a4	1876	0x140f96994	.text
0x1407941b0	0x14079429f	239	0x140f96a18	.text
0x1407942a0	0x140794321	129	0x140f96a50	.text
0x140794321	0x140794472	337	0x140f96a6c	.text
0x140794472	0x140794966	1268	0x140f96a80	.text
0x140794970	0x140794ba0	560	0x140f96a90	.text
0x140794ba0	0x140794c89	233	0x140f96aa8	.text
0x140794c90	0x140794d79	233	0x140f96aa8	.text
0x140794d80	0x140794e69	233	0x140f96aa8	.text
0x140794e70	0x140795009	409	0x140f96ab8	.text
0x140795010	0x1407950da	202	0x140f96acc	.text
0x1407950e0	0x1407954d3	1011	0x140f96ae4	.text
0x1407954e0	0x14079557e	158	0x140f96b08	.text
0x140795580	0x1407955f0	112	0x140f96b10	.text
0x1407955f0	0x1407956bb	203	0x140f96b20	.text
0x1407956c0	0x140795717	87	0x140f96b30	.text
0x140795720	0x140795744	36	0x140f96b40	.text
0x140795744	0x1407957e7	163	0x140f96b48	.text
0x1407957e7	0x1407957ed	6	0x140f96b5c	.text
0x1407957f0	0x14079596d	381	0x140f952b8	.text
0x140795970	0x140795a38	200	0x140f96b6c	.text
0x140795a40	0x140795c42	514	0x140f96b88	.text
0x140795c50	0x14079609e	1102	0x140f96ba8	.text
0x1407960a0	0x140796113	115	0x140f96b10	.text
0x140796120	0x1407961a5	133	0x140f952b0	.text
0x1407961b0	0x1407961e8	56	0x140f96c34	.text
0x1407961e8	0x1407963ab	451	0x140f96c4c	.text
0x1407963ab	0x1407963c2	23	0x140f96c64	.text
0x1407963d0	0x1407963ee	30	0x140f96c74	.text
0x1407963ee	0x1407964f3	261	0x140f96c8c	.text
0x1407964f3	0x140796559	102	0x140f96ca0	.text
0x140796560	0x140796600	160	0x140f96cb0	.text
0x140796600	0x140796c61	1633	0x140f96cc8	.text
0x140796c70	0x140797d8a	4378	0x140f96d54	.text
0x140797d90	0x140797dc3	51	0x140f96d80	.text
0x140797dc3	0x14079875b	2456	0x140f96d94	.text
0x14079875b	0x14079875c	1	0x140f96dbc	.text
0x140798760	0x140799558	3576	0x140f96dcc	.text
0x140799560	0x140799b11	1457	0x140f96dec	.text
0x140799b20	0x140799b5f	63	0x140f952c4	.text
0x140799b60	0x140799d18	440	0x140f96e28	.text
0x140799d20	0x140799e29	265	0x140f96e7c	.text
0x140799e30	0x14079a0f8	712	0x140f96ea4	.text
0x14079a100	0x14079a1d6	214	0x140f96ef8	.text
0x14079a1e0	0x14079a289	169	0x140f96260	.text
0x14079a290	0x14079a6f9	1129	0x140f96f08	.text
0x14079a790	0x14079bc09	5241	0x140f96f74	.text
0x14079bc10	0x14079bf1c	780	0x140f9703c	.text
0x14079bf20	0x14079c230	784	0x140f97090	.text
0x14079c230	0x14079c400	464	0x140f970d8	.text
0x14079c400	0x14079c5d4	468	0x140f97114	.text
0x14079c5e0	0x14079c6ce	238	0x140f97168	.text
0x14079c6d0	0x14079c86a	410	0x140f97178	.text
0x14079c870	0x14079ca72	514	0x140f971ac	.text
0x14079ca80	0x14079cb42	194	0x140f971ec	.text
0x14079cb50	0x14079cf46	1014	0x140f97200	.text
0x14079cf50	0x14079d7e6	2198	0x140f97254	.text
0x14079d7f0	0x14079e120	2352	0x140f972f0	.text
0x14079e120	0x14079e18a	106	0x140f97344	.text
0x14079e190	0x14079e6b1	1313	0x140f97354	.text
0x14079e6c0	0x14079e7fd	317	0x140f973a0	.text
0x14079e800	0x14079e8dc	220	0x140f973d4	.text
0x14079e8e0	0x14079f025	1861	0x140f97400	.text
0x14079f030	0x14079f558	1320	0x140f97478	.text
0x14079f560	0x14079f75e	510	0x140f974f0	.text
0x14079f760	0x1407a1335	7125	0x140f9753c	.text
0x1407a1340	0x1407a15be	638	0x140f9760c	.text
0x1407a15c0	0x1407a1633	115	0x140f952b0	.text
0x1407a1640	0x1407a1871	561	0x140f97624	.text
0x1407a1880	0x1407a1efe	1662	0x140f9765c	.text
0x1407a1f00	0x1407a1f9f	159	0x140f952b0	.text
0x1407a1fa0	0x1407a258d	1517	0x140f976a0	.text
0x1407a2590	0x1407a2838	680	0x140f976f4	.text
0x1407a2840	0x1407a2a85	581	0x140f97754	.text
0x1407a2a90	0x1407a2ff6	1382	0x140f977b0	.text
0x1407a3000	0x1407a307d	125	0x140f97830	.text
0x1407a3080	0x1407a3323	675	0x140f97844	.text
0x1407a3323	0x1407a341d	250	0x140f9785c	.text
0x1407a341d	0x1407a3508	235	0x140f97870	.text
0x1407a3510	0x1407a493d	5165	0x140f97880	.text
0x1407a4940	0x1407a4972	50	0x140f9799c	.text
0x1407a4972	0x1407a4a52	224	0x140f979b0	.text
0x1407a4a52	0x1407a4a81	47	0x140f979c4	.text
0x1407a4a90	0x1407a4ab0	32	0x140f955a8	.text
0x1407a4ab0	0x1407a4b86	214	0x140f96ef8	.text
0x1407a4b90	0x1407aa710	23424	0x140f979d4	.text
0x1407aa710	0x1407aa7a5	149	0x140f95fdc	.text
0x1407aa7b0	0x1407aa7f9	73	0x140f952b0	.text
0x1407aa800	0x1407aa95d	349	0x140f97d5c	.text
0x1407aa960	0x1407aaa2f	207	0x140f97d90	.text
0x1407aaa60	0x1407aaabd	93	0x140f952b0	.text
0x1407aaac0	0x1407aab17	87	0x140f952b0	.text
0x1407aab20	0x1407aab87	103	0x140f952b0	.text
0x1407aab90	0x1407aabf7	103	0x140f952b0	.text
0x1407aac00	0x1407aac88	136	0x140f952b8	.text
0x1407aac90	0x1407aacd6	70	0x140f952b0	.text
0x1407aace0	0x1407aad38	88	0x140f952b0	.text
0x1407aad40	0x1407aae14	212	0x140f97dc0	.text
0x1407aae20	0x1407aaf05	229	0x140f97dd0	.text
0x1407aaf10	0x1407ab039	297	0x140f97de4	.text
0x1407ab040	0x1407ab076	54	0x140f97dfc	.text
0x1407ab076	0x1407ab1f0	378	0x140f97e0c	.text
0x1407ab1f0	0x1407ab1f5	5	0x140f97e24	.text
0x1407ab200	0x1407ab4cf	719	0x140f97e3c	.text
0x1407ab4d0	0x1407ab503	51	0x140f952b0	.text
0x1407ab503	0x1407ab51d	26	0x140f97e7c	.text
0x1407ab51d	0x1407ab535	24	0x140f97e90	.text
0x1407ab540	0x1407ab621	225	0x140f952b8	.text
0x1407ab630	0x1407ab69f	111	0x140f97ea4	.text
0x1407ab69f	0x1407ab7a3	260	0x140f97eb8	.text
0x1407ab7a3	0x1407ab7c1	30	0x140f97ecc	.text
0x1407ab810	0x1407ab8b7	167	0x140f97edc	.text
0x1407ab8f0	0x1407ab916	38	0x140f97ef4	.text
0x1407ab916	0x1407ab984	110	0x140f97f08	.text
0x1407ab984	0x1407ab9a0	28	0x140f97f1c	.text
0x1407ab9a0	0x1407ab9c6	38	0x140f97ef4	.text
0x1407ab9c6	0x1407aba34	110	0x140f97f2c	.text
0x1407aba34	0x1407aba50	28	0x140f97f40	.text
0x1407aba50	0x1407aba87	55	0x140f952b0	.text
0x1407abaa0	0x1407abc7d	477	0x140f97f50	.text
0x1407abc80	0x1407abdb0	304	0x140f97f9c	.text
0x1407abde0	0x1407abdf9	25	0x140f98004	.text
0x1407abe00	0x1407abe23	35	0x140f952b0	.text
0x1407abe60	0x1407abec1	97	0x140f952b0	.text
0x1407abed0	0x1407abf64	148	0x140f98020	.text
0x1407abf70	0x1407abfaa	58	0x140f98040	.text
0x1407abfb0	0x1407ac0a2	242	0x140f9805c	.text
0x1407ac130	0x1407ac18e	94	0x140f952b0	.text
0x1407ac190	0x1407ac224	148	0x140f98020	.text
0x1407ac230	0x1407ac25d	45	0x140f98070	.text
0x1407ac260	0x1407ac275	21	0x140f9807c	.text
0x1407ac280	0x1407ac35c	220	0x140f9805c	.text
0x1407ac360	0x1407ac39b	59	0x140f952b8	.text
0x1407ac3a0	0x1407ac403	99	0x140f98094	.text
0x1407ac410	0x1407ac444	52	0x140f952b8	.text
0x1407ac450	0x1407ac4cc	124	0x140f96b30	.text
0x1407ac4d0	0x1407ac50b	59	0x140f952b8	.text
0x1407ac510	0x1407ac573	99	0x140f98094	.text
0x1407ac580	0x1407ac5bf	63	0x140f95d90	.text
0x1407ac5c0	0x1407ac5fc	60	0x140f980b4	.text
0x1407ac600	0x1407ac679	121	0x140f980d4	.text
0x1407ac6e0	0x1407ac715	53	0x140f98100	.text
0x1407ac715	0x1407ac774	95	0x140f98110	.text
0x1407ac774	0x1407ac7b2	62	0x140f98124	.text
0x1407ac7b2	0x1407ac7c7	21	0x140f98138	.text
0x1407ac7d0	0x1407ac89e	206	0x140f98148	.text
0x1407ac8a0	0x1407ac987	231	0x140f96b30	.text
0x1407ac990	0x1407aca3e	174	0x140f98154	.text
0x1407aca80	0x1407acb04	132	0x140f98178	.text
0x1407acb10	0x1407acb2f	31	0x140f9819c	.text
0x1407acb2f	0x1407acb7e	79	0x140f981a8	.text
0x1407acb7e	0x1407acbde	96	0x140f981c0	.text
0x1407acbde	0x1407acca9	203	0x140f981d8	.text
0x1407acca9	0x1407accb6	13	0x140f981ec	.text
0x1407accb6	0x1407acccc	22	0x140f981fc	.text
0x1407acccc	0x1407accd2	6	0x140f9820c	.text
0x1407acce0	0x1407acd52	114	0x140f9821c	.text
0x1407acd52	0x1407ace52	256	0x140f98234	.text
0x1407ace52	0x1407ace6b	25	0x140f98248	.text
0x1407ace6b	0x1407ace77	12	0x140f98258	.text
0x1407ace77	0x1407ace7d	6	0x140f98248	.text
0x1407ace80	0x1407ad016	406	0x140f9826c	.text
0x1407ad020	0x1407ad07b	91	0x140f98288	.text
0x1407ad07b	0x1407ad154	217	0x140f9829c	.text
0x1407ad154	0x1407ad170	28	0x140f982b0	.text
0x1407ad170	0x1407ad17c	12	0x140f982c0	.text
0x1407ad180	0x1407ad1a3	35	0x140f982d4	.text
0x1407ad1a3	0x1407ad1e2	63	0x140f982e0	.text
0x1407ad1e2	0x1407ad206	36	0x140f982f4	.text
0x1407ad210	0x1407ad227	23	0x140f952b0	.text
0x1407ad230	0x1407ad25b	43	0x140f952b0	.text
0x1407ad260	0x1407ad284	36	0x140f98304	.text
0x1407ad2a0	0x1407ad2e1	65	0x140f955a8	.text
0x1407ad300	0x1407ad386	134	0x140f98154	.text
0x1407ad390	0x1407ad429	153	0x140f9831c	.text
0x1407ad430	0x1407ad47d	77	0x140f98358	.text
0x1407ad480	0x1407ad541	193	0x140f98390	.text
0x1407ad550	0x1407ad561	17	0x140f955a8	.text
0x1407ad580	0x1407ad5d8	88	0x140f955a8	.text
0x1407ad5e0	0x1407ad61d	61	0x140f955a8	.text
0x1407ad620	0x1407ad768	328	0x140f983c0	.text
0x1407ad770	0x1407ad7cd	93	0x140f98400	.text
0x1407ad7d0	0x1407ad8a1	209	0x140f9841c	.text
0x1407ad8b0	0x1407ad8cd	29	0x140f952b0	.text
0x1407ad8d0	0x1407ada15	325	0x140f98448	.text
0x1407ada20	0x1407ada7a	90	0x140f95854	.text
0x1407ada80	0x1407adada	90	0x140f95854	.text
0x1407adae0	0x1407adb3a	90	0x140f95854	.text
0x1407adb40	0x1407adb9a	90	0x140f95854	.text
0x1407adba0	0x1407adcc2	290	0x140f9847c	.text
0x1407adcd0	0x1407adced	29	0x140f952b0	.text
0x1407adcf0	0x1407addd4	228	0x140f984b0	.text
0x1407adde0	0x1407ae04e	622	0x140f984c8	.text
0x1407ae050	0x1407ae086	54	0x140f952b0	.text
0x1407ae0a0	0x1407ae21f	383	0x140f98518	.text
0x1407ae220	0x1407ae261	65	0x140f98538	.text
0x1407ae261	0x1407ae3a3	322	0x140f98548	.text
0x1407ae3a3	0x1407ae3af	12	0x140f98568	.text
0x1407ae3af	0x1407ae3b5	6	0x140f98588	.text
0x1407ae3c0	0x1407ae406	70	0x140f98598	.text
0x1407ae406	0x1407ae52b	293	0x140f985ac	.text
0x1407ae52b	0x1407ae531	6	0x140f985c4	.text
0x1407ae531	0x1407ae53d	12	0x140f985d4	.text
0x1407ae540	0x1407ae6fc	444	0x140f985ec	.text
0x1407ae700	0x1407ae8c7	455	0x140f9862c	.text
0x1407ae8d0	0x1407aea8c	444	0x140f98670	.text
0x1407aea90	0x1407aeb99	265	0x140f986a8	.text
0x1407aeba0	0x1407aec8b	235	0x140f986e0	.text
0x1407aec90	0x1407aecb9	41	0x140f986f4	.text
0x1407aecb9	0x1407aedea	305	0x140f98700	.text
0x1407aedea	0x1407aedf6	12	0x140f9871c	.text
0x1407aedf6	0x1407aedfc	6	0x140f98738	.text
0x1407aee00	0x1407aee2f	47	0x140f98748	.text
0x1407aee2f	0x1407aef81	338	0x140f98758	.text
0x1407aef81	0x1407aef8d	12	0x140f98778	.text
0x1407aef8d	0x1407aef93	6	0x140f98798	.text
0x1407aefa0	0x1407aefd2	50	0x140f987a8	.text
0x1407aefd2	0x1407af192	448	0x140f987b8	.text
0x1407af192	0x1407af19e	12	0x140f987d8	.text
0x1407af19e	0x1407af1a4	6	0x140f987f8	.text
0x1407af1b0	0x1407af1e2	50	0x140f98808	.text
0x1407af1e2	0x1407af307	293	0x140f98818	.text
0x1407af307	0x1407af313	12	0x140f98834	.text
0x1407af313	0x1407af319	6	0x140f98850	.text
0x1407af320	0x1407af355	53	0x140f98860	.text
0x1407af355	0x1407af48e	313	0x140f98870	.text
0x1407af48e	0x1407af49a	12	0x140f9888c	.text
0x1407af49a	0x1407af4a0	6	0x140f988a8	.text
0x1407af4b0	0x1407af4ba	10	0x140f988b8	.text
0x1407af4ba	0x1407af531	119	0x140f988c0	.text
0x1407af531	0x1407af532	1	0x140f988d8	.text
0x1407af532	0x1407af538	6	0x140f988e8	.text
0x1407af540	0x1407af54e	14	0x140f98900	.text
0x1407af54e	0x1407af5c7	121	0x140f98908	.text
0x1407af5c7	0x1407af5c8	1	0x140f98920	.text
0x1407af5c8	0x1407af5ce	6	0x140f98930	.text
0x1407af5d0	0x1407af604	52	0x140f98948	.text
0x1407af604	0x1407af77e	378	0x140f98958	.text
0x1407af77e	0x1407af78a	12	0x140f98978	.text
0x1407af78a	0x1407af790	6	0x140f98998	.text
0x1407af7b0	0x1407af924	372	0x140f989a8	.text
0x1407af930	0x1407afa79	329	0x140f98a0c	.text
0x1407afa80	0x1407afc9e	542	0x140f98a50	.text
0x1407afca0	0x1407afdd9	313	0x140f98a8c	.text
0x1407afe20	0x1407b0016	502	0x140f98aa8	.text
0x1407b0020	0x1407b0048	40	0x140f98adc	.text
0x1407b0048	0x1407b0153	267	0x140f98aec	.text
0x1407b0153	0x1407b0159	6	0x140f98b04	.text
0x1407b0159	0x1407b0165	12	0x140f98b14	.text
0x1407b0170	0x1407b01e2	114	0x140f98b2c	.text
0x1407b01f0	0x1407b0262	114	0x140f98b2c	.text
0x1407b0270	0x1407b02a3	51	0x140f98b50	.text
0x1407b02a3	0x1407b03ff	348	0x140f98b60	.text
0x1407b03ff	0x1407b040b	12	0x140f98b7c	.text
0x1407b040b	0x1407b0411	6	0x140f98b98	.text
0x1407b0420	0x1407b0453	51	0x140f98ba8	.text
0x1407b0453	0x1407b0585	306	0x140f98bb8	.text
0x1407b0585	0x1407b0591	12	0x140f98bd4	.text
0x1407b0591	0x1407b0597	6	0x140f98bf0	.text
0x1407b05c0	0x1407b05ed	45	0x140f98c00	.text
0x1407b05f0	0x1407b0656	102	0x140f952b0	.text
0x1407b06b0	0x1407b06ce	30	0x140f98c18	.text
0x1407b06d8	0x1407b0714	60	0x140f952b0	.text
0x1407b0714	0x1407b074d	57	0x140f955a8	.text
0x1407b0750	0x1407b0799	73	0x140f952b0	.text
0x1407b079c	0x1407b0827	139	0x140f952b0	.text
0x1407b0828	0x1407b08c0	152	0x140f98c1c	.text
0x1407b08c0	0x1407b08e4	36	0x140f952b0	.text
0x1407b08e4	0x1407b090d	41	0x140f952b0	.text
0x1407b0910	0x1407b094a	58	0x140f952b0	.text
0x1407b094c	0x1407b0963	23	0x140f955a8	.text
0x1407b0974	0x1407b099f	43	0x140f952b0	.text
0x1407b09a0	0x1407b09d4	52	0x140f952b0	.text
0x1407b09d4	0x1407b0aa6	210	0x140f98c4c	.text
0x1407b0aa8	0x1407b0abb	19	0x140f955a8	.text
0x1407b0abc	0x1407b0b58	156	0x140f98c44	.text
0x1407b0b58	0x1407b0bc5	109	0x140f98c54	.text
0x1407b0bc8	0x1407b0c39	113	0x140f98c60	.text
0x1407b0c3c	0x1407b0d0c	208	0x140f952b8	.text
0x1407b0d0c	0x1407b0d34	40	0x140f955a8	.text
0x1407b0d34	0x1407b0d94	96	0x140f952b0	.text
0x1407b0d94	0x1407b0dfb	103	0x140f952b0	.text
0x1407b0dfc	0x1407b0e3d	65	0x140f955a8	.text
0x1407b0e40	0x1407b0ea3	99	0x140f952b0	.text
0x1407b0ea4	0x1407b0f5a	182	0x140f952b0	.text
0x1407b0f5c	0x1407b0f6c	16	0x140f955a8	.text
0x1407b0f6c	0x1407b0f85	25	0x140f955a8	.text
0x1407b0f88	0x1407b1104	380	0x140f98c6c	.text
0x1407b1104	0x1407b1116	18	0x140f955a8	.text
0x1407b1138	0x1407b1158	32	0x140f952c4	.text
0x1407b1158	0x1407b12f9	417	0x140f98ca4	.text
0x1407b1310	0x1407b145b	331	0x140f98cb4	.text
0x1407b1464	0x1407b14b6	82	0x140f955a8	.text
0x1407b14c8	0x1407b1523	91	0x140f952b8	.text
0x1407b1524	0x1407b1537	19	0x140f98cc4	.text
0x1407b1538	0x1407b15e4	172	0x140f98d10	.text
0x1407b1604	0x1407b161f	27	0x140f955a8	.text
0x1407b163c	0x1407b1678	60	0x140f952b8	.text
0x1407b1678	0x1407b16b4	60	0x140f952b8	.text
0x1407b16c0	0x1407b16fc	60	0x140f952b0	.text
0x1407b16fc	0x1407b1743	71	0x140f95c18	.text
0x1407b1744	0x1407b1780	60	0x140f952b0	.text
0x1407b1780	0x1407b17bc	60	0x140f952b0	.text
0x1407b17bc	0x1407b1803	71	0x140f95c18	.text
0x1407b1804	0x1407b184b	71	0x140f95c18	.text
0x1407b184c	0x1407b186f	35	0x140f952c4	.text
0x1407b1870	0x1407b1893	35	0x140f952c4	.text
0x1407b1894	0x1407b18b7	35	0x140f952c4	.text
0x1407b18b8	0x1407b18d1	25	0x140f955a8	.text
0x1407b18d4	0x1407b1900	44	0x140f955a8	.text
0x1407b1900	0x1407b19d2	210	0x140f98d2c	.text
0x1407b19d4	0x1407b1a03	47	0x140f955a8	.text
0x1407b1a04	0x1407b1a5a	86	0x140f952b8	.text
0x1407b1a5c	0x1407b1a9f	67	0x140f952b8	.text
0x1407b1aa0	0x1407b1adb	59	0x140f952b0	.text
0x1407b1adc	0x1407b1b17	59	0x140f952b0	.text
0x1407b1b18	0x1407b1b4a	50	0x140f955a8	.text
0x1407b1b64	0x1407b1c45	225	0x140f98d40	.text
0x1407b1c48	0x1407b1c8f	71	0x140f98d34	.text
0x1407b1c98	0x1407b1cd0	56	0x140f98d6c	.text
0x1407b1d4c	0x1407b1dd2	134	0x140f98da4	.text
0x1407b1dd4	0x1407b1e4a	118	0x140f96b30	.text
0x1407b1e4c	0x1407b1ea8	92	0x140f952b8	.text
0x1407b1ea8	0x1407b1ee0	56	0x140f952b0	.text
0x1407b1ee8	0x1407b1fe0	248	0x140f98db4	.text
0x1407b1fe0	0x1407b205b	123	0x140f95cfc	.text
0x1407b205c	0x1407b20c5	105	0x140f952b8	.text
0x1407b20c8	0x1407b20e1	25	0x140f955a8	.text
0x1407b20e4	0x1407b2112	46	0x140f952b0	.text
0x1407b2114	0x1407b2146	50	0x140f952b0	.text
0x1407b2148	0x1407b2182	58	0x140f955a8	.text
0x1407b2184	0x1407b21b7	51	0x140f955a8	.text
0x1407b21b8	0x1407b222f	119	0x140f952b0	.text
0x1407b2230	0x1407b22a5	117	0x140f952b0	.text
0x1407b22a8	0x1407b2327	127	0x140f98de8	.text
0x1407b2328	0x1407b2435	269	0x140f98e04	.text
0x1407b2438	0x1407b2545	269	0x140f98e04	.text
0x1407b2580	0x1407b263e	190	0x140f952b0	.text
0x1407b2640	0x1407b276d	301	0x140f98e1c	.text
0x1407b2770	0x1407b2821	177	0x140f971ec	.text
0x1407b282c	0x1407b2891	101	0x140f95cfc	.text
0x1407b2894	0x1407b2907	115	0x140f98e2c	.text
0x1407b2908	0x1407b2a45	317	0x140f98e3c	.text
0x1407b2a48	0x1407b2dfe	950	0x140f952b0	.text
0x1407b2e44	0x1407b2e7f	59	0x140f955a8	.text
0x1407b2e80	0x1407b2fd8	344	0x140f98a8c	.text
0x1407b2fd8	0x1407b3053	123	0x140f98e6c	.text
0x1407b3078	0x1407b3375	765	0x140f98e7c	.text
0x1407b3378	0x1407b339e	38	0x140f955a8	.text
0x1407b33a0	0x1407b33b8	24	0x140f955a8	.text
0x1407b33d0	0x1407b3421	81	0x140f9a218	.text
0x1407b3424	0x1407b3475	81	0x140f9a1ec	.text
0x1407b3478	0x1407b34cb	83	0x140f96b30	.text
0x1407b34cc	0x1407b35ee	290	0x140f9a148	.text
0x1407b35f0	0x1407b361a	42	0x140f952b0	.text
0x1407b3624	0x1407b3688	100	0x140f96b30	.text
0x1407b3688	0x1407b36ba	50	0x140f955a8	.text
0x1407b36bc	0x1407b3785	201	0x140f9a160	.text
0x1407b37ac	0x1407b38eb	319	0x140f9a18c	.text
0x1407b38ec	0x1407b3a52	358	0x140f9a1a8	.text
0x1407b3a54	0x1407b3b57	259	0x140f9a178	.text
0x1407b3b58	0x1407b3c77	287	0x140f9a178	.text
0x1407b3e38	0x1407b3e72	58	0x140f952b0	.text
0x1407b3e74	0x1407b3ec7	83	0x140f952b8	.text
0x1407b3ec8	0x1407b3eda	18	0x140f955a8	.text
0x1407b3edc	0x1407b3eee	18	0x140f955a8	.text
0x1407b3ef0	0x1407b3f08	24	0x140f952b0	.text
0x1407b3f08	0x1407b3f20	24	0x140f952b0	.text
0x1407b3f20	0x1407b3fa6	134	0x140f9a1c4	.text
0x1407b3fa8	0x1407b4067	191	0x140f9a1d8	.text
0x1407b4068	0x1407b40f5	141	0x140f9a238	.text
0x1407b40f8	0x1407b411d	37	0x140f952b0	.text
0x1407b4120	0x1407b418d	109	0x140f9a24c	.text
0x1407b4194	0x1407b41c3	47	0x140f952b0	.text
0x1407b41e8	0x1407b424e	102	0x140f952b8	.text
0x1407b4250	0x1407b4262	18	0x140f955a8	.text
0x1407b4264	0x1407b4276	18	0x140f955a8	.text
0x1407b4278	0x1407b4282	10	0x140f955a8	.text
0x1407b43bc	0x1407b43d6	26	0x140f955a8	.text
0x1407b43d8	0x1407b4400	40	0x140f955a8	.text
0x1407b4400	0x1407b4419	25	0x140f955a8	.text
0x1407b441c	0x1407b4627	523	0x140f9a18c	.text
0x1407b4628	0x1407b46c8	160	0x140f9a278	.text
0x1407b46e0	0x1407b46f0	16	0x140f9a288	.text
0x1407b4700	0x1407b4890	400	0x140f9a294	.text
0x1407b48d0	0x1407b48e0	16	0x140f9a298	.text
0x1407b48f0	0x1407b4f65	1653	0x140f9a2a4	.text
0x1407b4f68	0x1407b4f83	27	0x140f955a8	.text
0x1407b4fa0	0x1407b500e	110	0x140f9a2a8	.text
0x1407b5020	0x1407b50e7	199	0x140f9a2b0	.text
0x1407b50e8	0x1407b5107	31	0x140f955a8	.text
0x1407b5108	0x1407b5121	25	0x140f955a8	.text
0x1407b5124	0x1407b51e3	191	0x140f96b30	.text
0x1407b51e4	0x1407b5231	77	0x140f952b8	.text
0x1407b5234	0x1407b527b	71	0x140f955a8	.text
0x1407b527c	0x1407b529e	34	0x140f955a8	.text
0x1407b52a0	0x1407b52c7	39	0x140f955a8	.text
0x1407b52c8	0x1407b52f1	41	0x140f952b0	.text
0x1407b5300	0x1407b533b	59	0x140f952b8	.text
0x1407b534c	0x1407b53b2	102	0x140f952b0	.text
0x1407b53b4	0x1407b549b	231	0x140f9a2b4	.text
0x1407b549c	0x1407b569a	510	0x140f9a470	.text
0x1407b569c	0x1407b589d	513	0x140f9a4b0	.text
0x1407b58a0	0x1407b5960	192	0x140f9a4f0	.text
0x1407b5960	0x1407b5a21	193	0x140f9a51c	.text
0x1407b5a24	0x1407b5af5	209	0x140f9a588	.text
0x1407b5af8	0x1407b5bc9	209	0x140f9a588	.text
0x1407b5bcc	0x1407b6091	1221	0x140f9a548	.text
0x1407b6094	0x1407b658f	1275	0x140f9a568	.text
0x1407b6590	0x1407b67a5	533	0x140f9a5a0	.text
0x1407b67a8	0x1407b6a97	751	0x140f9a5bc	.text
0x1407b6a98	0x1407b6bd5	317	0x140f98e04	.text
0x1407b6bd8	0x1407b6d1a	322	0x140f98e04	.text
0x1407b6d1c	0x1407b6f53	567	0x140f9a440	.text
0x1407b6f54	0x1407b71e8	660	0x140f9a458	.text
0x1407b71e8	0x1407b7262	122	0x140f952b0	.text
0x1407b733c	0x1407b7378	60	0x140f952b0	.text
0x1407b7398	0x1407b7582	490	0x140f9a33c	.text
0x1407b7584	0x1407b77d4	592	0x140f9a3c8	.text
0x1407b795c	0x1407b79e3	135	0x140f952b0	.text
0x1407b79e4	0x1407b7a14	48	0x140f952b8	.text
0x1407b7a14	0x1407b7b9e	394	0x140f9a2f0	.text
0x1407b7ba0	0x1407b7e86	742	0x140f9a378	.text
0x1407b7e88	0x1407b7f1e	150	0x140f971ec	.text
0x1407b7f20	0x1407b800d	237	0x140f9a424	.text
0x1407b8010	0x1407b8098	136	0x140f971ec	.text
0x1407b8154	0x1407b8222	206	0x140f9a2c8	.text
0x1407b8224	0x1407b82eb	199	0x140f9a2e0	.text
0x1407b82ec	0x1407b831e	50	0x140f955a8	.text
0x1407b8320	0x1407b8357	55	0x140f952b0	.text
0x1407b8370	0x1407b8388	24	0x140f9a5e0	.text
0x1407b8390	0x1407b8391	1	0x140f9a5e4	.text
0x1407b83a0	0x1407b83a1	1	0x140f9a5e8	.text
0x1407b83dc	0x1407b852a	334	0x140f98a8c	.text
0x1407b852c	0x1407b8571	69	0x140f952b0	.text
0x1407b8574	0x1407b85ba	70	0x140f952b0	.text
0x1407b85bc	0x1407b8602	70	0x140f952b0	.text
0x1407b8604	0x1407b8655	81	0x140f952b8	.text
0x1407b8658	0x1407b86b9	97	0x140f96b30	.text
0x1407b86d0	0x1407b8710	64	0x140f9a5f0	.text
0x1407b8720	0x1407b874a	42	0x140f9a5f8	.text
0x1407b8750	0x1407b8776	38	0x140f9a600	.text
0x1407b8780	0x1407b87c7	71	0x140f9a608	.text
0x1407b87c8	0x1407b882f	103	0x140f95cfc	.text
0x1407b8830	0x1407b889a	106	0x140f97dc0	.text
0x1407b889c	0x1407b88e8	76	0x140f96b30	.text
0x1407b88e8	0x1407b8a55	365	0x140f9a610	.text
0x1407b8a60	0x1407b8afb	155	0x140f9a644	.text
0x1407b8afc	0x1407b8bb3	183	0x140f9a630	.text
0x1407b8bb4	0x1407b8bd2	30	0x140f957c4	.text
0x1407b8bd4	0x1407b8c03	47	0x140f957c4	.text
0x1407b8c04	0x1407b8c4b	71	0x140f955a8	.text
0x1407b8c4c	0x1407b8c89	61	0x140f9a7f0	.text
0x1407b8c8c	0x1407b8e3b	431	0x140f9a7d0	.text
0x1407b8e3c	0x1407b8ff2	438	0x140f9a7d0	.text
0x1407b8ff4	0x1407b909c	168	0x140f971ec	.text
0x1407b909c	0x1407b9148	172	0x140f971ec	.text
0x1407b9188	0x1407b943c	692	0x140f9a8a0	.text
0x1407b943c	0x1407b9ba6	1898	0x140f9a884	.text
0x1407b9ba8	0x1407b9dab	515	0x140f9a6c8	.text
0x1407b9dac	0x1407b9fb5	521	0x140f9a6c8	.text
0x1407b9fb8	0x1407ba1bb	515	0x140f9a6c8	.text
0x1407ba1bc	0x1407ba3c5	521	0x140f9a6c8	.text
0x1407ba3c8	0x1407ba5cb	515	0x140f9a6c8	.text
0x1407ba5cc	0x1407ba7d5	521	0x140f9a6c8	.text
0x1407ba8cc	0x1407ba976	170	0x140f960f8	.text
0x1407ba978	0x1407baa35	189	0x140f960f8	.text
0x1407bac54	0x1407bad04	176	0x140f960f8	.text
0x1407bad04	0x1407badc7	195	0x140f960f8	.text
0x1407baeec	0x1407bb008	284	0x140f9a748	.text
0x1407bb074	0x1407bb101	141	0x140f9a6e0	.text
0x1407bb104	0x1407bb192	142	0x140f9a6e0	.text
0x1407bb194	0x1407bb515	897	0x140f9a6c8	.text
0x1407bb518	0x1407bb87f	871	0x140f9a6c8	.text
0x1407bb880	0x1407bbbee	878	0x140f9a6c8	.text
0x1407bbbf0	0x1407bbeaa	698	0x140f9a6c8	.text
0x1407bbeac	0x1407bc033	391	0x140f957c4	.text
0x1407bc034	0x1407bc1bb	391	0x140f957c4	.text
0x1407bc1bc	0x1407bc369	429	0x140f957c4	.text
0x1407bc36c	0x1407bc8a4	1336	0x140f9a6f4	.text
0x1407bc8a4	0x1407bcd11	1133	0x140f9a784	.text
0x1407bcd14	0x1407bd289	1397	0x140f9a814	.text
0x1407bd308	0x1407bd37b	115	0x140f952b8	.text
0x1407bd37c	0x1407bd5d5	601	0x140f9a738	.text
0x1407bd5d8	0x1407bd852	634	0x140f9a870	.text
0x1407bd854	0x1407bd926	210	0x140f957b8	.text
0x1407bd928	0x1407bd9ec	196	0x140f97dc0	.text
0x1407bd9ec	0x1407bdaa2	182	0x140f957b8	.text
0x1407bdaa4	0x1407bdb3d	153	0x140f952b0	.text
0x1407bdb40	0x1407bdbda	154	0x140f96b30	.text
0x1407bdbdc	0x1407bdc9c	192	0x140f9a850	.text
0x1407bdca0	0x1407bdd16	118	0x140f96b30	.text
0x1407bdd18	0x1407bddb3	155	0x140f955a8	.text
0x1407bddb4	0x1407bde57	163	0x140f9a76c	.text
0x1407bde58	0x1407bdefd	165	0x140f9a7b8	.text
0x1407bdf00	0x1407bdfcf	207	0x140f9a6b0	.text
0x1407bdfd0	0x1407be0f4	292	0x140f9a680	.text
0x1407be0f4	0x1407be2b7	451	0x140f9a664	.text
0x1407be2b8	0x1407be509	593	0x140f9a690	.text
0x1407be50c	0x1407be61d	273	0x140f9a650	.text
0x1407be620	0x1407be731	273	0x140f9a650	.text
0x1407be740	0x1407be78d	77	0x140f9a8bc	.text
0x1407be78d	0x1407be7da	77	0x140f9a8c8	.text
0x1407be7da	0x1407be7f5	27	0x140f9a8dc	.text
0x1407be800	0x1407be828	40	0x140f955a8	.text
0x1407be8a0	0x1407be9bf	287	0x140f96260	.text
0x1407be9d8	0x1407beb3c	356	0x140f9a8fc	.text
0x1407beb54	0x1407bebec	152	0x140f9a8ec	.text
0x1407bebec	0x1407bec15	41	0x140f955a8	.text
0x1407bec18	0x1407bec2e	22	0x140f952b0	.text
0x1407bec30	0x1407bed50	288	0x140f98e04	.text
0x1407bed64	0x1407bedbf	91	0x140f952b0	.text
0x1407bedc0	0x1407bee07	71	0x140f955a8	.text
0x1407beeb0	0x1407bef8b	219	0x140f9a934	.text
0x1407bef8b	0x1407bf056	203	0x140f9a940	.text
0x1407bf056	0x1407bf072	28	0x140f9a960	.text
0x1407bf074	0x1407bf110	156	0x140f9a978	.text
0x1407bf110	0x1407bf1f1	225	0x140f9a99c	.text
0x1407bf1f4	0x1407bf234	64	0x140f9a9c4	.text
0x1407bf234	0x1407bf291	93	0x140f9a970	.text
0x1407bf294	0x1407bf320	140	0x140f971ec	.text
0x1407bf320	0x1407bf3f2	210	0x140f9a8ec	.text
0x1407bf3fc	0x1407bf463	103	0x140f957c4	.text
0x1407bf464	0x1407bf48b	39	0x140f955a8	.text
0x1407bf48c	0x1407bf506	122	0x140f9a9f8	.text
0x1407bf508	0x1407bf5ad	165	0x140f9a9e8	.text
0x1407bf5b0	0x1407bf648	152	0x140f9a8ec	.text
0x1407bf650	0x1407bf77a	298	0x140f952b8	.text
0x1407bf77c	0x1407bf7e1	101	0x140f9aa30	.text
0x1407bf7e4	0x1407bf845	97	0x140f952b8	.text
0x1407bf848	0x1407bf8a9	97	0x140f96b30	.text
0x1407bf8ac	0x1407bf98a	222	0x140f9aa1c	.text
0x1407bf98c	0x1407bf996	10	0x140f955a8	.text
0x1407bf9a4	0x1407bfc7d	729	0x140f9a8a0	.text
0x1407bfc80	0x1407c041a	1946	0x140f9a884	.text
0x1407c041c	0x1407c0492	118	0x140f971ec	.text
0x1407c0494	0x1407c0545	177	0x140f9aa50	.text
0x1407c0548	0x1407c05f9	177	0x140f9aa50	.text
0x1407c05fc	0x1407c063f	67	0x140f955a8	.text
0x1407c0640	0x1407c0753	275	0x140f9aa60	.text
0x1407c0760	0x1407c077f	31	0x140f9aa9c	.text
0x1407c0780	0x1407c07fe	126	0x140f955a8	.text
0x1407c0800	0x1407c083f	63	0x140f9aae0	.text
0x1407c0840	0x1407c08be	126	0x140f9a630	.text
0x1407c08c0	0x1407c095c	156	0x140f9aad8	.text
0x1407c095c	0x1407c0b6d	529	0x140f9aabc	.text
0x1407c0b70	0x1407c0c11	161	0x140f9aa50	.text
0x1407c0c14	0x1407c0c5f	75	0x140f952b8	.text
0x1407c0c60	0x1407c0c9d	61	0x140f9ab04	.text
0x1407c0ca0	0x1407c0d87	231	0x140f96b30	.text
0x1407c0d88	0x1407c0ebd	309	0x140f9a680	.text
0x1407c0ec0	0x1407c0f31	113	0x140f952b0	.text
0x1407c0f34	0x1407c1052	286	0x140f952b8	.text
0x1407c1054	0x1407c10ac	88	0x140f9ab28	.text
0x1407c10ac	0x1407c10e1	53	0x140f955a8	.text
0x1407c10e4	0x1407c134e	618	0x140f9ab7c	.text
0x1407c1350	0x1407c136d	29	0x140f957c4	.text
0x1407c1370	0x1407c1415	165	0x140f9ab4c	.text
0x1407c1418	0x1407c14b3	155	0x140f9ab94	.text
0x1407c14b4	0x1407c15ae	250	0x140f96b30	.text
0x1407c15b0	0x1407c169a	234	0x140f98e04	.text
0x1407c169c	0x1407c1734	152	0x140f9a8ec	.text
0x1407c1734	0x1407c17cf	155	0x140f9a8ec	.text
0x1407c17d0	0x1407c1803	51	0x140f9abc0	.text
0x1407c1820	0x1407c1857	55	0x140f9abcc	.text
0x1407c1860	0x1407c18b9	89	0x140f9abf4	.text
0x1407c18cc	0x1407c1a37	363	0x140f971ec	.text
0x1407c1a38	0x1407c1a70	56	0x140f9ac78	.text
0x1407c1a70	0x1407c1b30	192	0x140f9ac58	.text
0x1407c1b30	0x1407c1c13	227	0x140f9ac38	.text
0x1407c1c14	0x1407c1c41	45	0x140f952b0	.text
0x1407c1c44	0x1407c1ca8	100	0x140f9ac20	.text
0x1407c1cdc	0x1407c1d18	60	0x140f955a8	.text
0x1407c1d24	0x1407c1ee1	445	0x140f9acb0	.text
0x1407c1ee4	0x1407c1f41	93	0x140f952b0	.text
0x1407c1f44	0x1407c20c1	381	0x140f9ac9c	.text
0x1407c20c4	0x1407c2137	115	0x140f952b8	.text
0x1407c2138	0x1407c224a	274	0x140f9a6c8	.text
0x1407c224c	0x1407c228d	65	0x140f9acdc	.text
0x1407c2290	0x1407c236e	222	0x140f9ace8	.text
0x1407c2370	0x1407c238a	26	0x140f955a8	.text
0x1407c238c	0x1407c23a6	26	0x140f955a8	.text
0x1407c23a8	0x1407c23e3	59	0x140f955a8	.text
0x1407c23e4	0x1407c2427	67	0x140f9accc	.text
0x1407c2428	0x1407c2476	78	0x140f955a8	.text
0x1407c2480	0x1407c24bb	59	0x140f9ad20	.text
0x1407c24bc	0x1407c24f7	59	0x140f9ad44	.text
0x1407c24f8	0x1407c26a6	430	0x140f9a6b0	.text
0x1407c26a8	0x1407c27bd	277	0x140f9a6b0	.text
0x1407c27d0	0x1407c2813	67	0x140f9ad04	.text
0x1407c283c	0x1407c2884	72	0x140f9acfc	.text
0x1407c2898	0x1407c28bb	35	0x140f955a8	.text
0x1407c28bc	0x1407c28cc	16	0x140f955a8	.text
0x1407c28cc	0x1407c2909	61	0x140f952b0	.text
0x1407c2914	0x1407c2954	64	0x140f952b0	.text
0x1407c2954	0x1407c29af	91	0x140f955a8	.text
0x1407c29c4	0x1407c29f9	53	0x140f955a8	.text
0x1407c2a94	0x1407c2aca	54	0x140f9acdc	.text
0x1407c2acc	0x1407c2b08	60	0x140f952b8	.text
0x1407c2b08	0x1407c2b38	48	0x140f955a8	.text
0x1407c2b38	0x1407c2b75	61	0x140f955a8	.text
0x1407c2b78	0x1407c2c5c	228	0x140f9ad68	.text
0x1407c2c5c	0x1407c2c81	37	0x140f955a8	.text
0x1407c2c94	0x1407c2dce	314	0x140f9ae98	.text
0x1407c2dd0	0x1407c2e3e	110	0x140f9ae70	.text
0x1407c2e40	0x1407c2e69	41	0x140f9aebc	.text
0x1407c2e6c	0x1407c2efa	142	0x140f9ae18	.text
0x1407c2efc	0x1407c2f73	119	0x140f9a2e0	.text
0x1407c2f74	0x1407c2ff6	130	0x140f9a2e0	.text
0x1407c3004	0x1407c3032	46	0x140f9ae10	.text
0x1407c3034	0x1407c30d6	162	0x140f9a630	.text
0x1407c30d8	0x1407c323c	356	0x140f9adb0	.text
0x1407c323c	0x1407c32a5	105	0x140f952b0	.text
0x1407c32a8	0x1407c3366	190	0x140f955a8	.text
0x1407c3368	0x1407c37e9	1153	0x140f9ad80	.text
0x1407c37ec	0x1407c3854	104	0x140f9ada0	.text
0x1407c3854	0x1407c38f5	161	0x140f9ad78	.text
0x1407c38f8	0x1407c3ae2	490	0x140f9a8a0	.text
0x1407c3ae4	0x1407c3d79	661	0x140f9adec	.text
0x1407c3d7c	0x1407c40e2	870	0x140f9adc8	.text
0x1407c40e4	0x1407c42df	507	0x140f9ae4c	.text
0x1407c42e0	0x1407c4327	71	0x140f957c4	.text
0x1407c4328	0x1407c43b1	137	0x140f957b8	.text
0x1407c43b4	0x1407c44a7	243	0x140f9ae38	.text
0x1407c44a8	0x1407c4537	143	0x140f957b8	.text
0x1407c4538	0x1407c45a1	105	0x140f9ae24	.text
0x1407c45c0	0x1407c45eb	43	0x140f9aedc	.text
0x1407c45f4	0x1407c463c	72	0x140f952b0	.text
0x1407c4658	0x1407c468f	55	0x140f952b0	.text
0x1407c46ac	0x1407c46c7	27	0x140f955a8	.text
0x1407c46d8	0x1407c472e	86	0x140f955a8	.text
0x1407c4730	0x1407c476d	61	0x140f9af04	.text
0x1407c4770	0x1407c4a0f	671	0x140f9aeec	.text
0x1407c4a10	0x1407c4a5c	76	0x140f9aee4	.text
0x1407c4a5c	0x1407c4b15	185	0x140f9af28	.text
0x1407c4b18	0x1407c4be1	201	0x140f9af50	.text
0x1407c4bf4	0x1407c4c23	47	0x140f955a8	.text
0x1407c4c30	0x1407c4cd6	166	0x140f952b8	.text
0x1407c4ce0	0x1407c4d86	166	0x140f952b8	.text
0x1407c4d88	0x1407c4db7	47	0x140f955a8	.text
0x1407c4db8	0x1407c4dea	50	0x140f955a8	.text
0x1407c4dec	0x1407c5430	1604	0x140f9af7c	.text
0x1407c5440	0x1407c54ce	142	0x140f9a2e0	.text
0x1407c54d8	0x1407c55a7	207	0x140f9afa4	.text
0x1407c55a8	0x1407c55cd	37	0x140f952b0	.text
0x1407c55d0	0x1407c55f2	34	0x140f952b0	.text
0x1407c55f4	0x1407c5617	35	0x140f955a8	.text
0x1407c5618	0x1407c563b	35	0x140f955a8	.text
0x1407c5640	0x1407c5888	584	0x140f9afb4	.text
0x1407c5888	0x1407c5a78	496	0x140f9afcc	.text
0x1407c5a78	0x1407c5acc	84	0x140f9afe0	.text
0x1407c5acc	0x1407c5b53	135	0x140f96b30	.text
0x1407c5b78	0x1407c5d15	413	0x140f9a6c8	.text
0x1407c5d18	0x1407c5e31	281	0x140f9aff0	.text
0x1407c61e0	0x1407c6290	176	0x140f9aa50	.text
0x1407c62c4	0x1407c6303	63	0x140f9b048	.text
0x1407c6304	0x1407c6341	61	0x140f9b0b4	.text
0x1407c6344	0x1407c6389	69	0x140f9b06c	.text
0x1407c638c	0x1407c63eb	95	0x140f9b090	.text
0x1407c63ec	0x1407c64b9	205	0x140f9b038	.text
0x1407c64bc	0x1407c64dc	32	0x140f9b030	.text
0x1407c64dc	0x1407c65d1	245	0x140f9b040	.text
0x1407c65d4	0x1407c6689	181	0x140f96b30	.text
0x1407c668c	0x1407c66f3	103	0x140f952b8	.text
0x1407c66f4	0x1407c670d	25	0x140f955a8	.text
0x1407c6710	0x1407c6752	66	0x140f9accc	.text
0x1407c6754	0x1407c67e4	144	0x140f9b01c	.text
0x1407c67e4	0x1407c683f	91	0x140f9b01c	.text
0x1407c6840	0x1407c6884	68	0x140f955a8	.text
0x1407c6884	0x1407c68a6	34	0x140f955a8	.text
0x1407c68b0	0x1407c68ec	60	0x140f9b0dc	.text
0x1407c6910	0x1407c696e	94	0x140f9b0e4	.text
0x1407c6970	0x1407c69a1	49	0x140f952b0	.text
0x1407c69a4	0x1407c69d9	53	0x140f952b0	.text
0x1407c69dc	0x1407c6a0d	49	0x140f952b0	.text
0x1407c6a10	0x1407c6a45	53	0x140f952b0	.text
0x1407c6a48	0x1407c6ddb	915	0x140f9b118	.text
0x1407c6ddc	0x1407c6ee0	260	0x140f9a440	.text
0x1407c6ee0	0x1407c70c1	481	0x140f9b0fc	.text
0x1407c70c4	0x1407c7199	213	0x140f9b134	.text
0x1407c719c	0x1407c72e9	333	0x140f9a6b0	.text
0x1407c72ec	0x1407c743e	338	0x140f9b148	.text
0x1407c7440	0x1407c7556	278	0x140f9acb0	.text
0x1407c7558	0x1407c783d	741	0x140f9b0ec	.text
0x1407c7840	0x1407c79f0	432	0x140f9b160	.text
0x1407c79f0	0x1407c7b68	376	0x140f9a6c8	.text
0x1407c7ba0	0x1407c7d5d	445	0x140f9b174	.text
0x1407c7d60	0x1407c7e03	163	0x140f952b0	.text
0x1407c7e04	0x1407c7e4b	71	0x140f95798	.text
0x1407c7e4c	0x1407c8001	437	0x140f9b190	.text
0x1407c8004	0x1407c802b	39	0x140f955a8	.text
0x1407c8044	0x1407c808d	73	0x140f952b0	.text
0x1407c8090	0x1407c8157	199	0x140f952b8	.text
0x1407c8158	0x1407c8195	61	0x140f9b1ac	.text
0x1407c8198	0x1407c8295	253	0x140f9b1d4	.text
0x1407c8298	0x1407c83a0	264	0x140f98e04	.text
0x1407c83a0	0x1407c83db	59	0x140f9b1b4	.text
0x1407c83dc	0x1407c841c	64	0x140f952b8	.text
0x1407c841c	0x1407c8513	247	0x140f9b1f0	.text
0x1407c8514	0x1407c859c	136	0x140f952b0	.text
0x1407c859c	0x1407c8667	203	0x140f96b30	.text
0x1407c8670	0x1407c86e5	117	0x140f9b204	.text
0x1407c86fc	0x1407c8756	90	0x140f9b238	.text
0x1407c8790	0x1407c8942	434	0x140f9b21c	.text
0x1407c8944	0x1407c89a0	92	0x140f952b0	.text
0x1407c89a0	0x1407c89fc	92	0x140f952b0	.text
0x1407c89fc	0x1407c8a46	74	0x140f955a8	.text
0x1407c8a48	0x1407c8b09	193	0x140f9b134	.text
0x1407c8b0c	0x1407c8bb0	164	0x140f9b20c	.text
0x1407c8bdc	0x1407c8c70	148	0x140f9a630	.text
0x1407c8c70	0x1407c8ce0	112	0x140f952b8	.text
0x1407c8ce8	0x1407c8d4f	103	0x140f952b0	.text
0x1407c8d50	0x1407c8dd7	135	0x140f9a630	.text
0x1407c8dd8	0x1407c8eca	242	0x140f9b134	.text
0x1407c8ecc	0x1407c8f2e	98	0x140f952b8	.text
0x1407c8f30	0x1407c8f80	80	0x140f952b0	.text
0x1407c8f80	0x1407c8fc2	66	0x140f955a8	.text
0x1407c8fc4	0x1407c9021	93	0x140f952b8	.text
0x1407c9024	0x1407c9038	20	0x140f955a8	.text
0x1407c9038	0x1407c91df	423	0x140f955a8	.text
0x1407c91e0	0x1407c9210	48	0x140f955a8	.text
0x1407c9210	0x1407c9252	66	0x140f955a8	.text
0x1407c9254	0x1407c9295	65	0x140f952b0	.text
0x1407c9298	0x1407c934a	178	0x140f9b25c	.text
0x1407c934c	0x1407c938e	66	0x140f952b0	.text
0x1407c9390	0x1407c948a	250	0x140f9b280	.text
0x1407c948c	0x1407c9517	139	0x140f9b294	.text
0x1407c9518	0x1407c95a9	145	0x140f9b28c	.text
0x1407c95ac	0x1407c9a3f	1171	0x140f9b2fc	.text
0x1407c9a40	0x1407c9b47	263	0x140f9b330	.text
0x1407c9b48	0x1407c9c63	283	0x140f9b330	.text
0x1407c9c64	0x1407c9dd8	372	0x140f9b350	.text
0x1407c9dd8	0x1407c9e70	152	0x140f9a8ec	.text
0x1407c9e70	0x1407c9f8d	285	0x140f9b2d0	.text
0x1407c9f90	0x1407ca2bf	815	0x140f9b2b8	.text
0x1407ca2c0	0x1407ca337	119	0x140f9b37c	.text
0x1407ca338	0x1407ca3f9	193	0x140f9b374	.text
0x1407ca3fc	0x1407ca494	152	0x140f9a8ec	.text
0x1407ca494	0x1407ca561	205	0x140f96b30	.text
0x1407ca564	0x1407ca5ba	86	0x140f9b3a0	.text
0x1407ca5d8	0x1407ca6c1	233	0x140f9b3c0	.text
0x1407ca6c4	0x1407ca703	63	0x140f955a8	.text
0x1407ca704	0x1407ca733	47	0x140f952b0	.text
0x1407ca734	0x1407ca7a0	108	0x140f95cfc	.text
0x1407ca7a0	0x1407ca8a8	264	0x140f9b3d4	.text
0x1407ca8a8	0x1407caa12	362	0x140f9a238	.text
0x1407caa14	0x1407caa7f	107	0x140f9b42c	.text
0x1407caa80	0x1407cabd0	336	0x140f9a9e8	.text
0x1407cabd0	0x1407cad2b	347	0x140f9b414	.text
0x1407cad2c	0x1407caeb2	390	0x140f9b3f0	.text
0x1407caf0c	0x1407cafa6	154	0x140f9a8ec	.text
0x1407cafb0	0x1407cb01b	107	0x140f952b8	.text
0x1407cb01c	0x1407cb217	507	0x140f9b4b0	.text
0x1407cb218	0x1407cb547	815	0x140f9b498	.text
0x1407cb548	0x1407cb666	286	0x140f9b450	.text
0x1407cb668	0x1407cbac7	1119	0x140f9b480	.text
0x1407cbac8	0x1407cbbe6	286	0x140f9b4c8	.text
0x1407cbbe8	0x1407cbc97	175	0x140f9a630	.text
0x1407cbc98	0x1407cbd32	154	0x140f9a8ec	.text
0x1407cbd3c	0x1407cbdd6	154	0x140f9a8ec	.text
0x1407cbe28	0x1407cbfd4	428	0x140f9b50c	.text
0x1407cbfd4	0x1407cc20e	570	0x140f9b4f4	.text
0x1407cc210	0x1407cc394	388	0x140f9a8a0	.text
0x1407cc394	0x1407cc6f2	862	0x140f9b524	.text
0x1407cc6fc	0x1407cc81d	289	0x140f9b544	.text
0x1407cc820	0x1407cc9ee	462	0x140f9b5dc	.text
0x1407cc9f0	0x1407cca6d	125	0x140f95798	.text
0x1407cca70	0x1407ccb08	152	0x140f952b8	.text
0x1407ccb08	0x1407cccfd	501	0x140f9b5c0	.text
0x1407ccd00	0x1407ccf6f	623	0x140f9b5a8	.text
0x1407ccf70	0x1407cd028	184	0x140f9b580	.text
0x1407cd028	0x1407cd088	96	0x140f955a8	.text
0x1407cd088	0x1407cd0a4	28	0x140f955a8	.text
0x1407cd0a4	0x1407cd36c	712	0x140f9b560	.text
0x1407cd36c	0x1407cd3df	115	0x140f9b600	.text
0x1407cd400	0x1407cd483	131	0x140f955a8	.text
0x1407cd514	0x1407cd5f2	222	0x140f9b610	.text
0x1407cd5f4	0x1407cd702	270	0x140f9b50c	.text
0x1407cd704	0x1407cda5c	856	0x140f9b61c	.text
0x1407cda5c	0x1407cdb41	229	0x140f9b634	.text
0x1407cdb50	0x1407cdbe5	149	0x140f9b648	.text
0x1407cdc10	0x1407cdc2c	28	0x140f9b65c	.text
0x1407cdc68	0x1407cdce6	126	0x140f96b30	.text
0x1407cdce8	0x1407cdd23	59	0x140f952b8	.text
0x1407cdd24	0x1407cdd6c	72	0x140f9b6a4	.text
0x1407cdd6c	0x1407cdd9a	46	0x140f9ae10	.text
0x1407cddbc	0x1407ce018	604	0x140f9b664	.text
0x1407ce020	0x1407ce0ae	142	0x140f955a8	.text
0x1407ce0b0	0x1407ce136	134	0x140f9a8bc	.text
0x1407ce136	0x1407ce1b8	130	0x140f9b6c8	.text
0x1407ce1b8	0x1407ce1e1	41	0x140f9b6dc	.text
0x1407ce1e1	0x1407ce1f4	19	0x140f9b6dc	.text
0x1407ce1f4	0x1407ce299	165	0x140f971ec	.text
0x1407ce29c	0x1407ce2ec	80	0x140f9b720	.text
0x1407ce2ec	0x1407ce394	168	0x140f9b730	.text
0x1407ce3bc	0x1407ce47b	191	0x140f98e04	.text
0x1407ce4a4	0x1407ce5e2	318	0x140f9b6f0	.text
0x1407ce5e4	0x1407ce69e	186	0x140f9a238	.text
0x1407ce6a0	0x1407ce715	117	0x140f955a8	.text
0x1407ce730	0x1407ce83a	266	0x140f9b778	.text
0x1407ce83c	0x1407ced57	1307	0x140f9b75c	.text
0x1407ced58	0x1407cedc4	108	0x140f9b030	.text
0x1407cedc4	0x1407cf0ab	743	0x140f9a18c	.text
0x1407cf0ac	0x1407cf0de	50	0x140f952b8	.text
0x1407cf0e0	0x1407cf41e	830	0x140f9b75c	.text
0x1407cf420	0x1407cf528	264	0x140f9b780	.text
0x1407cf528	0x1407cf5c4	156	0x140f96b30	.text
0x1407cf5d0	0x1407cf704	308	0x140f952b8	.text
0x1407cf710	0x1407cf766	86	0x140f96b30	.text
0x1407cf770	0x1407cf7c8	88	0x140f952b8	.text
0x1407cf7c8	0x1407cf957	399	0x140f9b790	.text
0x1407cf9e4	0x1407cfb5a	374	0x140f971ec	.text
0x1407cfb84	0x1407cfbbb	55	0x140f9b030	.text
0x1407cfbe4	0x1407cfc8c	168	0x140f955a8	.text
0x1407cfc8c	0x1407cfcfa	110	0x140f9b7b8	.text
0x1407cfcfc	0x1407cfd61	101	0x140f952b8	.text
0x1407cfd64	0x1407cfe09	165	0x140f9b818	.text
0x1407cfe0c	0x1407cfedb	207	0x140f952b8	.text
0x1407cfedc	0x1407cff74	152	0x140f952b8	.text
0x1407cff74	0x1407d0266	754	0x140f9b7dc	.text
0x1407d0268	0x1407d0352	234	0x140f9b7fc	.text
0x1407d0354	0x1407d0413	191	0x140f97dc0	.text
0x1407d0414	0x1407d047e	106	0x140f9b830	.text
0x1407d0480	0x1407d0519	153	0x140f9acb0	.text
0x1407d051c	0x1407d0795	633	0x140f9a8a0	.text
0x1407d0798	0x1407d0880	232	0x140f9b89c	.text
0x1407d0880	0x1407d094d	205	0x140f952b8	.text
0x1407d0950	0x1407d09e6	150	0x140f952b8	.text
0x1407d09e8	0x1407d0c2b	579	0x140f9b860	.text
0x1407d0c2c	0x1407d0d34	264	0x140f9b880	.text
0x1407d0d84	0x1407d0e36	178	0x140f97dc0	.text
0x1407d0e38	0x1407d0ef2	186	0x140f9b8bc	.text
0x1407d0ef4	0x1407d0f79	133	0x140f9a6b0	.text
0x1407d0f7c	0x1407d11fc	640	0x140f9b844	.text
0x1407d11fc	0x1407d131b	287	0x140f9b8f8	.text
0x1407d131c	0x1407d1514	504	0x140f9b8d0	.text
0x1407d1514	0x1407d15bc	168	0x140f9aa50	.text
0x1407d15bc	0x1407d16cf	275	0x140f9b8f8	.text
0x1407d16d0	0x1407d1a0f	831	0x140f9b910	.text
0x1407d1a10	0x1407d1ac6	182	0x140f9aa50	.text
0x1407d1ac8	0x1407d1d89	705	0x140f96b30	.text
0x1407d1d8c	0x1407d208e	770	0x140f98e04	.text
0x1407d2090	0x1407d212a	154	0x140f9b930	.text
0x1407d212c	0x1407d21c6	154	0x140f9b930	.text
0x1407d21c8	0x1407d2343	379	0x140f9b964	.text
0x1407d2344	0x1407d250c	456	0x140f9b944	.text
0x1407d250c	0x1407d283d	817	0x140f9b99c	.text
0x1407d2840	0x1407d28d6	150	0x140f9b98c	.text
0x1407d28e0	0x1407d290a	42	0x140f952c4	.text
0x1407d2910	0x1407d2c1a	778	0x140f9b9c4	.text
0x1407d2c20	0x1407d2c53	51	0x140f955a8	.text
0x1407d2c80	0x1407d2cf8	120	0x140f9b9d8	.text
0x1407d2d50	0x1407d2dca	122	0x140f9b9f8	.text
0x1407d2dd0	0x1407d2de4	20	0x140f955a8	.text
0x1407d2df0	0x1407d2ea2	178	0x140f9ba04	.text
0x1407d2f00	0x1407d2fd0	208	0x140f971ec	.text
0x1407d2fd0	0x1407d30e0	272	0x140f9a630	.text
0x1407d30e0	0x1407d435f	4735	0x140f9ba0c	.text
0x1407d4420	0x1407d447f	95	0x140f955a8	.text
0x1407d4480	0x1407d4565	229	0x140f9a630	.text
0x1407d4568	0x1407d460f	167	0x140f9a6b0	.text
0x1407d4610	0x1407d4697	135	0x140f9b134	.text
0x1407d4698	0x1407d46d8	64	0x140f9ba30	.text
0x1407d46e0	0x1407d4772	146	0x140f9ba38	.text
0x1407d4772	0x1407d4a58	742	0x140f9ba50	.text
0x1407d4a58	0x1407d4a78	32	0x140f9ba70	.text
0x1407d4a80	0x1407d4b1a	154	0x140f9ba90	.text
0x1407d4b20	0x1407d4ed8	952	0x140f9ba80	.text
0x1407d4ee0	0x1407d4f74	148	0x140f96260	.text
0x1407d4f74	0x1407d4f88	20	0x140f955a8	.text
0x1407d4f90	0x1407d4fc3	51	0x140f9baa0	.text
0x1407d4fc3	0x1407d511c	345	0x140f9bab4	.text
0x1407d511c	0x1407d5132	22	0x140f9bac8	.text
0x1407d5134	0x1407d52d3	415	0x140f9bad8	.text
0x1407d52e0	0x1407d5319	57	0x140f9baf4	.text
0x1407d5328	0x1407d53fb	211	0x140f9a6b0	.text
0x1407d53fc	0x1407d5465	105	0x140f95c18	.text
0x1407d5468	0x1407d5488	32	0x140f957c4	.text
0x1407d5530	0x1407d562a	250	0x140f9bafc	.text
0x1407d562a	0x1407d56e8	190	0x140f9bb0c	.text
0x1407d56e8	0x1407d570b	35	0x140f9bb28	.text
0x1407d5748	0x1407d589b	339	0x140f9bb38	.text
0x1407d58a0	0x1407d58d1	49	0x140f955a8	.text
0x1407d58e0	0x1407d5964	132	0x140f9bb58	.text
0x1407d5970	0x1407d5aca	346	0x140f9b600	.text
0x1407d5acc	0x1407d5b8f	195	0x140f9bb9c	.text
0x1407d5b90	0x1407d5c53	195	0x140f9bbc8	.text
0x1407d5c54	0x1407d5ed4	640	0x140f9bbfc	.text
0x1407d5ed4	0x1407d60e7	531	0x140f9ae38	.text
0x1407d60e8	0x1407d61a9	193	0x140f9bbec	.text
0x1407d61ac	0x1407d62c7	283	0x140f9bb60	.text
0x1407d62c8	0x1407d62fa	50	0x140f957c4	.text
0x1407d62fc	0x1407d670f	1043	0x140f9bb7c	.text
0x1407d6710	0x1407d6742	50	0x140f957c4	.text
0x1407d68a0	0x1407d68a8	8	0x140f9bc14	.text
0x1407d68a8	0x1407d6974	204	0x140f9bc20	.text
0x1407d6974	0x1407d69d0	92	0x140f9bc34	.text
0x1407d6a50	0x1407d6a7c	44	0x140f95498	.text
0x1407d6a7c	0x1407d6b3b	191	0x140f9bc44	.text
0x1407d6b3b	0x1407d6b51	22	0x140f9bc58	.text
0x1407d6b60	0x1407d6c93	307	0x140f9bc68	.text
0x1407d6ccc	0x1407d6ce2	22	0x140f9bc84	.text
0x1407d6cf0	0x1407d6d5f	111	0x140f952b0	.text
0x1407d6d60	0x1407d6d80	32	0x140f952b0	.text
0x1407d6d80	0x1407d6de1	97	0x140f95cfc	.text
0x1407d6df0	0x1407d6e41	81	0x140f952b0	.text
0x1407d6f20	0x1407d74cb	1451	0x140f9bc90	.text
0x1407d74cc	0x1407d751e	82	0x140f95798	.text
0x1407d7520	0x1407d753c	28	0x140f955a8	.text
0x1407d753c	0x1407d75fa	190	0x140f9aff0	.text
0x1407d75fc	0x1407d798b	911	0x140f9bcac	.text
0x1407d798c	0x1407d7a15	137	0x140f9bc9c	.text
0x1407d7a18	0x1407d7ab0	152	0x140f9a8ec	.text
0x1407d7ab0	0x1407d7c3e	398	0x140f9acb0	.text
0x1407d7c40	0x1407d7ca4	100	0x140f955a8	.text
0x1407d7cc0	0x1407d7f51	657	0x140f9bcd0	.text
0x1407d7f80	0x1407d7fa0	32	0x140f957c4	.text
0x1407d7fa0	0x1407d8039	153	0x140f9bcf4	.text
0x1407d807c	0x1407d8099	29	0x140f955a8	.text
0x1407d809c	0x1407d80f7	91	0x140f9bb58	.text
0x1407d80f8	0x1407d8177	127	0x140f98e04	.text
0x1407d8190	0x1407d81de	78	0x140f9bd00	.text
0x1407d8240	0x1407d828d	77	0x140f9bd08	.text
0x1407d82c0	0x1407d8345	133	0x140f98e04	.text
0x1407d8348	0x1407d83c7	127	0x140f98e04	.text
0x1407d83c8	0x1407d83f0	40	0x140f955a8	.text
0x1407d8408	0x1407d8431	41	0x140f9bd2c	.text
0x1407d8434	0x1407d847f	75	0x140f952b8	.text
0x1407d857c	0x1407d85c8	76	0x140f955a8	.text
0x1407d8680	0x1407d8682	2	0x140f98d20	.text
0x1407d86a0	0x1407d86a6	6	0x140f98d28	.text
0x1407d86c0	0x1407d86c6	6	0x140f9b0d8	.text
0x1407d86e0	0x1407d8842	354	0x140f9aa98	.text
0x1407d8860	0x1407d88f0	144	0x140f9b008	.text
0x1407d8900	0x1407d89b7	183	0x140f9b00c	.text
0x1407d89d0	0x1407d8a78	168	0x140f9b010	.text
0x1407d8a90	0x1407d8b0d	125	0x140f9b018	.text
0x1407d8bd0	0x1407d8bf0	32	0x140f95cf4	.text
0x1407d8ccc	0x1407d8cea	30	0x140f95fd4	.text
0x1407d8d70	0x1407d8d96	38	0x140f95cf4	.text
0x1407d8dec	0x1407d8e12	38	0x140f95cf4	.text
0x1407d8e20	0x1407d8e46	38	0x140f95cf4	.text
0x1407d8e60	0x1407d8e86	38	0x140f95cf4	.text
0x1407d8ed0	0x1407d8ef6	38	0x140f95cf4	.text
0x1407d8ef6	0x1407d8f1c	38	0x140f95cf4	.text
0x1407d911c	0x1407d9142	38	0x140f95cf4	.text
0x1407d9160	0x1407d9186	38	0x140f95cf4	.text
0x1407d9186	0x1407d91ac	38	0x140f95cf4	.text
0x1407d91e8	0x1407d9211	41	0x140f95cf4	.text
0x1407d9220	0x1407d9246	38	0x140f95cf4	.text
0x1407d92ec	0x1407d9312	38	0x140f95cf4	.text
0x1407d946c	0x1407d9492	38	0x140f95cf4	.text
0x1407d9530	0x1407d9556	38	0x140f95cf4	.text
0x1407d9556	0x1407d957c	38	0x140f95cf4	.text
0x1407d9590	0x1407d95b9	41	0x140f95cf4	.text
0x1407d9ca0	0x1407d9ccd	45	0x140f95cf4	.text
0x1407d9cf0	0x1407d9d1d	45	0x140f95cf4	.text
0x1407d9d68	0x1407d9db5	77	0x140f97ffc	.text
0x1407d9dd0	0x1407d9dfa	42	0x140f95cf4	.text
0x1407d9e10	0x1407d9e2e	30	0x140f97ffc	.text
0x1407d9e78	0x1407d9ec5	77	0x140f97ffc	.text
0x1407d9ed0	0x1407d9f04	52	0x140f97ffc	.text
0x1407d9f10	0x1407d9f44	52	0x140f97ffc	.text
0x1407d9f70	0x1407d9f90	32	0x140f95cf4	.text
0x1407da018	0x1407da065	77	0x140f97ffc	.text
0x1407da065	0x1407da07d	24	0x140f98c3c	.text
0x1407da07d	0x1407da09b	30	0x140f95cf4	.text
0x1407da09b	0x1407da0b9	30	0x140f98cf4	.text
0x1407da0c5	0x1407da156	145	0x140f9a20c	.text
0x1407da156	0x1407da1f5	159	0x140f9a20c	.text
0x1407da1f5	0x1407da28b	150	0x140f9a26c	.text
0x1407da28b	0x1407da2b0	37	0x140f95cf4	.text
0x1407da2b0	0x1407da328	120	0x140f9a26c	.text
0x1407da328	0x1407da357	47	0x140f95cf4	.text
0x1407da357	0x1407da3da	131	0x140f9a26c	.text
0x1407da3da	0x1407da3f0	22	0x140f95cf4	.text
0x1407da3f0	0x1407da413	35	0x140f95cf4	.text
0x1407da413	0x1407da429	22	0x140f9a3c0	.text
0x1407da429	0x1407da44c	35	0x140f9a3c0	.text
0x1407da44c	0x1407da467	27	0x140f95cf4	.text
0x1407da467	0x1407da481	26	0x140f9a3c0	.text
0x1407da481	0x1407da49e	29	0x140f95cf4	.text
0x1407da49e	0x1407da4b6	24	0x140f9a3c0	.text
0x1407da4b6	0x1407da4d0	26	0x140f95cf4	.text
0x1407da4d0	0x1407da4e8	24	0x140f95cf4	.text
0x1407da4e8	0x1407da500	24	0x140f9a3c0	.text
0x1407da500	0x1407da516	22	0x140f9abec	.text
0x1407da516	0x1407da52c	22	0x140f9ac18	.text
0x1407da52c	0x1407da546	26	0x140f95cf4	.text
0x1407da546	0x1407da573	45	0x140f95cf4	.text
0x1407da573	0x1407da58d	26	0x140f95cf4	.text
0x1407da58d	0x1407da5ae	33	0x140f95cf4	.text
0x1407da5ae	0x1407da5d9	43	0x140f95cf4	.text
0x1407da5d9	0x1407da5f2	25	0x140f95cf4	.text
0x1407da5f2	0x1407da60b	25	0x140f95cf4	.text
0x1407da60b	0x1407da625	26	0x140f95cf4	.text
0x1407da625	0x1407da63c	23	0x140f9a3c0	.text
0x1407da63c	0x1407da653	23	0x140f95cf4	.text
0x1407da653	0x1407da66d	26	0x140f95cf4	.text
0x1407da66d	0x1407da686	25	0x140f95cf4	.text
0x1407da686	0x1407da6a7	33	0x140f95cf4	.text
0x1407da6a7	0x1407da6c0	25	0x140f95cf4	.text
0x1407da6c0	0x1407da6ed	45	0x140f98c3c	.text
0x1407da6ed	0x1407da765	120	0x140f9bbc0	.text
0x1407da770	0x1407da79e	46	0x140f95cf4	.text
0x1407da7a0	0x1407da7c0	32	0x140f95cf4	.text
0x1407da7d8	0x1407da82c	84	0x140f98d88	.text
0x1407da844	0x1407da89f	91	0x140f952b0	.text
0x1407da8a0	0x1407da8de	62	0x140f955a8	.text
0x1407da8e0	0x1407da91e	62	0x140f98e50	.text
0x141174000	0x14117403c	60	0x1411a55e0	.Sq>
0x141174060	0x1411740a9	73	0x1411a6334	.Sq>
0x1411740b0	0x1411740ec	60	0x1411a55d8	.Sq>
0x141174110	0x141174137	39	0x1411a632c	.Sq>
0x141174160	0x141174194	52	0x1411a55d0	.Sq>
0x1411741a0	0x1411741dc	60	0x1411a4490	.Sq>
0x1411741e0	0x14117421c	60	0x1411a55c8	.Sq>
0x141174220	0x1411742bc	156	0x1411a32fc	.Sq>
0x1411742c0	0x1411743ab	235	0x1411a3ac0	.Sq>
0x1411743b0	0x14117441c	108	0x1411a3a9c	.Sq>
0x141174420	0x141174552	306	0x1411a3a5c	.Sq>
0x141174560	0x141174641	225	0x1411a4478	.Sq>
0x141174650	0x141174714	196	0x1411a4464	.Sq>
0x141174720	0x14117475f	63	0x1411a3a48	.Sq>
0x14117475f	0x1411747a9	74	0x1411a3a30	.Sq>
0x1411747a9	0x1411747ae	5	0x1411a3a18	.Sq>
0x1411747ae	0x1411747bb	13	0x1411a3a08	.Sq>
0x1411747c0	0x1411747ea	42	0x1411a4458	.Sq>
0x1411747ea	0x141174828	62	0x1411a4444	.Sq>
0x141174828	0x141174830	8	0x1411a4430	.Sq>
0x141174830	0x141174891	97	0x1411a441c	.Sq>
0x141174891	0x1411748b2	33	0x1411a440c	.Sq>
0x1411748b2	0x1411748bf	13	0x1411a43fc	.Sq>
0x1411748c0	0x14117498c	204	0x1411a43c0	.Sq>
0x141174990	0x141174ab1	289	0x1411a5590	.Sq>
0x141174ac0	0x141174b4d	141	0x1411a5580	.Sq>
0x141174b50	0x141174c26	214	0x1411a39d0	.Sq>
0x141174c30	0x141174ce6	182	0x1411a5e4c	.Sq>
0x141174cf0	0x141174f5f	623	0x1411a6528	.Sq>
0x141174f60	0x141174f7a	26	0x1411a39bc	.Sq>
0x141174f7a	0x141174fac	50	0x1411a39a8	.Sq>
0x141174fac	0x14117503a	142	0x1411a3998	.Sq>
0x141175040	0x141175171	305	0x1411a54f4	.Sq>
0x141175180	0x141175279	249	0x1411a5468	.Sq>
0x141175280	0x141175489	521	0x1411a5e00	.Sq>
0x141175490	0x141175732	674	0x1411a6278	.Sq>
0x141175740	0x141175a68	808	0x1411a6184	.Sq>
0x141175a70	0x141175da0	816	0x1411a6088	.Sq>
0x141175da0	0x141175dc5	37	0x1411a398c	.Sq>
0x141175dc5	0x141175e07	66	0x1411a3978	.Sq>
0x141175e07	0x141175e7d	118	0x1411a3964	.Sq>
0x141175e7d	0x141175eec	111	0x1411a394c	.Sq>
0x141175eec	0x141175f35	73	0x1411a3934	.Sq>
0x141175f35	0x141175f76	65	0x1411a3920	.Sq>
0x141175f76	0x141175fa1	43	0x1411a390c	.Sq>
0x141175fa1	0x141175fc2	33	0x1411a38f8	.Sq>
0x141175fd0	0x1411761e9	537	0x1411a53a0	.Sq>
0x1411761f0	0x1411762c8	216	0x1411a5dbc	.Sq>
0x1411762d0	0x1411762f5	37	0x1411a43ac	.Sq>
0x1411762f5	0x141176390	155	0x1411a4398	.Sq>
0x141176390	0x141176411	129	0x1411a4384	.Sq>
0x141176411	0x1411764fe	237	0x1411a4370	.Sq>
0x1411764fe	0x14117654e	80	0x1411a435c	.Sq>
0x14117654e	0x14117657c	46	0x1411a4348	.Sq>
0x14117657c	0x1411765bf	67	0x1411a4334	.Sq>
0x1411765bf	0x14117667e	191	0x1411a4320	.Sq>
0x14117667e	0x1411766b1	51	0x1411a430c	.Sq>
0x1411766b1	0x1411766c6	21	0x1411a42f8	.Sq>
0x1411766c6	0x1411766dc	22	0x1411a42e4	.Sq>
0x1411766dc	0x1411766fc	32	0x1411a42d0	.Sq>
0x141176700	0x14117688b	395	0x1411a52f0	.Sq>
0x141176890	0x1411769f0	352	0x1411a425c	.Sq>
0x1411769f0	0x141176de3	1011	0x1411a5190	.Sq>
0x141176e00	0x141176e1a	26	0x1411a32e0	.Sq>
0x141176e1a	0x141176e8f	117	0x1411a32c8	.Sq>
0x141176e8f	0x141176ead	30	0x1411a32b8	.Sq>
0x141176ec0	0x14117716c	684	0x1411a4234	.Sq>
0x141177170	0x1411772d6	358	0x1411a4228	.Sq>
0x1411772e0	0x1411773b7	215	0x1411a32a4	.Sq>
0x1411773b7	0x141177455	158	0x1411a3290	.Sq>
0x141177455	0x14117755b	262	0x1411a3280	.Sq>
0x141177560	0x141177630	208	0x1411a326c	.Sq>
0x141177630	0x141177f0f	2271	0x1411a3258	.Sq>
0x141177f0f	0x141177f2d	30	0x1411a3244	.Sq>
0x141177f2d	0x141177f40	19	0x1411a3234	.Sq>
0x141177f40	0x141178057	279	0x1411a67f4	.Sq>
0x141178060	0x141178133	211	0x1411a3228	.Sq>
0x141178160	0x14117818e	46	0x1411a5150	.Sq>
0x14117818e	0x14117836f	481	0x1411a5124	.Sq>
0x14117836f	0x1411783c8	89	0x1411a5108	.Sq>
0x1411783d0	0x141178d5a	2442	0x1411a50c4	.Sq>
0x141178d60	0x1411791e9	1161	0x1411a507c	.Sq>
0x1411791f0	0x141179274	132	0x1411a38c0	.Sq>
0x141179280	0x141179295	21	0x1411a38ac	.Sq>
0x141179295	0x1411792e2	77	0x1411a3894	.Sq>
0x1411792e2	0x14117931f	61	0x1411a3884	.Sq>
0x141179320	0x141179426	262	0x1411a386c	.Sq>
0x141179430	0x141179450	32	0x1411a5064	.Sq>
0x141179450	0x1411794ff	175	0x1411a5048	.Sq>
0x1411794ff	0x141179508	9	0x1411a5038	.Sq>
0x141179510	0x141179538	40	0x1411a5028	.Sq>
0x141179538	0x1411795de	166	0x1411a500c	.Sq>
0x1411795de	0x1411795ed	15	0x1411a4ffc	.Sq>
0x1411795f0	0x141179725	309	0x1411a41f0	.Sq>
0x141179780	0x141179ab5	821	0x1411a6714	.Sq>
0x141179ac0	0x141179b09	73	0x1411a6030	.Sq>
0x141179b10	0x141179b3d	45	0x1411a3864	.Sq>
0x141179b40	0x141179b5d	29	0x1411a3220	.Sq>
0x141179b60	0x141179bb5	85	0x1411a5da4	.Sq>
0x141179bc0	0x141179bed	45	0x1411a41e0	.Sq>
0x141179bf0	0x141179c05	21	0x1411a66cc	.Sq>
0x141179c05	0x141179ca9	164	0x1411a66b4	.Sq>
0x141179ca9	0x141179da7	254	0x1411a66a4	.Sq>
0x141179db0	0x141179dca	26	0x1411a41d4	.Sq>
0x141179dca	0x141179dfc	50	0x1411a41c0	.Sq>
0x141179dfc	0x141179e7e	130	0x1411a41b0	.Sq>
0x141179e80	0x141179fce	334	0x1411a37ec	.Sq>
0x141179fd0	0x14117a137	359	0x1411a413c	.Sq>
0x14117a140	0x14117a2bb	379	0x1411a320c	.Sq>
0x14117a390	0x14117a39b	11	0x1411a4120	.Sq>
0x14117a39b	0x14117a3cd	50	0x1411a4108	.Sq>
0x14117a3cd	0x14117a4a1	212	0x1411a40f4	.Sq>
0x14117a4a1	0x14117a500	95	0x1411a40e4	.Sq>
0x14117a500	0x14117a667	359	0x1411a40d4	.Sq>
0x14117a680	0x14117a92d	685	0x1411a40bc	.Sq>
0x14117a930	0x14117a9e3	179	0x1411a37cc	.Sq>
0x14117a9e3	0x14117abf9	534	0x1411a37ac	.Sq>
0x14117abf9	0x14117ac04	11	0x1411a379c	.Sq>
0x14117ac10	0x14117ace6	214	0x1411a40a8	.Sq>
0x14117ace6	0x14117b132	1100	0x1411a4090	.Sq>
0x14117b132	0x14117b13f	13	0x1411a4080	.Sq>
0x14117b140	0x14117c1fd	4285	0x1411a4fbc	.Sq>
0x14117c200	0x14117c226	38	0x1411a3204	.Sq>
0x14117c230	0x14117c24e	30	0x1411a4074	.Sq>
0x14117c24e	0x14117c278	42	0x1411a4058	.Sq>
0x14117c278	0x14117c3bc	324	0x1411a4040	.Sq>
0x14117c3bc	0x14117c3e2	38	0x1411a4030	.Sq>
0x14117c3e2	0x14117c3e4	2	0x1411a4020	.Sq>
0x14117c3f0	0x14117c422	50	0x1411a31f0	.Sq>
0x14117c422	0x14117c64f	557	0x1411a31dc	.Sq>
0x14117c64f	0x14117c664	21	0x1411a31cc	.Sq>
0x14117c664	0x14117c668	4	0x1411a31b8	.Sq>
0x14117c670	0x14117c76c	252	0x1411a31a8	.Sq>
0x14117c770	0x14117c7e7	119	0x1411a3194	.Sq>
0x14117c7f0	0x14117c874	132	0x1411a4008	.Sq>
0x14117c880	0x14117ccee	1134	0x1411a3174	.Sq>
0x14117ccf0	0x14117cddd	237	0x1411a3794	.Sq>
0x14117ce30	0x14117cf56	294	0x1411a3778	.Sq>
0x14117cf60	0x14117d090	304	0x1411a375c	.Sq>
0x14117d090	0x14117d1b7	295	0x1411a3740	.Sq>
0x14117d1c0	0x14117d307	327	0x1411a3724	.Sq>
0x14117d310	0x14117d457	327	0x1411a3708	.Sq>
0x14117d460	0x14117da57	1527	0x1411a4f24	.Sq>
0x14117da60	0x14117dbc0	352	0x1411a36f4	.Sq>
0x14117dbc0	0x14117dbff	63	0x1411a3168	.Sq>
0x14117dbff	0x14117dd26	295	0x1411a3140	.Sq>
0x14117dd26	0x14117dd37	17	0x1411a3130	.Sq>
0x14117dd40	0x14117dd50	16	0x1411a36ec	.Sq>
0x14117dd50	0x14117ddbd	109	0x1411a36d8	.Sq>
0x14117ddbd	0x14117ddc3	6	0x1411a36c8	.Sq>
0x14117ddd0	0x14117de1d	77	0x1411a3118	.Sq>
0x14117de1d	0x14117dea0	131	0x1411a3104	.Sq>
0x14117dea0	0x14117deb5	21	0x1411a30f4	.Sq>
0x14117deb5	0x14117e2e8	1075	0x1411a30e0	.Sq>
0x14117e2f0	0x14117e399	169	0x1411a3ff4	.Sq>
0x14117e399	0x14117e453	186	0x1411a3fdc	.Sq>
0x14117e453	0x14117e5b7	356	0x1411a3fc8	.Sq>
0x14117e5c0	0x14117e5db	27	0x1411a30d4	.Sq>
0x14117e5db	0x14117e5fc	33	0x1411a30b8	.Sq>
0x14117e5fc	0x14117e642	70	0x1411a30a4	.Sq>
0x14117e642	0x14117e68e	76	0x1411a3094	.Sq>
0x14117e68e	0x14117e695	7	0x1411a3084	.Sq>
0x14117e6a0	0x14117e718	120	0x1411a64f0	.Sq>
0x14117e720	0x14117e878	344	0x1411a5ff0	.Sq>
0x14117e880	0x14117e995	277	0x1411a4eec	.Sq>
0x14117e9a0	0x14117e9a9	9	0x1411a5d98	.Sq>
0x14117e9a9	0x14117e9ea	65	0x1411a5d80	.Sq>
0x14117e9ea	0x14117ea7f	149	0x1411a5d64	.Sq>
0x14117ea7f	0x14117ea9c	29	0x1411a5d54	.Sq>
0x14117ea9c	0x14117eb13	119	0x1411a5d44	.Sq>
0x14117eb20	0x14117eba1	129	0x1411a5d3c	.Sq>
0x14117ebb0	0x14117ec45	149	0x1411a5d30	.Sq>
0x14117ec50	0x14117ed12	194	0x1411a5d28	.Sq>
0x14117ed20	0x14117ed54	52	0x1411a5fdc	.Sq>
0x14117ed54	0x14117ed76	34	0x1411a5fc8	.Sq>
0x14117ed76	0x14117ed97	33	0x1411a5fb4	.Sq>
0x14117ed97	0x14117eda1	10	0x1411a5f9c	.Sq>
0x14117eda1	0x14117ee01	96	0x1411a5f88	.Sq>
0x14117ee01	0x14117ee35	52	0x1411a5f78	.Sq>
0x14117ee35	0x14117ee3a	5	0x1411a5f68	.Sq>
0x14117ee3a	0x14117ee48	14	0x1411a5f58	.Sq>
0x14117ee48	0x14117ee50	8	0x1411a5f48	.Sq>
0x14117ee50	0x14117f27a	1066	0x1411a5d0c	.Sq>
0x14117f280	0x14117f2bb	59	0x1411a4edc	.Sq>
0x14117f2bb	0x14117f385	202	0x1411a4ec4	.Sq>
0x14117f385	0x14117f413	142	0x1411a4eb0	.Sq>
0x14117f420	0x14117f44b	43	0x1411a3fbc	.Sq>
0x14117f44b	0x14117f480	53	0x1411a3fa4	.Sq>
0x14117f480	0x14117f52f	175	0x1411a3f88	.Sq>
0x14117f52f	0x14117f538	9	0x1411a3f78	.Sq>
0x14117f538	0x14117f546	14	0x1411a3f64	.Sq>
0x14117f546	0x14117f592	76	0x1411a3f50	.Sq>
0x14117f5c0	0x14117f640	128	0x1411a665c	.Sq>
0x14117f720	0x14117f741	33	0x1411a4ea8	.Sq>
0x14117f750	0x14117f869	281	0x1411a3f10	.Sq>
0x14117f870	0x14117f8e1	113	0x1411a3efc	.Sq>
0x14117f8f0	0x14117f96c	124	0x1411a3eec	.Sq>
0x14117f970	0x14117f9a6	54	0x1411a4e94	.Sq>
0x14117f9a6	0x14117f9bb	21	0x1411a4e80	.Sq>
0x14117f9bb	0x14117fa70	181	0x1411a4e6c	.Sq>
0x14117fa70	0x14117fac2	82	0x1411a4e5c	.Sq>
0x14117fac2	0x14117fad6	20	0x1411a4e4c	.Sq>
0x14117fad6	0x14117fada	4	0x1411a4e38	.Sq>
0x14117fae0	0x14117ff8c	1196	0x1411a6410	.Sq>
0x14117ff90	0x141180200	624	0x1411a36c0	.Sq>
0x141180200	0x141180228	40	0x1411a63f4	.Sq>
0x141180228	0x141180724	1276	0x1411a63cc	.Sq>
0x141180724	0x14118084f	299	0x1411a63a4	.Sq>
0x141180850	0x14118094b	251	0x1411a6614	.Sq>
0x141180950	0x141180a4b	251	0x1411a65bc	.Sq>
0x141180a70	0x141180afe	142	0x1411a5cd4	.Sq>
0x141180b20	0x141180b60	64	0x1411a36b4	.Sq>
0x141180b60	0x141180ce8	392	0x1411a655c	.Sq>
0x141180cf0	0x141180e1c	300	0x1411a5c78	.Sq>
0x141180e20	0x141180ed2	178	0x1411a4e30	.Sq>
0x141180ee0	0x141180f20	64	0x1411a3078	.Sq>
0x141180f20	0x141180f60	64	0x1411a3edc	.Sq>
0x141180f60	0x141180fa9	73	0x1411a3ec4	.Sq>
0x141180fa9	0x141180fc8	31	0x1411a3eb4	.Sq>
0x141180fd0	0x14118161c	1612	0x1411a3674	.Sq>
0x141181620	0x141181653	51	0x1411a3068	.Sq>
0x141181653	0x141181664	17	0x1411a3054	.Sq>
0x141181664	0x1411816f7	147	0x1411a3040	.Sq>
0x1411816f7	0x14118170c	21	0x1411a3030	.Sq>
0x14118170c	0x141181713	7	0x1411a301c	.Sq>
0x141181713	0x14118174f	60	0x1411a300c	.Sq>
0x141181750	0x1411817d0	128	0x1411a3658	.Sq>
0x1411817d0	0x141181810	64	0x1411a364c	.Sq>
0x141181810	0x141181cfc	1260	0x1411a6360	.Sq>
0x141181d00	0x141181ee4	484	0x1411a653c	.Sq>
0x141181ef0	0x141181f79	137	0x1411a4e18	.Sq>
0x141181f79	0x14118203e	197	0x1411a4e04	.Sq>
0x14118203e	0x14118226d	559	0x1411a4df4	.Sq>
0x141182270	0x141182399	297	0x1411a5c64	.Sq>
0x141182590	0x141182663	211	0x1411a3000	.Sq>
0x141182670	0x1411826e3	115	0x1411a2ff4	.Sq>
0x1411826f0	0x141182749	89	0x1411a2fec	.Sq>
0x141182750	0x141182d33	1507	0x1411a2fdc	.Sq>
0x141182d40	0x141182da4	100	0x1411a3640	.Sq>
0x141182da4	0x141182dbf	27	0x1411a362c	.Sq>
0x141182dbf	0x141182df3	52	0x1411a3610	.Sq>
0x141182df3	0x141182ecb	216	0x1411a35fc	.Sq>
0x141182ecb	0x141182eda	15	0x1411a35ec	.Sq>
0x141182eda	0x141182edf	5	0x1411a35dc	.Sq>
0x141182edf	0x141182eeb	12	0x1411a35cc	.Sq>
0x141182ef0	0x1411831b8	712	0x1411a35b8	.Sq>
0x1411831c0	0x141183375	437	0x1411a3ea8	.Sq>
0x141183380	0x1411833f2	114	0x1411a4de4	.Sq>
0x1411833f2	0x14118340d	27	0x1411a4dc8	.Sq>
0x14118340d	0x1411835bb	430	0x1411a4db4	.Sq>
0x1411835bb	0x141183895	730	0x1411a4da4	.Sq>
0x141183895	0x1411838c0	43	0x1411a4d94	.Sq>
0x1411838c0	0x14118395f	159	0x1411a3e9c	.Sq>
0x141183960	0x141183974	20	0x1411a2fd4	.Sq>
0x141183974	0x141183a17	163	0x1411a2fbc	.Sq>
0x141183a17	0x141183a19	2	0x1411a2fac	.Sq>
0x141183a20	0x141187ddb	17339	0x1411a5c00	.Sq>
0x141187de0	0x141187dfe	30	0x1411a2fa4	.Sq>
0x141187e10	0x141187e5f	79	0x1411a2f98	.Sq>
0x141187e60	0x141187ee8	136	0x1411a2f84	.Sq>
0x141187ef0	0x141187f60	112	0x1411a2f74	.Sq>
0x141187f60	0x141187fd5	117	0x1411a2f64	.Sq>
0x141187fe0	0x14118802d	77	0x1411a2f50	.Sq>
0x14118802d	0x141188086	89	0x1411a2f3c	.Sq>
0x141188086	0x1411880c7	65	0x1411a2f2c	.Sq>
0x1411880e0	0x14118818e	174	0x1411a2f14	.Sq>
0x141188190	0x141188241	177	0x1411a2f00	.Sq>
0x141188250	0x141188323	211	0x1411a3588	.Sq>
0x141188330	0x141188384	84	0x1411a3e90	.Sq>
0x141188390	0x1411883be	46	0x1411a6350	.Sq>
0x1411883c0	0x1411883f7	55	0x1411a5f40	.Sq>
0x141188400	0x14118842e	46	0x1411a5bdc	.Sq>
0x141188430	0x141188467	55	0x1411a5bd4	.Sq>
0x141188470	0x1411884f2	130	0x1411a5f28	.Sq>
0x141188500	0x141188582	130	0x1411a5f10	.Sq>
0x141188590	0x1411885c6	54	0x1411a4d8c	.Sq>
0x1411885d0	0x141188606	54	0x1411a4d84	.Sq>
0x141188610	0x141188650	64	0x1411a4d7c	.Sq>
0x141188650	0x141188690	64	0x1411a4d74	.Sq>
0x1411886f0	0x141188769	121	0x1411a5ef8	.Sq>
0x141188770	0x1411887e9	121	0x1411a5ee0	.Sq>
0x1411887f0	0x14118887d	141	0x1411a5bbc	.Sq>
0x141188880	0x141188909	137	0x1411a3e78	.Sq>
0x141188910	0x1411889cc	188	0x1411a4d40	.Sq>
0x1411889d0	0x141188bba	490	0x1411a633c	.Sq>
0x141188bc0	0x141188bda	26	0x1411a3e6c	.Sq>
0x141188bda	0x141188c0c	50	0x1411a3e58	.Sq>
0x141188c0c	0x141188c75	105	0x1411a3e48	.Sq>
0x141188c80	0x141188d40	192	0x1411a3548	.Sq>
0x141188d40	0x141188e27	231	0x1411a4cf0	.Sq>
0x141188f00	0x141188f5b	91	0x1411a3e38	.Sq>
0x141188f5b	0x141188fa7	76	0x1411a3e24	.Sq>
0x141188fa7	0x141188fcf	40	0x1411a3e14	.Sq>
0x141188fd0	0x1411890bd	237	0x1411a3e00	.Sq>
0x1411890c0	0x141189103	67	0x1411a5ba8	.Sq>
0x141189103	0x14118910b	8	0x1411a5b94	.Sq>
0x14118910b	0x1411891ae	163	0x1411a5b80	.Sq>
0x1411891ae	0x1411891c3	21	0x1411a5b70	.Sq>
0x1411891c3	0x1411891ff	60	0x1411a5b60	.Sq>
0x141189200	0x141189243	67	0x1411a5ecc	.Sq>
0x141189243	0x1411892f1	174	0x1411a5eb4	.Sq>
0x1411892f1	0x141189303	18	0x1411a5ea0	.Sq>
0x141189303	0x14118933f	60	0x1411a5e90	.Sq>
0x141189340	0x1411893ef	175	0x1411a352c	.Sq>
0x1411893f0	0x141189486	150	0x1411a2eec	.Sq>
0x141189490	0x141189524	148	0x1411a3518	.Sq>
0x141189530	0x14118963d	269	0x1411a3500	.Sq>
0x141189640	0x14118987d	573	0x1411a4cd0	.Sq>
0x141189880	0x141189926	166	0x1411a5b48	.Sq>
0x141189930	0x141189976	70	0x1411a2ee4	.Sq>
0x141189976	0x1411899c0	74	0x1411a2ecc	.Sq>
0x1411899c0	0x1411899d9	25	0x1411a2eb8	.Sq>
0x1411899d9	0x1411899e1	8	0x1411a2ea8	.Sq>
0x1411899f0	0x141189a18	40	0x1411a2e9c	.Sq>
0x141189a18	0x141189a50	56	0x1411a2e80	.Sq>
0x141189a50	0x141189b02	178	0x1411a2e6c	.Sq>
0x141189b02	0x141189b1c	26	0x1411a2e5c	.Sq>
0x141189b1c	0x141189b23	7	0x1411a2e40	.Sq>
0x141189b23	0x141189b2d	10	0x1411a2e30	.Sq>
0x141189b30	0x141189c01	209	0x1411a4cb4	.Sq>
0x141189c01	0x141189ca5	164	0x1411a4ca0	.Sq>
0x141189ca5	0x141189cd6	49	0x1411a4c90	.Sq>
0x141189ce0	0x141189db1	209	0x1411a4c74	.Sq>
0x141189db1	0x141189e55	164	0x1411a4c60	.Sq>
0x141189e55	0x141189e86	49	0x1411a4c50	.Sq>
0x141189e90	0x14118a02e	414	0x1411a4c30	.Sq>
0x14118a030	0x14118a285	597	0x1411a4c10	.Sq>
0x14118a290	0x14118a2cc	60	0x1411a3df0	.Sq>
0x14118a2cc	0x14118a2f2	38	0x1411a3dd8	.Sq>
0x14118a2f2	0x14118a372	128	0x1411a3dc0	.Sq>
0x14118a372	0x14118a37c	10	0x1411a3db0	.Sq>
0x14118a37c	0x14118a397	27	0x1411a3da0	.Sq>
0x14118a3a0	0x14118a3dc	60	0x1411a34f0	.Sq>
0x14118a3dc	0x14118a402	38	0x1411a34d8	.Sq>
0x14118a402	0x14118a482	128	0x1411a34c0	.Sq>
0x14118a482	0x14118a48c	10	0x1411a34b0	.Sq>
0x14118a48c	0x14118a4a7	27	0x1411a34a0	.Sq>
0x14118a4b0	0x14118a53b	139	0x1411a2e20	.Sq>
0x14118a540	0x14118a555	21	0x1411a3494	.Sq>
0x14118a555	0x14118a58b	54	0x1411a3480	.Sq>
0x14118a58b	0x14118a5bb	48	0x1411a3470	.Sq>
0x14118a5c0	0x14118a6c2	258	0x1411a3458	.Sq>
0x14118a710	0x14118a72d	29	0x1411a3448	.Sq>
0x14118a72d	0x14118a787	90	0x1411a3434	.Sq>
0x14118a787	0x14118a7aa	35	0x1411a3424	.Sq>
0x14118a7b0	0x14118a807	87	0x1411a2e18	.Sq>
0x14118a810	0x14118a920	272	0x1411a3d50	.Sq>
0x14118a920	0x14118aa01	225	0x1411a3d2c	.Sq>
0x14118aa10	0x14118aa9e	142	0x1411a2e00	.Sq>
0x14118aaa0	0x14118abe8	328	0x1411a3cbc	.Sq>
0x14118abf0	0x14118af24	820	0x1411a4ba8	.Sq>
0x14118af30	0x14118af40	16	0x1411a341c	.Sq>
0x14118af40	0x14118af67	39	0x1411a3408	.Sq>
0x14118af67	0x14118af6c	5	0x1411a33f8	.Sq>
0x14118afb0	0x14118b02b	123	0x1411a5b40	.Sq>
0x14118b030	0x14118b06a	58	0x1411a5b38	.Sq>
0x14118b070	0x14118b0a2	50	0x1411a4b88	.Sq>
0x14118b0b0	0x14118b0e2	50	0x1411a4b80	.Sq>
0x14118b0f0	0x14118b122	50	0x1411a4b78	.Sq>
0x14118b130	0x14118b1af	127	0x1411a5b30	.Sq>
0x14118b1b0	0x14118b222	114	0x1411a5b28	.Sq>
0x14118b230	0x14118b299	105	0x1411a4b70	.Sq>
0x14118b2a0	0x14118b2e7	71	0x1411a4b68	.Sq>
0x14118b2f0	0x14118b324	52	0x1411a4b60	.Sq>
0x14118b330	0x14118b3a2	114	0x1411a4b58	.Sq>
0x14118b3b0	0x14118b415	101	0x1411a4b50	.Sq>
0x14118b420	0x14118b48e	110	0x1411a5b14	.Sq>
0x14118b490	0x14118b510	128	0x1411a5afc	.Sq>
0x14118b510	0x14118b54e	62	0x1411a3c9c	.Sq>
0x14118b550	0x14118bba5	1621	0x1411a5a40	.Sq>
0x14118bbb0	0x14118bbc8	24	0x1411a33ec	.Sq>
0x14118bbc8	0x14118bc01	57	0x1411a33d8	.Sq>
0x14118bc01	0x14118bc2f	46	0x1411a33c8	.Sq>
0x14118bc30	0x14118c001	977	0x1411a5e7c	.Sq>
0x14118c010	0x14118c02a	26	0x1411a3c90	.Sq>
0x14118c02a	0x14118c05c	50	0x1411a3c7c	.Sq>
0x14118c05c	0x14118c150	244	0x1411a3c6c	.Sq>
0x14118c150	0x14118ce9d	3405	0x1411a4a20	.Sq>
0x14118cea0	0x14118cf7a	218	0x1411a2df4	.Sq>
0x14118cf80	0x14118d24a	714	0x1411a4988	.Sq>
0x14118d250	0x14118d656	1030	0x1411a4918	.Sq>
0x14118d660	0x14118d6c7	103	0x1411a2dec	.Sq>
0x14118d6d0	0x14118da14	836	0x1411a33a8	.Sq>
0x14118da20	0x14118da79	89	0x1411a3c5c	.Sq>
0x14118da79	0x14118db75	252	0x1411a3c40	.Sq>
0x14118db75	0x14118dcf8	387	0x1411a3c28	.Sq>
0x14118dcf8	0x14118dd27	47	0x1411a3c18	.Sq>
0x14118dd27	0x14118ddd6	175	0x1411a3c00	.Sq>
0x14118ddd6	0x14118ddee	24	0x1411a3bf0	.Sq>
0x14118ddee	0x14118ddfc	14	0x1411a3be0	.Sq>
0x14118ddfc	0x14118de7e	130	0x1411a3bbc	.Sq>
0x14118de7e	0x14118de91	19	0x1411a3bac	.Sq>
0x14118dea0	0x14118df23	131	0x1411a59a0	.Sq>
0x14118df30	0x14118dfc2	146	0x1411a5920	.Sq>
0x14118dfd0	0x14118e168	408	0x1411a5884	.Sq>
0x14118e170	0x14118e25a	234	0x1411a57e8	.Sq>
0x14118e260	0x14118e485	549	0x1411a4890	.Sq>
0x14118e490	0x14118e600	368	0x1411a4808	.Sq>
0x14118e600	0x14118e71a	282	0x1411a4780	.Sq>
0x14118e720	0x14118eccf	1455	0x1411a56f4	.Sq>
0x14118ecd0	0x14118f223	1363	0x1411a5600	.Sq>
0x14118f230	0x14118f425	501	0x1411a46f8	.Sq>
0x14118f430	0x14118f657	551	0x1411a4684	.Sq>
0x14118f660	0x14118f8f2	658	0x1411a4600	.Sq>
0x14118f900	0x14118fbb4	692	0x1411a455c	.Sq>
0x14118fbc0	0x14118fe50	656	0x1411a44b0	.Sq>
0x14118fe50	0x14118fe74	36	0x1411a3ba0	.Sq>
0x14118fe74	0x14118feab	55	0x1411a3b88	.Sq>
0x14118feab	0x14118ff13	104	0x1411a3b74	.Sq>
0x14118ff13	0x14118ff2b	24	0x1411a3b64	.Sq>
0x14118ff2b	0x14118ff5e	51	0x1411a3b54	.Sq>
0x14118ff60	0x14118ff70	16	0x1411a33a0	.Sq>
0x14118ff70	0x14118ff97	39	0x1411a338c	.Sq>
0x14118ff97	0x14118ff9c	5	0x1411a337c	.Sq>
0x14118ffa0	0x141190198	504	0x1411a3b14	.Sq>
0x1411901c0	0x1411901df	31	0x1411a3370	.Sq>
0x1411901df	0x14119029c	189	0x1411a3354	.Sq>
0x14119029c	0x1411902d3	55	0x1411a3344	.Sq>
0x141190300	0x1411903a9	169	0x1411a20e8	.Sq>
0x1411903ac	0x1411904bd	273	0x1411a20f0	.Sq>
0x1411904c0	0x141190554	148	0x1411a2104	.Sq>
0x141190564	0x14119059d	57	0x1411a210c	.Sq>
0x1411905a0	0x1411905c1	33	0x1411a2118	.Sq>
0x1411905c4	0x14119065d	153	0x1411a2120	.Sq>
0x141190680	0x1411907a9	297	0x1411a2128	.Sq>
0x1411907ac	0x141190851	165	0x1411a2140	.Sq>
0x141190854	0x14119089f	75	0x1411a2150	.Sq>
0x1411908a0	0x1411908fe	94	0x1411a2180	.Sq>
0x141190980	0x141190a62	226	0x1411a21a8	.Sq>
0x141190a64	0x141190ab6	82	0x1411a21b8	.Sq>
0x141190ab8	0x141190b8d	213	0x1411a21c0	.Sq>
0x141190b90	0x141190c13	131	0x1411a21c8	.Sq>
0x141190c30	0x141190da0	368	0x1411a21d0	.Sq>
0x141190da0	0x141190dc8	40	0x1411a21dc	.Sq>
0x141190dc8	0x141190e39	113	0x1411a21e4	.Sq>
0x141190e3c	0x141190f5f	291	0x1411a21ec	.Sq>
0x141190f60	0x1411910bd	349	0x1411a2200	.Sq>
0x1411910c0	0x1411910de	30	0x1411a2218	.Sq>
0x1411910e0	0x141191328	584	0x1411a2220	.Sq>
0x141191328	0x14119135b	51	0x1411a2238	.Sq>
0x14119135c	0x1411915de	642	0x1411a2240	.Sq>
0x1411915e0	0x141191610	48	0x1411a225c	.Sq>
0x141191610	0x141191643	51	0x1411a2264	.Sq>
0x141191644	0x1411916ab	103	0x1411a2278	.Sq>
0x1411916ac	0x1411917e8	316	0x1411a22a4	.Sq>
0x1411917e8	0x141191900	280	0x1411a22b4	.Sq>
0x141191900	0x14119193d	61	0x1411a22e0	.Sq>
0x141191940	0x14119197d	61	0x1411a22f0	.Sq>
0x141191980	0x141191a12	146	0x1411a22f8	.Sq>
0x141191a14	0x141191bf7	483	0x1411a230c	.Sq>
0x141191bf8	0x141191cb4	188	0x1411a2330	.Sq>
0x141191cb4	0x141191d44	144	0x1411a2354	.Sq>
0x141191d44	0x141191fbb	631	0x1411a235c	.Sq>
0x141191fbc	0x1411921b4	504	0x1411a2380	.Sq>
0x1411921b4	0x1411921dc	40	0x1411a23b0	.Sq>
0x1411921dc	0x141192356	378	0x1411a23b8	.Sq>
0x141192498	0x1411924ef	87	0x1411a23c8	.Sq>
0x1411924f0	0x141192565	117	0x1411a23d8	.Sq>
0x141192588	0x1411925ad	37	0x1411a23f8	.Sq>
0x1411925b0	0x141192662	178	0x1411a2410	.Sq>
0x141192664	0x1411926e8	132	0x1411a2444	.Sq>
0x1411926e8	0x14119270c	36	0x1411a2450	.Sq>
0x14119270c	0x141192841	309	0x1411a2468	.Sq>
0x141192844	0x141192882	62	0x1411a249c	.Sq>
0x141192884	0x141192905	129	0x1411a24a4	.Sq>
0x141192908	0x141192a02	250	0x1411a24ac	.Sq>
0x141192a0c	0x141192b31	293	0x1411a24b4	.Sq>
0x141192b34	0x141192bb9	133	0x1411a24c0	.Sq>
0x141192c04	0x141192c24	32	0x1411a24d4	.Sq>
0x141192c24	0x141192c44	32	0x1411a24dc	.Sq>
0x141192c44	0x141192c8a	70	0x1411a24e4	.Sq>
0x141192c8c	0x141192cfd	113	0x1411a24ec	.Sq>
0x141192d1c	0x141192d9c	128	0x1411a24fc	.Sq>
0x141192d9c	0x141192dbe	34	0x1411a250c	.Sq>
0x141192dd4	0x141192e03	47	0x1411a2514	.Sq>
0x141192e04	0x141192e3d	57	0x1411a2520	.Sq>
0x141192e40	0x141192e60	32	0x1411a252c	.Sq>
0x141192e60	0x141192ea2	66	0x1411a2534	.Sq>
0x141192ea4	0x141192fa9	261	0x1411a2544	.Sq>
0x141192fac	0x141192fc3	23	0x1411a2574	.Sq>
0x141192fc4	0x14119307a	182	0x1411a257c	.Sq>
0x141193084	0x1411930b6	50	0x1411a258c	.Sq>
0x1411930b8	0x141193149	145	0x1411a2594	.Sq>
0x14119314c	0x14119316f	35	0x1411a25a0	.Sq>
0x141193170	0x141193194	36	0x1411a25c0	.Sq>
0x141193194	0x1411931b0	28	0x1411a25e0	.Sq>
0x1411931b0	0x141193351	417	0x1411a25e8	.Sq>
0x141193354	0x14119345d	265	0x1411a2604	.Sq>
0x141193460	0x14119399d	1341	0x1411a2614	.Sq>
0x1411939a0	0x141193a36	150	0x1411a263c	.Sq>
0x141193a38	0x141193a7d	69	0x1411a264c	.Sq>
0x141193a80	0x141193ac7	71	0x1411a2654	.Sq>
0x141193ac8	0x141193c55	397	0x1411a265c	.Sq>
0x141193c58	0x141193c8f	55	0x1411a2670	.Sq>
0x141193c90	0x141193ce1	81	0x1411a2678	.Sq>
0x141193ce4	0x141193d67	131	0x1411a268c	.Sq>
0x141193d68	0x141194904	2972	0x1411a26a0	.Sq>
0x141194a9c	0x141194b56	186	0x1411a26c4	.Sq>
0x141194b58	0x141194bc4	108	0x1411a26cc	.Sq>
0x141194bc4	0x141194c47	131	0x1411a26e0	.Sq>
0x141194c48	0x141194ccd	133	0x1411a26f8	.Sq>
0x141194cd0	0x141194cfd	45	0x1411a2710	.Sq>
0x141194d00	0x141194d39	57	0x1411a2718	.Sq>
0x141194d3c	0x141194d52	22	0x1411a2720	.Sq>
0x141194d6c	0x141194d9f	51	0x1411a2728	.Sq>
0x141194da0	0x141194dd9	57	0x1411a2734	.Sq>
0x141194ddc	0x141194e8b	175	0x1411a2740	.Sq>
0x141194e8c	0x141195016	394	0x1411a2754	.Sq>
0x141195034	0x14119509b	103	0x1411a2784	.Sq>
0x14119509c	0x141195389	749	0x1411a278c	.Sq>
0x14119538c	0x1411953f7	107	0x1411a27c4	.Sq>
0x1411953f8	0x141195527	303	0x1411a27d0	.Sq>
0x141195528	0x1411956f7	463	0x1411a27e4	.Sq>
0x1411956f8	0x1411957ee	246	0x1411a2800	.Sq>
0x1411957f0	0x1411959a2	434	0x1411a2810	.Sq>
0x1411959a4	0x1411959dc	56	0x1411a2828	.Sq>
0x1411959dc	0x141195a14	56	0x1411a2834	.Sq>
0x141195a14	0x141195a60	76	0x1411a2840	.Sq>
0x141195a60	0x141195a7e	30	0x1411a2848	.Sq>
0x141195a84	0x141195c52	462	0x1411a2850	.Sq>
0x141195c54	0x141195c71	29	0x1411a2864	.Sq>
0x141195c74	0x141195d27	179	0x1411a286c	.Sq>
0x141195e2c	0x141195e8f	99	0x1411a2878	.Sq>
0x141195e90	0x141195ead	29	0x1411a2880	.Sq>
0x141195eb0	0x14119611a	618	0x1411a2888	.Sq>
0x14119611c	0x1411961a5	137	0x1411a28b0	.Sq>
0x1411961e0	0x14119626a	138	0x1411a28c0	.Sq>
0x14119626c	0x1411962ef	131	0x1411a28d4	.Sq>
0x141196308	0x1411963f0	232	0x1411a28f0	.Sq>
0x1411963f0	0x141196434	68	0x1411a291c	.Sq>
0x141196784	0x14119696e	490	0x1411a2928	.Sq>
0x141196970	0x1411969b8	72	0x1411a2930	.Sq>
0x1411969b8	0x141196a4d	149	0x1411a2938	.Sq>
0x141196a50	0x141196ad9	137	0x1411a2940	.Sq>
0x141196e08	0x141196eaa	162	0x1411a2948	.Sq>
0x141196eb4	0x141196f25	113	0x1411a2964	.Sq>
0x141196f28	0x141196f6e	70	0x1411a2984	.Sq>
0x141196f70	0x141197195	549	0x1411a298c	.Sq>
0x141197198	0x1411971db	67	0x1411a29a0	.Sq>
0x1411971dc	0x14119727d	161	0x1411a29a8	.Sq>
0x141197290	0x1411972b4	36	0x1411a29b0	.Sq>
0x141197380	0x1411973c1	65	0x1411a29c0	.Sq>
0x1411973c4	0x141197417	83	0x1411a29e0	.Sq>
0x141197418	0x14119769d	645	0x1411a29f0	.Sq>
0x1411976a0	0x141197735	149	0x1411a2a20	.Sq>
0x141197738	0x14119786f	311	0x1411a2a34	.Sq>
0x141197870	0x141197fce	1886	0x1411a2a64	.Sq>
0x141197fd0	0x141198101	305	0x1411a2a90	.Sq>
0x141198104	0x141198157	83	0x1411a2ac0	.Sq>
0x141198158	0x1411981c7	111	0x1411a2ac8	.Sq>
0x1411981d0	0x1411982b2	226	0x1411a2ad0	.Sq>
0x1411982b4	0x1411982db	39	0x1411a2ad8	.Sq>
0x1411982dc	0x14119833b	95	0x1411a2ae0	.Sq>
0x14119833c	0x141198369	45	0x1411a2ae8	.Sq>
0x14119836c	0x1411983c2	86	0x1411a2af0	.Sq>
0x1411983c4	0x1411983eb	39	0x1411a2af8	.Sq>
0x1411983ec	0x141198422	54	0x1411a2b00	.Sq>
0x141198424	0x14119860b	487	0x1411a2b08	.Sq>
0x14119860c	0x141198642	54	0x1411a2b24	.Sq>
0x14119865c	0x1411987cd	369	0x1411a2b30	.Sq>
0x1411987d8	0x14119883b	99	0x1411a2b44	.Sq>
0x14119883c	0x1411988eb	175	0x1411a2b54	.Sq>
0x1411988ec	0x1411989bf	211	0x1411a2b60	.Sq>
0x1411989ec	0x141198c5d	625	0x1411a2b78	.Sq>
0x141198c78	0x141198cad	53	0x1411a2bb0	.Sq>
0x141198cb0	0x141198d2b	123	0x1411a2bd0	.Sq>
0x141198d40	0x141198e8a	330	0x1411a2be0	.Sq>
0x141198e8c	0x141199080	500	0x1411a2be8	.Sq>
0x141199080	0x1411990d0	80	0x1411a2c00	.Sq>
0x1411990d0	0x14119917c	172	0x1411a2c08	.Sq>
0x14119917c	0x141199200	132	0x1411a2c18	.Sq>
0x141199200	0x1411992a6	166	0x1411a2c28	.Sq>
0x1411992d0	0x1411993e4	276	0x1411a2c58	.Sq>
0x1411993e4	0x141199494	176	0x1411a2c70	.Sq>
0x141199494	0x14119950d	121	0x1411a2c98	.Sq>
0x141199510	0x141199557	71	0x1411a2ca8	.Sq>
0x141199558	0x14119964c	244	0x1411a2cc0	.Sq>
0x141199658	0x1411997e7	399	0x1411a2d00	.Sq>
0x1411997e8	0x1411999f8	528	0x1411a2d14	.Sq>
0x1411999f8	0x141199a0c	20	0x1411a2d24	.Sq>
0x141199a18	0x141199a53	59	0x1411a2d2c	.Sq>
0x141199a54	0x141199a8f	59	0x1411a2d34	.Sq>
0x141199a90	0x141199b19	137	0x1411a2d3c	.Sq>
0x141199b1c	0x141199b92	118	0x1411a2d50	.Sq>
0x141199b94	0x141199ca7	275	0x1411a2d7c	.Sq>
0x141199ca8	0x141199d64	188	0x1411a2da4	.Sq>
0x141199d64	0x141199e7c	280	0x1411a2db8	.Sq>
0x141199e7c	0x141199eb3	55	0x1411a2de4	.Sq>
0x141199ecc	0x141199fb7	235	0x1411a6804	.Sq>
0x141199fb8	0x141199fcd	21	0x1411a6820	.Sq>
0x141199fd0	0x141199fe5	21	0x1411a6828	.Sq>
0x141199fe8	0x14119a003	27	0x1411a6830	.Sq>
0x14119a004	0x14119a01f	27	0x1411a6838	.Sq>
0x14119a020	0x14119a0cc	172	0x1411a6840	.Sq>
0x14119a0cc	0x14119a153	135	0x1411a6858	.Sq>
0x14119a154	0x14119a1f5	161	0x1411a6868	.Sq>
0x14119a1f8	0x14119a249	81	0x1411a6884	.Sq>
0x14119a24c	0x14119a371	293	0x1411a68a4	.Sq>
0x14119a374	0x14119a3b7	67	0x1411a68bc	.Sq>
0x14119a3b8	0x14119a3ea	50	0x1411a68c4	.Sq>
0x14119a3ec	0x14119a44a	94	0x1411a68cc	.Sq>
0x14119a44c	0x14119a532	230	0x1411a68d8	.Sq>
0x14119a534	0x14119a5be	138	0x1411a68f0	.Sq>
0x14119a5c8	0x14119a5ef	39	0x1411a6904	.Sq>
0x14119a5fc	0x14119a637	59	0x1411a690c	.Sq>
0x14119a638	0x14119a661	41	0x1411a6918	.Sq>
0x14119a674	0x14119a6ad	57	0x1411a6920	.Sq>
0x14119a6b0	0x14119a7d3	291	0x1411a692c	.Sq>
0x14119a7d4	0x14119a81d	73	0x1411a6944	.Sq>
0x14119a820	0x14119a9b4	404	0x1411a695c	.Sq>
0x14119a9b4	0x14119a9f7	67	0x1411a69a0	.Sq>
0x14119aa1c	0x14119aaef	211	0x1411a69c0	.Sq>
0x14119aaf0	0x14119ad2f	575	0x1411a69f0	.Sq>
0x14119ad30	0x14119af56	550	0x1411a6a2c	.Sq>
0x14119af58	0x14119b008	176	0x1411a6a5c	.Sq>
0x14119b008	0x14119b0c9	193	0x1411a6a84	.Sq>
0x14119b0cc	0x14119b310	580	0x1411a6a9c	.Sq>
0x14119b310	0x14119b86a	1370	0x1411a6ab4	.Sq>
0x14119b86c	0x14119b88d	33	0x1411a6ad0	.Sq>
0x14119b890	0x14119bab5	549	0x1411a6ad8	.Sq>
0x14119bb00	0x14119bb4e	78	0x1411a2a18	.Sq>
0x14119bb60	0x14119bba0	64	0x1411a6af0	.Sq>
0x14119bba0	0x14119bbdf	63	0x1411a2148	.Sq>
0x14119bbdf	0x14119bc09	42	0x1411a2178	.Sq>
0x14119bc09	0x14119bc36	45	0x1411a226c	.Sq>
0x14119bc36	0x14119bc52	28	0x1411a22ac	.Sq>
0x14119bc52	0x14119bc6b	25	0x1411a2328	.Sq>
0x14119bc6b	0x14119bc84	25	0x1411a2378	.Sq>
0x14119bc84	0x14119bc9d	25	0x1411a23d0	.Sq>
0x14119bc9d	0x14119bcb6	25	0x1411a2408	.Sq>
0x14119bcbd	0x14119bcd6	25	0x1411a2400	.Sq>
0x14119bcd6	0x14119bcef	25	0x1411a2460	.Sq>
0x14119bcf6	0x14119bd0f	25	0x1411a2458	.Sq>
0x14119bd0f	0x14119bd23	20	0x1411a253c	.Sq>
0x14119bd23	0x14119bd45	34	0x1411a274c	.Sq>
0x14119bd45	0x14119bd61	28	0x1411a28e8	.Sq>
0x14119bd61	0x14119bd7a	25	0x1411a295c	.Sq>
0x14119bd80	0x14119bda1	33	0x1411a29b8	.Sq>
0x14119bda1	0x14119bdb8	23	0x1411a2a2c	.Sq>
0x14119bdb8	0x14119bdcf	23	0x1411a2a88	.Sq>
0x14119bdcf	0x14119bdeb	28	0x1411a2b70	.Sq>
0x14119bdeb	0x14119be0d	34	0x1411a2ba8	.Sq>
0x14119be0d	0x14119be26	25	0x1411a2c20	.Sq>
0x14119be26	0x14119be3f	25	0x1411a2c68	.Sq>
0x14119be3f	0x14119be65	38	0x1411a2cb8	.Sq>
0x14119be6f	0x14119be88	25	0x1411a2cb0	.Sq>
0x14119be88	0x14119bea0	24	0x1411a2d48	.Sq>
0x14119bea0	0x14119beb7	23	0x1411a2d74	.Sq>
0x14119beb7	0x14119bece	23	0x1411a2db0	.Sq>
0x14119bed0	0x14119beec	28	0x1411a32f4	.Sq>
0x14119bef0	0x14119bf0c	28	0x1411a32ec	.Sq>
0x14119bf10	0x14119bf28	24	0x1411a3540	.Sq>
0x14119bf30	0x14119bf59	41	0x1411a3580	.Sq>
0x14119bf60	0x14119bf7b	27	0x1411a366c	.Sq>
0x14119bf80	0x14119bf9d	29	0x1411a37dc	.Sq>
0x14119bfa0	0x14119bfb8	24	0x1411a38b8	.Sq>
0x14119bfc0	0x14119bfd8	24	0x1411a39c8	.Sq>
0x14119bfe0	0x14119bff8	24	0x1411a3a54	.Sq>
0x14119c000	0x14119c01c	28	0x1411a3ab8	.Sq>
0x14119c020	0x14119c03c	28	0x1411a3ab0	.Sq>
0x14119c040	0x14119c05b	27	0x1411a3b0c	.Sq>
0x14119c060	0x14119c078	24	0x1411a3cb4	.Sq>
0x14119c080	0x14119c098	24	0x1411a3cac	.Sq>
0x14119c0a0	0x14119c0b8	24	0x1411a3ca4	.Sq>
0x14119c0c0	0x14119c0d8	24	0x1411a3d48	.Sq>
0x14119c0e0	0x14119c0f8	24	0x1411a3d40	.Sq>
0x14119c100	0x14119c118	24	0x1411a3f08	.Sq>
0x14119c120	0x14119c13d	29	0x1411a412c	.Sq>
0x14119c140	0x14119c15c	28	0x1411a41e8	.Sq>
0x14119c160	0x14119c17d	29	0x1411a424c	.Sq>
0x14119c180	0x14119c198	24	0x1411a43b8	.Sq>
0x14119c1a0	0x14119c1bb	27	0x1411a44a8	.Sq>
0x14119c1c0	0x14119c1dd	29	0x1411a4498	.Sq>
0x14119c1e0	0x14119c1fb	27	0x1411a4554	.Sq>
0x14119c200	0x14119c21d	29	0x1411a4544	.Sq>
0x14119c220	0x14119c23d	29	0x1411a45f0	.Sq>
0x14119c240	0x14119c25b	27	0x1411a467c	.Sq>
0x14119c260	0x14119c27d	29	0x1411a46e8	.Sq>
0x14119c280	0x14119c29d	29	0x1411a4770	.Sq>
0x14119c2a0	0x14119c2bd	29	0x1411a47f8	.Sq>
0x14119c2c0	0x14119c2dd	29	0x1411a4880	.Sq>
0x14119c2e0	0x14119c2f8	24	0x1411a4910	.Sq>
0x14119c300	0x14119c31b	27	0x1411a4908	.Sq>
0x14119c320	0x14119c338	24	0x1411a4980	.Sq>
0x14119c340	0x14119c35b	27	0x1411a4a18	.Sq>
0x14119c360	0x14119c387	39	0x1411a4a08	.Sq>
0x14119c390	0x14119c3ab	27	0x1411a4a00	.Sq>
0x14119c3b0	0x14119c3cb	27	0x1411a49f8	.Sq>
0x14119c3d0	0x14119c3eb	27	0x1411a49f0	.Sq>
0x14119c3f0	0x14119c40b	27	0x1411a49e8	.Sq>
0x14119c410	0x14119c42b	27	0x1411a49e0	.Sq>
0x14119c430	0x14119c44b	27	0x1411a49d8	.Sq>
0x14119c450	0x14119c468	24	0x1411a4ba0	.Sq>
0x14119c470	0x14119c488	24	0x1411a4b98	.Sq>
0x14119c490	0x14119c4bf	47	0x1411a4b90	.Sq>
0x14119c4c0	0x14119c4d8	24	0x1411a4ce8	.Sq>
0x14119c4e0	0x14119c4fc	28	0x1411a4d38	.Sq>
0x14119c500	0x14119c518	24	0x1411a4f1c	.Sq>
0x14119c520	0x14119c538	24	0x1411a4f14	.Sq>
0x14119c540	0x14119c558	24	0x1411a4f0c	.Sq>
0x14119c560	0x14119c57b	27	0x1411a4f04	.Sq>
0x14119c580	0x14119c59b	27	0x1411a4fb4	.Sq>
0x14119c5a0	0x14119c5fe	94	0x1411a5070	.Sq>
0x14119c600	0x14119c62d	45	0x1411a50b8	.Sq>
0x14119c630	0x14119c65d	45	0x1411a50ac	.Sq>
0x14119c660	0x14119c678	24	0x1411a5188	.Sq>
0x14119c680	0x14119c69d	29	0x1411a5178	.Sq>
0x14119c6a0	0x14119c6b8	24	0x1411a5170	.Sq>
0x14119c6c0	0x14119c6d8	24	0x1411a5168	.Sq>
0x14119c6e0	0x14119c6fd	29	0x1411a5158	.Sq>
0x14119c700	0x14119c718	24	0x1411a52e8	.Sq>
0x14119c720	0x14119c73d	29	0x1411a52d8	.Sq>
0x14119c740	0x14119c75b	27	0x1411a5398	.Sq>
0x14119c760	0x14119c778	24	0x1411a5390	.Sq>
0x14119c780	0x14119c79d	29	0x1411a5380	.Sq>
0x14119c7a0	0x14119c7bd	29	0x1411a5458	.Sq>
0x14119c7c0	0x14119c7d8	24	0x1411a54ec	.Sq>
0x14119c7e0	0x14119c7fd	29	0x1411a54dc	.Sq>
0x14119c800	0x14119c818	24	0x1411a5588	.Sq>
0x14119c820	0x14119c838	24	0x1411a55f8	.Sq>
0x14119c840	0x14119c85d	29	0x1411a55e8	.Sq>
0x14119c860	0x14119c87b	27	0x1411a56ec	.Sq>
0x14119c880	0x14119c89d	29	0x1411a56dc	.Sq>
0x14119c8a0	0x14119c8b8	24	0x1411a57e0	.Sq>
0x14119c8c0	0x14119c8dd	29	0x1411a57d0	.Sq>
0x14119c8e0	0x14119c8fb	27	0x1411a587c	.Sq>
0x14119c900	0x14119c91d	29	0x1411a586c	.Sq>
0x14119c920	0x14119c93d	29	0x1411a5910	.Sq>
0x14119c940	0x14119c95d	29	0x1411a5990	.Sq>
0x14119c960	0x14119c982	34	0x1411a5a38	.Sq>
0x14119c990	0x14119c9b2	34	0x1411a5a30	.Sq>
0x14119c9c0	0x14119c9d8	24	0x1411a5a28	.Sq>
0x14119c9e0	0x14119c9fb	27	0x1411a5a20	.Sq>
0x14119ca00	0x14119ca2c	44	0x1411a5a18	.Sq>
0x14119ca30	0x14119ca4b	27	0x1411a5a10	.Sq>
0x14119ca50	0x14119cac9	121	0x1411a5bf4	.Sq>
0x14119cad0	0x14119caf9	41	0x1411a5bec	.Sq>
0x14119cb00	0x14119cb29	41	0x1411a5be4	.Sq>
0x14119cb30	0x14119cb48	24	0x1411a5c70	.Sq>
0x14119cb50	0x14119cb68	24	0x1411a5ccc	.Sq>
0x14119cb70	0x14119cb88	24	0x1411a5db4	.Sq>
0x14119cb90	0x14119cba8	24	0x1411a5df8	.Sq>
0x14119cbb0	0x14119cbcc	28	0x1411a5e44	.Sq>
0x14119cbd0	0x14119cbe8	24	0x1411a5fe8	.Sq>
0x14119cbf0	0x14119cc08	24	0x1411a6028	.Sq>
0x14119cc10	0x14119cc28	24	0x1411a6080	.Sq>
0x14119cc30	0x14119cc5c	44	0x1411a6078	.Sq>
0x14119cc60	0x14119cc7d	29	0x1411a6068	.Sq>
0x14119cc80	0x14119ccac	44	0x1411a6060	.Sq>
0x14119ccb0	0x14119ccc8	24	0x1411a617c	.Sq>
0x14119ccd0	0x14119ccfc	44	0x1411a6174	.Sq>
0x14119cd00	0x14119cd1d	29	0x1411a6164	.Sq>
0x14119cd20	0x14119cd4c	44	0x1411a615c	.Sq>
0x14119cd50	0x14119cd68	24	0x1411a6270	.Sq>
0x14119cd70	0x14119cd88	24	0x1411a6268	.Sq>
0x14119cd90	0x14119cdad	29	0x1411a6258	.Sq>
0x14119cdb0	0x14119cdc8	24	0x1411a6358	.Sq>
0x14119cdd0	0x14119cdeb	27	0x1411a6408	.Sq>
0x14119cdf0	0x14119ce08	24	0x1411a6400	.Sq>
0x14119ce10	0x14119ce28	24	0x1411a64e8	.Sq>
0x14119ce30	0x14119ce48	24	0x1411a6554	.Sq>
0x14119ce50	0x14119ce68	24	0x1411a65b4	.Sq>
0x14119ce70	0x14119ce88	24	0x1411a660c	.Sq>
0x14119ce90	0x14119cea8	24	0x1411a6654	.Sq>
0x14119ceb0	0x14119cecb	27	0x1411a670c	.Sq>
0x14119ced0	0x14119ceeb	27	0x1411a6704	.Sq>
0x14119cef0	0x14119cf08	24	0x1411a66fc	.Sq>
0x14119cf10	0x14119cf2b	27	0x1411a66f4	.Sq>
0x14119cf30	0x14119cf4b	27	0x1411a66ec	.Sq>
0x14119cf50	0x14119cf6b	27	0x1411a66e4	.Sq>
0x14119cf70	0x14119cf8b	27	0x1411a66dc	.Sq>
0x14119cf8b	0x14119cfcf	68	0x1411a687c	.Sq>
0x14119cfcf	0x14119cfe3	20	0x1411a6954	.Sq>
0x14119cfef	0x14119d017	40	0x1411a694c	.Sq>
0x14119d017	0x14119d02e	23	0x1411a6998	.Sq>
0x14119d02e	0x14119d121	243	0x1411a69e8	.Sq>
0x14119d12e	0x14119d1be	144	0x1411a69dc	.Sq>
0x14202ec72	0x14202ec7d	11	0x1403c4468	.Sq>
0x14202ec7d	0x14202ee82	517	0x141174038	.Sq>
0x14202ee82	0x14202ee87	5	0x14146264c	.Sq>
0x14202ee87	0x14202ee9a	19	0x1416e6b58	.Sq>
0x14202ee9a	0x14202f036	412	0x141ae9408	.Sq>
0x14202f036	0x14202f1dc	422	0x1415dcd20	.Sq>
0x14202f1dc	0x1420319b6	10202	0x141a6abf8	.Sq>
0x1420319b6	0x142031c1a	612	0x141ac31a0	.Sq>
0x142031c1a	0x1420322bf	1701	0x14172aad8	.Sq>
0x1420322bf	0x14203325b	3996	0x141500314	.Sq>
0x14203325b	0x1420332d6	123	0x14160d6dc	.Sq>
0x1420332d6	0x142033391	187	0x141939994	.Sq>
0x142033391	0x14203342f	158	0x141a383d8	.Sq>
0x14203342f	0x14203343b	12	0x14192bc84	.Sq>
0x14203343b	0x142033440	5	0x14169e6c0	.Sq>
0x142033440	0x142033805	965	0x14142fd08	.Sq>
0x142033805	0x142037335	15152	0x141422d78	.Sq>
0x142037335	0x1420373ee	185	0x141576d04	.Sq>
0x1420373ee	0x1420374ae	192	0x1418cc93c	.Sq>
0x1420374ae	0x142037554	166	0x1419211c8	.Sq>
0x142037554	0x14203755e	10	0x14037ec98	.Sq>
0x14203755e	0x14203756c	14	0x14119c230	.Sq>
0x14203756c	0x14203ad61	14325	0x14160eac4	.Sq>
0x14203ad61	0x14203aee0	383	0x1415dbbe8	.Sq>
0x14203aee0	0x14203aef1	17	0x1418ae9dc	.Sq>
0x14203aef1	0x14203af64	115	0x1419f2e70	.Sq>
0x14203af64	0x14203af6d	9	0x1403bf18c	.Sq>
0x14203af6d	0x14203afb6	73	0x141554e44	.Sq>
0x14203afb6	0x14203b09f	233	0x14165d954	.Sq>
0x14203b09f	0x14203b23c	413	0x14156e9ac	.Sq>
0x14203b23c	0x14203b247	11	0x14177e6ec	.Sq>
0x14203b247	0x14203b2b5	110	0x141a75324	.Sq>
0x14203b2b5	0x14203b2bc	7	0x1417ece8c	.Sq>
0x14203b2bc	0x14203b62e	882	0x14153b0e4	.Sq>
0x14203b62e	0x14203b717	233	0x1417fa8d8	.Sq>
0x14203b717	0x14203b8ad	406	0x1413ce7dc	.Sq>
0x14203b8ad	0x14203bb0c	607	0x141a7cb84	.Sq>
0x14203bb0c	0x14203bb80	116	0x1417e2578	.Sq>
0x14203bb80	0x14203bbe0	96	0x141981190	.Sq>
0x14203bbe0	0x14203bc79	153	0x1419bcb9c	.Sq>
0x14203bc79	0x14203bc8b	18	0x141b24738	.Sq>
0x14203bc8b	0x14203bcf6	107	0x1415b8844	.Sq>
0x14203bcf6	0x14203bd84	142	0x14193e5d4	.Sq>
0x14203bd84	0x14203bd90	12	0x14183908c	.Sq>
0x14203bd90	0x14203bdd9	73	0x141a56494	.Sq>
0x14203bdd9	0x14203be87	174	0x14117456c	.Sq>
0x14203be87	0x14203bf0f	136	0x1416b883c	.Sq>
0x14203bf0f	0x14203bf98	137	0x141a23fbc	.Sq>
0x14203bf98	0x14203bfa9	17	0x141b1902c	.Sq>
0x14203bfa9	0x14203bfbc	19	0x141a50794	.Sq>
0x14203bfbc	0x14203bfdd	33	0x14195c180	.Sq>
0x14203bfdd	0x14203bfec	15	0x14196c0dc	.Sq>
0x14203bfec	0x14203c001	21	0x14145bdf0	.Sq>
0x14203c001	0x14203c002	1	0x141753b54	.Sq>
0x14203c002	0x14203c003	1	0x14149fdd8	.Sq>
0x14203c003	0x14203c028	37	0x14165ce98	.Sq>
0x14203c028	0x14203c091	105	0x14188ac24	.Sq>
0x14203c091	0x14203c0b6	37	0x14185728c	.Sq>
0x14203c0b6	0x14203c0cb	21	0x1418fc99c	.Sq>
0x14203c0cb	0x14203c118	77	0x141491000	.Sq>
0x14203c118	0x14203c164	76	0x141a06fe4	.Sq>
0x14203c164	0x14203c1b2	78	0x141a42054	.Sq>
0x14203c1b2	0x14203c1fe	76	0x141189f4c	.Sq>
0x14203c1fe	0x14203c276	120	0x1417458c4	.Sq>
0x14203c276	0x14203c634	958	0x14182a65c	.Sq>
0x14203c634	0x14203c749	277	0x14185d208	.Sq>
0x14203c749	0x14203c79e	85	0x1419f17a0	.Sq>
0x14203c79e	0x14203c840	162	0x1419ce738	.Sq>
0x14203c840	0x14203c846	6	0x141ab675c	.Sq>
0x14203c846	0x14203c84e	8	0x1415f0128	.Sq>
0x14203c84e	0x14203c8e9	155	0x141619d9c	.Sq>
0x14203c8e9	0x14203c8ea	1	0x141589600	.Sq>
0x14203c8ea	0x14203c921	55	0x1418e3180	.Sq>
0x14203c921	0x14203c978	87	0x141523e78	.Sq>
0x14203c978	0x14203c9ce	86	0x1418a5adc	.Sq>
0x14203c9ce	0x14203c9d8	10	0x1417584b0	.Sq>
0x14203c9d8	0x14203c9ea	18	0x14167dbb0	.Sq>
0x14203c9ea	0x14203ca2e	68	0x141560538	.Sq>
0x14203ca2e	0x14203ca46	24	0x1418827d4	.Sq>
0x14203ca46	0x14203ca47	1	0x1415f3530	.Sq>
0x14203ca47	0x14203ca58	17	0x141948794	.Sq>
0x14203ca58	0x14203ca6b	19	0x1419d64c4	.Sq>
0x14203ca6b	0x14203ca71	6	0x1417bb5e4	.Sq>
0x14203ca71	0x14203ca84	19	0x1414e0810	.Sq>
0x14203ca84	0x14203cb03	127	0x1414bf12c	.Sq>
0x14203cb03	0x14203cb42	63	0x1415a3f20	.Sq>
0x14203cb42	0x14203cc69	295	0x1417d2a14	.Sq>
0x14203cc69	0x14203cc80	23	0x1419f3870	.Sq>
0x14203cc80	0x14203cc8c	12	0x141842990	.Sq>
0x14203cc8c	0x14203cc98	12	0x141188848	.Sq>
0x14203cc98	0x14203ccde	70	0x141847aa4	.Sq>
0x14203ccde	0x14203cce9	11	0x14171b514	.Sq>
0x14203cce9	0x14203ccf4	11	0x140197b00	.Sq>
0x143a48e18	0x143a48fe1	457	0x14205f8ac	.)Bu
0x143a48fe1	0x143a4a1b2	4561	0x142347900	.)Bu
0x143a4a1b2	0x143a4a1e3	49	0x1423535c8	.)Bu
0x143a4a1e3	0x143a4a222	63	0x14252d1f4	.)Bu
0x143a4a222	0x143a4a3c9	423	0x142556764	.)Bu
0x143a4a3c9	0x143a4a4b3	234	0x143a09918	.)Bu
0x143a4a52c	0x143a4a532	6	0x143a1b034	.)Bu
0x143a4a532	0x143a4a537	5	0x142d95aa8	.)Bu
0x143a4a537	0x143a4a539	2	0x14253a674	.)Bu
0x143a4a539	0x143a4a53d	4	0x1425747a0	.)Bu
0x143a4a53d	0x143a4a583	70	0x14236875c	.)Bu
0x143a4a583	0x143a4a584	1	0x142352ee4	.)Bu
0x143a4a584	0x143a4a585	1	0x142dadfdc	.)Bu
0x143a4a585	0x143a4a586	1	0x14208bd50	.)Bu
0x143a4aeb9	0x143a4aebf	6	0x142592bb4	.)Bu
0x143a4aebf	0x143a4aec3	4	0x14255debc	.)Bu
0x143a4aec3	0x143a4aec5	2	0x142588cd4	.)Bu
0x143a4aec5	0x143a4aff1	300	0x142344130	.)Bu
0x143a4aff1	0x143a4aff2	1	0x143a29b74	.)Bu
0x143a4aff2	0x143a4aff5	3	0x143a1076c	.)Bu
0x143a4aff5	0x143a4b01d	40	0x143a0d660	.)Bu
0x143a4b01d	0x143a4b170	339	0x143a26618	.)Bu
0x143a4b170	0x143a4b177	7	0x14253b6bc	.)Bu
0x143a4b177	0x143a4b544	973	0x142d83160	.)Bu
0x143a4b544	0x143a4b54c	8	0x142559fd4	.)Bu
0x143a4b54c	0x143a4b554	8	0x142575e3c	.)Bu
0x143a4b554	0x143a4b58a	54	0x14253cc6c	.)Bu
0x143f55201	0x143f5520c	11	0x143a2df20	.)Bu
0x143f5520c	0x143f55411	517	0x143a31728	.)Bu
