ms,epoch,path,bytes
54,1790374628430,HpDrvPre.sys,19128
54,1790374628461,CAPTURED_HpDrvPre.sys,19128
54,1790374628461,HpDrvTestDrv.sys,19128
54,1790374628461,SYS32_Hardware,900
54,1790374628477,SYS32_Hardware.exe,32671232
54,1790374628477,SYS32_Hardware.ini,363
652,1790374628992,HpDrvPre.sys,19128
652,1790374628992,HpDrvTestDrv.sys,19128
652,1790374628992,SYS32_Hardware,900
652,1790374629008,SYS32_Hardware.exe,32671232
652,1790374629008,SYS32_Hardware.ini,363
1183,1790374629523,HpDrvPre.sys,19128
1183,1790374629523,HpDrvTestDrv.sys,19128
1183,1790374629523,SYS32_Hardware,900
1183,1790374629539,SYS32_Hardware.exe,32671232
1183,1790374629539,SYS32_Hardware.ini,363
1698,1790374630039,HpDrvPre.sys,19128
1698,1790374630039,HpDrvTestDrv.sys,19128
1698,1790374630055,SYS32_Hardware,900
1698,1790374630055,SYS32_Hardware.exe,32671232
1698,1790374630055,SYS32_Hardware.ini,363
2229,1790374630570,HpDrvPre.sys,19128
2229,1790374630570,HpDrvTestDrv.sys,19128
2229,1790374630570,SYS32_Hardware,900
2229,1790374630586,SYS32_Hardware.exe,32671232
2229,1790374630586,SYS32_Hardware.ini,363
2760,1790374631102,HpDrvPre.sys,19128
2760,1790374631102,HpDrvTestDrv.sys,19128
2760,1790374631117,SYS32_Hardware,900
2760,1790374631117,SYS32_Hardware.exe,32671232
2760,1790374631117,SYS32_Hardware.ini,363
3291,1790374631633,HpDrvPre.sys,19128
3291,1790374631633,HpDrvTestDrv.sys,19128
3291,1790374631633,SYS32_Hardware,900
3291,1790374631633,SYS32_Hardware.exe,32671232
3291,1790374631648,SYS32_Hardware.ini,363
3807,1790374632148,HpDrvPre.sys,19128
3807,1790374632148,HpDrvTestDrv.sys,19128
3807,1790374632148,SYS32_Hardware,900
3807,1790374632164,SYS32_Hardware.exe,32671232
3807,1790374632164,SYS32_Hardware.ini,363
4338,1790374632680,HpDrvPre.sys,19128
4338,1790374632680,HpDrvTestDrv.sys,19128
4338,1790374632680,SYS32_Hardware,900
4338,1790374632695,SYS32_Hardware.exe,32671232
4338,1790374632695,SYS32_Hardware.ini,363
4870,1790374633211,HpDrvPre.sys,19128
4870,1790374633211,HpDrvTestDrv.sys,19128
4870,1790374633211,SYS32_Hardware,900
4870,1790374633227,SYS32_Hardware.exe,32671232
4870,1790374633242,SYS32_Hardware.ini,363
5401,1790374633742,HpDrvPre.sys,19128
5401,1790374633742,HpDrvTestDrv.sys,19128
5401,1790374633742,SYS32_Hardware,900
5401,1790374633758,SYS32_Hardware.exe,32671232
5401,1790374633758,SYS32_Hardware.ini,363
5917,1790374634258,HpDrvPre.sys,19128
5917,1790374634258,HpDrvTestDrv.sys,19128
5917,1790374634258,SYS32_Hardware,900
5917,1790374634273,SYS32_Hardware.exe,32671232
5917,1790374634273,SYS32_Hardware.ini,363
6433,1790374634773,HpDrvPre.sys,19128
6433,1790374634773,HpDrvTestDrv.sys,19128
6433,1790374634789,SYS32_Hardware,900
6433,1790374634805,SYS32_Hardware.exe,32671232
6433,1790374634805,SYS32_Hardware.ini,363
6979,1790374635320,HpDrvPre.sys,19128
6979,1790374635320,HpDrvTestDrv.sys,19128
6979,1790374635320,SYS32_Hardware,900
6979,1790374635320,SYS32_Hardware.exe,32671232
6979,1790374635336,SYS32_Hardware.ini,363
7495,1790374635836,HpDrvPre.sys,19128
7495,1790374635836,HpDrvTestDrv.sys,19128
7495,1790374635836,SYS32_Hardware,900
7495,1790374635852,SYS32_Hardware.exe,32671232
7495,1790374635852,SYS32_Hardware.ini,363
8010,1790374636352,HpDrvPre.sys,19128
8010,1790374636352,HpDrvTestDrv.sys,19128
8010,1790374636352,SYS32_Hardware,900
8010,1790374636367,SYS32_Hardware.exe,32671232
8010,1790374636383,SYS32_Hardware.ini,363
8558,1790374636899,HpDrvPre.sys,19128
8558,1790374636899,HpDrvTestDrv.sys,19128
8558,1790374636914,SYS32_Hardware,900
8558,1790374636914,SYS32_Hardware.exe,32671232
8558,1790374636914,SYS32_Hardware.ini,363
9088,1790374637430,HpDrvPre.sys,19128
9088,1790374637430,HpDrvTestDrv.sys,19128
9088,1790374637430,SYS32_Hardware,900
9088,1790374637445,SYS32_Hardware.exe,32671232
9088,1790374637445,SYS32_Hardware.ini,363
9604,1790374637945,HpDrvPre.sys,19128
9604,1790374637945,HpDrvTestDrv.sys,19128
9604,1790374637945,SYS32_Hardware,900
9604,1790374637945,SYS32_Hardware.exe,32671232
9604,1790374637961,SYS32_Hardware.ini,363
10135,1790374638476,HpDrvPre.sys,19128
10135,1790374638476,HpDrvTestDrv.sys,19128
10135,1790374638476,SYS32_Hardware,900
10135,1790374638492,SYS32_Hardware.exe,32671232
10135,1790374638492,SYS32_Hardware.ini,363
10666,1790374639008,HpDrvPre.sys,19128
10666,1790374639008,HpDrvTestDrv.sys,19128
10666,1790374639008,SYS32_Hardware,900
10666,1790374639023,SYS32_Hardware.exe,32671232
10666,1790374639023,SYS32_Hardware.ini,363
11198,1790374639539,HpDrvPre.sys,19128
11198,1790374639539,HpDrvTestDrv.sys,19128
11198,1790374639539,SYS32_Hardware,900
11198,1790374639555,SYS32_Hardware.exe,32671232
11198,1790374639555,SYS32_Hardware.ini,363
11713,1790374640055,HpDrvPre.sys,19128
11713,1790374640055,HpDrvTestDrv.sys,19128
11713,1790374640055,SYS32_Hardware,900
11713,1790374640055,SYS32_Hardware.exe,32671232
11713,1790374640070,SYS32_Hardware.ini,363
12245,1790374640586,HpDrvPre.sys,19128
12245,1790374640586,HpDrvTestDrv.sys,19128
12245,1790374640586,SYS32_Hardware,900
12245,1790374640602,SYS32_Hardware.exe,32671232
12245,1790374640602,SYS32_Hardware.ini,363
12777,1790374641117,HpDrvPre.sys,19128
12777,1790374641117,HpDrvTestDrv.sys,19128
12777,1790374641117,SYS32_Hardware,900
12777,1790374641133,SYS32_Hardware.exe,32671232
12777,1790374641133,SYS32_Hardware.ini,363
13291,1790374641633,HpDrvPre.sys,19128
13291,1790374641633,HpDrvTestDrv.sys,19128
13291,1790374641633,SYS32_Hardware,900
13291,1790374641648,SYS32_Hardware.exe,32671232
13291,1790374641648,SYS32_Hardware.ini,363
13822,1790374642164,HpDrvPre.sys,19128
13822,1790374642164,HpDrvTestDrv.sys,19128
13822,1790374642164,SYS32_Hardware,900
13822,1790374642164,SYS32_Hardware.exe,32671232
13822,1790374642180,SYS32_Hardware.ini,363
14338,1790374642680,HpDrvPre.sys,19128
14338,1790374642680,HpDrvTestDrv.sys,19128
14338,1790374642680,SYS32_Hardware,900
14338,1790374642680,SYS32_Hardware.exe,32671232
14338,1790374642695,SYS32_Hardware.ini,363
14885,1790374643227,HpDrvPre.sys,19128
14885,1790374643227,HpDrvTestDrv.sys,19128
14885,1790374643227,SYS32_Hardware,900
14885,1790374643227,SYS32_Hardware.exe,32671232
14885,1790374643242,SYS32_Hardware.ini,363
15416,1790374643758,HpDrvPre.sys,19128
15416,1790374643758,HpDrvTestDrv.sys,19128
15416,1790374643773,SYS32_Hardware,900
15416,1790374643773,SYS32_Hardware.exe,32671232
15416,1790374643773,SYS32_Hardware.ini,363
15948,1790374644289,HpDrvPre.sys,19128
15948,1790374644289,HpDrvTestDrv.sys,19128
15948,1790374644305,SYS32_Hardware,900
15948,1790374644305,SYS32_Hardware.exe,32671232
15948,1790374644305,SYS32_Hardware.ini,363
16479,1790374644820,HpDrvPre.sys,19128
16479,1790374644820,HpDrvTestDrv.sys,19128
16479,1790374644820,SYS32_Hardware,900
16479,1790374644820,SYS32_Hardware.exe,32671232
16479,1790374644836,SYS32_Hardware.ini,363
17010,1790374645352,HpDrvPre.sys,19128
17010,1790374645352,HpDrvTestDrv.sys,19128
17010,1790374645352,SYS32_Hardware,900
17010,1790374645367,SYS32_Hardware.exe,32671232
17010,1790374645367,SYS32_Hardware.ini,363
17542,1790374645883,HpDrvPre.sys,19128
17542,1790374645883,HpDrvTestDrv.sys,19128
17542,1790374645883,SYS32_Hardware,900
17542,1790374645898,SYS32_Hardware.exe,32671232
17542,1790374645898,SYS32_Hardware.ini,363
18057,1790374646398,HpDrvPre.sys,19128
18057,1790374646398,HpDrvTestDrv.sys,19128
18057,1790374646398,SYS32_Hardware,900
18057,1790374646414,SYS32_Hardware.exe,32671232
18057,1790374646414,SYS32_Hardware.ini,363
18588,1790374646930,HpDrvPre.sys,19128
18588,1790374646930,HpDrvTestDrv.sys,19128
18588,1790374646930,SYS32_Hardware,900
18588,1790374646945,SYS32_Hardware.exe,32671232
18588,1790374646945,SYS32_Hardware.ini,363
19119,1790374647461,HpDrvPre.sys,19128
19119,1790374647461,HpDrvTestDrv.sys,19128
19119,1790374647477,SYS32_Hardware,900
19119,1790374647477,SYS32_Hardware.exe,32671232
19119,1790374647492,SYS32_Hardware.ini,363
19688,1790374648023,HpDrvPre.sys,19128
19688,1790374648039,HpDrvTestDrv.sys,19128
19688,1790374648039,SYS32_Hardware,900
19688,1790374648055,SYS32_Hardware.exe,32671232
19688,1790374648055,SYS32_Hardware.ini,363
20229,1790374648570,HpDrvPre.sys,19128
20229,1790374648570,HpDrvTestDrv.sys,19128
20229,1790374648570,SYS32_Hardware,900
20229,1790374648586,SYS32_Hardware.exe,32671232
20229,1790374648586,SYS32_Hardware.ini,363
20776,1790374649117,HpDrvPre.sys,19128
20776,1790374649117,HpDrvTestDrv.sys,19128
20776,1790374649117,SYS32_Hardware,900
20776,1790374649133,SYS32_Hardware.exe,32671232
20776,1790374649133,SYS32_Hardware.ini,363
21307,1790374649648,HpDrvj9eKdw5QNrVh7Yu3kE.sys,0
21307,1790374649648,HpDrvPre.sys,19128
21307,1790374649648,HpDrvTestDrv.sys,19128
21307,1790374649664,SYS32_Hardware,900
21307,1790374649680,SYS32_Hardware.exe,32671232
21307,1790374649680,SYS32_Hardware.ini,363
21839,1790374650180,HpDrvPre.sys,19128
21839,1790374650180,HpDrvTestDrv.sys,19128
21839,1790374650180,SYS32_Hardware,900
21839,1790374650195,SYS32_Hardware.exe,32671232
21839,1790374650211,SYS32_Hardware.ini,363
22370,1790374650711,HpDrvPre.sys,19128
22370,1790374650711,HpDrvTestDrv.sys,19128
22370,1790374650711,SYS32_Hardware,900
22370,1790374650727,SYS32_Hardware.exe,32671232
22370,1790374650727,SYS32_Hardware.ini,363
22917,1790374651258,HpDrvPre.sys,19128
22917,1790374651258,HpDrvTestDrv.sys,19128
22917,1790374651258,SYS32_Hardware,900
22917,1790374651273,SYS32_Hardware.exe,32671232
22917,1790374651273,SYS32_Hardware.ini,363
23432,1790374651773,HpDrvPre.sys,19128
23432,1790374651773,HpDrvTestDrv.sys,19128
23432,1790374651773,SYS32_Hardware,900
23432,1790374651789,SYS32_Hardware.exe,32671232
23432,1790374651805,SYS32_Hardware.ini,363
23963,1790374652305,HpDrvPre.sys,19128
23963,1790374652305,HpDrvTestDrv.sys,19128
23963,1790374652305,SYS32_Hardware,900
23963,1790374652305,SYS32_Hardware.exe,32671232
23963,1790374652320,SYS32_Hardware.ini,363
24479,1790374652820,HpDrvPre.sys,19128
24479,1790374652820,HpDrvTestDrv.sys,19128
24479,1790374652820,SYS32_Hardware,900
24479,1790374652836,SYS32_Hardware.exe,32671232
24479,1790374652836,SYS32_Hardware.ini,363
25010,1790374653352,HpDrvPre.sys,19128
25010,1790374653352,HpDrvTestDrv.sys,19128
25010,1790374653352,SYS32_Hardware,900
25010,1790374653367,SYS32_Hardware.exe,32671232
25010,1790374653367,SYS32_Hardware.ini,363
25541,1790374653883,HpDrvPre.sys,19128
25541,1790374653883,HpDrvTestDrv.sys,19128
25541,1790374653883,SYS32_Hardware,900
25541,1790374653898,SYS32_Hardware.exe,32671232
25541,1790374653898,SYS32_Hardware.ini,363
26088,1790374654430,HpDrvPre.sys,19128
26088,1790374654430,HpDrvTestDrv.sys,19128
26088,1790374654430,SYS32_Hardware,900
26088,1790374654445,SYS32_Hardware.exe,32671232
26088,1790374654445,SYS32_Hardware.ini,363
26620,1790374654961,HpDrvPre.sys,19128
26620,1790374654961,HpDrvTestDrv.sys,19128
26620,1790374654961,SYS32_Hardware,900
26620,1790374654977,SYS32_Hardware.exe,32671232
26620,1790374654977,SYS32_Hardware.ini,363
27135,1790374655477,HpDrvPre.sys,19128
27135,1790374655477,HpDrvTestDrv.sys,19128
27135,1790374655477,SYS32_Hardware,900
27135,1790374655492,SYS32_Hardware.exe,32671232
27135,1790374655492,SYS32_Hardware.ini,363
27651,1790374655992,HpDrvPre.sys,19128
27651,1790374655992,HpDrvTestDrv.sys,19128
27651,1790374655992,SYS32_Hardware,900
27651,1790374656008,SYS32_Hardware.exe,32671232
27651,1790374656008,SYS32_Hardware.ini,363
28177,1790374656519,HpDrvPre.sys,19128
28177,1790374656519,HpDrvTestDrv.sys,19128
28177,1790374656519,SYS32_Hardware,900
28177,1790374656534,SYS32_Hardware.exe,32671232
28177,1790374656534,SYS32_Hardware.ini,363
28709,1790374657050,HpDrvPre.sys,19128
28709,1790374657050,HpDrvTestDrv.sys,19128
28709,1790374657050,SYS32_Hardware,900
28709,1790374657066,SYS32_Hardware.exe,32671232
28709,1790374657066,SYS32_Hardware.ini,363
29225,1790374657566,HpDrvPre.sys,19128
29225,1790374657566,HpDrvTestDrv.sys,19128
29225,1790374657566,SYS32_Hardware,900
29225,1790374657581,SYS32_Hardware.exe,32671232
29225,1790374657581,SYS32_Hardware.ini,363
29741,1790374658081,HpDrvPre.sys,19128
29741,1790374658081,HpDrvTestDrv.sys,19128
29741,1790374658081,SYS32_Hardware,900
29741,1790374658097,SYS32_Hardware.exe,32671232
29741,1790374658097,SYS32_Hardware.ini,363
30256,1790374658597,HpDrvPre.sys,19128
30256,1790374658597,HpDrvTestDrv.sys,19128
30256,1790374658597,SYS32_Hardware,900
30256,1790374658613,SYS32_Hardware.exe,32671232
30256,1790374658613,SYS32_Hardware.ini,363
30787,1790374659129,HpDrvPre.sys,19128
30787,1790374659129,HpDrvTestDrv.sys,19128
30787,1790374659129,SYS32_Hardware,900
30787,1790374659144,SYS32_Hardware.exe,32671232
30787,1790374659144,SYS32_Hardware.ini,363
31304,1790374659645,HpDrvPre.sys,19128
31304,1790374659645,HpDrvTestDrv.sys,19128
31304,1790374659660,SYS32_Hardware,900
31304,1790374659660,SYS32_Hardware.exe,32671232
31304,1790374659660,SYS32_Hardware.ini,363
31835,1790374660176,HpDrvPre.sys,19128
31835,1790374660176,HpDrvTestDrv.sys,19128
31835,1790374660176,SYS32_Hardware,900
31835,1790374660192,SYS32_Hardware.exe,32671232
31835,1790374660192,SYS32_Hardware.ini,363
32350,1790374660692,HpDrvPre.sys,19128
32350,1790374660692,HpDrvTestDrv.sys,19128
32350,1790374660692,SYS32_Hardware,900
32350,1790374660707,SYS32_Hardware.exe,32671232
32350,1790374660707,SYS32_Hardware.ini,363
32882,1790374661223,HpDrvPre.sys,19128
32882,1790374661223,HpDrvTestDrv.sys,19128
32882,1790374661223,SYS32_Hardware,900
32882,1790374661239,SYS32_Hardware.exe,32671232
32882,1790374661239,SYS32_Hardware.ini,363
33397,1790374661739,HpDrvPre.sys,19128
33397,1790374661739,HpDrvTestDrv.sys,19128
33397,1790374661739,SYS32_Hardware,900
33397,1790374661754,SYS32_Hardware.exe,32671232
33397,1790374661754,SYS32_Hardware.ini,363
33929,1790374662270,HpDrvPre.sys,19128
33929,1790374662270,HpDrvTestDrv.sys,19128
33929,1790374662286,SYS32_Hardware,900
33929,1790374662286,SYS32_Hardware.exe,32671232
33929,1790374662286,SYS32_Hardware.ini,363
34460,1790374662802,HpDrvPre.sys,19128
34460,1790374662802,HpDrvTestDrv.sys,19128
34460,1790374662817,SYS32_Hardware,900
34460,1790374662817,SYS32_Hardware.exe,32671232
34460,1790374662832,SYS32_Hardware.ini,363
35007,1790374663348,HpDrvPre.sys,19128
35007,1790374663348,HpDrvTestDrv.sys,19128
35007,1790374663348,SYS32_Hardware,900
35007,1790374663364,SYS32_Hardware.exe,32671232
35007,1790374663364,SYS32_Hardware.ini,363
35523,1790374663864,HpDrvPre.sys,19128
35523,1790374663874,HpDrvTestDrv.sys,19128
35523,1790374663874,SYS32_Hardware,900
35523,1790374663874,SYS32_Hardware.exe,32671232
35523,1790374663890,SYS32_Hardware.ini,363
36062,1790374664403,HpDrvPre.sys,19128
36062,1790374664403,HpDrvTestDrv.sys,19128
36062,1790374664403,SYS32_Hardware,900
36062,1790374664419,SYS32_Hardware.exe,32671232
36062,1790374664419,SYS32_Hardware.ini,363
36593,1790374664935,HpDrvPre.sys,19128
36593,1790374664935,HpDrvTestDrv.sys,19128
36593,1790374664935,SYS32_Hardware,900
36593,1790374664935,SYS32_Hardware.exe,32671232
36593,1790374664950,SYS32_Hardware.ini,363
37109,1790374665450,HpDrvPre.sys,19128
37109,1790374665450,HpDrvTestDrv.sys,19128
37109,1790374665450,SYS32_Hardware,900
37109,1790374665466,SYS32_Hardware.exe,32671232
37109,1790374665466,SYS32_Hardware.ini,363
37624,1790374665966,HpDrvPre.sys,19128
37624,1790374665966,HpDrvTestDrv.sys,19128
37624,1790374665966,SYS32_Hardware,900
37624,1790374665966,SYS32_Hardware.exe,32671232
37624,1790374665982,SYS32_Hardware.ini,363
38140,1790374666482,HpDrvPre.sys,19128
38140,1790374666482,HpDrvTestDrv.sys,19128
38140,1790374666482,SYS32_Hardware,900
38140,1790374666497,SYS32_Hardware.exe,32671232
38140,1790374666497,SYS32_Hardware.ini,363
38672,1790374667013,HpDrvPre.sys,19128
38672,1790374667013,HpDrvTestDrv.sys,19128
38672,1790374667013,SYS32_Hardware,900
38672,1790374667029,SYS32_Hardware.exe,32671232
38672,1790374667029,SYS32_Hardware.ini,363
39187,1790374667529,HpDrvPre.sys,19128
39187,1790374667529,HpDrvTestDrv.sys,19128
39187,1790374667529,SYS32_Hardware,900
39187,1790374667545,SYS32_Hardware.exe,32671232
39187,1790374667545,SYS32_Hardware.ini,363
39704,1790374668045,HpDrvPre.sys,19128
39704,1790374668045,HpDrvTestDrv.sys,19128
39704,1790374668045,SYS32_Hardware,900
39704,1790374668060,SYS32_Hardware.exe,32671232
39704,1790374668060,SYS32_Hardware.ini,363
40219,1790374668560,HpDrvPre.sys,19128
40219,1790374668560,HpDrvTestDrv.sys,19128
40219,1790374668560,SYS32_Hardware,900
40219,1790374668576,SYS32_Hardware.exe,32671232
40219,1790374668576,SYS32_Hardware.ini,363
40766,1790374669108,HpDrvPre.sys,19128
40766,1790374669108,HpDrvTestDrv.sys,19128
40766,1790374669108,SYS32_Hardware,900
40766,1790374669123,SYS32_Hardware.exe,32671232
40766,1790374669123,SYS32_Hardware.ini,363
41282,1790374669623,HpDrvPre.sys,19128
41282,1790374669623,HpDrvTestDrv.sys,19128
41282,1790374669623,SYS32_Hardware,900
41282,1790374669639,SYS32_Hardware.exe,32671232
41282,1790374669639,SYS32_Hardware.ini,363
41798,1790374670139,HpDrvPre.sys,19128
41798,1790374670139,HpDrvTestDrv.sys,19128
41798,1790374670139,SYS32_Hardware,900
41798,1790374670155,SYS32_Hardware.exe,32671232
41798,1790374670155,SYS32_Hardware.ini,363
42329,1790374670670,HpDrvPre.sys,19128
42329,1790374670670,HpDrvTestDrv.sys,19128
42329,1790374670670,SYS32_Hardware,900
42329,1790374670686,SYS32_Hardware.exe,32671232
42329,1790374670686,SYS32_Hardware.ini,363
42876,1790374671217,HpDrvPre.sys,19128
42876,1790374671217,HpDrvTestDrv.sys,19128
42876,1790374671217,SYS32_Hardware,900
42876,1790374671233,SYS32_Hardware.exe,32671232
42876,1790374671233,SYS32_Hardware.ini,363
43392,1790374671733,HpDrvPre.sys,19128
43392,1790374671733,HpDrvTestDrv.sys,19128
43392,1790374671733,SYS32_Hardware,900
43392,1790374671749,SYS32_Hardware.exe,32671232
43392,1790374671749,SYS32_Hardware.ini,363
43917,1790374672258,HpDrvPre.sys,19128
43917,1790374672258,HpDrvTestDrv.sys,19128
43917,1790374672258,SYS32_Hardware,900
43917,1790374672274,SYS32_Hardware.exe,32671232
43917,1790374672274,SYS32_Hardware.ini,363
44444,1790374672786,HpDrvPre.sys,19128
44444,1790374672786,HpDrvTestDrv.sys,19128
44444,1790374672786,SYS32_Hardware,900
44444,1790374672801,SYS32_Hardware.exe,32671232
44444,1790374672801,SYS32_Hardware.ini,363
44976,1790374673317,HpDrvPre.sys,19128
44976,1790374673317,HpDrvTestDrv.sys,19128
44976,1790374673317,SYS32_Hardware,900
44976,1790374673333,SYS32_Hardware.exe,32671232
44976,1790374673333,SYS32_Hardware.ini,363
45501,1790374673842,HpDrvPre.sys,19128
45501,1790374673842,HpDrvTestDrv.sys,19128
45501,1790374673842,SYS32_Hardware,900
45501,1790374673858,SYS32_Hardware.exe,32671232
45501,1790374673858,SYS32_Hardware.ini,363
46031,1790374674372,HpDrvPre.sys,19128
46031,1790374674372,HpDrvTestDrv.sys,19128
46031,1790374674372,SYS32_Hardware,900
46031,1790374674387,SYS32_Hardware.exe,32671232
46031,1790374674387,SYS32_Hardware.ini,363
46562,1790374674904,HpDrvPre.sys,19128
46562,1790374674904,HpDrvTestDrv.sys,19128
46562,1790374674904,SYS32_Hardware,900
46562,1790374674919,SYS32_Hardware.exe,32671232
46562,1790374674919,SYS32_Hardware.ini,363
47104,1790374675446,HpDrvPre.sys,19128
47104,1790374675446,HpDrvTestDrv.sys,19128
47104,1790374675446,SYS32_Hardware,900
47104,1790374675446,SYS32_Hardware.exe,32671232
47104,1790374675461,SYS32_Hardware.ini,363
47620,1790374675961,HpDrvPre.sys,19128
47620,1790374675961,HpDrvTestDrv.sys,19128
47620,1790374675977,SYS32_Hardware,900
47620,1790374675977,SYS32_Hardware.exe,32671232
47620,1790374675993,SYS32_Hardware.ini,363
48164,1790374676505,HpDrvPre.sys,19128
48164,1790374676505,HpDrvTestDrv.sys,19128
48164,1790374676505,SYS32_Hardware,900
48164,1790374676521,SYS32_Hardware.exe,32671232
48164,1790374676521,SYS32_Hardware.ini,363
48710,1790374677052,HpDrvPre.sys,19128
48710,1790374677052,HpDrvTestDrv.sys,19128
48710,1790374677052,SYS32_Hardware,900
48710,1790374677067,SYS32_Hardware.exe,32671232
48710,1790374677067,SYS32_Hardware.ini,363
49227,1790374677568,HpDrvPre.sys,19128
49227,1790374677568,HpDrvTestDrv.sys,19128
49227,1790374677568,SYS32_Hardware,900
49227,1790374677583,SYS32_Hardware.exe,32671232
49227,1790374677583,SYS32_Hardware.ini,363
49742,1790374678083,HpDrvPre.sys,19128
49742,1790374678083,HpDrvTestDrv.sys,19128
49742,1790374678083,SYS32_Hardware,900
49742,1790374678099,SYS32_Hardware.exe,32671232
49742,1790374678099,SYS32_Hardware.ini,363
50261,1790374678602,HpDrvPre.sys,19128
50261,1790374678602,HpDrvTestDrv.sys,19128
50261,1790374678602,SYS32_Hardware,900
50261,1790374678618,SYS32_Hardware.exe,32671232
50261,1790374678618,SYS32_Hardware.ini,363
50796,1790374679137,HpDrvPre.sys,19128
50796,1790374679137,HpDrvTestDrv.sys,19128
50796,1790374679137,SYS32_Hardware,900
50796,1790374679153,SYS32_Hardware.exe,32671232
50796,1790374679153,SYS32_Hardware.ini,363
51323,1790374679664,HpDrvPre.sys,19128
51323,1790374679664,HpDrvTestDrv.sys,19128
51323,1790374679680,SYS32_Hardware,900
51323,1790374679680,SYS32_Hardware.exe,32671232
51323,1790374679696,SYS32_Hardware.ini,363
51855,1790374680196,HpDrvPre.sys,19128
51855,1790374680196,HpDrvTestDrv.sys,19128
51855,1790374680196,SYS32_Hardware,900
51855,1790374680211,SYS32_Hardware.exe,32671232
51855,1790374680211,SYS32_Hardware.ini,363
52370,1790374680712,HpDrvPre.sys,19128
52370,1790374680712,HpDrvTestDrv.sys,19128
52370,1790374680712,SYS32_Hardware,900
52370,1790374680727,SYS32_Hardware.exe,32671232
52370,1790374680727,SYS32_Hardware.ini,363
52902,1790374681243,HpDrvPre.sys,19128
52902,1790374681243,HpDrvTestDrv.sys,19128
52902,1790374681243,SYS32_Hardware,900
52902,1790374681259,SYS32_Hardware.exe,32671232
52902,1790374681259,SYS32_Hardware.ini,363
53418,1790374681759,HpDrvPre.sys,19128
53418,1790374681759,HpDrvTestDrv.sys,19128
53418,1790374681759,SYS32_Hardware,900
53418,1790374681775,SYS32_Hardware.exe,32671232
53418,1790374681775,SYS32_Hardware.ini,363
53933,1790374682275,HpDrvPre.sys,19128
53933,1790374682275,HpDrvTestDrv.sys,19128
53933,1790374682275,SYS32_Hardware,900
53933,1790374682290,SYS32_Hardware.exe,32671232
53933,1790374682290,SYS32_Hardware.ini,363
54465,1790374682806,HpDrvPre.sys,19128
54465,1790374682806,HpDrvTestDrv.sys,19128
54465,1790374682806,SYS32_Hardware,900
54465,1790374682822,SYS32_Hardware.exe,32671232
54465,1790374682822,SYS32_Hardware.ini,363
54996,1790374683338,HpDrvPre.sys,19128
54996,1790374683338,HpDrvTestDrv.sys,19128
54996,1790374683338,SYS32_Hardware,900
54996,1790374683353,SYS32_Hardware.exe,32671232
54996,1790374683353,SYS32_Hardware.ini,363
55512,1790374683853,HpDrvPre.sys,19128
55512,1790374683853,HpDrvTestDrv.sys,19128
55512,1790374683853,SYS32_Hardware,900
55512,1790374683869,SYS32_Hardware.exe,32671232
55512,1790374683869,SYS32_Hardware.ini,363
56031,1790374684372,HpDrvPre.sys,19128
56031,1790374684372,HpDrvTestDrv.sys,19128
56031,1790374684372,SYS32_Hardware,900
56031,1790374684388,SYS32_Hardware.exe,32671232
56031,1790374684388,SYS32_Hardware.ini,363
56562,1790374684903,HpDrvPre.sys,19128
56562,1790374684903,HpDrvTestDrv.sys,19128
56562,1790374684903,SYS32_Hardware,900
56562,1790374684919,SYS32_Hardware.exe,32671232
56562,1790374684919,SYS32_Hardware.ini,363
57109,1790374685450,HpDrvPre.sys,19128
57109,1790374685450,HpDrvTestDrv.sys,19128
57109,1790374685450,SYS32_Hardware,900
57109,1790374685466,SYS32_Hardware.exe,32671232
57109,1790374685466,SYS32_Hardware.ini,363
57634,1790374685975,HpDrvPre.sys,19128
57634,1790374685975,HpDrvTestDrv.sys,19128
57634,1790374685991,SYS32_Hardware,900
57634,1790374685991,SYS32_Hardware.exe,32671232
57634,1790374685991,SYS32_Hardware.ini,363
58176,1790374686518,HpDrvPre.sys,19128
58176,1790374686518,HpDrvTestDrv.sys,19128
58176,1790374686518,SYS32_Hardware,900
58176,1790374686533,SYS32_Hardware.exe,32671232
58176,1790374686533,SYS32_Hardware.ini,363
58712,1790374687053,HpDrvPre.sys,19128
58712,1790374687053,HpDrvTestDrv.sys,19128
58712,1790374687053,SYS32_Hardware,900
58712,1790374687069,SYS32_Hardware.exe,32671232
58712,1790374687069,SYS32_Hardware.ini,363
59243,1790374687584,HpDrvPre.sys,19128
59243,1790374687584,HpDrvTestDrv.sys,19128
59243,1790374687584,SYS32_Hardware,900
59243,1790374687600,SYS32_Hardware.exe,32671232
59243,1790374687600,SYS32_Hardware.ini,363
59759,1790374688100,HpDrvPre.sys,19128
59759,1790374688100,HpDrvTestDrv.sys,19128
59759,1790374688100,SYS32_Hardware,900
59759,1790374688100,SYS32_Hardware.exe,32671232
59759,1790374688116,SYS32_Hardware.ini,363
60275,1790374688617,HpDrvPre.sys,19128
60275,1790374688617,HpDrvTestDrv.sys,19128
60275,1790374688617,SYS32_Hardware,900
60275,1790374688632,SYS32_Hardware.exe,32671232
60275,1790374688632,SYS32_Hardware.ini,363
60806,1790374689148,HpDrvPre.sys,19128
60806,1790374689148,HpDrvTestDrv.sys,19128
60806,1790374689148,SYS32_Hardware,900
60806,1790374689148,SYS32_Hardware.exe,32671232
60806,1790374689164,SYS32_Hardware.ini,363
61332,1790374689673,HpDrvPre.sys,19128
61332,1790374689673,HpDrvTestDrv.sys,19128
61332,1790374689689,SYS32_Hardware,900
61332,1790374689689,SYS32_Hardware.exe,32671232
61332,1790374689689,SYS32_Hardware.ini,363
61863,1790374690205,HpDrvPre.sys,19128
61863,1790374690205,HpDrvTestDrv.sys,19128
61863,1790374690205,SYS32_Hardware,900
61863,1790374690220,SYS32_Hardware.exe,32671232
61863,1790374690220,SYS32_Hardware.ini,363
62379,1790374690721,HpDrvPre.sys,19128
62379,1790374690721,HpDrvTestDrv.sys,19128
62379,1790374690721,SYS32_Hardware,900
62379,1790374690736,SYS32_Hardware.exe,32671232
62379,1790374690736,SYS32_Hardware.ini,363
62911,1790374691252,HpDrvPre.sys,19128
62911,1790374691252,HpDrvTestDrv.sys,19128
62911,1790374691252,SYS32_Hardware,900
62911,1790374691268,SYS32_Hardware.exe,32671232
62911,1790374691268,SYS32_Hardware.ini,363
63426,1790374691768,HpDrvPre.sys,19128
63426,1790374691768,HpDrvTestDrv.sys,19128
63426,1790374691768,SYS32_Hardware,900
63426,1790374691783,SYS32_Hardware.exe,32671232
63426,1790374691783,SYS32_Hardware.ini,363
63944,1790374692285,HpDrvPre.sys,19128
63944,1790374692285,HpDrvTestDrv.sys,19128
63944,1790374692285,SYS32_Hardware,900
63944,1790374692301,SYS32_Hardware.exe,32671232
63944,1790374692301,SYS32_Hardware.ini,363
64460,1790374692801,HpDrvPre.sys,19128
64460,1790374692801,HpDrvTestDrv.sys,19128
64460,1790374692801,SYS32_Hardware,900
64460,1790374692817,SYS32_Hardware.exe,32671232
64460,1790374692817,SYS32_Hardware.ini,363
64991,1790374693333,HpDrvPre.sys,19128
64991,1790374693333,HpDrvTestDrv.sys,19128
64991,1790374693333,SYS32_Hardware,900
64991,1790374693348,SYS32_Hardware.exe,32671232
64991,1790374693348,SYS32_Hardware.ini,363
65523,1790374693864,HpDrvPre.sys,19128
65523,1790374693864,HpDrvTestDrv.sys,19128
65523,1790374693864,SYS32_Hardware,900
65523,1790374693880,SYS32_Hardware.exe,32671232
65523,1790374693880,SYS32_Hardware.ini,363
66039,1790374694380,HpDrvPre.sys,19128
66039,1790374694380,HpDrvTestDrv.sys,19128
66039,1790374694380,SYS32_Hardware,900
66039,1790374694396,SYS32_Hardware.exe,32671232
66039,1790374694396,SYS32_Hardware.ini,363
66575,1790374694917,HpDrvPre.sys,19128
66575,1790374694917,HpDrvTestDrv.sys,19128
66575,1790374694917,SYS32_Hardware,900
66575,1790374694932,SYS32_Hardware.exe,32671232
66575,1790374694932,SYS32_Hardware.ini,363
67091,1790374695432,HpDrvPre.sys,19128
67091,1790374695432,HpDrvTestDrv.sys,19128
67091,1790374695432,SYS32_Hardware,900
67091,1790374695448,SYS32_Hardware.exe,32671232
67091,1790374695448,SYS32_Hardware.ini,363
67607,1790374695948,HpDrvPre.sys,19128
67607,1790374695948,HpDrvTestDrv.sys,19128
67607,1790374695948,SYS32_Hardware,900
67607,1790374695964,SYS32_Hardware.exe,32671232
67607,1790374695964,SYS32_Hardware.ini,363
68139,1790374696480,HpDrvPre.sys,19128
68139,1790374696480,HpDrvTestDrv.sys,19128
68139,1790374696480,SYS32_Hardware,900
68139,1790374696496,SYS32_Hardware.exe,32671232
68139,1790374696496,SYS32_Hardware.ini,363
68670,1790374697011,HpDrvPre.sys,19128
68670,1790374697011,HpDrvTestDrv.sys,19128
68670,1790374697011,SYS32_Hardware,900
68670,1790374697027,SYS32_Hardware.exe,32671232
68670,1790374697027,SYS32_Hardware.ini,363
69186,1790374697527,HpDrvPre.sys,19128
69186,1790374697527,HpDrvTestDrv.sys,19128
69186,1790374697527,SYS32_Hardware,900
69186,1790374697543,SYS32_Hardware.exe,32671232
69186,1790374697543,SYS32_Hardware.ini,363
69701,1790374698043,HpDrvPre.sys,19128
69701,1790374698043,HpDrvTestDrv.sys,19128
69701,1790374698043,SYS32_Hardware,900
69701,1790374698058,SYS32_Hardware.exe,32671232
69701,1790374698058,SYS32_Hardware.ini,363
70218,1790374698558,HpDrvPre.sys,19128
70218,1790374698558,HpDrvTestDrv.sys,19128
70218,1790374698558,SYS32_Hardware,900
70218,1790374698574,SYS32_Hardware.exe,32671232
70218,1790374698574,SYS32_Hardware.ini,363
70749,1790374699090,HpDrvPre.sys,19128
70749,1790374699090,HpDrvTestDrv.sys,19128
70749,1790374699090,SYS32_Hardware,900
70749,1790374699105,SYS32_Hardware.exe,32671232
70749,1790374699105,SYS32_Hardware.ini,363
71280,1790374699621,HpDrvPre.sys,19128
71280,1790374699621,HpDrvTestDrv.sys,19128
71280,1790374699621,SYS32_Hardware,900
71280,1790374699637,SYS32_Hardware.exe,32671232
71280,1790374699637,SYS32_Hardware.ini,363
71805,1790374700147,HpDrvPre.sys,19128
71805,1790374700147,HpDrvTestDrv.sys,19128
71805,1790374700147,SYS32_Hardware,900
71805,1790374700162,SYS32_Hardware.exe,32671232
71805,1790374700162,SYS32_Hardware.ini,363
72321,1790374700662,HpDrvPre.sys,19128
72321,1790374700672,HpDrvTestDrv.sys,19128
72321,1790374700672,SYS32_Hardware,900
72321,1790374700688,SYS32_Hardware.exe,32671232
72321,1790374700688,SYS32_Hardware.ini,363
72863,1790374701204,HpDrvPre.sys,19128
72863,1790374701204,HpDrvTestDrv.sys,19128
72863,1790374701204,SYS32_Hardware,900
72863,1790374701219,SYS32_Hardware.exe,32671232
72863,1790374701219,SYS32_Hardware.ini,363
73394,1790374701735,HpDrvPre.sys,19128
73394,1790374701735,HpDrvTestDrv.sys,19128
73394,1790374701735,SYS32_Hardware,900
73394,1790374701751,SYS32_Hardware.exe,32671232
73394,1790374701751,SYS32_Hardware.ini,363
73917,1790374702259,HpDrvPre.sys,19128
73917,1790374702259,HpDrvTestDrv.sys,19128
73917,1790374702259,SYS32_Hardware,900
73917,1790374702275,SYS32_Hardware.exe,32671232
73917,1790374702275,SYS32_Hardware.ini,363
74433,1790374702775,HpDrvPre.sys,19128
74433,1790374702775,HpDrvTestDrv.sys,19128
74433,1790374702798,SYS32_Hardware,900
74433,1790374702798,SYS32_Hardware.exe,32671232
74433,1790374702798,SYS32_Hardware.ini,363
74972,1790374703313,HpDrvPre.sys,19128
74972,1790374703313,HpDrvTestDrv.sys,19128
74972,1790374703313,SYS32_Hardware,900
74972,1790374703313,SYS32_Hardware.exe,32671232
74972,1790374703329,SYS32_Hardware.ini,363
75488,1790374703829,HpDrvPre.sys,19128
75488,1790374703829,HpDrvTestDrv.sys,19128
75488,1790374703829,SYS32_Hardware,900
75488,1790374703845,SYS32_Hardware.exe,32671232
75488,1790374703845,SYS32_Hardware.ini,363
76033,1790374704375,HpDrvPre.sys,19128
76033,1790374704375,HpDrvTestDrv.sys,19128
76033,1790374704375,SYS32_Hardware,900
76033,1790374704390,SYS32_Hardware.exe,32671232
76033,1790374704390,SYS32_Hardware.ini,363
76572,1790374704913,HpDrvPre.sys,19128
76572,1790374704913,HpDrvTestDrv.sys,19128
76572,1790374704913,SYS32_Hardware,900
76572,1790374704929,SYS32_Hardware.exe,32671232
76572,1790374704929,SYS32_Hardware.ini,363
77103,1790374705444,HpDrvPre.sys,19128
77103,1790374705444,HpDrvTestDrv.sys,19128
77103,1790374705444,SYS32_Hardware,900
77103,1790374705460,SYS32_Hardware.exe,32671232
77103,1790374705460,SYS32_Hardware.ini,363
77634,1790374705976,HpDrvPre.sys,19128
77634,1790374705976,HpDrvTestDrv.sys,19128
77634,1790374705976,SYS32_Hardware,900
77634,1790374705991,SYS32_Hardware.exe,32671232
77634,1790374705991,SYS32_Hardware.ini,363
78176,1790374706518,HpDrvPre.sys,19128
78176,1790374706518,HpDrvTestDrv.sys,19128
78176,1790374706518,SYS32_Hardware,900
78176,1790374706534,SYS32_Hardware.exe,32671232
78176,1790374706534,SYS32_Hardware.ini,363
78708,1790374707049,HpDrvPre.sys,19128
78708,1790374707049,HpDrvTestDrv.sys,19128
78708,1790374707049,SYS32_Hardware,900
78708,1790374707065,SYS32_Hardware.exe,32671232
78708,1790374707065,SYS32_Hardware.ini,363
79241,1790374707581,HpDrvPre.sys,19128
79241,1790374707581,HpDrvTestDrv.sys,19128
79241,1790374707581,SYS32_Hardware,900
79241,1790374707596,SYS32_Hardware.exe,32671232
79241,1790374707596,SYS32_Hardware.ini,363
79778,1790374708119,HpDrvPre.sys,19128
79778,1790374708119,HpDrvTestDrv.sys,19128
79778,1790374708119,SYS32_Hardware,900
79778,1790374708135,SYS32_Hardware.exe,32671232
79778,1790374708135,SYS32_Hardware.ini,363
80294,1790374708635,HpDrvPre.sys,19128
80294,1790374708635,HpDrvTestDrv.sys,19128
80294,1790374708635,SYS32_Hardware,900
80294,1790374708651,SYS32_Hardware.exe,32671232
80294,1790374708651,SYS32_Hardware.ini,363
80825,1790374709166,HpDrvPre.sys,19128
80825,1790374709166,HpDrvTestDrv.sys,19128
80825,1790374709166,SYS32_Hardware,900
80825,1790374709182,SYS32_Hardware.exe,32671232
80825,1790374709182,SYS32_Hardware.ini,363
81351,1790374709692,HpDrvPre.sys,19128
81351,1790374709692,HpDrvTestDrv.sys,19128
81351,1790374709708,SYS32_Hardware,900
81351,1790374709708,SYS32_Hardware.exe,32671232
81351,1790374709723,SYS32_Hardware.ini,363
81882,1790374710224,HpDrvPre.sys,19128
81882,1790374710224,HpDrvTestDrv.sys,19128
81882,1790374710224,SYS32_Hardware,900
81882,1790374710239,SYS32_Hardware.exe,32671232
81882,1790374710239,SYS32_Hardware.ini,363
82398,1790374710739,HpDrvPre.sys,19128
82398,1790374710739,HpDrvTestDrv.sys,19128
82398,1790374710739,SYS32_Hardware,900
82398,1790374710755,SYS32_Hardware.exe,32671232
82398,1790374710755,SYS32_Hardware.ini,363
82930,1790374711270,HpDrvPre.sys,19128
82930,1790374711270,HpDrvTestDrv.sys,19128
82930,1790374711270,SYS32_Hardware,900
82930,1790374711286,SYS32_Hardware.exe,32671232
82930,1790374711286,SYS32_Hardware.ini,363
83445,1790374711786,HpDrvPre.sys,19128
83445,1790374711786,HpDrvTestDrv.sys,19128
83445,1790374711786,SYS32_Hardware,900
83445,1790374711802,SYS32_Hardware.exe,32671232
83445,1790374711802,SYS32_Hardware.ini,363
83977,1790374712318,HpDrvPre.sys,19128
83977,1790374712318,HpDrvTestDrv.sys,19128
83977,1790374712318,SYS32_Hardware,900
83977,1790374712333,SYS32_Hardware.exe,32671232
83977,1790374712333,SYS32_Hardware.ini,363
84508,1790374712849,HpDrvPre.sys,19128
84508,1790374712849,HpDrvTestDrv.sys,19128
84508,1790374712849,SYS32_Hardware,900
84508,1790374712865,SYS32_Hardware.exe,32671232
84508,1790374712865,SYS32_Hardware.ini,363
85052,1790374713393,HpDrvPre.sys,19128
85052,1790374713393,HpDrvTestDrv.sys,19128
85052,1790374713393,SYS32_Hardware,900
85052,1790374713409,SYS32_Hardware.exe,32671232
85052,1790374713409,SYS32_Hardware.ini,363
85586,1790374713928,HpDrvPre.sys,19128
85586,1790374713928,HpDrvTestDrv.sys,19128
85586,1790374713928,SYS32_Hardware,900
85586,1790374713944,SYS32_Hardware.exe,32671232
85586,1790374713944,SYS32_Hardware.ini,363
86102,1790374714444,HpDrvPre.sys,19128
86102,1790374714444,HpDrvTestDrv.sys,19128
86102,1790374714444,SYS32_Hardware,900
86102,1790374714459,SYS32_Hardware.exe,32671232
86102,1790374714459,SYS32_Hardware.ini,363
86636,1790374714977,HpDrvPre.sys,19128
86636,1790374714977,HpDrvTestDrv.sys,19128
86636,1790374714977,SYS32_Hardware,900
86636,1790374714993,SYS32_Hardware.exe,32671232
86636,1790374714993,SYS32_Hardware.ini,363
87177,1790374715518,HpDrvPre.sys,19128
87177,1790374715518,HpDrvTestDrv.sys,19128
87177,1790374715518,SYS32_Hardware,900
87177,1790374715534,SYS32_Hardware.exe,32671232
87177,1790374715534,SYS32_Hardware.ini,363
87708,1790374716050,HpDrvPre.sys,19128
87708,1790374716050,HpDrvTestDrv.sys,19128
87708,1790374716050,SYS32_Hardware,900
87708,1790374716065,SYS32_Hardware.exe,32671232
87708,1790374716065,SYS32_Hardware.ini,363
88240,1790374716581,HpDrvPre.sys,19128
88240,1790374716581,HpDrvTestDrv.sys,19128
88240,1790374716581,SYS32_Hardware,900
88240,1790374716597,SYS32_Hardware.exe,32671232
88240,1790374716597,SYS32_Hardware.ini,363
88771,1790374717112,HpDrvPre.sys,19128
88771,1790374717112,HpDrvTestDrv.sys,19128
88771,1790374717112,SYS32_Hardware,900
88771,1790374717128,SYS32_Hardware.exe,32671232
88771,1790374717128,SYS32_Hardware.ini,363
89317,1790374717658,HpDrvPre.sys,19128
89317,1790374717658,HpDrvTestDrv.sys,19128
89317,1790374717658,SYS32_Hardware,900
89317,1790374717673,SYS32_Hardware.exe,32671232
89317,1790374717673,SYS32_Hardware.ini,363
89850,1790374718192,HpDrvPre.sys,19128
89850,1790374718192,HpDrvTestDrv.sys,19128
89850,1790374718192,SYS32_Hardware,900
89850,1790374718207,SYS32_Hardware.exe,32671232
89850,1790374718207,SYS32_Hardware.ini,363
90382,1790374718723,HpDrvPre.sys,19128
90382,1790374718723,HpDrvTestDrv.sys,19128
90382,1790374718739,SYS32_Hardware,900
90382,1790374718739,SYS32_Hardware.exe,32671232
90382,1790374718739,SYS32_Hardware.ini,363
90913,1790374719254,HpDrvPre.sys,19128
90913,1790374719254,HpDrvTestDrv.sys,19128
90913,1790374719254,SYS32_Hardware,900
90913,1790374719270,SYS32_Hardware.exe,32671232
90913,1790374719270,SYS32_Hardware.ini,363
91444,1790374719786,HpDrvPre.sys,19128
91444,1790374719786,HpDrvTestDrv.sys,19128
91444,1790374719786,SYS32_Hardware,900
91444,1790374719801,SYS32_Hardware.exe,32671232
91444,1790374719801,SYS32_Hardware.ini,363
91976,1790374720317,HpDrvPre.sys,19128
91976,1790374720317,HpDrvTestDrv.sys,19128
91976,1790374720317,SYS32_Hardware,900
91976,1790374720333,SYS32_Hardware.exe,32671232
91976,1790374720333,SYS32_Hardware.ini,363
92508,1790374720849,HpDrvPre.sys,19128
92508,1790374720849,HpDrvTestDrv.sys,19128
92508,1790374720849,SYS32_Hardware,900
92508,1790374720865,SYS32_Hardware.exe,32671232
92508,1790374720865,SYS32_Hardware.ini,363
93039,1790374721380,HpDrvPre.sys,19128
93039,1790374721380,HpDrvTestDrv.sys,19128
93039,1790374721380,SYS32_Hardware,900
93039,1790374721396,SYS32_Hardware.exe,32671232
93039,1790374721396,SYS32_Hardware.ini,363
93571,1790374721912,HpDrvPre.sys,19128
93571,1790374721912,HpDrvTestDrv.sys,19128
93571,1790374721912,SYS32_Hardware,900
93571,1790374721928,SYS32_Hardware.exe,32671232
93571,1790374721928,SYS32_Hardware.ini,363
94086,1790374722428,HpDrvPre.sys,19128
94086,1790374722428,HpDrvTestDrv.sys,19128
94086,1790374722428,SYS32_Hardware,900
94086,1790374722444,SYS32_Hardware.exe,32671232
94086,1790374722444,SYS32_Hardware.ini,363
94618,1790374722959,HpDrvPre.sys,19128
94618,1790374722959,HpDrvTestDrv.sys,19128
94618,1790374722959,SYS32_Hardware,900
94618,1790374722975,SYS32_Hardware.exe,32671232
94618,1790374722975,SYS32_Hardware.ini,363
95149,1790374723491,HpDrvPre.sys,19128
95149,1790374723491,HpDrvTestDrv.sys,19128
95149,1790374723491,SYS32_Hardware,900
95149,1790374723491,SYS32_Hardware.exe,32671232
95149,1790374723506,SYS32_Hardware.ini,363
95665,1790374724006,HpDrvPre.sys,19128
95665,1790374724006,HpDrvTestDrv.sys,19128
95665,1790374724006,SYS32_Hardware,900
95665,1790374724022,SYS32_Hardware.exe,32671232
95665,1790374724022,SYS32_Hardware.ini,363
96195,1790374724537,HpDrvPre.sys,19128
96195,1790374724537,HpDrvTestDrv.sys,19128
96195,1790374724537,SYS32_Hardware,900
96195,1790374724553,SYS32_Hardware.exe,32671232
96195,1790374724553,SYS32_Hardware.ini,363
96728,1790374725069,HpDrvPre.sys,19128
96728,1790374725069,HpDrvTestDrv.sys,19128
96728,1790374725069,SYS32_Hardware,900
96728,1790374725085,SYS32_Hardware.exe,32671232
96728,1790374725085,SYS32_Hardware.ini,363
97246,1790374725588,HpDrvPre.sys,19128
97246,1790374725588,HpDrvTestDrv.sys,19128
97246,1790374725588,SYS32_Hardware,900
97246,1790374725603,SYS32_Hardware.exe,32671232
97246,1790374725603,SYS32_Hardware.ini,363
97762,1790374726104,HpDrvPre.sys,19128
97762,1790374726104,HpDrvTestDrv.sys,19128
97762,1790374726104,SYS32_Hardware,900
97762,1790374726119,SYS32_Hardware.exe,32671232
97762,1790374726119,SYS32_Hardware.ini,363
98304,1790374726645,HpDrvPre.sys,19128
98304,1790374726645,HpDrvTestDrv.sys,19128
98304,1790374726645,SYS32_Hardware,900
98304,1790374726660,SYS32_Hardware.exe,32671232
98304,1790374726660,SYS32_Hardware.ini,363
98835,1790374727176,HpDrvPre.sys,19128
98835,1790374727176,HpDrvTestDrv.sys,19128
98835,1790374727176,SYS32_Hardware,900
98835,1790374727192,SYS32_Hardware.exe,32671232
98835,1790374727192,SYS32_Hardware.ini,363
99351,1790374727692,HpDrvPre.sys,19128
99351,1790374727692,HpDrvTestDrv.sys,19128
99351,1790374727692,SYS32_Hardware,900
99351,1790374727708,SYS32_Hardware.exe,32671232
99351,1790374727708,SYS32_Hardware.ini,363
99867,1790374728208,HpDrvPre.sys,19128
99867,1790374728208,HpDrvTestDrv.sys,19128
99867,1790374728208,SYS32_Hardware,900
99867,1790374728224,SYS32_Hardware.exe,32671232
99867,1790374728224,SYS32_Hardware.ini,363
100398,1790374728739,HpDrvPre.sys,19128
100398,1790374728739,HpDrvTestDrv.sys,19128
100398,1790374728739,SYS32_Hardware,900
100398,1790374728755,SYS32_Hardware.exe,32671232
100398,1790374728755,SYS32_Hardware.ini,363
100929,1790374729271,HpDrvPre.sys,19128
100929,1790374729271,HpDrvTestDrv.sys,19128
100929,1790374729271,SYS32_Hardware,900
100929,1790374729286,SYS32_Hardware.exe,32671232
100929,1790374729286,SYS32_Hardware.ini,363
101445,1790374729787,HpDrvPre.sys,19128
101445,1790374729787,HpDrvTestDrv.sys,19128
101445,1790374729802,SYS32_Hardware,900
101445,1790374729802,SYS32_Hardware.exe,32671232
101445,1790374729802,SYS32_Hardware.ini,363
101981,1790374730322,HpDrvPre.sys,19128
101981,1790374730322,HpDrvTestDrv.sys,19128
101981,1790374730322,SYS32_Hardware,900
101981,1790374730337,SYS32_Hardware.exe,32671232
101981,1790374730337,SYS32_Hardware.ini,363
102512,1790374730853,HpDrvPre.sys,19128
102512,1790374730853,HpDrvTestDrv.sys,19128
102512,1790374730853,SYS32_Hardware,900
102512,1790374730869,SYS32_Hardware.exe,32671232
102512,1790374730869,SYS32_Hardware.ini,363
103046,1790374731388,HpDrvPre.sys,19128
103046,1790374731388,HpDrvTestDrv.sys,19128
103046,1790374731388,SYS32_Hardware,900
103046,1790374731403,SYS32_Hardware.exe,32671232
103046,1790374731403,SYS32_Hardware.ini,363
103562,1790374731903,HpDrvPre.sys,19128
103562,1790374731903,HpDrvTestDrv.sys,19128
103562,1790374731903,SYS32_Hardware,900
103562,1790374731919,SYS32_Hardware.exe,32671232
103562,1790374731919,SYS32_Hardware.ini,363
104078,1790374732419,HpDrvPre.sys,19128
104078,1790374732419,HpDrvTestDrv.sys,19128
104078,1790374732419,SYS32_Hardware,900
104078,1790374732435,SYS32_Hardware.exe,32671232
104078,1790374732435,SYS32_Hardware.ini,363
104621,1790374732963,HpDrvPre.sys,19128
104621,1790374732963,HpDrvTestDrv.sys,19128
104621,1790374732963,SYS32_Hardware,900
104621,1790374732978,SYS32_Hardware.exe,32671232
104621,1790374732978,SYS32_Hardware.ini,363
105137,1790374733478,HpDrvPre.sys,19128
105137,1790374733478,HpDrvTestDrv.sys,19128
105137,1790374733478,SYS32_Hardware,900
105137,1790374733494,SYS32_Hardware.exe,32671232
105137,1790374733494,SYS32_Hardware.ini,363
105653,1790374733994,HpDrvPre.sys,19128
105653,1790374733994,HpDrvTestDrv.sys,19128
105653,1790374733994,SYS32_Hardware,900
105653,1790374734010,SYS32_Hardware.exe,32671232
105653,1790374734010,SYS32_Hardware.ini,363
106176,1790374734517,HpDrvPre.sys,19128
106176,1790374734517,HpDrvTestDrv.sys,19128
106176,1790374734517,SYS32_Hardware,900
106176,1790374734533,SYS32_Hardware.exe,32671232
106176,1790374734533,SYS32_Hardware.ini,363
106715,1790374735057,HpDrvPre.sys,19128
106715,1790374735057,HpDrvTestDrv.sys,19128
106715,1790374735057,SYS32_Hardware,900
106715,1790374735072,SYS32_Hardware.exe,32671232
106715,1790374735072,SYS32_Hardware.ini,363
107231,1790374735572,HpDrvPre.sys,19128
107231,1790374735572,HpDrvTestDrv.sys,19128
107231,1790374735572,SYS32_Hardware,900
107231,1790374735588,SYS32_Hardware.exe,32671232
107231,1790374735588,SYS32_Hardware.ini,363
107747,1790374736088,HpDrvPre.sys,19128
107747,1790374736088,HpDrvTestDrv.sys,19128
107747,1790374736088,SYS32_Hardware,900
107747,1790374736104,SYS32_Hardware.exe,32671232
107747,1790374736104,SYS32_Hardware.ini,363
108267,1790374736609,HpDrvPre.sys,19128
108267,1790374736609,HpDrvTestDrv.sys,19128
108267,1790374736609,SYS32_Hardware,900
108267,1790374736609,SYS32_Hardware.exe,32671232
108267,1790374736624,SYS32_Hardware.ini,363
108799,1790374737140,HpDrvPre.sys,19128
108799,1790374737140,HpDrvTestDrv.sys,19128
108799,1790374737140,SYS32_Hardware,900
108799,1790374737156,SYS32_Hardware.exe,32671232
108799,1790374737171,SYS32_Hardware.ini,363
109331,1790374737673,HpDrvPre.sys,19128
109331,1790374737673,HpDrvTestDrv.sys,19128
109331,1790374737673,SYS32_Hardware,900
109331,1790374737673,SYS32_Hardware.exe,32671232
109331,1790374737688,SYS32_Hardware.ini,363
109847,1790374738188,HpDrvPre.sys,19128
109847,1790374738188,HpDrvTestDrv.sys,19128
109847,1790374738188,SYS32_Hardware,900
109847,1790374738204,SYS32_Hardware.exe,32671232
109847,1790374738204,SYS32_Hardware.ini,363
110363,1790374738704,HpDrvPre.sys,19128
110363,1790374738704,HpDrvTestDrv.sys,19128
110363,1790374738704,SYS32_Hardware,900
110363,1790374738720,SYS32_Hardware.exe,32671232
110363,1790374738720,SYS32_Hardware.ini,363
110894,1790374739235,HpDrvPre.sys,19128
110894,1790374739235,HpDrvTestDrv.sys,19128
110894,1790374739235,SYS32_Hardware,900
110894,1790374739251,SYS32_Hardware.exe,32671232
110894,1790374739251,SYS32_Hardware.ini,363
111411,1790374739751,HpDrvPre.sys,19128
111411,1790374739751,HpDrvTestDrv.sys,19128
111411,1790374739751,SYS32_Hardware,900
111411,1790374739767,SYS32_Hardware.exe,32671232
111411,1790374739767,SYS32_Hardware.ini,363
111926,1790374740267,HpDrvPre.sys,19128
111926,1790374740267,HpDrvTestDrv.sys,19128
111926,1790374740267,SYS32_Hardware,900
111926,1790374740283,SYS32_Hardware.exe,32671232
111926,1790374740283,SYS32_Hardware.ini,363
112442,1790374740783,HpDrvPre.sys,19128
112442,1790374740783,HpDrvTestDrv.sys,19128
112442,1790374740783,SYS32_Hardware,900
112442,1790374740798,SYS32_Hardware.exe,32671232
112442,1790374740798,SYS32_Hardware.ini,363
112981,1790374741322,HpDrvPre.sys,19128
112981,1790374741322,HpDrvTestDrv.sys,19128
112981,1790374741322,SYS32_Hardware,900
112981,1790374741337,SYS32_Hardware.exe,32671232
112981,1790374741337,SYS32_Hardware.ini,363
113496,1790374741838,HpDrvPre.sys,19128
113496,1790374741838,HpDrvTestDrv.sys,19128
113496,1790374741838,SYS32_Hardware,900
113496,1790374741853,SYS32_Hardware.exe,32671232
113496,1790374741853,SYS32_Hardware.ini,363
114013,1790374742355,HpDrvPre.sys,19128
114013,1790374742355,HpDrvTestDrv.sys,19128
114013,1790374742355,SYS32_Hardware,900
114013,1790374742370,SYS32_Hardware.exe,32671232
114013,1790374742370,SYS32_Hardware.ini,363
114545,1790374742886,HpDrvPre.sys,19128
114545,1790374742886,HpDrvTestDrv.sys,19128
114545,1790374742886,SYS32_Hardware,900
114545,1790374742902,SYS32_Hardware.exe,32671232
114545,1790374742902,SYS32_Hardware.ini,363
115080,1790374743421,HpDrvPre.sys,19128
115080,1790374743421,HpDrvTestDrv.sys,19128
115080,1790374743421,SYS32_Hardware,900
115080,1790374743437,SYS32_Hardware.exe,32671232
115080,1790374743437,SYS32_Hardware.ini,363
115596,1790374743937,HpDrvPre.sys,19128
115596,1790374743937,HpDrvTestDrv.sys,19128
115596,1790374743937,SYS32_Hardware,900
115596,1790374743953,SYS32_Hardware.exe,32671232
115596,1790374743953,SYS32_Hardware.ini,363
116112,1790374744453,HpDrvPre.sys,19128
116112,1790374744453,HpDrvTestDrv.sys,19128
116112,1790374744453,SYS32_Hardware,900
116112,1790374744468,SYS32_Hardware.exe,32671232
116112,1790374744468,SYS32_Hardware.ini,363
116643,1790374744984,HpDrvPre.sys,19128
116643,1790374744984,HpDrvTestDrv.sys,19128
116643,1790374744984,SYS32_Hardware,900
116643,1790374745000,SYS32_Hardware.exe,32671232
116643,1790374745000,SYS32_Hardware.ini,363
117173,1790374745514,HpDrvPre.sys,19128
117173,1790374745514,HpDrvTestDrv.sys,19128
117173,1790374745514,SYS32_Hardware,900
117173,1790374745529,SYS32_Hardware.exe,32671232
117173,1790374745529,SYS32_Hardware.ini,363
117688,1790374746030,HpDrvPre.sys,19128
117688,1790374746030,HpDrvTestDrv.sys,19128
117688,1790374746030,SYS32_Hardware,900
117688,1790374746045,SYS32_Hardware.exe,32671232
117688,1790374746045,SYS32_Hardware.ini,363
118204,1790374746545,HpDrvPre.sys,19128
118204,1790374746545,HpDrvTestDrv.sys,19128
118204,1790374746545,SYS32_Hardware,900
118204,1790374746561,SYS32_Hardware.exe,32671232
118204,1790374746561,SYS32_Hardware.ini,363
118750,1790374747091,HpDrvPre.sys,19128
118750,1790374747091,HpDrvTestDrv.sys,19128
118750,1790374747091,SYS32_Hardware,900
118750,1790374747107,SYS32_Hardware.exe,32671232
118750,1790374747107,SYS32_Hardware.ini,363
119266,1790374747607,HpDrvPre.sys,19128
119266,1790374747607,HpDrvTestDrv.sys,19128
119266,1790374747607,SYS32_Hardware,900
119266,1790374747622,SYS32_Hardware.exe,32671232
119266,1790374747622,SYS32_Hardware.ini,363
119781,1790374748123,HpDrvPre.sys,19128
119781,1790374748123,HpDrvTestDrv.sys,19128
119781,1790374748123,SYS32_Hardware,900
119781,1790374748138,SYS32_Hardware.exe,32671232
119781,1790374748138,SYS32_Hardware.ini,363
120297,1790374748638,HpDrvPre.sys,19128
120297,1790374748638,HpDrvTestDrv.sys,19128
120297,1790374748638,SYS32_Hardware,900
120297,1790374748654,SYS32_Hardware.exe,32671232
120297,1790374748654,SYS32_Hardware.ini,363
120844,1790374749186,HpDrvPre.sys,19128
120844,1790374749186,HpDrvTestDrv.sys,19128
120844,1790374749186,SYS32_Hardware,900
120844,1790374749201,SYS32_Hardware.exe,32671232
120844,1790374749201,SYS32_Hardware.ini,363
121360,1790374749701,HpDrvPre.sys,19128
121360,1790374749701,HpDrvTestDrv.sys,19128
121360,1790374749701,SYS32_Hardware,900
121360,1790374749717,SYS32_Hardware.exe,32671232
121360,1790374749717,SYS32_Hardware.ini,363
121876,1790374750217,HpDrvPre.sys,19128
121876,1790374750217,HpDrvTestDrv.sys,19128
121876,1790374750217,SYS32_Hardware,900
121876,1790374750233,SYS32_Hardware.exe,32671232
121876,1790374750233,SYS32_Hardware.ini,363
122391,1790374750733,HpDrvPre.sys,19128
122391,1790374750733,HpDrvTestDrv.sys,19128
122391,1790374750733,SYS32_Hardware,900
122391,1790374750748,SYS32_Hardware.exe,32671232
122391,1790374750748,SYS32_Hardware.ini,363
122923,1790374751264,HpDrvPre.sys,19128
122923,1790374751264,HpDrvTestDrv.sys,19128
122923,1790374751264,SYS32_Hardware,900
122923,1790374751280,SYS32_Hardware.exe,32671232
122923,1790374751280,SYS32_Hardware.ini,363
123452,1790374751794,HpDrvPre.sys,19128
123452,1790374751794,HpDrvTestDrv.sys,19128
123452,1790374751794,SYS32_Hardware,900
123452,1790374751794,SYS32_Hardware.exe,32671232
123452,1790374751809,SYS32_Hardware.ini,363
123968,1790374752309,HpDrvPre.sys,19128
123968,1790374752309,HpDrvTestDrv.sys,19128
123968,1790374752309,SYS32_Hardware,900
123968,1790374752325,SYS32_Hardware.exe,32671232
123968,1790374752325,SYS32_Hardware.ini,363
124484,1790374752825,HpDrvPre.sys,19128
124484,1790374752825,HpDrvTestDrv.sys,19128
124484,1790374752825,SYS32_Hardware,900
124484,1790374752841,SYS32_Hardware.exe,32671232
124484,1790374752841,SYS32_Hardware.ini,363
125015,1790374753357,HpDrvPre.sys,19128
125015,1790374753357,HpDrvTestDrv.sys,19128
125015,1790374753357,SYS32_Hardware,900
125015,1790374753372,SYS32_Hardware.exe,32671232
125015,1790374753372,SYS32_Hardware.ini,363
125531,1790374753872,HpDrvPre.sys,19128
125531,1790374753872,HpDrvTestDrv.sys,19128
125531,1790374753872,SYS32_Hardware,900
125531,1790374753888,SYS32_Hardware.exe,32671232
125531,1790374753888,SYS32_Hardware.ini,363
126047,1790374754388,HpDrvPre.sys,19128
126047,1790374754388,HpDrvTestDrv.sys,19128
126047,1790374754388,SYS32_Hardware,900
126047,1790374754404,SYS32_Hardware.exe,32671232
126047,1790374754404,SYS32_Hardware.ini,363
126578,1790374754920,HpDrvPre.sys,19128
126578,1790374754920,HpDrvTestDrv.sys,19128
126578,1790374754920,SYS32_Hardware,900
126578,1790374754935,SYS32_Hardware.exe,32671232
126578,1790374754935,SYS32_Hardware.ini,363
127094,1790374755435,HpDrvPre.sys,19128
127094,1790374755435,HpDrvTestDrv.sys,19128
127094,1790374755435,SYS32_Hardware,900
127094,1790374755451,SYS32_Hardware.exe,32671232
127094,1790374755451,SYS32_Hardware.ini,363
127616,1790374755958,HpDrvPre.sys,19128
127616,1790374755958,HpDrvTestDrv.sys,19128
127616,1790374755958,SYS32_Hardware,900
127616,1790374755973,SYS32_Hardware.exe,32671232
127616,1790374755973,SYS32_Hardware.ini,363
128132,1790374756473,HpDrvPre.sys,19128
128132,1790374756473,HpDrvTestDrv.sys,19128
128132,1790374756473,SYS32_Hardware,900
128132,1790374756489,SYS32_Hardware.exe,32671232
128132,1790374756489,SYS32_Hardware.ini,363
128663,1790374757005,HpDrvPre.sys,19128
128663,1790374757005,HpDrvTestDrv.sys,19128
128663,1790374757005,SYS32_Hardware,900
128663,1790374757005,SYS32_Hardware.exe,32671232
128663,1790374757020,SYS32_Hardware.ini,363
129192,1790374757533,HpDrvPre.sys,19128
129192,1790374757533,HpDrvTestDrv.sys,19128
129192,1790374757533,SYS32_Hardware,900
129192,1790374757549,SYS32_Hardware.exe,32671232
129192,1790374757549,SYS32_Hardware.ini,363
129707,1790374758049,HpDrvPre.sys,19128
129707,1790374758049,HpDrvTestDrv.sys,19128
129707,1790374758065,SYS32_Hardware,900
129707,1790374758065,SYS32_Hardware.exe,32671232
129707,1790374758065,SYS32_Hardware.ini,363
130239,1790374758580,HpDrvPre.sys,19128
130239,1790374758580,HpDrvTestDrv.sys,19128
130239,1790374758580,SYS32_Hardware,900
130239,1790374758596,SYS32_Hardware.exe,32671232
130239,1790374758596,SYS32_Hardware.ini,363
130771,1790374759112,HpDrvPre.sys,19128
130771,1790374759112,HpDrvTestDrv.sys,19128
130771,1790374759112,SYS32_Hardware,900
130771,1790374759127,SYS32_Hardware.exe,32671232
130771,1790374759127,SYS32_Hardware.ini,363
131286,1790374759627,HpDrvPre.sys,19128
131286,1790374759627,HpDrvTestDrv.sys,19128
131286,1790374759627,SYS32_Hardware,900
131286,1790374759643,SYS32_Hardware.exe,32671232
131286,1790374759643,SYS32_Hardware.ini,363
131802,1790374760143,HpDrvPre.sys,19128
131802,1790374760143,HpDrvTestDrv.sys,19128
131802,1790374760143,SYS32_Hardware,900
131802,1790374760143,SYS32_Hardware.exe,32671232
131802,1790374760159,SYS32_Hardware.ini,363
132333,1790374760675,HpDrvPre.sys,19128
132333,1790374760675,HpDrvTestDrv.sys,19128
132333,1790374760690,SYS32_Hardware,900
132333,1790374760690,SYS32_Hardware.exe,32671232
132333,1790374760690,SYS32_Hardware.ini,363
132880,1790374761222,HpDrvPre.sys,19128
132880,1790374761222,HpDrvTestDrv.sys,19128
132880,1790374761222,SYS32_Hardware,900
132880,1790374761237,SYS32_Hardware.exe,32671232
132880,1790374761237,SYS32_Hardware.ini,363
133396,1790374761737,HpDrvPre.sys,19128
133396,1790374761737,HpDrvTestDrv.sys,19128
133396,1790374761737,SYS32_Hardware,900
133396,1790374761753,SYS32_Hardware.exe,32671232
133396,1790374761753,SYS32_Hardware.ini,363
133912,1790374762253,HpDrvPre.sys,19128
133912,1790374762253,HpDrvTestDrv.sys,19128
133912,1790374762253,SYS32_Hardware,900
133912,1790374762269,SYS32_Hardware.exe,32671232
133912,1790374762269,SYS32_Hardware.ini,363
134428,1790374762769,HpDrvPre.sys,19128
134428,1790374762769,HpDrvTestDrv.sys,19128
134428,1790374762769,SYS32_Hardware,900
134428,1790374762785,SYS32_Hardware.exe,32671232
134428,1790374762785,SYS32_Hardware.ini,363
134963,1790374763305,HpDrvPre.sys,19128
134963,1790374763305,HpDrvTestDrv.sys,19128
134963,1790374763305,SYS32_Hardware,900
134963,1790374763320,SYS32_Hardware.exe,32671232
134963,1790374763320,SYS32_Hardware.ini,363
135490,1790374763832,HpDrvPre.sys,19128
135490,1790374763832,HpDrvTestDrv.sys,19128
135490,1790374763832,SYS32_Hardware,900
135490,1790374763847,SYS32_Hardware.exe,32671232
135490,1790374763847,SYS32_Hardware.ini,363
136031,1790374764372,HpDrvPre.sys,19128
136031,1790374764372,HpDrvTestDrv.sys,19128
136031,1790374764372,SYS32_Hardware,900
136031,1790374764387,SYS32_Hardware.exe,32671232
136031,1790374764387,SYS32_Hardware.ini,363
136569,1790374764910,HpDrvPre.sys,19128
136569,1790374764910,HpDrvTestDrv.sys,19128
136569,1790374764910,SYS32_Hardware,900
136569,1790374764910,SYS32_Hardware.exe,32671232
136569,1790374764926,SYS32_Hardware.ini,363
137100,1790374765442,HpDrvPre.sys,19128
137100,1790374765442,HpDrvTestDrv.sys,19128
137100,1790374765442,SYS32_Hardware,900
137100,1790374765457,SYS32_Hardware.exe,32671232
137100,1790374765457,SYS32_Hardware.ini,363
137616,1790374765957,HpDrvPre.sys,19128
137616,1790374765957,HpDrvTestDrv.sys,19128
137616,1790374765957,SYS32_Hardware,900
137616,1790374765973,SYS32_Hardware.exe,32671232
137616,1790374765973,SYS32_Hardware.ini,363
138132,1790374766473,HpDrvPre.sys,19128
138132,1790374766473,HpDrvTestDrv.sys,19128
138132,1790374766473,SYS32_Hardware,900
138132,1790374766489,SYS32_Hardware.exe,32671232
138132,1790374766489,SYS32_Hardware.ini,363
138663,1790374767005,HpDrvPre.sys,19128
138663,1790374767005,HpDrvTestDrv.sys,19128
138663,1790374767005,SYS32_Hardware,900
138663,1790374767020,SYS32_Hardware.exe,32671232
138663,1790374767020,SYS32_Hardware.ini,363
139179,1790374767520,HpDrvPre.sys,19128
139179,1790374767520,HpDrvTestDrv.sys,19128
139179,1790374767536,SYS32_Hardware,900
139179,1790374767536,SYS32_Hardware.exe,32671232
139179,1790374767536,SYS32_Hardware.ini,363
139712,1790374768052,HpDrvPre.sys,19128
139712,1790374768052,HpDrvTestDrv.sys,19128
139712,1790374768052,SYS32_Hardware,900
139712,1790374768067,SYS32_Hardware.exe,32671232
139712,1790374768067,SYS32_Hardware.ini,363
140226,1790374768567,HpDrvPre.sys,19128
140226,1790374768567,HpDrvTestDrv.sys,19128
140226,1790374768583,SYS32_Hardware,900
140226,1790374768583,SYS32_Hardware.exe,32671232
140226,1790374768583,SYS32_Hardware.ini,363
140757,1790374769099,HpDrvPre.sys,19128
140757,1790374769099,HpDrvTestDrv.sys,19128
140757,1790374769099,SYS32_Hardware,900
140757,1790374769114,SYS32_Hardware.exe,32671232
140757,1790374769114,SYS32_Hardware.ini,363
141289,1790374769630,HpDrvPre.sys,19128
141289,1790374769630,HpDrvTestDrv.sys,19128
141289,1790374769630,SYS32_Hardware,900
141289,1790374769646,SYS32_Hardware.exe,32671232
141289,1790374769646,SYS32_Hardware.ini,363
141820,1790374770162,HpDrvPre.sys,19128
141820,1790374770162,HpDrvTestDrv.sys,19128
141820,1790374770162,SYS32_Hardware,900
141820,1790374770177,SYS32_Hardware.exe,32671232
141820,1790374770177,SYS32_Hardware.ini,363
142352,1790374770693,HpDrvPre.sys,19128
142352,1790374770693,HpDrvTestDrv.sys,19128
142352,1790374770693,SYS32_Hardware,900
142352,1790374770709,SYS32_Hardware.exe,32671232
142352,1790374770709,SYS32_Hardware.ini,363
142899,1790374771240,HpDrvPre.sys,19128
142899,1790374771240,HpDrvTestDrv.sys,19128
142899,1790374771240,SYS32_Hardware,900
142899,1790374771256,SYS32_Hardware.exe,32671232
142899,1790374771256,SYS32_Hardware.ini,363
143430,1790374771771,HpDrvPre.sys,19128
143430,1790374771771,HpDrvTestDrv.sys,19128
143430,1790374771787,SYS32_Hardware,900
143430,1790374771787,SYS32_Hardware.exe,32671232
143430,1790374771787,SYS32_Hardware.ini,363
143962,1790374772303,HpDrvPre.sys,19128
143962,1790374772303,HpDrvTestDrv.sys,19128
143962,1790374772303,SYS32_Hardware,900
143962,1790374772319,SYS32_Hardware.exe,32671232
143962,1790374772319,SYS32_Hardware.ini,363
144494,1790374772834,HpDrvPre.sys,19128
144494,1790374772834,HpDrvTestDrv.sys,19128
144494,1790374772850,SYS32_Hardware,900
144494,1790374772850,SYS32_Hardware.exe,32671232
144494,1790374772865,SYS32_Hardware.ini,363
145046,1790374773387,HpDrvPre.sys,19128
145046,1790374773387,HpDrvTestDrv.sys,19128
145046,1790374773387,SYS32_Hardware,900
145046,1790374773403,SYS32_Hardware.exe,32671232
145046,1790374773403,SYS32_Hardware.ini,363
145578,1790374773919,HpDrvPre.sys,19128
145578,1790374773919,HpDrvTestDrv.sys,19128
145578,1790374773919,SYS32_Hardware,900
145578,1790374773934,SYS32_Hardware.exe,32671232
145578,1790374773934,SYS32_Hardware.ini,363
146109,1790374774450,HpDrvPre.sys,19128
146109,1790374774450,HpDrvTestDrv.sys,19128
146109,1790374774450,SYS32_Hardware,900
146109,1790374774466,SYS32_Hardware.exe,32671232
146109,1790374774466,SYS32_Hardware.ini,363
146640,1790374774982,HpDrvPre.sys,19128
146640,1790374774991,HpDrvTestDrv.sys,19128
146640,1790374774991,SYS32_Hardware,900
146640,1790374775007,SYS32_Hardware.exe,32671232
146640,1790374775007,SYS32_Hardware.ini,363
147188,1790374775529,HpDrvPre.sys,19128
147188,1790374775529,HpDrvTestDrv.sys,19128
147188,1790374775544,SYS32_Hardware,900
147188,1790374775544,SYS32_Hardware.exe,32671232
147188,1790374775560,SYS32_Hardware.ini,363
147719,1790374776060,HpDrvPre.sys,19128
147719,1790374776060,HpDrvTestDrv.sys,19128
147719,1790374776060,SYS32_Hardware,900
147719,1790374776076,SYS32_Hardware.exe,32671232
147719,1790374776076,SYS32_Hardware.ini,363
148250,1790374776592,HpDrvPre.sys,19128
148250,1790374776592,HpDrvTestDrv.sys,19128
148250,1790374776592,SYS32_Hardware,900
148250,1790374776607,SYS32_Hardware.exe,32671232
148250,1790374776607,SYS32_Hardware.ini,363
148793,1790374777134,HpDrvPre.sys,19128
148793,1790374777134,HpDrvTestDrv.sys,19128
148793,1790374777134,SYS32_Hardware,900
148793,1790374777150,SYS32_Hardware.exe,32671232
148793,1790374777150,SYS32_Hardware.ini,363
149332,1790374777674,HpDrvPre.sys,19128
149332,1790374777674,HpDrvTestDrv.sys,19128
149332,1790374777689,SYS32_Hardware,900
149332,1790374777689,SYS32_Hardware.exe,32671232
149332,1790374777705,SYS32_Hardware.ini,363
149870,1790374778211,HpDrvPre.sys,19128
149870,1790374778211,HpDrvTestDrv.sys,19128
149870,1790374778211,SYS32_Hardware,900
149870,1790374778227,SYS32_Hardware.exe,32671232
149870,1790374778227,SYS32_Hardware.ini,363
150401,1790374778743,HpDrvPre.sys,19128
150401,1790374778743,HpDrvTestDrv.sys,19128
150401,1790374778743,SYS32_Hardware,900
150401,1790374778758,SYS32_Hardware.exe,32671232
150401,1790374778758,SYS32_Hardware.ini,363
150933,1790374779274,HpDrvPre.sys,19128
150933,1790374779274,HpDrvTestDrv.sys,19128
150933,1790374779290,SYS32_Hardware,900
150933,1790374779290,SYS32_Hardware.exe,32671232
150933,1790374779305,SYS32_Hardware.ini,363
151467,1790374779808,HpDrvPre.sys,19128
151467,1790374779808,HpDrvTestDrv.sys,19128
151467,1790374779824,SYS32_Hardware,900
151467,1790374779839,SYS32_Hardware.exe,32671232
151467,1790374779839,SYS32_Hardware.ini,363
152019,1790374780360,HpDrvPre.sys,19128
152019,1790374780360,HpDrvTestDrv.sys,19128
152019,1790374780360,SYS32_Hardware,900
152019,1790374780376,SYS32_Hardware.exe,32671232
152019,1790374780376,SYS32_Hardware.ini,363
152550,1790374780892,HpDrvPre.sys,19128
152550,1790374780892,HpDrvTestDrv.sys,19128
152550,1790374780892,SYS32_Hardware,900
152550,1790374780907,SYS32_Hardware.exe,32671232
152550,1790374780907,SYS32_Hardware.ini,363
153082,1790374781423,HpDrvPre.sys,19128
153082,1790374781423,HpDrvTestDrv.sys,19128
153082,1790374781423,SYS32_Hardware,900
153082,1790374781439,SYS32_Hardware.exe,32671232
153082,1790374781439,SYS32_Hardware.ini,363
153613,1790374781954,HpDrvPre.sys,19128
153613,1790374781954,HpDrvTestDrv.sys,19128
153613,1790374781970,SYS32_Hardware,900
153613,1790374781970,SYS32_Hardware.exe,32671232
153613,1790374781970,SYS32_Hardware.ini,363
154145,1790374782486,HpDrvPre.sys,19128
154145,1790374782486,HpDrvTestDrv.sys,19128
154145,1790374782486,SYS32_Hardware,900
154145,1790374782502,SYS32_Hardware.exe,32671232
154145,1790374782502,SYS32_Hardware.ini,363
154676,1790374783017,HpDrvPre.sys,19128
154676,1790374783017,HpDrvTestDrv.sys,19128
154676,1790374783017,SYS32_Hardware,900
154676,1790374783033,SYS32_Hardware.exe,32671232
154676,1790374783033,SYS32_Hardware.ini,363
155217,1790374783559,HpDrvPre.sys,19128
155217,1790374783559,HpDrvTestDrv.sys,19128
155217,1790374783559,SYS32_Hardware,900
155217,1790374783574,SYS32_Hardware.exe,32671232
155217,1790374783574,SYS32_Hardware.ini,363
155748,1790374784090,HpDrvPre.sys,19128
155748,1790374784090,HpDrvTestDrv.sys,19128
155748,1790374784090,SYS32_Hardware,900
155748,1790374784106,SYS32_Hardware.exe,32671232
155748,1790374784106,SYS32_Hardware.ini,363
156280,1790374784621,HpDrvPre.sys,19128
156280,1790374784621,HpDrvTestDrv.sys,19128
156280,1790374784637,SYS32_Hardware,900
156280,1790374784653,SYS32_Hardware.exe,32671232
156280,1790374784653,SYS32_Hardware.ini,363
156839,1790374785180,HpDrvPre.sys,19128
156839,1790374785180,HpDrvTestDrv.sys,19128
156839,1790374785196,SYS32_Hardware,900
156839,1790374785196,SYS32_Hardware.exe,32671232
156839,1790374785212,SYS32_Hardware.ini,363
157371,1790374785712,HpDrvPre.sys,19128
157371,1790374785712,HpDrvTestDrv.sys,19128
157371,1790374785712,SYS32_Hardware,900
157371,1790374785727,SYS32_Hardware.exe,32671232
157371,1790374785727,SYS32_Hardware.ini,363
157902,1790374786243,HpDrvPre.sys,19128
157902,1790374786243,HpDrvTestDrv.sys,19128
157902,1790374786259,SYS32_Hardware,900
157902,1790374786259,SYS32_Hardware.exe,32671232
157902,1790374786274,SYS32_Hardware.ini,363
158433,1790374786790,HpDrvPre.sys,19128
158433,1790374786790,HpDrvTestDrv.sys,19128
158433,1790374786790,SYS32_Hardware,900
158433,1790374786806,SYS32_Hardware.exe,32671232
158433,1790374786806,SYS32_Hardware.ini,363
158981,1790374787322,HpDrvPre.sys,19128
158981,1790374787322,HpDrvTestDrv.sys,19128
158981,1790374787322,SYS32_Hardware,900
158981,1790374787338,SYS32_Hardware.exe,32671232
158981,1790374787338,SYS32_Hardware.ini,363
159512,1790374787853,HpDrvPre.sys,19128
159512,1790374787853,HpDrvTestDrv.sys,19128
159512,1790374787853,SYS32_Hardware,900
159512,1790374787869,SYS32_Hardware.exe,32671232
159512,1790374787869,SYS32_Hardware.ini,363
160043,1790374788385,HpDrvPre.sys,19128
160043,1790374788385,HpDrvTestDrv.sys,19128
160043,1790374788400,SYS32_Hardware,900
160043,1790374788400,SYS32_Hardware.exe,32671232
160043,1790374788416,SYS32_Hardware.ini,363
160575,1790374788916,HpDrvPre.sys,19128
160575,1790374788916,HpDrvTestDrv.sys,19128
160575,1790374788916,SYS32_Hardware,900
160575,1790374788932,SYS32_Hardware.exe,32671232
160575,1790374788932,SYS32_Hardware.ini,363
161106,1790374789448,HpDrvPre.sys,19128
161106,1790374789448,HpDrvTestDrv.sys,19128
161106,1790374789448,SYS32_Hardware,900
161106,1790374789463,SYS32_Hardware.exe,32671232
161106,1790374789463,SYS32_Hardware.ini,363
161638,1790374789979,HpDrvPre.sys,19128
161638,1790374789979,HpDrvTestDrv.sys,19128
161638,1790374789994,SYS32_Hardware,900
161638,1790374789994,SYS32_Hardware.exe,32671232
161638,1790374789994,SYS32_Hardware.ini,363
162178,1790374790519,HpDrvPre.sys,19128
162178,1790374790519,HpDrvTestDrv.sys,19128
162178,1790374790534,SYS32_Hardware,900
162178,1790374790534,SYS32_Hardware.exe,32671232
162178,1790374790550,SYS32_Hardware.ini,363
162724,1790374791066,HpDrvPre.sys,19128
162724,1790374791066,HpDrvTestDrv.sys,19128
162724,1790374791066,SYS32_Hardware,900
162724,1790374791081,SYS32_Hardware.exe,32671232
162724,1790374791097,SYS32_Hardware.ini,363
163256,1790374791597,HpDrvPre.sys,19128
163256,1790374791597,HpDrvTestDrv.sys,19128
163256,1790374791597,SYS32_Hardware,900
163256,1790374791613,SYS32_Hardware.exe,32671232
163256,1790374791613,SYS32_Hardware.ini,363
163788,1790374792130,HpDrvPre.sys,19128
163788,1790374792130,HpDrvTestDrv.sys,19128
163788,1790374792130,SYS32_Hardware,900
163788,1790374792146,SYS32_Hardware.exe,32671232
163788,1790374792146,SYS32_Hardware.ini,363
164320,1790374792661,HpDrvPre.sys,19128
164320,1790374792661,HpDrvTestDrv.sys,19128
164320,1790374792661,SYS32_Hardware,900
164320,1790374792677,SYS32_Hardware.exe,32671232
164320,1790374792677,SYS32_Hardware.ini,363
164851,1790374793193,HpDrvPre.sys,19128
164851,1790374793193,HpDrvTestDrv.sys,19128
164851,1790374793193,SYS32_Hardware,900
164851,1790374793208,SYS32_Hardware.exe,32671232
164851,1790374793208,SYS32_Hardware.ini,363
165385,1790374793726,HpDrvPre.sys,19128
165385,1790374793726,HpDrvTestDrv.sys,19128
165385,1790374793726,SYS32_Hardware,900
165385,1790374793741,SYS32_Hardware.exe,32671232
165385,1790374793741,SYS32_Hardware.ini,363
165916,1790374794257,HpDrvPre.sys,19128
165916,1790374794267,HpDrvTestDrv.sys,19128
165916,1790374794267,SYS32_Hardware,900
165916,1790374794282,SYS32_Hardware.exe,32671232
165916,1790374794282,SYS32_Hardware.ini,363
166457,1790374794798,HpDrvPre.sys,19128
166457,1790374794798,HpDrvTestDrv.sys,19128
166457,1790374794798,SYS32_Hardware,900
166457,1790374794814,SYS32_Hardware.exe,32671232
166457,1790374794814,SYS32_Hardware.ini,363
166988,1790374795330,HpDrvPre.sys,19128
166988,1790374795330,HpDrvTestDrv.sys,19128
166988,1790374795330,SYS32_Hardware,900
166988,1790374795345,SYS32_Hardware.exe,32671232
166988,1790374795345,SYS32_Hardware.ini,363
167520,1790374795861,HpDrvPre.sys,19128
167520,1790374795861,HpDrvTestDrv.sys,19128
167520,1790374795861,SYS32_Hardware,900
167520,1790374795877,SYS32_Hardware.exe,32671232
167520,1790374795877,SYS32_Hardware.ini,363
168051,1790374796392,HpDrvPre.sys,19128
168051,1790374796392,HpDrvTestDrv.sys,19128
168051,1790374796392,SYS32_Hardware,900
168051,1790374796408,SYS32_Hardware.exe,32671232
168051,1790374796408,SYS32_Hardware.ini,363
168583,1790374796924,HpDrvPre.sys,19128
168583,1790374796924,HpDrvTestDrv.sys,19128
168583,1790374796924,SYS32_Hardware,900
168583,1790374796940,SYS32_Hardware.exe,32671232
168583,1790374796940,SYS32_Hardware.ini,363
169114,1790374797455,HpDrvPre.sys,19128
169114,1790374797455,HpDrvTestDrv.sys,19128
169114,1790374797455,SYS32_Hardware,900
169114,1790374797471,SYS32_Hardware.exe,32671232
169114,1790374797471,SYS32_Hardware.ini,363
169646,1790374797987,HpDrvPre.sys,19128
169646,1790374797987,HpDrvTestDrv.sys,19128
169646,1790374798003,SYS32_Hardware,900
169646,1790374798003,SYS32_Hardware.exe,32671232
169646,1790374798018,SYS32_Hardware.ini,363
170183,1790374798524,HpDrvPre.sys,19128
170183,1790374798524,HpDrvTestDrv.sys,19128
170183,1790374798524,SYS32_Hardware,900
170183,1790374798540,SYS32_Hardware.exe,32671232
170183,1790374798540,SYS32_Hardware.ini,363
170715,1790374799056,HpDrvPre.sys,19128
170715,1790374799056,HpDrvTestDrv.sys,19128
170715,1790374799056,SYS32_Hardware,900
170715,1790374799072,SYS32_Hardware.exe,32671232
170715,1790374799072,SYS32_Hardware.ini,363
171260,1790374799601,HpDrvPre.sys,19128
171260,1790374799601,HpDrvTestDrv.sys,19128
171260,1790374799616,SYS32_Hardware,900
171260,1790374799616,SYS32_Hardware.exe,32671232
171260,1790374799632,SYS32_Hardware.ini,363
171791,1790374800132,HpDrvPre.sys,19128
171791,1790374800132,HpDrvTestDrv.sys,19128
171791,1790374800132,SYS32_Hardware,900
171791,1790374800148,SYS32_Hardware.exe,32671232
171791,1790374800148,SYS32_Hardware.ini,363
172322,1790374800664,HpDrvPre.sys,19128
172322,1790374800664,HpDrvTestDrv.sys,19128
172322,1790374800664,SYS32_Hardware,900
172322,1790374800679,SYS32_Hardware.exe,32671232
172322,1790374800679,SYS32_Hardware.ini,363
172863,1790374801205,HpDrvPre.sys,19128
172863,1790374801205,HpDrvTestDrv.sys,19128
172863,1790374801205,SYS32_Hardware,900
172863,1790374801220,SYS32_Hardware.exe,32671232
172863,1790374801220,SYS32_Hardware.ini,363
173401,1790374801742,HpDrvPre.sys,19128
173401,1790374801742,HpDrvTestDrv.sys,19128
173401,1790374801742,SYS32_Hardware,900
173401,1790374801758,SYS32_Hardware.exe,32671232
173401,1790374801758,SYS32_Hardware.ini,363
173932,1790374802273,HpDrvPre.sys,19128
173932,1790374802273,HpDrvTestDrv.sys,19128
173932,1790374802273,SYS32_Hardware,900
173932,1790374802289,SYS32_Hardware.exe,32671232
173932,1790374802289,SYS32_Hardware.ini,363
174463,1790374802805,HpDrvPre.sys,19128
174463,1790374802805,HpDrvTestDrv.sys,19128
174463,1790374802805,SYS32_Hardware,900
174463,1790374802820,SYS32_Hardware.exe,32671232
174463,1790374802820,SYS32_Hardware.ini,363
174995,1790374803336,HpDrvPre.sys,19128
174995,1790374803336,HpDrvTestDrv.sys,19128
174995,1790374803336,SYS32_Hardware,900
174995,1790374803352,SYS32_Hardware.exe,32671232
174995,1790374803352,SYS32_Hardware.ini,363
175540,1790374803881,HpDrvPre.sys,19128
175540,1790374803881,HpDrvTestDrv.sys,19128
175540,1790374803881,SYS32_Hardware,900
175540,1790374803897,SYS32_Hardware.exe,32671232
175540,1790374803897,SYS32_Hardware.ini,363
176071,1790374804412,HpDrvPre.sys,19128
176071,1790374804412,HpDrvTestDrv.sys,19128
176071,1790374804428,SYS32_Hardware,900
176071,1790374804428,SYS32_Hardware.exe,32671232
176071,1790374804444,SYS32_Hardware.ini,363
176602,1790374804944,HpDrvPre.sys,19128
176602,1790374804944,HpDrvTestDrv.sys,19128
176602,1790374804944,SYS32_Hardware,900
176602,1790374804959,SYS32_Hardware.exe,32671232
176602,1790374804959,SYS32_Hardware.ini,363
177134,1790374805475,HpDrvPre.sys,19128
177134,1790374805475,HpDrvTestDrv.sys,19128
177134,1790374805475,SYS32_Hardware,900
177134,1790374805491,SYS32_Hardware.exe,32671232
177134,1790374805491,SYS32_Hardware.ini,363
177665,1790374806007,HpDrvPre.sys,19128
177665,1790374806007,HpDrvTestDrv.sys,19128
177665,1790374806007,SYS32_Hardware,900
177665,1790374806022,SYS32_Hardware.exe,32671232
177665,1790374806022,SYS32_Hardware.ini,363
178208,1790374806549,HpDrvPre.sys,19128
178208,1790374806549,HpDrvTestDrv.sys,19128
178208,1790374806549,SYS32_Hardware,900
178208,1790374806564,SYS32_Hardware.exe,32671232
178208,1790374806564,SYS32_Hardware.ini,363
178745,1790374807086,HpDrvPre.sys,19128
178745,1790374807086,HpDrvTestDrv.sys,19128
178745,1790374807086,SYS32_Hardware,900
178745,1790374807101,SYS32_Hardware.exe,32671232
178745,1790374807101,SYS32_Hardware.ini,363
179276,1790374807617,HpDrvPre.sys,19128
179276,1790374807617,HpDrvTestDrv.sys,19128
179276,1790374807617,SYS32_Hardware,900
179276,1790374807633,SYS32_Hardware.exe,32671232
179276,1790374807633,SYS32_Hardware.ini,363
179808,1790374808149,HpDrvPre.sys,19128
179808,1790374808149,HpDrvTestDrv.sys,19128
179808,1790374808149,SYS32_Hardware,900
179808,1790374808165,SYS32_Hardware.exe,32671232
179808,1790374808165,SYS32_Hardware.ini,363
180342,1790374808683,HpDrvPre.sys,19128
180342,1790374808683,HpDrvTestDrv.sys,19128
180342,1790374808683,SYS32_Hardware,900
180342,1790374808698,SYS32_Hardware.exe,32671232
180342,1790374808698,SYS32_Hardware.ini,363
180882,1790374809223,HpDrvPre.sys,19128
180882,1790374809223,HpDrvTestDrv.sys,19128
180882,1790374809223,SYS32_Hardware,900
180882,1790374809239,SYS32_Hardware.exe,32671232
180882,1790374809239,SYS32_Hardware.ini,363
181420,1790374809761,HpDrvPre.sys,19128
181420,1790374809761,HpDrvTestDrv.sys,19128
181420,1790374809761,SYS32_Hardware,900
181420,1790374809777,SYS32_Hardware.exe,32671232
181420,1790374809777,SYS32_Hardware.ini,363
181951,1790374810292,HpDrvPre.sys,19128
181951,1790374810292,HpDrvTestDrv.sys,19128
181951,1790374810305,SYS32_Hardware,900
181951,1790374810321,SYS32_Hardware.exe,32671232
181951,1790374810321,SYS32_Hardware.ini,363
182499,1790374810840,HpDrvPre.sys,19128
182499,1790374810840,HpDrvTestDrv.sys,19128
182499,1790374810840,SYS32_Hardware,900
182499,1790374810856,SYS32_Hardware.exe,32671232
182499,1790374810856,SYS32_Hardware.ini,363
183030,1790374811372,HpDrvPre.sys,19128
183030,1790374811372,HpDrvTestDrv.sys,19128
183030,1790374811372,SYS32_Hardware,900
183030,1790374811388,SYS32_Hardware.exe,32671232
183030,1790374811388,SYS32_Hardware.ini,363
183564,1790374811905,HpDrvPre.sys,19128
183564,1790374811905,HpDrvTestDrv.sys,19128
183564,1790374811921,SYS32_Hardware,900
183564,1790374811921,SYS32_Hardware.exe,32671232
183564,1790374811936,SYS32_Hardware.ini,363
184095,1790374812436,HpDrvPre.sys,19128
184095,1790374812436,HpDrvTestDrv.sys,19128
184095,1790374812436,SYS32_Hardware,900
184095,1790374812452,SYS32_Hardware.exe,32671232
184095,1790374812452,SYS32_Hardware.ini,363
184626,1790374812968,HpDrvPre.sys,19128
184626,1790374812968,HpDrvTestDrv.sys,19128
184626,1790374812968,SYS32_Hardware,900
184626,1790374812983,SYS32_Hardware.exe,32671232
184626,1790374812983,SYS32_Hardware.ini,363
185163,1790374813504,HpDrvPre.sys,19128
185163,1790374813504,HpDrvTestDrv.sys,19128
185163,1790374813504,SYS32_Hardware,900
185163,1790374813519,SYS32_Hardware.exe,32671232
185163,1790374813519,SYS32_Hardware.ini,363
185699,1790374814041,HpDrvPre.sys,19128
185699,1790374814041,HpDrvTestDrv.sys,19128
185699,1790374814041,SYS32_Hardware,900
185699,1790374814056,SYS32_Hardware.exe,32671232
185699,1790374814056,SYS32_Hardware.ini,363
186231,1790374814572,HpDrvPre.sys,19128
186231,1790374814572,HpDrvTestDrv.sys,19128
186231,1790374814572,SYS32_Hardware,900
186231,1790374814588,SYS32_Hardware.exe,32671232
186231,1790374814588,SYS32_Hardware.ini,363
186778,1790374815119,HpDrvPre.sys,19128
186778,1790374815119,HpDrvTestDrv.sys,19128
186778,1790374815119,SYS32_Hardware,900
186778,1790374815135,SYS32_Hardware.exe,32671232
186778,1790374815135,SYS32_Hardware.ini,363
187315,1790374815656,HpDrvPre.sys,19128
187315,1790374815656,HpDrvTestDrv.sys,19128
187315,1790374815671,SYS32_Hardware,900
187315,1790374815671,SYS32_Hardware.exe,32671232
187315,1790374815687,SYS32_Hardware.ini,363
187846,1790374816187,HpDrvPre.sys,19128
187846,1790374816187,HpDrvTestDrv.sys,19128
187846,1790374816187,SYS32_Hardware,900
187846,1790374816203,SYS32_Hardware.exe,32671232
187846,1790374816203,SYS32_Hardware.ini,363
188377,1790374816718,HpDrvPre.sys,19128
188377,1790374816729,HpDrvTestDrv.sys,19128
188377,1790374816729,SYS32_Hardware,900
188377,1790374816744,SYS32_Hardware.exe,32671232
188377,1790374816744,SYS32_Hardware.ini,363
188929,1790374817270,HpDrvPre.sys,19128
188929,1790374817270,HpDrvTestDrv.sys,19128
188929,1790374817270,SYS32_Hardware,900
188929,1790374817285,SYS32_Hardware.exe,32671232
188929,1790374817285,SYS32_Hardware.ini,363
189460,1790374817801,HpDrvPre.sys,19128
189460,1790374817801,HpDrvTestDrv.sys,19128
189460,1790374817801,SYS32_Hardware,900
189460,1790374817817,SYS32_Hardware.exe,32671232
189460,1790374817817,SYS32_Hardware.ini,363
189991,1790374818332,HpDrvPre.sys,19128
189991,1790374818332,HpDrvTestDrv.sys,19128
189991,1790374818332,SYS32_Hardware,900
189991,1790374818348,SYS32_Hardware.exe,32671232
189991,1790374818348,SYS32_Hardware.ini,363
190523,1790374818864,HpDrvPre.sys,19128
190523,1790374818864,HpDrvTestDrv.sys,19128
190523,1790374818864,SYS32_Hardware,900
190523,1790374818880,SYS32_Hardware.exe,32671232
190523,1790374818880,SYS32_Hardware.ini,363
191061,1790374819403,HpDrvPre.sys,19128
191061,1790374819403,HpDrvTestDrv.sys,19128
191061,1790374819403,SYS32_Hardware,900
191061,1790374819419,SYS32_Hardware.exe,32671232
191061,1790374819419,SYS32_Hardware.ini,363
191609,1790374819950,HpDrvPre.sys,19128
191609,1790374819950,HpDrvTestDrv.sys,19128
191609,1790374819950,SYS32_Hardware,900
191609,1790374819966,SYS32_Hardware.exe,32671232
191609,1790374819966,SYS32_Hardware.ini,363
192140,1790374820481,HpDrvPre.sys,19128
192140,1790374820481,HpDrvTestDrv.sys,19128
192140,1790374820481,SYS32_Hardware,900
192140,1790374820497,SYS32_Hardware.exe,32671232
192140,1790374820497,SYS32_Hardware.ini,363
192672,1790374821013,HpDrvPre.sys,19128
192672,1790374821013,HpDrvTestDrv.sys,19128
192672,1790374821013,SYS32_Hardware,900
192672,1790374821028,SYS32_Hardware.exe,32671232
192672,1790374821028,SYS32_Hardware.ini,363
193208,1790374821549,HpDrvPre.sys,19128
193208,1790374821549,HpDrvTestDrv.sys,19128
193208,1790374821549,SYS32_Hardware,900
193208,1790374821565,SYS32_Hardware.exe,32671232
193208,1790374821565,SYS32_Hardware.ini,363
193739,1790374822081,HpDrvPre.sys,19128
193739,1790374822081,HpDrvTestDrv.sys,19128
193739,1790374822081,SYS32_Hardware,900
193739,1790374822096,SYS32_Hardware.exe,32671232
193739,1790374822096,SYS32_Hardware.ini,363
194271,1790374822612,HpDrvPre.sys,19128
194271,1790374822612,HpDrvTestDrv.sys,19128
194271,1790374822628,SYS32_Hardware,900
194271,1790374822628,SYS32_Hardware.exe,32671232
194271,1790374822628,SYS32_Hardware.ini,363
194802,1790374823143,HpDrvPre.sys,19128
194802,1790374823143,HpDrvTestDrv.sys,19128
194802,1790374823143,SYS32_Hardware,900
194802,1790374823159,SYS32_Hardware.exe,32671232
194802,1790374823159,SYS32_Hardware.ini,363
195334,1790374823675,HpDrvPre.sys,19128
195334,1790374823675,HpDrvTestDrv.sys,19128
195334,1790374823675,SYS32_Hardware,900
195334,1790374823691,SYS32_Hardware.exe,32671232
195334,1790374823691,SYS32_Hardware.ini,363
195867,1790374824208,HpDrvPre.sys,19128
195867,1790374824208,HpDrvTestDrv.sys,19128
195867,1790374824208,SYS32_Hardware,900
195867,1790374824224,SYS32_Hardware.exe,32671232
195867,1790374824224,SYS32_Hardware.ini,363
196406,1790374824747,HpDrvPre.sys,19128
196406,1790374824747,HpDrvTestDrv.sys,19128
196406,1790374824747,SYS32_Hardware,900
196406,1790374824763,SYS32_Hardware.exe,32671232
196406,1790374824763,SYS32_Hardware.ini,363
196937,1790374825279,HpDrvPre.sys,19128
196937,1790374825279,HpDrvTestDrv.sys,19128
196937,1790374825279,SYS32_Hardware,900
196937,1790374825294,SYS32_Hardware.exe,32671232
196937,1790374825294,SYS32_Hardware.ini,363
197469,1790374825810,HpDrvPre.sys,19128
197469,1790374825810,HpDrvTestDrv.sys,19128
197469,1790374825810,SYS32_Hardware,900
197469,1790374825826,SYS32_Hardware.exe,32671232
197469,1790374825826,SYS32_Hardware.ini,363
198001,1790374826341,HpDrvPre.sys,19128
198001,1790374826341,HpDrvTestDrv.sys,19128
198001,1790374826341,SYS32_Hardware,900
198001,1790374826357,SYS32_Hardware.exe,32671232
198001,1790374826357,SYS32_Hardware.ini,363
198543,1790374826885,HpDrvPre.sys,19128
198543,1790374826885,HpDrvTestDrv.sys,19128
198543,1790374826885,SYS32_Hardware,900
198543,1790374826900,SYS32_Hardware.exe,32671232
198543,1790374826900,SYS32_Hardware.ini,363
199223,1790374827565,HpDrvPre.sys,19128
199223,1790374827565,HpDrvTestDrv.sys,19128
199223,1790374827565,SYS32_Hardware,900
199223,1790374827830,SYS32_Hardware.exe,32671232
199223,1790374827846,SYS32_Hardware.ini,363
200005,1790374828346,HpDrvPre.sys,19128
200005,1790374828346,HpDrvTestDrv.sys,19128
200005,1790374828346,SYS32_Hardware,900
200005,1790374828361,SYS32_Hardware.exe,32671232
200005,1790374828361,SYS32_Hardware.ini,363
200536,1790374828877,HpDrvPre.sys,19128
200536,1790374828877,HpDrvTestDrv.sys,19128
200536,1790374828877,SYS32_Hardware,900
200536,1790374828893,SYS32_Hardware.exe,32671232
200536,1790374828893,SYS32_Hardware.ini,363
201067,1790374829408,HpDrvPre.sys,19128
201067,1790374829408,HpDrvTestDrv.sys,19128
201067,1790374829424,SYS32_Hardware,900
201067,1790374829424,SYS32_Hardware.exe,32671232
201067,1790374829440,SYS32_Hardware.ini,363
201598,1790374829940,HpDrvPre.sys,19128
201598,1790374829940,HpDrvTestDrv.sys,19128
201598,1790374829940,SYS32_Hardware,900
201598,1790374829955,SYS32_Hardware.exe,32671232
201598,1790374829955,SYS32_Hardware.ini,363
202145,1790374830486,HpDrvPre.sys,19128
202145,1790374830486,HpDrvTestDrv.sys,19128
202145,1790374830486,SYS32_Hardware,900
202145,1790374830502,SYS32_Hardware.exe,32671232
202145,1790374830518,SYS32_Hardware.ini,363
202739,1790374831080,HpDrvPre.sys,19128
202739,1790374831080,HpDrvTestDrv.sys,19128
202739,1790374831080,SYS32_Hardware,900
202739,1790374831096,SYS32_Hardware.exe,32671232
202739,1790374831096,SYS32_Hardware.ini,363
203271,1790374831612,HpDrvPre.sys,19128
203271,1790374831612,HpDrvTestDrv.sys,19128
203271,1790374831612,SYS32_Hardware,900
203271,1790374831627,SYS32_Hardware.exe,32671232
203271,1790374831627,SYS32_Hardware.ini,363
203803,1790374832143,HpDrvPre.sys,19128
203803,1790374832143,HpDrvTestDrv.sys,19128
203803,1790374832143,SYS32_Hardware,900
203803,1790374832159,SYS32_Hardware.exe,32671232
203803,1790374832159,SYS32_Hardware.ini,363
204349,1790374832690,HpDrvPre.sys,19128
204349,1790374832690,HpDrvTestDrv.sys,19128
204349,1790374832705,SYS32_Hardware,900
204349,1790374832705,SYS32_Hardware.exe,32671232
204349,1790374832721,SYS32_Hardware.ini,363
204879,1790374833221,HpDrvPre.sys,19128
204879,1790374833221,HpDrvTestDrv.sys,19128
204879,1790374833221,SYS32_Hardware,900
204879,1790374833237,SYS32_Hardware.exe,32671232
204879,1790374833252,SYS32_Hardware.ini,363
205427,1790374833768,HpDrvPre.sys,19128
205427,1790374833768,HpDrvTestDrv.sys,19128
205427,1790374833768,SYS32_Hardware,900
205427,1790374833784,SYS32_Hardware.exe,32671232
205427,1790374833784,SYS32_Hardware.ini,363
205967,1790374834309,HpDrvPre.sys,19128
205967,1790374834309,HpDrvTestDrv.sys,19128
205967,1790374834309,SYS32_Hardware,900
205967,1790374834324,SYS32_Hardware.exe,32671232
205967,1790374834324,SYS32_Hardware.ini,363
206524,1790374834865,HpDrvPre.sys,19128
206524,1790374834865,HpDrvTestDrv.sys,19128
206524,1790374834881,SYS32_Hardware,900
206524,1790374834897,SYS32_Hardware.exe,32671232
206524,1790374834912,SYS32_Hardware.ini,363
207087,1790374835428,HpDrvPre.sys,19128
207087,1790374835428,HpDrvTestDrv.sys,19128
207087,1790374835428,SYS32_Hardware,900
207087,1790374835444,SYS32_Hardware.exe,32671232
207087,1790374835459,SYS32_Hardware.ini,363
207618,1790374835959,HpDrvPre.sys,19128
207618,1790374835959,HpDrvTestDrv.sys,19128
207618,1790374835959,SYS32_Hardware,900
207618,1790374835975,SYS32_Hardware.exe,32671232
207618,1790374835975,SYS32_Hardware.ini,363
208165,1790374836506,HpDrvPre.sys,19128
208165,1790374836506,HpDrvTestDrv.sys,19128
208165,1790374836506,SYS32_Hardware,900
208165,1790374836522,SYS32_Hardware.exe,32671232
208165,1790374836537,SYS32_Hardware.ini,363
208727,1790374837069,HpDrvPre.sys,19128
208727,1790374837069,HpDrvTestDrv.sys,19128
208727,1790374837084,SYS32_Hardware,900
208727,1790374837084,SYS32_Hardware.exe,32671232
208727,1790374837084,SYS32_Hardware.ini,363
209268,1790374837609,HpDrvPre.sys,19128
209268,1790374837609,HpDrvTestDrv.sys,19128
209268,1790374837609,SYS32_Hardware,900
209268,1790374837625,SYS32_Hardware.exe,32671232
209268,1790374837641,SYS32_Hardware.ini,363
209806,1790374838147,HpDrvPre.sys,19128
209806,1790374838147,HpDrvTestDrv.sys,19128
209806,1790374838163,SYS32_Hardware,900
209806,1790374838163,SYS32_Hardware.exe,32671232
209806,1790374838178,SYS32_Hardware.ini,363
210343,1790374838685,HpDrvPre.sys,19128
210343,1790374838685,HpDrvTestDrv.sys,19128
210343,1790374838685,SYS32_Hardware,900
210343,1790374838701,SYS32_Hardware.exe,32671232
210343,1790374838701,SYS32_Hardware.ini,363
210890,1790374839232,HpDrvPre.sys,19128
210890,1790374839232,HpDrvTestDrv.sys,19128
210890,1790374839232,SYS32_Hardware,900
210890,1790374839248,SYS32_Hardware.exe,32671232
210890,1790374839248,SYS32_Hardware.ini,363
211431,1790374839773,HpDrvPre.sys,19128
211431,1790374839773,HpDrvTestDrv.sys,19128
211431,1790374839773,SYS32_Hardware,900
211431,1790374839789,SYS32_Hardware.exe,32671232
211431,1790374839789,SYS32_Hardware.ini,363
211979,1790374840320,HpDrvPre.sys,19128
211979,1790374840320,HpDrvTestDrv.sys,19128
211979,1790374840336,SYS32_Hardware,900
211979,1790374840336,SYS32_Hardware.exe,32671232
211979,1790374840351,SYS32_Hardware.ini,363
212525,1790374840867,HpDrvPre.sys,19128
212525,1790374840867,HpDrvTestDrv.sys,19128
212525,1790374840867,SYS32_Hardware,900
212525,1790374840882,SYS32_Hardware.exe,32671232
212525,1790374840882,SYS32_Hardware.ini,363
213072,1790374841414,HpDrvPre.sys,19128
213072,1790374841414,HpDrvTestDrv.sys,19128
213072,1790374841414,SYS32_Hardware,900
213072,1790374841429,SYS32_Hardware.exe,32671232
213072,1790374841429,SYS32_Hardware.ini,363
213604,1790374841945,HpDrvPre.sys,19128
213604,1790374841945,HpDrvTestDrv.sys,19128
213604,1790374841961,SYS32_Hardware,900
213604,1790374841976,SYS32_Hardware.exe,32671232
213604,1790374841976,SYS32_Hardware.ini,363
214161,1790374842502,HpDrvPre.sys,19128
214161,1790374842502,HpDrvTestDrv.sys,19128
214161,1790374842502,SYS32_Hardware,900
214161,1790374842517,SYS32_Hardware.exe,32671232
214161,1790374842517,SYS32_Hardware.ini,363
214704,1790374843045,HpDrvPre.sys,19128
214704,1790374843045,HpDrvTestDrv.sys,19128
214704,1790374843045,SYS32_Hardware,900
214704,1790374843061,SYS32_Hardware.exe,32671232
214704,1790374843061,SYS32_Hardware.ini,363
215235,1790374843576,HpDrvPre.sys,19128
215235,1790374843576,HpDrvTestDrv.sys,19128
215235,1790374843576,SYS32_Hardware,900
215235,1790374843592,SYS32_Hardware.exe,32671232
215235,1790374843592,SYS32_Hardware.ini,363
215767,1790374844108,HpDrvPre.sys,19128
215767,1790374844108,HpDrvTestDrv.sys,19128
215767,1790374844108,SYS32_Hardware,900
215767,1790374844123,SYS32_Hardware.exe,32671232
215767,1790374844123,SYS32_Hardware.ini,363
216298,1790374844639,HpDrvPre.sys,19128
216298,1790374844639,HpDrvTestDrv.sys,19128
216298,1790374844639,SYS32_Hardware,900
216298,1790374844655,SYS32_Hardware.exe,32671232
216298,1790374844655,SYS32_Hardware.ini,363
216832,1790374845173,HpDrvPre.sys,19128
216832,1790374845173,HpDrvTestDrv.sys,19128
216832,1790374845173,SYS32_Hardware,900
216832,1790374845189,SYS32_Hardware.exe,32671232
216832,1790374845189,SYS32_Hardware.ini,363
217363,1790374845705,HpDrvPre.sys,19128
217363,1790374845705,HpDrvTestDrv.sys,19128
217363,1790374845720,SYS32_Hardware,900
217363,1790374845720,SYS32_Hardware.exe,32671232
217363,1790374845736,SYS32_Hardware.ini,363
217895,1790374846236,HpDrvPre.sys,19128
217895,1790374846236,HpDrvTestDrv.sys,19128
217895,1790374846236,SYS32_Hardware,900
217895,1790374846252,SYS32_Hardware.exe,32671232
217895,1790374846252,SYS32_Hardware.ini,363
218426,1790374846768,HpDrvPre.sys,19128
218426,1790374846768,HpDrvTestDrv.sys,19128
218426,1790374846783,SYS32_Hardware,900
218426,1790374846783,SYS32_Hardware.exe,32671232
218426,1790374846799,SYS32_Hardware.ini,363
218957,1790374847299,HpDrvPre.sys,19128
218957,1790374847299,HpDrvTestDrv.sys,19128
218957,1790374847299,SYS32_Hardware,900
218957,1790374847315,SYS32_Hardware.exe,32671232
218957,1790374847315,SYS32_Hardware.ini,363
219489,1790374847830,HpDrvPre.sys,19128
219489,1790374847830,HpDrvTestDrv.sys,19128
219489,1790374847830,SYS32_Hardware,900
219489,1790374847846,SYS32_Hardware.exe,32671232
219489,1790374847846,SYS32_Hardware.ini,363
220031,1790374848372,HpDrvPre.sys,19128
220031,1790374848372,HpDrvTestDrv.sys,19128
220031,1790374848372,SYS32_Hardware,900
220031,1790374848387,SYS32_Hardware.exe,32671232
220031,1790374848387,SYS32_Hardware.ini,363
220562,1790374848903,HpDrvPre.sys,19128
220562,1790374848903,HpDrvTestDrv.sys,19128
220562,1790374848903,SYS32_Hardware,900
220562,1790374848919,SYS32_Hardware.exe,32671232
220562,1790374848919,SYS32_Hardware.ini,363
221108,1790374849449,HpDrvPre.sys,19128
221108,1790374849449,HpDrvTestDrv.sys,19128
221108,1790374849449,SYS32_Hardware,900
221108,1790374849465,SYS32_Hardware.exe,32671232
221108,1790374849465,SYS32_Hardware.ini,363
221639,1790374849980,HpDrvPre.sys,19128
221639,1790374849990,HpDrvTestDrv.sys,19128
221639,1790374849990,SYS32_Hardware,900
221639,1790374850006,SYS32_Hardware.exe,32671232
221639,1790374850006,SYS32_Hardware.ini,363
222189,1790374850531,HpDrvPre.sys,19128
222189,1790374850531,HpDrvTestDrv.sys,19128
222189,1790374850531,SYS32_Hardware,900
222189,1790374850546,SYS32_Hardware.exe,32671232
222189,1790374850562,SYS32_Hardware.ini,363
222746,1790374851087,HpDrvPre.sys,19128
222746,1790374851087,HpDrvTestDrv.sys,19128
222746,1790374851087,SYS32_Hardware,900
222746,1790374851103,SYS32_Hardware.exe,32671232
222746,1790374851103,SYS32_Hardware.ini,363
223277,1790374851619,HpDrvPre.sys,19128
223277,1790374851619,HpDrvTestDrv.sys,19128
223277,1790374851619,SYS32_Hardware,900
223277,1790374851635,SYS32_Hardware.exe,32671232
223277,1790374851635,SYS32_Hardware.ini,363
223809,1790374852150,HpDrvPre.sys,19128
223809,1790374852150,HpDrvTestDrv.sys,19128
223809,1790374852150,SYS32_Hardware,900
223809,1790374852166,SYS32_Hardware.exe,32671232
223809,1790374852166,SYS32_Hardware.ini,363
224341,1790374852682,HpDrvPre.sys,19128
224341,1790374852682,HpDrvTestDrv.sys,19128
224341,1790374852682,SYS32_Hardware,900
224341,1790374852697,SYS32_Hardware.exe,32671232
224341,1790374852697,SYS32_Hardware.ini,363
224888,1790374853229,HpDrvPre.sys,19128
224888,1790374853229,HpDrvTestDrv.sys,19128
224888,1790374853245,SYS32_Hardware,900
224888,1790374853245,SYS32_Hardware.exe,32671232
224888,1790374853245,SYS32_Hardware.ini,363
225418,1790374853760,HpDrvPre.sys,19128
225418,1790374853760,HpDrvTestDrv.sys,19128
225418,1790374853760,SYS32_Hardware,900
225418,1790374853776,SYS32_Hardware.exe,32671232
225418,1790374853776,SYS32_Hardware.ini,363
225950,1790374854292,HpDrvPre.sys,19128
225950,1790374854292,HpDrvTestDrv.sys,19128
225950,1790374854307,SYS32_Hardware,900
225950,1790374854307,SYS32_Hardware.exe,32671232
225950,1790374854307,SYS32_Hardware.ini,363
226482,1790374854823,HpDrvPre.sys,19128
226482,1790374854823,HpDrvTestDrv.sys,19128
226482,1790374854839,SYS32_Hardware,900
226482,1790374854839,SYS32_Hardware.exe,32671232
226482,1790374854854,SYS32_Hardware.ini,363
227029,1790374855370,HpDrvPre.sys,19128
227029,1790374855370,HpDrvTestDrv.sys,19128
227029,1790374855370,SYS32_Hardware,900
227029,1790374855386,SYS32_Hardware.exe,32671232
227029,1790374855386,SYS32_Hardware.ini,363
227560,1790374855901,HpDrvPre.sys,19128
227560,1790374855901,HpDrvTestDrv.sys,19128
227560,1790374855901,SYS32_Hardware,900
227560,1790374855917,SYS32_Hardware.exe,32671232
227560,1790374855917,SYS32_Hardware.ini,363
228091,1790374856433,HpDrvPre.sys,19128
228091,1790374856433,HpDrvTestDrv.sys,19128
228091,1790374856433,SYS32_Hardware,900
228091,1790374856448,SYS32_Hardware.exe,32671232
228091,1790374856448,SYS32_Hardware.ini,363
228623,1790374856964,HpDrvPre.sys,19128
228623,1790374856975,HpDrvTestDrv.sys,19128
228623,1790374856975,SYS32_Hardware,900
228623,1790374856991,SYS32_Hardware.exe,32671232
228623,1790374856991,SYS32_Hardware.ini,363
229176,1790374857518,HpDrvPre.sys,19128
229176,1790374857518,HpDrvTestDrv.sys,19128
229176,1790374857518,SYS32_Hardware,900
229176,1790374857533,SYS32_Hardware.exe,32671232
229176,1790374857549,SYS32_Hardware.ini,363
229709,1790374858050,HpDrvPre.sys,19128
229709,1790374858050,HpDrvTestDrv.sys,19128
229709,1790374858050,SYS32_Hardware,900
229709,1790374858066,SYS32_Hardware.exe,32671232
229709,1790374858066,SYS32_Hardware.ini,363
230240,1790374858581,HpDrvPre.sys,19128
230240,1790374858581,HpDrvTestDrv.sys,19128
230240,1790374858581,SYS32_Hardware,900
230240,1790374858597,SYS32_Hardware.exe,32671232
230240,1790374858597,SYS32_Hardware.ini,363
230786,1790374859128,HpDrvPre.sys,19128
230786,1790374859128,HpDrvTestDrv.sys,19128
230786,1790374859128,SYS32_Hardware,900
230786,1790374859159,SYS32_Hardware.exe,32671232
230786,1790374859159,SYS32_Hardware.ini,363
231330,1790374859672,HpDrvPre.sys,19128
231330,1790374859672,HpDrvTestDrv.sys,19128
231330,1790374859672,SYS32_Hardware,900
231330,1790374859687,SYS32_Hardware.exe,32671232
231330,1790374859687,SYS32_Hardware.ini,363
231862,1790374860203,HpDrvPre.sys,19128
231862,1790374860203,HpDrvTestDrv.sys,19128
231862,1790374860203,SYS32_Hardware,900
231862,1790374860219,SYS32_Hardware.exe,32671232
231862,1790374860219,SYS32_Hardware.ini,363
232393,1790374860734,HpDrvPre.sys,19128
232393,1790374860734,HpDrvTestDrv.sys,19128
232393,1790374860750,SYS32_Hardware,900
232393,1790374860750,SYS32_Hardware.exe,32671232
232393,1790374860766,SYS32_Hardware.ini,363
232925,1790374861266,HpDrvPre.sys,19128
232925,1790374861266,HpDrvTestDrv.sys,19128
232925,1790374861266,SYS32_Hardware,900
232925,1790374861282,SYS32_Hardware.exe,32671232
232925,1790374861282,SYS32_Hardware.ini,363
233456,1790374861797,HpDrvPre.sys,19128
233456,1790374861797,HpDrvTestDrv.sys,19128
233456,1790374861797,SYS32_Hardware,900
233456,1790374861813,SYS32_Hardware.exe,32671232
233456,1790374861813,SYS32_Hardware.ini,363
233988,1790374862329,HpDrvPre.sys,19128
233988,1790374862329,HpDrvTestDrv.sys,19128
233988,1790374862329,SYS32_Hardware,900
233988,1790374862345,SYS32_Hardware.exe,32671232
233988,1790374862345,SYS32_Hardware.ini,363
234520,1790374862860,HpDrvPre.sys,19128
234520,1790374862860,HpDrvTestDrv.sys,19128
234520,1790374862860,SYS32_Hardware,900
234520,1790374862876,SYS32_Hardware.exe,32671232
234520,1790374862876,SYS32_Hardware.ini,363
235051,1790374863392,HpDrvPre.sys,19128
235051,1790374863392,HpDrvTestDrv.sys,19128
235051,1790374863392,SYS32_Hardware,900
235051,1790374863408,SYS32_Hardware.exe,32671232
235051,1790374863408,SYS32_Hardware.ini,363
235582,1790374863923,HpDrvPre.sys,19128
235582,1790374863923,HpDrvTestDrv.sys,19128
235582,1790374863923,SYS32_Hardware,900
235582,1790374863939,SYS32_Hardware.exe,32671232
235582,1790374863939,SYS32_Hardware.ini,363
236113,1790374864455,HpDrvPre.sys,19128
236113,1790374864455,HpDrvTestDrv.sys,19128
236113,1790374864470,SYS32_Hardware,900
236113,1790374864470,SYS32_Hardware.exe,32671232
236113,1790374864486,SYS32_Hardware.ini,363
236644,1790374864986,HpDrvPre.sys,19128
236644,1790374864986,HpDrvTestDrv.sys,19128
236644,1790374864986,SYS32_Hardware,900
236644,1790374865002,SYS32_Hardware.exe,32671232
236644,1790374865002,SYS32_Hardware.ini,363
237176,1790374865518,HpDrvPre.sys,19128
237176,1790374865518,HpDrvTestDrv.sys,19128
237176,1790374865518,SYS32_Hardware,900
237176,1790374865533,SYS32_Hardware.exe,32671232
237176,1790374865533,SYS32_Hardware.ini,363
237708,1790374866049,HpDrvPre.sys,19128
237708,1790374866049,HpDrvTestDrv.sys,19128
237708,1790374866049,SYS32_Hardware,900
237708,1790374866065,SYS32_Hardware.exe,32671232
237708,1790374866065,SYS32_Hardware.ini,363
238255,1790374866596,HpDrvPre.sys,19128
238255,1790374866596,HpDrvTestDrv.sys,19128
238255,1790374866596,SYS32_Hardware,900
238255,1790374866612,SYS32_Hardware.exe,32671232
238255,1790374866612,SYS32_Hardware.ini,363
238786,1790374867127,HpDrvPre.sys,19128
238786,1790374867127,HpDrvTestDrv.sys,19128
238786,1790374867127,SYS32_Hardware,900
238786,1790374867143,SYS32_Hardware.exe,32671232
238786,1790374867143,SYS32_Hardware.ini,363
239318,1790374867659,HpDrvPre.sys,19128
239318,1790374867659,HpDrvTestDrv.sys,19128
239318,1790374867659,SYS32_Hardware,900
239318,1790374867675,SYS32_Hardware.exe,32671232
239318,1790374867675,SYS32_Hardware.ini,363
239850,1790374868191,HpDrvPre.sys,19128
239850,1790374868201,HpDrvTestDrv.sys,19128
239850,1790374868201,SYS32_Hardware,900
239850,1790374868216,SYS32_Hardware.exe,32671232
239850,1790374868216,SYS32_Hardware.ini,363
240390,1790374868732,HpDrvPre.sys,19128
240390,1790374868732,HpDrvTestDrv.sys,19128
240390,1790374868732,SYS32_Hardware,900
240390,1790374868748,SYS32_Hardware.exe,32671232
240390,1790374868748,SYS32_Hardware.ini,363
240932,1790374869273,HpDrvPre.sys,19128
240932,1790374869273,HpDrvTestDrv.sys,19128
240932,1790374869288,SYS32_Hardware,900
240932,1790374869288,SYS32_Hardware.exe,32671232
240932,1790374869288,SYS32_Hardware.ini,363
241463,1790374869804,HpDrvPre.sys,19128
241463,1790374869804,HpDrvTestDrv.sys,19128
241463,1790374869820,SYS32_Hardware,900
241463,1790374869820,SYS32_Hardware.exe,32671232
241463,1790374869820,SYS32_Hardware.ini,363
241994,1790374870335,HpDrvPre.sys,19128
241994,1790374870335,HpDrvTestDrv.sys,19128
241994,1790374870351,SYS32_Hardware,900
241994,1790374870351,SYS32_Hardware.exe,32671232
241994,1790374870367,SYS32_Hardware.ini,363
242531,1790374870872,HpDrvPre.sys,19128
242531,1790374870872,HpDrvTestDrv.sys,19128
242531,1790374870888,SYS32_Hardware,900
242531,1790374870888,SYS32_Hardware.exe,32671232
242531,1790374870903,SYS32_Hardware.ini,363
243062,1790374871404,HpDrvPre.sys,19128
243062,1790374871404,HpDrvTestDrv.sys,19128
243062,1790374871404,SYS32_Hardware,900
243062,1790374871419,SYS32_Hardware.exe,32671232
243062,1790374871419,SYS32_Hardware.ini,363
243594,1790374871935,HpDrvPre.sys,19128
243594,1790374871935,HpDrvTestDrv.sys,19128
243594,1790374871935,SYS32_Hardware,900
243594,1790374871951,SYS32_Hardware.exe,32671232
243594,1790374871951,SYS32_Hardware.ini,363
244133,1790374872474,HpDrvPre.sys,19128
244133,1790374872474,HpDrvTestDrv.sys,19128
244133,1790374872474,SYS32_Hardware,900
244133,1790374872489,SYS32_Hardware.exe,32671232
244133,1790374872489,SYS32_Hardware.ini,363
244676,1790374873017,HpDrvPre.sys,19128
244676,1790374873017,HpDrvTestDrv.sys,19128
244676,1790374873017,SYS32_Hardware,900
244676,1790374873033,SYS32_Hardware.exe,32671232
244676,1790374873033,SYS32_Hardware.ini,363
245207,1790374873549,HpDrvPre.sys,19128
245207,1790374873549,HpDrvTestDrv.sys,19128
245207,1790374873549,SYS32_Hardware,900
245207,1790374873564,SYS32_Hardware.exe,32671232
245207,1790374873564,SYS32_Hardware.ini,363
245739,1790374874080,HpDrvPre.sys,19128
245739,1790374874080,HpDrvTestDrv.sys,19128
245739,1790374874080,SYS32_Hardware,900
245739,1790374874096,SYS32_Hardware.exe,32671232
245739,1790374874096,SYS32_Hardware.ini,363
246270,1790374874611,HpDrvPre.sys,19128
246270,1790374874611,HpDrvTestDrv.sys,19128
246270,1790374874611,SYS32_Hardware,900
246270,1790374874627,SYS32_Hardware.exe,32671232
246270,1790374874627,SYS32_Hardware.ini,363
246801,1790374875143,HpDrvPre.sys,19128
246801,1790374875143,HpDrvTestDrv.sys,19128
246801,1790374875143,SYS32_Hardware,900
246801,1790374875158,SYS32_Hardware.exe,32671232
246801,1790374875158,SYS32_Hardware.ini,363
247348,1790374875689,HpDrvPre.sys,19128
247348,1790374875689,HpDrvTestDrv.sys,19128
247348,1790374875689,SYS32_Hardware,900
247348,1790374875704,SYS32_Hardware.exe,32671232
247348,1790374875704,SYS32_Hardware.ini,363
247879,1790374876220,HpDrvPre.sys,19128
247879,1790374876220,HpDrvTestDrv.sys,19128
247879,1790374876220,SYS32_Hardware,900
247879,1790374876236,SYS32_Hardware.exe,32671232
247879,1790374876236,SYS32_Hardware.ini,363
248410,1790374876751,HpDrvPre.sys,19128
248410,1790374876751,HpDrvTestDrv.sys,19128
248410,1790374876751,SYS32_Hardware,900
248410,1790374876767,SYS32_Hardware.exe,32671232
248410,1790374876767,SYS32_Hardware.ini,363
248942,1790374877283,HpDrvPre.sys,19128
248942,1790374877283,HpDrvTestDrv.sys,19128
248942,1790374877283,SYS32_Hardware,900
248942,1790374877298,SYS32_Hardware.exe,32671232
248942,1790374877298,SYS32_Hardware.ini,363
249472,1790374877814,HpDrvPre.sys,19128
249472,1790374877814,HpDrvTestDrv.sys,19128
249472,1790374877814,SYS32_Hardware,900
249472,1790374877830,SYS32_Hardware.exe,32671232
249472,1790374877830,SYS32_Hardware.ini,363
250012,1790374878350,HpDrvPre.sys,19128
250012,1790374878350,HpDrvTestDrv.sys,19128
250012,1790374878412,SYS32_Hardware,900
250012,1790374878428,SYS32_Hardware.exe,32671232
250012,1790374878428,SYS32_Hardware.ini,363
250710,1790374879053,HpDrvPre.sys,19128
250710,1790374879053,HpDrvTestDrv.sys,19128
250710,1790374879053,SYS32_Hardware,900
250710,1790374879100,SYS32_Hardware.exe,32671232
250710,1790374879100,SYS32_Hardware.ini,363
251305,1790374879647,HpDrvPre.sys,19128
251305,1790374879647,HpDrvTestDrv.sys,19128
251305,1790374879662,SYS32_Hardware,900
251305,1790374879662,SYS32_Hardware.exe,32671232
251305,1790374879662,SYS32_Hardware.ini,363
251836,1790374880178,HpDrvPre.sys,19128
251836,1790374880178,HpDrvTestDrv.sys,19128
251836,1790374880178,SYS32_Hardware,900
251836,1790374880193,SYS32_Hardware.exe,32671232
251836,1790374880193,SYS32_Hardware.ini,363
252368,1790374880709,HpDrvPre.sys,19128
252368,1790374880709,HpDrvTestDrv.sys,19128
252368,1790374880709,SYS32_Hardware,900
252368,1790374880725,SYS32_Hardware.exe,32671232
252368,1790374880725,SYS32_Hardware.ini,363
252914,1790374881256,HpDrvPre.sys,19128
252914,1790374881256,HpDrvTestDrv.sys,19128
252914,1790374881256,SYS32_Hardware,900
252914,1790374881272,SYS32_Hardware.exe,32671232
252914,1790374881272,SYS32_Hardware.ini,363
253446,1790374881787,HpDrvPre.sys,19128
253446,1790374881787,HpDrvTestDrv.sys,19128
253446,1790374881803,SYS32_Hardware,900
253446,1790374881803,SYS32_Hardware.exe,32671232
253446,1790374881818,SYS32_Hardware.ini,363
253977,1790374882319,HpDrvPre.sys,19128
253977,1790374882319,HpDrvTestDrv.sys,19128
253977,1790374882319,SYS32_Hardware,900
253977,1790374882334,SYS32_Hardware.exe,32671232
253977,1790374882334,SYS32_Hardware.ini,363
254508,1790374882850,HpDrvPre.sys,19128
254508,1790374882850,HpDrvTestDrv.sys,19128
254508,1790374882850,SYS32_Hardware,900
254508,1790374882865,SYS32_Hardware.exe,32671232
254508,1790374882865,SYS32_Hardware.ini,363
255040,1790374883381,HpDrvPre.sys,19128
255040,1790374883381,HpDrvTestDrv.sys,19128
255040,1790374883381,SYS32_Hardware,900
255040,1790374883397,SYS32_Hardware.exe,32671232
255040,1790374883397,SYS32_Hardware.ini,363
255571,1790374883913,HpDrvPre.sys,19128
255571,1790374883913,HpDrvTestDrv.sys,19128
255571,1790374883913,SYS32_Hardware,900
255571,1790374883928,SYS32_Hardware.exe,32671232
255571,1790374883928,SYS32_Hardware.ini,363
256120,1790374884475,HpDrvPre.sys,19128
256120,1790374884491,HpDrvTestDrv.sys,19128
256120,1790374884522,SYS32_Hardware,900
256120,1790374884522,SYS32_Hardware.exe,32671232
256120,1790374884553,SYS32_Hardware.ini,363
256757,1790374885098,HpDrvPre.sys,19128
256757,1790374885098,HpDrvTestDrv.sys,19128
256757,1790374885098,SYS32_Hardware,900
256757,1790374885114,SYS32_Hardware.exe,32671232
256757,1790374885114,SYS32_Hardware.ini,363
257298,1790374885639,HpDrvPre.sys,19128
257298,1790374885639,HpDrvTestDrv.sys,19128
257298,1790374885655,SYS32_Hardware,900
257298,1790374885655,SYS32_Hardware.exe,32671232
257298,1790374885671,SYS32_Hardware.ini,363
257845,1790374886187,HpDrvPre.sys,19128
257845,1790374886187,HpDrvTestDrv.sys,19128
257845,1790374886187,SYS32_Hardware,900
257845,1790374886202,SYS32_Hardware.exe,32671232
257845,1790374886202,SYS32_Hardware.ini,363
258379,1790374886721,HpDrvPre.sys,19128
258379,1790374886721,HpDrvTestDrv.sys,19128
258379,1790374886721,SYS32_Hardware,900
258379,1790374886736,SYS32_Hardware.exe,32671232
258379,1790374886736,SYS32_Hardware.ini,363
258911,1790374887252,HpDrvPre.sys,19128
258911,1790374887252,HpDrvTestDrv.sys,19128
258911,1790374887252,SYS32_Hardware,900
258911,1790374887268,SYS32_Hardware.exe,32671232
258911,1790374887268,SYS32_Hardware.ini,363
259442,1790374887783,HpDrvPre.sys,19128
259442,1790374887783,HpDrvTestDrv.sys,19128
259442,1790374887799,SYS32_Hardware,900
259442,1790374887799,SYS32_Hardware.exe,32671232
259442,1790374887815,SYS32_Hardware.ini,363
259980,1790374888321,HpDrvPre.sys,19128
259980,1790374888321,HpDrvTestDrv.sys,19128
259980,1790374888337,SYS32_Hardware,900
259980,1790374888337,SYS32_Hardware.exe,32671232
259980,1790374888337,SYS32_Hardware.ini,363
260532,1790374888874,HpDrvPre.sys,19128
260532,1790374888874,HpDrvTestDrv.sys,19128
260532,1790374888874,SYS32_Hardware,900
260532,1790374888889,SYS32_Hardware.exe,32671232
260532,1790374888905,SYS32_Hardware.ini,363
261094,1790374889436,HpDrvPre.sys,19128
261094,1790374889436,HpDrvTestDrv.sys,19128
261094,1790374889436,SYS32_Hardware,900
261094,1790374889451,SYS32_Hardware.exe,32671232
261094,1790374889451,SYS32_Hardware.ini,363
261634,1790374889976,HpDrvPre.sys,19128
261634,1790374889976,HpDrvTestDrv.sys,19128
261634,1790374889976,SYS32_Hardware,900
261634,1790374889992,SYS32_Hardware.exe,32671232
261634,1790374889992,SYS32_Hardware.ini,363
262177,1790374890519,HpDrvPre.sys,19128
262177,1790374890519,HpDrvTestDrv.sys,19128
262177,1790374890519,SYS32_Hardware,900
262177,1790374890534,SYS32_Hardware.exe,32671232
262177,1790374890550,SYS32_Hardware.ini,363
262739,1790374891081,HpDrvPre.sys,19128
262739,1790374891081,HpDrvTestDrv.sys,19128
262739,1790374891081,SYS32_Hardware,900
262739,1790374891096,SYS32_Hardware.exe,32671232
262739,1790374891096,SYS32_Hardware.ini,363
263271,1790374891612,HpDrvPre.sys,19128
263271,1790374891612,HpDrvTestDrv.sys,19128
263271,1790374891612,SYS32_Hardware,900
263271,1790374891628,SYS32_Hardware.exe,32671232
263271,1790374891628,SYS32_Hardware.ini,363
263802,1790374892143,HpDrvPre.sys,19128
263802,1790374892143,HpDrvTestDrv.sys,19128
263802,1790374892143,SYS32_Hardware,900
263802,1790374892159,SYS32_Hardware.exe,32671232
263802,1790374892159,SYS32_Hardware.ini,363
264343,1790374892684,HpDrvPre.sys,19128
264343,1790374892684,HpDrvTestDrv.sys,19128
264343,1790374892684,SYS32_Hardware,900
264343,1790374892700,SYS32_Hardware.exe,32671232
264343,1790374892700,SYS32_Hardware.ini,363
264874,1790374893215,HpDrvPre.sys,19128
264874,1790374893215,HpDrvTestDrv.sys,19128
264874,1790374893231,SYS32_Hardware,900
264874,1790374893231,SYS32_Hardware.exe,32671232
264874,1790374893247,SYS32_Hardware.ini,363
265406,1790374893747,HpDrvPre.sys,19128
265406,1790374893747,HpDrvTestDrv.sys,19128
265406,1790374893747,SYS32_Hardware,900
265406,1790374893762,SYS32_Hardware.exe,32671232
265406,1790374893762,SYS32_Hardware.ini,363
265937,1790374894278,HpDrvPre.sys,19128
265937,1790374894278,HpDrvTestDrv.sys,19128
265937,1790374894278,SYS32_Hardware,900
265937,1790374894294,SYS32_Hardware.exe,32671232
265937,1790374894294,SYS32_Hardware.ini,363
266468,1790374894810,HpDrvPre.sys,19128
266468,1790374894810,HpDrvTestDrv.sys,19128
266468,1790374894810,SYS32_Hardware,900
266468,1790374894825,SYS32_Hardware.exe,32671232
266468,1790374894825,SYS32_Hardware.ini,363
267015,1790374895357,HpDrvPre.sys,19128
267015,1790374895357,HpDrvTestDrv.sys,19128
267015,1790374895357,SYS32_Hardware,900
267015,1790374895372,SYS32_Hardware.exe,32671232
267015,1790374895372,SYS32_Hardware.ini,363
267547,1790374895888,HpDrvPre.sys,19128
267547,1790374895888,HpDrvTestDrv.sys,19128
267547,1790374895888,SYS32_Hardware,900
267547,1790374895904,SYS32_Hardware.exe,32671232
267547,1790374895904,SYS32_Hardware.ini,363
268085,1790374896426,HpDrvPre.sys,19128
268085,1790374896426,HpDrvTestDrv.sys,19128
268085,1790374896426,SYS32_Hardware,900
268085,1790374896441,SYS32_Hardware.exe,32671232
268085,1790374896441,SYS32_Hardware.ini,363
268616,1790374896957,HpDrvPre.sys,19128
268616,1790374896957,HpDrvTestDrv.sys,19128
268616,1790374896973,SYS32_Hardware,900
268616,1790374896973,SYS32_Hardware.exe,32671232
268616,1790374896989,SYS32_Hardware.ini,363
269147,1790374897489,HpDrvPre.sys,19128
269147,1790374897489,HpDrvTestDrv.sys,19128
269147,1790374897489,SYS32_Hardware,900
269147,1790374897504,SYS32_Hardware.exe,32671232
269147,1790374897504,SYS32_Hardware.ini,363
269679,1790374898020,HpDrvPre.sys,19128
269679,1790374898020,HpDrvTestDrv.sys,19128
269679,1790374898020,SYS32_Hardware,900
269679,1790374898036,SYS32_Hardware.exe,32671232
269679,1790374898036,SYS32_Hardware.ini,363
270210,1790374898551,HpDrvPre.sys,19128
270210,1790374898551,HpDrvTestDrv.sys,19128
270210,1790374898551,SYS32_Hardware,900
270210,1790374898567,SYS32_Hardware.exe,32671232
270210,1790374898567,SYS32_Hardware.ini,363
270758,1790374899099,HpDrvPre.sys,19128
270758,1790374899099,HpDrvTestDrv.sys,19128
270758,1790374899099,SYS32_Hardware,900
270758,1790374899115,SYS32_Hardware.exe,32671232
270758,1790374899115,SYS32_Hardware.ini,363
271289,1790374899630,HpDrvPre.sys,19128
271289,1790374899630,HpDrvTestDrv.sys,19128
271289,1790374899630,SYS32_Hardware,900
271289,1790374899646,SYS32_Hardware.exe,32671232
271289,1790374899646,SYS32_Hardware.ini,363
271820,1790374900162,HpDrvPre.sys,19128
271820,1790374900162,HpDrvTestDrv.sys,19128
271820,1790374900162,SYS32_Hardware,900
271820,1790374900177,SYS32_Hardware.exe,32671232
271820,1790374900177,SYS32_Hardware.ini,363
272352,1790374900694,HpDrvPre.sys,19128
272352,1790374900694,HpDrvTestDrv.sys,19128
272352,1790374900694,SYS32_Hardware,900
272352,1790374900709,SYS32_Hardware.exe,32671232
272352,1790374900725,SYS32_Hardware.ini,363
272899,1790374901241,HpDrvPre.sys,19128
272899,1790374901241,HpDrvTestDrv.sys,19128
272899,1790374901241,SYS32_Hardware,900
272899,1790374901256,SYS32_Hardware.exe,32671232
272899,1790374901256,SYS32_Hardware.ini,363
273431,1790374901772,HpDrvPre.sys,19128
273431,1790374901772,HpDrvTestDrv.sys,19128
273431,1790374901772,SYS32_Hardware,900
273431,1790374901788,SYS32_Hardware.exe,32671232
273431,1790374901788,SYS32_Hardware.ini,363
273966,1790374902307,HpDrvPre.sys,19128
273966,1790374902307,HpDrvTestDrv.sys,19128
273966,1790374902323,SYS32_Hardware,900
273966,1790374902323,SYS32_Hardware.exe,32671232
273966,1790374902323,SYS32_Hardware.ini,363
274497,1790374902839,HpDrvPre.sys,19128
274497,1790374902839,HpDrvTestDrv.sys,19128
274497,1790374902839,SYS32_Hardware,900
274497,1790374902854,SYS32_Hardware.exe,32671232
274497,1790374902854,SYS32_Hardware.ini,363
275029,1790374903370,HpDrvPre.sys,19128
275029,1790374903370,HpDrvTestDrv.sys,19128
275029,1790374903370,SYS32_Hardware,900
275029,1790374903386,SYS32_Hardware.exe,32671232
275029,1790374903386,SYS32_Hardware.ini,363
275560,1790374903902,HpDrvPre.sys,19128
275560,1790374903902,HpDrvTestDrv.sys,19128
275560,1790374903902,SYS32_Hardware,900
275560,1790374903917,SYS32_Hardware.exe,32671232
275560,1790374903917,SYS32_Hardware.ini,363
276091,1790374904433,HpDrvPre.sys,19128
276091,1790374904433,HpDrvTestDrv.sys,19128
276091,1790374904433,SYS32_Hardware,900
276091,1790374904449,SYS32_Hardware.exe,32671232
276091,1790374904449,SYS32_Hardware.ini,363
276631,1790374904972,HpDrvPre.sys,19128
276631,1790374904972,HpDrvTestDrv.sys,19128
276631,1790374904972,SYS32_Hardware,900
276631,1790374904988,SYS32_Hardware.exe,32671232
276631,1790374904988,SYS32_Hardware.ini,363
277177,1790374905518,HpDrvPre.sys,19128
277177,1790374905518,HpDrvTestDrv.sys,19128
277177,1790374905533,SYS32_Hardware,900
277177,1790374905533,SYS32_Hardware.exe,32671232
277177,1790374905549,SYS32_Hardware.ini,363
277708,1790374906049,HpDrvPre.sys,19128
277708,1790374906049,HpDrvTestDrv.sys,19128
277708,1790374906065,SYS32_Hardware,900
277708,1790374906065,SYS32_Hardware.exe,32671232
277708,1790374906080,SYS32_Hardware.ini,363
278239,1790374906580,HpDrvPre.sys,19128
278239,1790374906580,HpDrvTestDrv.sys,19128
278239,1790374906596,SYS32_Hardware,900
278239,1790374906596,SYS32_Hardware.exe,32671232
278239,1790374906612,SYS32_Hardware.ini,363
278786,1790374907128,HpDrvPre.sys,19128
278786,1790374907128,HpDrvTestDrv.sys,19128
278786,1790374907128,SYS32_Hardware,900
278786,1790374907143,SYS32_Hardware.exe,32671232
278786,1790374907143,SYS32_Hardware.ini,363
279318,1790374907659,HpDrvPre.sys,19128
279318,1790374907659,HpDrvTestDrv.sys,19128
279318,1790374907659,SYS32_Hardware,900
279318,1790374907675,SYS32_Hardware.exe,32671232
279318,1790374907675,SYS32_Hardware.ini,363
279849,1790374908191,HpDrvPre.sys,19128
279849,1790374908191,HpDrvTestDrv.sys,19128
279849,1790374908191,SYS32_Hardware,900
279849,1790374908206,SYS32_Hardware.exe,32671232
279849,1790374908206,SYS32_Hardware.ini,363
280381,1790374908722,HpDrvPre.sys,19128
280381,1790374908722,HpDrvTestDrv.sys,19128
280381,1790374908722,SYS32_Hardware,900
280381,1790374908738,SYS32_Hardware.exe,32671232
280381,1790374908738,SYS32_Hardware.ini,363
280913,1790374909253,HpDrvPre.sys,19128
280913,1790374909253,HpDrvTestDrv.sys,19128
280913,1790374909253,SYS32_Hardware,900
280913,1790374909269,SYS32_Hardware.exe,32671232
280913,1790374909269,SYS32_Hardware.ini,363
281444,1790374909785,HpDrvPre.sys,19128
281444,1790374909785,HpDrvTestDrv.sys,19128
281444,1790374909785,SYS32_Hardware,900
281444,1790374909801,SYS32_Hardware.exe,32671232
281444,1790374909801,SYS32_Hardware.ini,363
281975,1790374910316,HpDrvPre.sys,19128
281975,1790374910316,HpDrvTestDrv.sys,19128
281975,1790374910332,SYS32_Hardware,900
281975,1790374910332,SYS32_Hardware.exe,32671232
281975,1790374910348,SYS32_Hardware.ini,363
282529,1790374910871,HpDrvPre.sys,19128
282529,1790374910871,HpDrvTestDrv.sys,19128
282529,1790374910871,SYS32_Hardware,900
282529,1790374910886,SYS32_Hardware.exe,32671232
282529,1790374910886,SYS32_Hardware.ini,363
283064,1790374911405,HpDrvPre.sys,19128
283064,1790374911405,HpDrvTestDrv.sys,19128
283064,1790374911405,SYS32_Hardware,900
283064,1790374911420,SYS32_Hardware.exe,32671232
283064,1790374911420,SYS32_Hardware.ini,363
283595,1790374911936,HpDrvPre.sys,19128
283595,1790374911936,HpDrvTestDrv.sys,19128
283595,1790374911936,SYS32_Hardware,900
283595,1790374911952,SYS32_Hardware.exe,32671232
283595,1790374911952,SYS32_Hardware.ini,363
284126,1790374912468,HpDrvPre.sys,19128
284126,1790374912468,HpDrvTestDrv.sys,19128
284126,1790374912468,SYS32_Hardware,900
284126,1790374912483,SYS32_Hardware.exe,32671232
284126,1790374912483,SYS32_Hardware.ini,363
284672,1790374913013,HpDrvPre.sys,19128
284672,1790374913013,HpDrvTestDrv.sys,19128
284672,1790374913013,SYS32_Hardware,900
284672,1790374913029,SYS32_Hardware.exe,32671232
284672,1790374913029,SYS32_Hardware.ini,363
285203,1790374913545,HpDrvPre.sys,19128
285203,1790374913545,HpDrvTestDrv.sys,19128
285203,1790374913545,SYS32_Hardware,900
285203,1790374913560,SYS32_Hardware.exe,32671232
285203,1790374913560,SYS32_Hardware.ini,363
285735,1790374914076,HpDrvPre.sys,19128
285735,1790374914076,HpDrvTestDrv.sys,19128
285735,1790374914092,SYS32_Hardware,900
285735,1790374914092,SYS32_Hardware.exe,32671232
285735,1790374914107,SYS32_Hardware.ini,363
286266,1790374914607,HpDrvPre.sys,19128
286266,1790374914607,HpDrvTestDrv.sys,19128
286266,1790374914607,SYS32_Hardware,900
286266,1790374914623,SYS32_Hardware.exe,32671232
286266,1790374914623,SYS32_Hardware.ini,363
286798,1790374915139,HpDrvPre.sys,19128
286798,1790374915139,HpDrvTestDrv.sys,19128
286798,1790374915139,SYS32_Hardware,900
286798,1790374915154,SYS32_Hardware.exe,32671232
286798,1790374915154,SYS32_Hardware.ini,363
287329,1790374915670,HpDrvPre.sys,19128
287329,1790374915670,HpDrvTestDrv.sys,19128
287329,1790374915670,SYS32_Hardware,900
287329,1790374915686,SYS32_Hardware.exe,32671232
287329,1790374915686,SYS32_Hardware.ini,363
287860,1790374916202,HpDrvPre.sys,19128
287860,1790374916202,HpDrvTestDrv.sys,19128
287860,1790374916202,SYS32_Hardware,900
287860,1790374916217,SYS32_Hardware.exe,32671232
287860,1790374916217,SYS32_Hardware.ini,363
288407,1790374916748,HpDrvPre.sys,19128
288407,1790374916748,HpDrvTestDrv.sys,19128
288407,1790374916748,SYS32_Hardware,900
288407,1790374916763,SYS32_Hardware.exe,32671232
288407,1790374916763,SYS32_Hardware.ini,363
288938,1790374917279,HpDrvPre.sys,19128
288938,1790374917279,HpDrvTestDrv.sys,19128
288938,1790374917279,SYS32_Hardware,900
288938,1790374917295,SYS32_Hardware.exe,32671232
288938,1790374917295,SYS32_Hardware.ini,363
289469,1790374917811,HpDrvPre.sys,19128
289469,1790374917811,HpDrvTestDrv.sys,19128
289469,1790374917811,SYS32_Hardware,900
289469,1790374917826,SYS32_Hardware.exe,32671232
289469,1790374917826,SYS32_Hardware.ini,363
290014,1790374918356,HpDrvPre.sys,19128
290014,1790374918356,HpDrvTestDrv.sys,19128
290014,1790374918356,SYS32_Hardware,900
290014,1790374918371,SYS32_Hardware.exe,32671232
290014,1790374918371,SYS32_Hardware.ini,363
290546,1790374918887,HpDrvPre.sys,19128
290546,1790374918887,HpDrvTestDrv.sys,19128
290546,1790374918887,SYS32_Hardware,900
290546,1790374918903,SYS32_Hardware.exe,32671232
290546,1790374918903,SYS32_Hardware.ini,363
291078,1790374919419,HpDrvPre.sys,19128
291078,1790374919419,HpDrvTestDrv.sys,19128
291078,1790374919419,SYS32_Hardware,900
291078,1790374919434,SYS32_Hardware.exe,32671232
291078,1790374919434,SYS32_Hardware.ini,363
291609,1790374919951,HpDrvPre.sys,19128
291609,1790374919951,HpDrvTestDrv.sys,19128
291609,1790374919951,SYS32_Hardware,900
291609,1790374919966,SYS32_Hardware.exe,32671232
291609,1790374919966,SYS32_Hardware.ini,363
292141,1790374920482,HpDrvPre.sys,19128
292141,1790374920482,HpDrvTestDrv.sys,19128
292141,1790374920498,SYS32_Hardware,900
292141,1790374920498,SYS32_Hardware.exe,32671232
292141,1790374920513,SYS32_Hardware.ini,363
292688,1790374921029,HpDrvPre.sys,19128
292688,1790374921029,HpDrvTestDrv.sys,19128
292688,1790374921029,SYS32_Hardware,900
292688,1790374921045,SYS32_Hardware.exe,32671232
292688,1790374921045,SYS32_Hardware.ini,363
293219,1790374921560,HpDrvPre.sys,19128
293219,1790374921560,HpDrvTestDrv.sys,19128
293219,1790374921560,SYS32_Hardware,900
293219,1790374921576,SYS32_Hardware.exe,32671232
293219,1790374921576,SYS32_Hardware.ini,363
293751,1790374922092,HpDrvPre.sys,19128
293751,1790374922092,HpDrvTestDrv.sys,19128
293751,1790374922092,SYS32_Hardware,900
293751,1790374922108,SYS32_Hardware.exe,32671232
293751,1790374922108,SYS32_Hardware.ini,363
294283,1790374922624,HpDrvPre.sys,19128
294283,1790374922624,HpDrvTestDrv.sys,19128
294283,1790374922624,SYS32_Hardware,900
294283,1790374922639,SYS32_Hardware.exe,32671232
294283,1790374922639,SYS32_Hardware.ini,363
294819,1790374923161,HpDrvPre.sys,19128
294819,1790374923161,HpDrvTestDrv.sys,19128
294819,1790374923161,SYS32_Hardware,900
294819,1790374923176,SYS32_Hardware.exe,32671232
294819,1790374923176,SYS32_Hardware.ini,363
295351,1790374923692,HpDrvPre.sys,19128
295351,1790374923692,HpDrvTestDrv.sys,19128
295351,1790374923692,SYS32_Hardware,900
295351,1790374923708,SYS32_Hardware.exe,32671232
295351,1790374923708,SYS32_Hardware.ini,363
295882,1790374924223,HpDrvPre.sys,19128
295882,1790374924223,HpDrvTestDrv.sys,19128
295882,1790374924223,SYS32_Hardware,900
295882,1790374924239,SYS32_Hardware.exe,32671232
295882,1790374924239,SYS32_Hardware.ini,363
296414,1790374924755,HpDrvPre.sys,19128
296414,1790374924755,HpDrvTestDrv.sys,19128
296414,1790374924755,SYS32_Hardware,900
296414,1790374924770,SYS32_Hardware.exe,32671232
296414,1790374924770,SYS32_Hardware.ini,363
296945,1790374925286,HpDrvPre.sys,19128
296945,1790374925286,HpDrvTestDrv.sys,19128
296945,1790374925302,SYS32_Hardware,900
296945,1790374925302,SYS32_Hardware.exe,32671232
296945,1790374925317,SYS32_Hardware.ini,363
297476,1790374925818,HpDrvPre.sys,19128
297476,1790374925818,HpDrvTestDrv.sys,19128
297476,1790374925818,SYS32_Hardware,900
297476,1790374925833,SYS32_Hardware.exe,32671232
297476,1790374925833,SYS32_Hardware.ini,363
298008,1790374926349,HpDrvPre.sys,19128
298008,1790374926349,HpDrvTestDrv.sys,19128
298008,1790374926349,SYS32_Hardware,900
298008,1790374926365,SYS32_Hardware.exe,32671232
298008,1790374926365,SYS32_Hardware.ini,363
298539,1790374926880,HpDrvPre.sys,19128
298539,1790374926880,HpDrvTestDrv.sys,19128
298539,1790374926880,SYS32_Hardware,900
298539,1790374926896,SYS32_Hardware.exe,32671232
298539,1790374926896,SYS32_Hardware.ini,363
299071,1790374927412,HpDrvPre.sys,19128
299071,1790374927412,HpDrvTestDrv.sys,19128
299071,1790374927412,SYS32_Hardware,900
299071,1790374927427,SYS32_Hardware.exe,32671232
299071,1790374927427,SYS32_Hardware.ini,363
299607,1790374927948,HpDrvPre.sys,19128
299607,1790374927948,HpDrvTestDrv.sys,19128
299607,1790374927948,SYS32_Hardware,900
299607,1790374927963,SYS32_Hardware.exe,32671232
299607,1790374927963,SYS32_Hardware.ini,363
300138,1790374928479,HpDrvPre.sys,19128
300138,1790374928489,HpDrvTestDrv.sys,19128
300138,1790374928489,SYS32_Hardware,900
300138,1790374928502,SYS32_Hardware.exe,32671232
300138,1790374928502,SYS32_Hardware.ini,363
300676,1790374929018,HpDrvPre.sys,19128
300676,1790374929018,HpDrvTestDrv.sys,19128
300676,1790374929033,SYS32_Hardware,900
300676,1790374929033,SYS32_Hardware.exe,32671232
300676,1790374929049,SYS32_Hardware.ini,363
301210,1790374929552,HpDrvPre.sys,19128
301210,1790374929552,HpDrvTestDrv.sys,19128
301210,1790374929552,SYS32_Hardware,900
301210,1790374929568,SYS32_Hardware.exe,32671232
301210,1790374929568,SYS32_Hardware.ini,363
301742,1790374930083,HpDrvPre.sys,19128
301742,1790374930083,HpDrvTestDrv.sys,19128
301742,1790374930083,SYS32_Hardware,900
301742,1790374930099,SYS32_Hardware.exe,32671232
301742,1790374930099,SYS32_Hardware.ini,363
302273,1790374930614,HpDrvPre.sys,19128
302273,1790374930614,HpDrvTestDrv.sys,19128
302273,1790374930614,SYS32_Hardware,900
302273,1790374930630,SYS32_Hardware.exe,32671232
302273,1790374930646,SYS32_Hardware.ini,363
302826,1790374931167,HpDrvPre.sys,19128
302826,1790374931167,HpDrvTestDrv.sys,19128
302826,1790374931167,SYS32_Hardware,900
302826,1790374931183,SYS32_Hardware.exe,32671232
302826,1790374931183,SYS32_Hardware.ini,363
303357,1790374931699,HpDrvPre.sys,19128
303357,1790374931699,HpDrvTestDrv.sys,19128
303357,1790374931699,SYS32_Hardware,900
303357,1790374931714,SYS32_Hardware.exe,32671232
303357,1790374931714,SYS32_Hardware.ini,363
303889,1790374932230,HpDrvPre.sys,19128
303889,1790374932230,HpDrvTestDrv.sys,19128
303889,1790374932230,SYS32_Hardware,900
303889,1790374932246,SYS32_Hardware.exe,32671232
303889,1790374932246,SYS32_Hardware.ini,363
304429,1790374932770,HpDrvPre.sys,19128
304429,1790374932770,HpDrvTestDrv.sys,19128
304429,1790374932770,SYS32_Hardware,900
304429,1790374932786,SYS32_Hardware.exe,32671232
304429,1790374932786,SYS32_Hardware.ini,363
304960,1790374933301,HpDrvPre.sys,19128
304960,1790374933301,HpDrvTestDrv.sys,19128
304960,1790374933301,SYS32_Hardware,900
304960,1790374933317,SYS32_Hardware.exe,32671232
304960,1790374933317,SYS32_Hardware.ini,363
305506,1790374933847,HpDrvPre.sys,19128
305506,1790374933847,HpDrvTestDrv.sys,19128
305506,1790374933847,SYS32_Hardware,900
305506,1790374933862,SYS32_Hardware.exe,32671232
305506,1790374933862,SYS32_Hardware.ini,363
306037,1790374934378,HpDrvPre.sys,19128
306037,1790374934378,HpDrvTestDrv.sys,19128
306037,1790374934378,SYS32_Hardware,900
306037,1790374934394,SYS32_Hardware.exe,32671232
306037,1790374934394,SYS32_Hardware.ini,363
306569,1790374934910,HpDrvPre.sys,19128
306569,1790374934910,HpDrvTestDrv.sys,19128
306569,1790374934910,SYS32_Hardware,900
306569,1790374934925,SYS32_Hardware.exe,32671232
306569,1790374934925,SYS32_Hardware.ini,363
307100,1790374935441,HpDrvPre.sys,19128
307100,1790374935441,HpDrvTestDrv.sys,19128
307100,1790374935441,SYS32_Hardware,900
307100,1790374935457,SYS32_Hardware.exe,32671232
307100,1790374935457,SYS32_Hardware.ini,363
307631,1790374935972,HpDrvPre.sys,19128
307631,1790374935972,HpDrvTestDrv.sys,19128
307631,1790374935972,SYS32_Hardware,900
307631,1790374935988,SYS32_Hardware.exe,32671232
307631,1790374935988,SYS32_Hardware.ini,363
308163,1790374936504,HpDrvPre.sys,19128
308163,1790374936504,HpDrvTestDrv.sys,19128
308163,1790374936504,SYS32_Hardware,900
308163,1790374936520,SYS32_Hardware.exe,32671232
308163,1790374936520,SYS32_Hardware.ini,363
308697,1790374937038,HpDrvPre.sys,19128
308697,1790374937038,HpDrvTestDrv.sys,19128
308697,1790374937038,SYS32_Hardware,900
308697,1790374937054,SYS32_Hardware.exe,32671232
308697,1790374937054,SYS32_Hardware.ini,363
309241,1790374937583,HpDrvPre.sys,19128
309241,1790374937583,HpDrvTestDrv.sys,19128
309241,1790374937583,SYS32_Hardware,900
309241,1790374937598,SYS32_Hardware.exe,32671232
309241,1790374937598,SYS32_Hardware.ini,363
309775,1790374938116,HpDrvPre.sys,19128
309775,1790374938116,HpDrvTestDrv.sys,19128
309775,1790374938116,SYS32_Hardware,900
309775,1790374938132,SYS32_Hardware.exe,32671232
309775,1790374938132,SYS32_Hardware.ini,363
310317,1790374938658,HpDrvPre.sys,19128
310317,1790374938658,HpDrvTestDrv.sys,19128
310317,1790374938658,SYS32_Hardware,900
310317,1790374938674,SYS32_Hardware.exe,32671232
310317,1790374938674,SYS32_Hardware.ini,363
310858,1790374939199,HpDrvPre.sys,19128
310858,1790374939199,HpDrvTestDrv.sys,19128
310858,1790374939215,SYS32_Hardware,900
310858,1790374939215,SYS32_Hardware.exe,32671232
310858,1790374939230,SYS32_Hardware.ini,363
311389,1790374939730,HpDrvPre.sys,19128
311389,1790374939730,HpDrvTestDrv.sys,19128
311389,1790374939730,SYS32_Hardware,900
311389,1790374939746,SYS32_Hardware.exe,32671232
311389,1790374939746,SYS32_Hardware.ini,363
311920,1790374940262,HpDrvPre.sys,19128
311920,1790374940262,HpDrvTestDrv.sys,19128
311920,1790374940262,SYS32_Hardware,900
311920,1790374940278,SYS32_Hardware.exe,32671232
311920,1790374940278,SYS32_Hardware.ini,363
312452,1790374940793,HpDrvPre.sys,19128
312452,1790374940793,HpDrvTestDrv.sys,19128
312452,1790374940793,SYS32_Hardware,900
312452,1790374940809,SYS32_Hardware.exe,32671232
312452,1790374940809,SYS32_Hardware.ini,363
312984,1790374941325,HpDrvPre.sys,19128
312984,1790374941325,HpDrvTestDrv.sys,19128
312984,1790374941325,SYS32_Hardware,900
312984,1790374941340,SYS32_Hardware.exe,32671232
312984,1790374941340,SYS32_Hardware.ini,363
313515,1790374941856,HpDrvPre.sys,19128
313515,1790374941856,HpDrvTestDrv.sys,19128
313515,1790374941856,SYS32_Hardware,900
313515,1790374941872,SYS32_Hardware.exe,32671232
313515,1790374941872,SYS32_Hardware.ini,363
314047,1790374942388,HpDrvPre.sys,19128
314047,1790374942388,HpDrvTestDrv.sys,19128
314047,1790374942403,SYS32_Hardware,900
314047,1790374942403,SYS32_Hardware.exe,32671232
314047,1790374942419,SYS32_Hardware.ini,363
314605,1790374942946,HpDrvPre.sys,19128
314605,1790374942946,HpDrvTestDrv.sys,19128
314605,1790374942946,SYS32_Hardware,900
314605,1790374942962,SYS32_Hardware.exe,32671232
314605,1790374942962,SYS32_Hardware.ini,363
315137,1790374943478,HpDrvPre.sys,19128
315137,1790374943478,HpDrvTestDrv.sys,19128
315137,1790374943478,SYS32_Hardware,900
315137,1790374943494,SYS32_Hardware.exe,32671232
315137,1790374943494,SYS32_Hardware.ini,363
315668,1790374944009,HpDrvPre.sys,19128
315668,1790374944009,HpDrvTestDrv.sys,19128
315668,1790374944009,SYS32_Hardware,900
315668,1790374944025,SYS32_Hardware.exe,32671232
315668,1790374944025,SYS32_Hardware.ini,363
316208,1790374944549,HpDrvPre.sys,19128
316208,1790374944549,HpDrvTestDrv.sys,19128
316208,1790374944565,SYS32_Hardware,900
316208,1790374944565,SYS32_Hardware.exe,32671232
316208,1790374944581,SYS32_Hardware.ini,363
316760,1790374945101,HpDrvPre.sys,19128
316760,1790374945101,HpDrvTestDrv.sys,19128
316760,1790374945101,SYS32_Hardware,900
316760,1790374945117,SYS32_Hardware.exe,32671232
316760,1790374945117,SYS32_Hardware.ini,363
317292,1790374945633,HpDrvPre.sys,19128
317292,1790374945633,HpDrvTestDrv.sys,19128
317292,1790374945633,SYS32_Hardware,900
317292,1790374945649,SYS32_Hardware.exe,32671232
317292,1790374945649,SYS32_Hardware.ini,363
317823,1790374946164,HpDrvPre.sys,19128
317823,1790374946164,HpDrvTestDrv.sys,19128
317823,1790374946180,SYS32_Hardware,900
317823,1790374946180,SYS32_Hardware.exe,32671232
317823,1790374946196,SYS32_Hardware.ini,363
318354,1790374946696,HpDrvPre.sys,19128
318354,1790374946696,HpDrvTestDrv.sys,19128
318354,1790374946711,SYS32_Hardware,900
318354,1790374946711,SYS32_Hardware.exe,32671232
318354,1790374946727,SYS32_Hardware.ini,363
318927,1790374947268,HpDrvPre.sys,19128
318927,1790374947268,HpDrvTestDrv.sys,19128
318927,1790374947268,SYS32_Hardware,900
318927,1790374947284,SYS32_Hardware.exe,32671232
318927,1790374947284,SYS32_Hardware.ini,363
319458,1790374947799,HpDrvPre.sys,19128
319458,1790374947799,HpDrvTestDrv.sys,19128
319458,1790374947799,SYS32_Hardware,900
319458,1790374947815,SYS32_Hardware.exe,32671232
319458,1790374947815,SYS32_Hardware.ini,363
319989,1790374948331,HpDrvPre.sys,19128
319989,1790374948331,HpDrvTestDrv.sys,19128
319989,1790374948331,SYS32_Hardware,900
319989,1790374948346,SYS32_Hardware.exe,32671232
319989,1790374948346,SYS32_Hardware.ini,363
320533,1790374948874,HpDrvPre.sys,19128
320533,1790374948874,HpDrvTestDrv.sys,19128
320533,1790374948874,SYS32_Hardware,900
320533,1790374948889,SYS32_Hardware.exe,32671232
320533,1790374948889,SYS32_Hardware.ini,363
321064,1790374949405,HpDrvPre.sys,19128
321064,1790374949405,HpDrvTestDrv.sys,19128
321064,1790374949405,SYS32_Hardware,900
321064,1790374949419,SYS32_Hardware.exe,32671232
321064,1790374949419,SYS32_Hardware.ini,363
321593,1790374949935,HpDrvPre.sys,19128
321593,1790374949935,HpDrvTestDrv.sys,19128
321593,1790374949950,SYS32_Hardware,900
321593,1790374949950,SYS32_Hardware.exe,32671232
321593,1790374949966,SYS32_Hardware.ini,363
322130,1790374950471,HpDrvPre.sys,19128
322130,1790374950471,HpDrvTestDrv.sys,19128
322130,1790374950471,SYS32_Hardware,900
322130,1790374950487,SYS32_Hardware.exe,32671232
322130,1790374950487,SYS32_Hardware.ini,363
322661,1790374951002,HpDrvPre.sys,19128
322661,1790374951002,HpDrvTestDrv.sys,19128
322661,1790374951002,SYS32_Hardware,900
322661,1790374951018,SYS32_Hardware.exe,32671232
322661,1790374951018,SYS32_Hardware.ini,363
323194,1790374951534,HpDrvPre.sys,19128
323194,1790374951534,HpDrvTestDrv.sys,19128
323194,1790374951534,SYS32_Hardware,900
323194,1790374951549,SYS32_Hardware.exe,32671232
323194,1790374951549,SYS32_Hardware.ini,363
323729,1790374952071,HpDrvPre.sys,19128
323729,1790374952071,HpDrvTestDrv.sys,19128
323729,1790374952071,SYS32_Hardware,900
323729,1790374952086,SYS32_Hardware.exe,32671232
323729,1790374952086,SYS32_Hardware.ini,363
324261,1790374952602,HpDrvPre.sys,19128
324261,1790374952602,HpDrvTestDrv.sys,19128
324261,1790374952602,SYS32_Hardware,900
324261,1790374952618,SYS32_Hardware.exe,32671232
324261,1790374952618,SYS32_Hardware.ini,363
324792,1790374953133,HpDrvPre.sys,19128
324792,1790374953133,HpDrvTestDrv.sys,19128
324792,1790374953133,SYS32_Hardware,900
324792,1790374953149,SYS32_Hardware.exe,32671232
324792,1790374953149,SYS32_Hardware.ini,363
325324,1790374953665,HpDrvPre.sys,19128
325324,1790374953665,HpDrvTestDrv.sys,19128
325324,1790374953680,SYS32_Hardware,900
325324,1790374953680,SYS32_Hardware.exe,32671232
325324,1790374953680,SYS32_Hardware.ini,363
325856,1790374954197,HpDrvPre.sys,19128
325856,1790374954197,HpDrvTestDrv.sys,19128
325856,1790374954197,SYS32_Hardware,900
325856,1790374954213,SYS32_Hardware.exe,32671232
325856,1790374954213,SYS32_Hardware.ini,363
326387,1790374954728,HpDrvPre.sys,19128
326387,1790374954728,HpDrvTestDrv.sys,19128
326387,1790374954728,SYS32_Hardware,900
326387,1790374954744,SYS32_Hardware.exe,32671232
326387,1790374954744,SYS32_Hardware.ini,363
326919,1790374955260,HpDrvPre.sys,19128
326919,1790374955260,HpDrvTestDrv.sys,19128
326919,1790374955260,SYS32_Hardware,900
326919,1790374955276,SYS32_Hardware.exe,32671232
326919,1790374955291,SYS32_Hardware.ini,363
327450,1790374955791,HpDrvPre.sys,19128
327450,1790374955791,HpDrvTestDrv.sys,19128
327450,1790374955791,SYS32_Hardware,900
327450,1790374955807,SYS32_Hardware.exe,32671232
327450,1790374955807,SYS32_Hardware.ini,363
327982,1790374956323,HpDrvPre.sys,19128
327982,1790374956323,HpDrvTestDrv.sys,19128
327982,1790374956323,SYS32_Hardware,900
327982,1790374956339,SYS32_Hardware.exe,32671232
327982,1790374956339,SYS32_Hardware.ini,363
328513,1790374956855,HpDrvPre.sys,19128
328513,1790374956855,HpDrvTestDrv.sys,19128
328513,1790374956855,SYS32_Hardware,900
328513,1790374956870,SYS32_Hardware.exe,32671232
328513,1790374956870,SYS32_Hardware.ini,363
329045,1790374957386,HpDrvPre.sys,19128
329045,1790374957386,HpDrvTestDrv.sys,19128
329045,1790374957402,SYS32_Hardware,900
329045,1790374957402,SYS32_Hardware.exe,32671232
329045,1790374957417,SYS32_Hardware.ini,363
329585,1790374957927,HpDrvPre.sys,19128
329585,1790374957937,HpDrvTestDrv.sys,19128
329585,1790374957937,SYS32_Hardware,900
329585,1790374957952,SYS32_Hardware.exe,32671232
329585,1790374957952,SYS32_Hardware.ini,363
330127,1790374958468,HpDrvPre.sys,19128
330127,1790374958468,HpDrvTestDrv.sys,19128
330127,1790374958484,SYS32_Hardware,900
330127,1790374958484,SYS32_Hardware.exe,32671232
330127,1790374958499,SYS32_Hardware.ini,363
330674,1790374959015,HpDrvPre.sys,19128
330674,1790374959015,HpDrvTestDrv.sys,19128
330674,1790374959015,SYS32_Hardware,900
330674,1790374959031,SYS32_Hardware.exe,32671232
330674,1790374959031,SYS32_Hardware.ini,363
331215,1790374959556,HpDrvPre.sys,19128
331215,1790374959556,HpDrvTestDrv.sys,19128
331215,1790374959556,SYS32_Hardware,900
331215,1790374959572,SYS32_Hardware.exe,32671232
331215,1790374959572,SYS32_Hardware.ini,363
331746,1790374960088,HpDrvPre.sys,19128
331746,1790374960088,HpDrvTestDrv.sys,19128
331746,1790374960088,SYS32_Hardware,900
331746,1790374960103,SYS32_Hardware.exe,32671232
331746,1790374960103,SYS32_Hardware.ini,363
332278,1790374960619,HpDrvPre.sys,19128
332278,1790374960619,HpDrvTestDrv.sys,19128
332278,1790374960619,SYS32_Hardware,900
332278,1790374960635,SYS32_Hardware.exe,32671232
332278,1790374960635,SYS32_Hardware.ini,363
332811,1790374961152,HpDrvPre.sys,19128
332811,1790374961168,HpDrvTestDrv.sys,19128
332811,1790374961184,SYS32_Hardware,900
332811,1790374961262,SYS32_Hardware.exe,32671232
332811,1790374961262,SYS32_Hardware.ini,363
333567,1790374961902,HpDrvPre.sys,19128
333567,1790374961902,HpDrvTestDrv.sys,19128
333567,1790374961918,SYS32_Hardware,900
333567,1790374961918,SYS32_Hardware.exe,32671232
333567,1790374961996,SYS32_Hardware.ini,363
334171,1790374962512,HpDrvPre.sys,19128
334171,1790374962512,HpDrvTestDrv.sys,19128
334171,1790374962512,SYS32_Hardware,900
334171,1790374962527,SYS32_Hardware.exe,32671232
334171,1790374962543,SYS32_Hardware.ini,363
334717,1790374963059,HpDrvPre.sys,19128
334717,1790374963059,HpDrvTestDrv.sys,19128
334717,1790374963059,SYS32_Hardware,900
334717,1790374963074,SYS32_Hardware.exe,32671232
334717,1790374963090,SYS32_Hardware.ini,363
335249,1790374963590,HpDrvPre.sys,19128
335249,1790374963590,HpDrvTestDrv.sys,19128
335249,1790374963590,SYS32_Hardware,900
335249,1790374963606,SYS32_Hardware.exe,32671232
335249,1790374963606,SYS32_Hardware.ini,363
335780,1790374964121,HpDrvPre.sys,19128
335780,1790374964121,HpDrvTestDrv.sys,19128
335780,1790374964121,SYS32_Hardware,900
335780,1790374964137,SYS32_Hardware.exe,32671232
335780,1790374964153,SYS32_Hardware.ini,363
336320,1790374964653,HpDrvPre.sys,19128
336320,1790374964653,HpDrvTestDrv.sys,19128
336320,1790374964668,SYS32_Hardware,900
336320,1790374964668,SYS32_Hardware.exe,32671232
336320,1790374964684,SYS32_Hardware.ini,363
336858,1790374965200,HpDrvPre.sys,19128
336858,1790374965200,HpDrvTestDrv.sys,19128
336858,1790374965200,SYS32_Hardware,900
336858,1790374965215,SYS32_Hardware.exe,32671232
336858,1790374965215,SYS32_Hardware.ini,363
337390,1790374965731,HpDrvPre.sys,19128
337390,1790374965731,HpDrvTestDrv.sys,19128
337390,1790374965747,SYS32_Hardware,900
337390,1790374965747,SYS32_Hardware.exe,32671232
337390,1790374965762,SYS32_Hardware.ini,363
337921,1790374966263,HpDrvPre.sys,19128
337921,1790374966263,HpDrvTestDrv.sys,19128
337921,1790374966263,SYS32_Hardware,900
337921,1790374966278,SYS32_Hardware.exe,32671232
337921,1790374966278,SYS32_Hardware.ini,363
338453,1790374966794,HpDrvPre.sys,19128
338453,1790374966794,HpDrvTestDrv.sys,19128
338453,1790374966794,SYS32_Hardware,900
338453,1790374966810,SYS32_Hardware.exe,32671232
338453,1790374966810,SYS32_Hardware.ini,363
339024,1790374967357,HpDrvPre.sys,19128
339024,1790374967372,HpDrvTestDrv.sys,19128
339024,1790374967372,SYS32_Hardware,900
339024,1790374967403,SYS32_Hardware.exe,32671232
339024,1790374967419,SYS32_Hardware.ini,363
339593,1790374967935,HpDrvPre.sys,19128
339593,1790374967935,HpDrvTestDrv.sys,19128
339593,1790374967935,SYS32_Hardware,900
339593,1790374967950,SYS32_Hardware.exe,32671232
339593,1790374967966,SYS32_Hardware.ini,363
